23:56:14.692 [TUNER] --- CSV START ---
23:56:14.692 [TUNER] Metadata,Profile(Accel:12.0 Jerk:100.0),PID_0(P:15.02310 I:641.27429 D:0.00000),PID_1(P:16.24510 I:689.23749 D:0.00000)
23:56:14.692 [TUNER] Tick,DeltaTime_us,Reading_0,Setpoint_0,Output_0,int_0,Reading_1,Setpoint_1,Output_1,int_1
23:56:14.694 [TUNER] 0,0,0.00,0.10,0.09,0.00,0.00,0.10,0.22,0.00
23:56:14.704 [TUNER] 1,976,0.00,0.30,0.09,0.00,0.00,0.30,0.22,0.00
23:56:14.705 [TUNER] 2,1000,0.00,0.60,0.10,0.00,0.00,0.60,0.23,0.00
23:56:14.742 [TUNER] 3,1000,0.00,1.00,0.10,0.00,0.00,1.00,0.23,0.00
23:56:14.777 [TUNER] 4,1000,0.00,1.50,0.11,0.00,0.00,1.50,0.25,0.00
23:56:14.778 [TUNER] 5,1000,0.00,2.10,0.11,0.00,0.00,2.10,0.25,0.00
23:56:14.811 [TUNER] 6,1000,0.00,2.80,0.14,0.00,0.00,2.80,0.28,0.00
23:56:14.811 [TUNER] 7,1000,0.00,3.60,0.14,0.00,0.00,3.60,0.28,0.00
23:56:14.847 [TUNER] 8,1003,0.00,4.50,0.17,0.00,0.00,4.50,0.31,0.00
23:56:14.882 [TUNER] 9,999,0.00,5.50,0.17,0.00,0.00,5.50,0.31,0.00
23:56:14.918 [TUNER] 10,998,0.00,6.60,0.21,0.00,0.00,6.60,0.36,0.00
23:56:14.918 [TUNER] 11,1000,0.00,7.80,0.21,0.00,0.00,7.80,0.36,0.00
23:56:14.918 [TUNER] 12,1000,0.00,9.10,0.26,0.00,0.00,9.10,0.41,0.00
23:56:14.953 [TUNER] 13,1000,0.00,10.50,0.26,0.00,0.00,10.50,0.41,0.00
23:56:14.953 [TUNER] 14,1000,0.00,12.00,0.32,0.00,0.00,12.00,0.48,0.00
23:56:14.988 [TUNER] 15,1000,0.00,13.60,0.32,0.00,0.00,13.60,0.48,0.00
23:56:15.022 [TUNER] 16,1000,0.00,15.30,0.40,0.00,0.00,15.30,0.56,0.00
23:56:15.023 [TUNER] 17,1000,0.00,17.10,0.40,0.00,0.00,17.10,0.56,0.00
23:56:15.057 [TUNER] 18,1000,0.00,19.00,0.48,0.00,0.00,19.00,0.65,0.00
23:56:15.057 [TUNER] 19,1000,0.00,21.00,0.48,0.00,0.00,21.00,0.65,0.00
23:56:15.090 [TUNER] 20,1000,0.00,23.10,0.58,0.00,0.00,23.10,0.75,0.00
23:56:15.126 [TUNER] 21,1000,0.00,25.30,0.58,0.00,0.00,25.30,0.75,0.00
23:56:15.127 [TUNER] 22,1000,0.00,27.60,0.68,0.00,0.00,27.60,0.87,0.00
23:56:15.163 [TUNER] 23,1000,0.00,30.00,0.68,0.00,0.00,30.00,0.87,0.00
23:56:15.164 [TUNER] 24,1000,0.00,32.50,0.80,0.00,0.00,32.50,0.99,0.00
23:56:15.196 [TUNER] 25,1000,0.00,35.10,0.80,0.00,0.00,35.10,0.99,0.00
23:56:15.197 [TUNER] 26,1000,0.00,37.80,0.94,0.00,0.00,37.80,1.14,0.00
23:56:15.231 [TUNER] 27,1000,0.00,40.60,0.94,0.00,0.00,40.60,1.14,0.00
23:56:15.266 [TUNER] 28,1000,0.00,43.50,1.08,0.00,0.00,43.50,1.30,0.00
23:56:15.302 [TUNER] 29,1000,0.00,46.50,1.08,0.00,0.00,46.50,1.30,0.00
23:56:15.302 [TUNER] 30,1000,0.00,49.60,1.25,0.00,0.00,49.60,1.47,0.00
23:56:15.303 [TUNER] 31,1000,0.00,52.80,1.25,0.00,0.00,52.80,1.47,0.00
23:56:15.335 [TUNER] 32,1000,0.00,56.10,1.42,0.00,0.00,56.10,1.66,0.00
23:56:15.372 [TUNER] 33,1000,0.00,59.50,1.42,0.00,0.00,59.50,1.66,0.00
23:56:15.373 [TUNER] 34,1000,0.00,63.00,1.61,0.00,0.00,63.00,1.86,0.00
23:56:15.405 [TUNER] 35,1000,0.00,66.60,1.61,0.00,0.00,66.60,1.86,0.00
23:56:15.406 [TUNER] 36,1000,0.00,70.30,1.82,0.00,0.00,70.30,2.09,0.00
23:56:15.441 [TUNER] 37,1000,0.00,74.10,1.82,0.00,0.00,74.10,2.09,0.00
23:56:15.441 [TUNER] 38,1000,0.00,78.00,2.04,0.00,0.00,78.00,2.33,0.00
23:56:15.476 [TUNER] 39,1000,0.00,82.00,2.04,0.00,0.00,82.00,2.33,0.00
23:56:15.514 [TUNER] 40,1000,0.00,86.10,2.28,0.00,0.00,86.10,2.59,0.00
23:56:15.514 [TUNER] 41,1000,0.00,90.30,2.28,0.00,0.00,90.30,2.59,0.00
23:56:15.548 [TUNER] 42,1000,0.00,94.60,2.54,0.00,0.00,94.60,2.87,0.00
23:56:15.548 [TUNER] 43,1000,0.00,99.00,2.54,0.00,0.00,99.00,2.87,0.00
23:56:15.581 [TUNER] 44,1000,0.00,103.50,2.82,0.00,0.00,103.50,3.16,0.00
23:56:15.617 [TUNER] 45,1000,0.00,108.10,2.82,0.00,0.00,108.10,3.16,0.00
23:56:15.617 [TUNER] 46,1000,0.00,112.80,3.11,0.00,0.00,112.80,3.47,0.00
23:56:15.651 [TUNER] 47,1000,0.00,117.60,3.11,0.00,0.00,117.60,3.47,0.00
23:56:15.651 [TUNER] 48,1000,0.00,122.50,3.42,0.00,0.00,122.50,3.81,0.00
23:56:15.686 [TUNER] 49,1000,0.00,127.50,3.42,0.00,0.00,127.50,3.81,0.00
23:56:15.687 [TUNER] 50,1000,0.00,132.60,3.75,0.00,0.00,132.60,4.17,0.00
23:56:15.721 [TUNER] 51,1000,0.00,137.80,3.75,0.00,0.00,137.80,4.17,0.00
23:56:15.756 [TUNER] 52,1000,0.00,143.10,4.11,0.00,0.00,143.10,4.54,0.00
23:56:15.756 [TUNER] 53,1000,0.00,148.50,4.11,0.00,0.00,148.50,4.54,0.00
23:56:15.791 [TUNER] 54,1000,0.00,154.00,4.48,0.00,0.00,154.00,4.94,0.00
23:56:15.791 [TUNER] 55,1000,0.00,159.60,4.48,0.00,0.00,159.60,4.94,0.00
23:56:15.827 [TUNER] 56,1000,0.00,165.30,4.87,0.00,0.00,165.30,5.37,0.00
23:56:15.827 [TUNER] 57,1000,0.00,171.10,4.87,0.00,0.00,171.10,5.37,0.00
23:56:15.863 [TUNER] 58,1000,0.00,177.00,5.29,0.00,0.00,177.00,5.81,0.00
23:56:15.897 [TUNER] 59,1000,0.00,183.00,5.29,0.00,0.00,183.00,5.81,0.00
23:56:15.898 [TUNER] 60,1000,0.00,189.10,5.72,0.00,0.00,189.10,6.28,0.00
23:56:15.931 [TUNER] 61,1000,0.00,195.30,5.72,0.00,0.00,195.30,6.28,0.00
23:56:15.932 [TUNER] 62,1000,0.00,201.60,6.18,0.00,0.00,201.60,6.77,0.00
23:56:15.969 [TUNER] 63,1000,0.00,208.00,6.18,0.00,0.00,208.00,6.77,0.00
23:56:15.969 [TUNER] 64,1000,0.00,214.50,6.66,0.00,0.00,214.50,7.29,0.00
23:56:16.004 [TUNER] 65,1000,0.00,221.10,6.66,0.00,0.00,221.10,7.29,0.00
23:56:16.035 [TUNER] 66,1000,0.00,227.80,7.17,0.01,0.00,227.80,7.84,0.01
23:56:16.036 [TUNER] 67,1000,0.00,234.60,7.17,0.01,0.00,234.60,7.84,0.01
23:56:16.071 [TUNER] 68,1000,0.00,241.50,7.70,0.01,0.00,241.50,8.40,0.01
23:56:16.072 [TUNER] 69,1000,0.00,248.50,7.70,0.01,0.00,248.50,8.40,0.01
23:56:16.105 [TUNER] 70,1000,0.00,255.60,8.25,0.01,0.00,255.60,9.00,0.01
23:56:16.106 [TUNER] 71,1000,0.00,262.80,8.25,0.01,0.00,262.80,9.00,0.01
23:56:16.141 [TUNER] 72,1002,0.00,270.10,8.84,0.01,0.00,270.10,9.63,0.01
23:56:16.176 [TUNER] 73,998,0.00,277.50,8.84,0.01,0.00,277.50,9.63,0.01
23:56:16.177 [TUNER] 74,1000,0.00,285.00,9.44,0.01,0.00,285.00,10.27,0.01
23:56:16.211 [TUNER] 75,1000,0.00,292.60,9.44,0.01,0.00,292.60,10.27,0.01
23:56:16.250 [TUNER] 76,1000,0.00,300.30,10.07,0.01,0.00,300.30,10.95,0.01
23:56:16.251 [TUNER] 77,1000,0.00,308.10,10.07,0.01,0.00,308.10,10.95,0.01
23:56:16.252 [TUNER] 78,1000,0.00,316.00,10.72,0.01,0.00,316.00,11.66,0.01
23:56:16.282 [TUNER] 79,1000,0.00,324.00,10.72,0.01,0.00,324.00,11.66,0.01
23:56:16.316 [TUNER] 80,1000,0.00,332.10,11.41,0.01,0.00,332.10,12.39,0.01
23:56:16.318 [TUNER] 81,1000,0.00,340.30,11.41,0.01,0.00,340.30,12.39,0.01
23:56:16.352 [TUNER] 82,1000,0.00,348.60,12.12,0.01,0.00,348.60,13.15,0.01
23:56:16.352 [TUNER] 83,1000,0.00,357.00,12.12,0.01,0.00,357.00,13.15,0.01
23:56:16.386 [TUNER] 84,1000,0.00,365.50,12.86,0.01,0.00,365.50,13.95,0.01
23:56:16.387 [TUNER] 85,1000,0.00,374.10,12.86,0.01,0.00,374.10,13.95,0.01
23:56:16.421 [TUNER] 86,1000,0.00,382.80,13.63,0.01,0.00,382.80,14.78,0.01
23:56:16.456 [TUNER] 87,1000,0.00,391.60,13.63,0.01,0.00,391.60,14.78,0.01
23:56:16.456 [TUNER] 88,1000,0.00,400.50,14.42,0.01,0.00,400.50,15.63,0.01
23:56:16.490 [TUNER] 89,1000,0.00,409.50,14.42,0.01,0.00,409.50,15.63,0.01
23:56:16.491 [TUNER] 90,1000,0.00,418.60,15.25,0.01,0.00,418.60,16.00,0.01
23:56:16.528 [TUNER] 91,1000,0.00,427.80,15.25,0.01,0.00,427.80,16.00,0.01
23:56:16.528 [TUNER] 92,1000,0.00,437.10,16.00,0.01,0.00,437.10,16.00,0.01
23:56:16.561 [TUNER] 93,1000,0.00,446.50,16.00,0.01,0.00,446.50,16.00,0.01
23:56:16.596 [TUNER] 94,1000,0.00,456.00,16.00,0.01,0.00,456.00,16.00,0.01
23:56:16.597 [TUNER] 95,1000,0.00,465.60,16.00,0.01,0.00,465.60,16.00,0.01
23:56:16.634 [TUNER] 96,1000,0.00,475.30,16.00,0.02,0.00,475.30,16.00,0.02
23:56:16.636 [TUNER] 97,1000,0.00,485.10,16.00,0.02,0.00,485.10,16.00,0.02
23:56:16.667 [TUNER] 98,1000,0.00,495.00,16.00,0.02,0.00,495.00,16.00,0.02
23:56:16.668 [TUNER] 99,1000,0.00,505.00,16.00,0.02,0.00,505.00,16.00,0.02
23:56:16.701 [TUNER] 100,1000,0.00,515.10,16.00,0.02,0.00,515.10,16.00,0.02
23:56:16.737 [TUNER] 101,1000,0.00,525.30,16.00,0.02,0.00,525.30,16.00,0.02
23:56:16.737 [TUNER] 102,1000,0.00,535.60,16.00,0.02,0.00,535.60,16.00,0.02
23:56:16.772 [TUNER] 103,1000,0.00,546.00,16.00,0.02,0.00,546.00,16.00,0.02
23:56:16.772 [TUNER] 104,1000,0.00,556.50,16.00,0.02,0.00,556.50,16.00,0.02
23:56:16.807 [TUNER] 105,1000,0.00,567.10,16.00,0.02,0.00,567.10,16.00,0.02
23:56:16.808 [TUNER] 106,1000,0.00,577.80,16.00,0.02,0.00,577.80,16.00,0.02
23:56:16.840 [TUNER] 107,1000,0.00,588.60,16.00,0.02,0.00,588.60,16.00,0.02
23:56:16.876 [TUNER] 108,1000,0.00,599.50,16.00,0.02,0.00,599.50,16.00,0.02
23:56:16.876 [TUNER] 109,1000,0.00,610.50,16.00,0.02,0.00,610.50,16.00,0.02
23:56:16.911 [TUNER] 110,1000,0.00,621.60,16.00,0.02,0.00,621.60,16.00,0.02
23:56:16.912 [TUNER] 111,1000,0.00,632.80,16.00,0.02,0.00,632.80,16.00,0.02
23:56:16.948 [TUNER] 112,1000,0.00,644.10,16.00,0.03,0.00,644.10,16.00,0.03
23:56:16.950 [TUNER] 113,1000,0.00,655.50,16.00,0.03,0.00,655.50,16.00,0.03
23:56:16.981 [TUNER] 114,1000,0.00,667.00,16.00,0.03,0.00,667.00,16.00,0.03
23:56:17.016 [TUNER] 115,1000,0.00,678.60,16.00,0.03,0.00,678.60,16.00,0.03
23:56:17.017 [TUNER] 116,1000,0.00,690.30,16.00,0.03,0.00,690.30,16.00,0.03
23:56:17.053 [TUNER] 117,1000,0.00,702.10,16.00,0.03,0.00,702.10,16.00,0.03
23:56:17.053 [TUNER] 118,1000,0.00,714.00,16.00,0.03,0.00,714.00,16.00,0.03
23:56:17.089 [TUNER] 119,1000,0.00,726.00,16.00,0.03,0.00,726.00,16.00,0.03
23:56:17.091 [TUNER] 120,1000,0.00,738.00,16.00,0.03,0.00,738.00,16.00,0.03
23:56:17.121 [TUNER] 121,1000,0.00,750.00,16.00,0.03,0.00,750.00,16.00,0.03
23:56:17.156 [TUNER] 122,1000,0.00,762.00,16.00,0.03,0.00,762.00,16.00,0.03
23:56:17.157 [TUNER] 123,1000,0.00,774.00,16.00,0.03,0.00,774.00,16.00,0.03
23:56:17.191 [TUNER] 124,1000,0.00,786.00,16.00,0.03,0.00,786.00,16.00,0.03
23:56:17.191 [TUNER] 125,1000,0.00,798.00,16.00,0.03,0.00,798.00,16.00,0.03
23:56:17.226 [TUNER] 126,1000,0.00,810.00,16.00,0.04,0.00,810.00,16.00,0.04
23:56:17.226 [TUNER] 127,1000,0.00,822.00,16.00,0.04,0.00,822.00,16.00,0.04
23:56:17.262 [TUNER] 128,1000,0.00,834.00,16.00,0.04,0.00,834.00,16.00,0.04
23:56:17.296 [TUNER] 129,1000,0.00,846.00,16.00,0.04,0.00,846.00,16.00,0.04
23:56:17.298 [TUNER] 130,1000,0.00,858.00,16.00,0.04,0.00,858.00,16.00,0.04
23:56:17.331 [TUNER] 131,1000,0.00,870.00,16.00,0.04,0.00,870.00,16.00,0.04
23:56:17.332 [TUNER] 132,1000,0.00,882.00,16.00,0.04,0.00,882.00,16.00,0.04
23:56:17.367 [TUNER] 133,1000,0.00,894.00,16.00,0.04,0.00,894.00,16.00,0.04
23:56:17.368 [TUNER] 134,1000,0.00,906.00,16.00,0.04,0.00,906.00,16.00,0.04
23:56:17.402 [TUNER] 135,1000,0.00,918.00,16.00,0.04,0.00,918.00,16.00,0.04
23:56:17.436 [TUNER] 136,1000,0.00,930.00,16.00,0.04,0.00,930.00,16.00,0.04
23:56:17.437 [TUNER] 137,1000,0.00,942.00,16.00,0.04,0.00,942.00,16.00,0.04
23:56:17.475 [TUNER] 138,1000,0.00,954.00,16.00,0.05,0.00,954.00,16.00,0.05
23:56:17.476 [TUNER] 139,1000,0.00,966.00,16.00,0.05,0.00,966.00,16.00,0.05
23:56:17.506 [TUNER] 140,1000,0.00,978.00,16.00,0.05,0.00,978.00,16.00,0.05
23:56:17.506 [TUNER] 141,1000,0.00,990.00,16.00,0.05,0.00,990.00,16.00,0.05
23:56:17.541 [TUNER] 142,1002,0.00,1002.00,16.00,0.05,0.00,1002.00,16.00,0.05
23:56:17.576 [TUNER] 143,998,0.00,1014.00,16.00,0.05,0.00,1014.00,16.00,0.05
23:56:17.578 [TUNER] 144,1000,0.00,1026.00,16.00,0.05,0.00,1026.00,16.00,0.05
23:56:17.612 [TUNER] 145,1000,0.00,1038.00,16.00,0.05,0.00,1038.00,16.00,0.05
23:56:17.612 [TUNER] 146,1000,0.00,1050.00,16.00,0.05,0.00,1050.00,16.00,0.05
23:56:17.648 [TUNER] 147,1000,0.00,1062.00,16.00,0.05,0.00,1062.00,16.00,0.05
23:56:17.648 [TUNER] 148,1000,0.00,1074.00,16.00,0.06,0.00,1074.00,16.00,0.06
23:56:17.682 [TUNER] 149,1000,0.00,1086.00,16.00,0.06,0.00,1086.00,16.00,0.06
23:56:17.716 [TUNER] 150,1000,0.00,1098.00,16.00,0.06,0.00,1098.00,16.00,0.06
23:56:17.720 [TUNER] 151,1000,0.00,1110.00,16.00,0.06,0.00,1110.00,16.00,0.06
23:56:17.752 [TUNER] 152,1000,0.00,1122.00,16.00,0.06,0.00,1122.00,16.00,0.06
23:56:17.752 [TUNER] 153,1000,0.00,1134.00,16.00,0.06,0.00,1134.00,16.00,0.06
23:56:17.787 [TUNER] 154,1000,0.00,1146.00,16.00,0.06,0.00,1146.00,16.00,0.06
23:56:17.788 [TUNER] 155,1000,0.00,1158.00,16.00,0.06,0.00,1158.00,16.00,0.06
23:56:17.821 [TUNER] 156,1000,0.00,1170.00,16.00,0.07,0.00,1170.00,16.00,0.07
23:56:17.858 [TUNER] 157,1000,0.00,1182.00,16.00,0.07,0.00,1182.00,16.00,0.07
23:56:17.858 [TUNER] 158,1000,0.00,1194.00,16.00,0.07,0.00,1194.00,16.00,0.07
23:56:17.891 [TUNER] 159,1000,0.00,1206.00,16.00,0.07,0.00,1206.00,16.00,0.07
23:56:17.891 [TUNER] 160,1000,0.00,1218.00,16.00,0.07,0.00,1218.00,16.00,0.07
23:56:17.927 [TUNER] 161,1000,0.00,1230.00,16.00,0.07,0.00,1230.00,16.00,0.07
23:56:17.927 [TUNER] 162,1000,0.00,1242.00,16.00,0.07,0.00,1242.00,16.00,0.07
23:56:17.961 [TUNER] 163,1000,0.00,1254.00,16.00,0.07,0.00,1254.00,16.00,0.07
23:56:17.997 [TUNER] 164,1000,0.00,1266.00,16.00,0.08,0.00,1266.00,16.00,0.08
23:56:17.997 [TUNER] 165,1000,0.00,1278.00,16.00,0.08,0.00,1278.00,16.00,0.08
23:56:18.032 [TUNER] 166,1000,0.00,1290.00,16.00,0.08,0.00,1290.00,16.00,0.08
23:56:18.032 [TUNER] 167,1000,0.00,1301.90,16.00,0.08,0.00,1301.90,16.00,0.08
23:56:18.066 [TUNER] 168,1000,0.00,1313.70,16.00,0.08,0.00,1313.70,16.00,0.08
23:56:18.066 [TUNER] 169,1000,0.00,1325.40,16.00,0.08,0.00,1325.40,16.00,0.08
23:56:18.102 [TUNER] 170,1000,0.00,1337.00,16.00,0.08,0.00,1337.00,16.00,0.08
23:56:18.136 [TUNER] 171,1000,0.00,1348.50,16.00,0.08,0.00,1348.50,16.00,0.08
23:56:18.137 [TUNER] 172,1000,0.00,1359.90,16.00,0.08,0.00,1359.90,16.00,0.08
23:56:18.172 [TUNER] 173,1000,0.00,1371.20,16.00,0.08,0.00,1371.20,16.00,0.08
23:56:18.173 [TUNER] 174,1000,0.00,1382.40,16.00,0.08,0.00,1382.40,16.00,0.08
23:56:18.210 [TUNER] 175,1000,0.00,1393.50,16.00,0.08,0.00,1393.50,16.00,0.08
23:56:18.212 [TUNER] 176,1000,0.00,1404.50,16.00,0.08,0.00,1404.50,16.00,0.08
23:56:18.241 [TUNER] 177,1000,0.00,1415.40,16.00,0.08,0.00,1415.40,16.00,0.08
23:56:18.277 [TUNER] 178,1000,0.00,1426.20,16.00,0.08,0.00,1426.20,16.00,0.08
23:56:18.277 [TUNER] 179,1000,0.00,1436.90,16.00,0.08,0.00,1436.90,16.00,0.08
23:56:18.311 [TUNER] 180,1000,0.00,1447.50,16.00,0.08,0.00,1447.50,16.00,0.08
23:56:18.312 [TUNER] 181,1000,0.00,1458.00,16.00,0.08,0.00,1458.00,16.00,0.08
23:56:18.346 [TUNER] 182,1000,0.00,1468.40,16.00,0.08,0.00,1468.40,16.00,0.08
23:56:18.347 [TUNER] 183,1000,0.00,1478.70,16.00,0.08,0.00,1478.70,16.00,0.08
23:56:18.382 [TUNER] 184,1000,0.00,1488.90,16.00,0.08,0.00,1488.90,16.00,0.08
23:56:18.417 [TUNER] 185,1000,0.00,1499.00,16.00,0.08,0.00,1499.00,16.00,0.08
23:56:18.418 [TUNER] 186,1000,0.00,1509.00,16.00,0.08,0.00,1509.00,16.00,0.08
23:56:18.453 [TUNER] 187,1000,0.00,1518.90,16.00,0.08,0.00,1518.90,16.00,0.08
23:56:18.453 [TUNER] 188,1000,0.00,1528.70,16.00,0.08,0.00,1528.70,16.00,0.08
23:56:18.485 [TUNER] 189,1000,0.00,1538.40,16.00,0.08,0.00,1538.40,16.00,0.08
23:56:18.485 [TUNER] 190,1000,0.00,1548.00,16.00,0.08,0.00,1548.00,16.00,0.08
23:56:18.521 [TUNER] 191,1000,0.00,1557.50,16.00,0.08,0.00,1557.50,16.00,0.08
23:56:18.556 [TUNER] 192,1000,0.00,1566.90,16.00,0.08,0.00,1566.90,16.00,0.08
23:56:18.557 [TUNER] 193,1000,0.00,1576.20,16.00,0.08,0.00,1576.20,16.00,0.08
23:56:18.591 [TUNER] 194,1000,0.00,1585.40,16.00,0.08,0.00,1585.40,16.00,0.08
23:56:18.591 [TUNER] 195,1000,0.00,1594.50,16.00,0.08,0.00,1594.50,16.00,0.08
23:56:18.628 [TUNER] 196,1000,0.00,1603.50,16.00,0.08,0.00,1603.50,16.00,0.08
23:56:18.629 [TUNER] 197,1000,0.00,1612.40,16.00,0.08,0.00,1612.40,16.00,0.08
23:56:18.662 [TUNER] 198,1000,0.00,1621.20,16.00,0.08,0.00,1621.20,16.00,0.08
23:56:18.696 [TUNER] 199,1000,0.00,1629.90,16.00,0.08,0.00,1629.90,16.00,0.08
23:56:18.697 [TUNER] 200,1000,0.00,1638.50,16.00,0.08,0.00,1638.50,16.00,0.08
23:56:18.732 [TUNER] 201,1000,0.00,1647.00,16.00,0.08,0.00,1647.00,16.00,0.08
23:56:18.733 [TUNER] 202,1000,0.00,1655.40,16.00,0.08,0.00,1655.40,16.00,0.08
23:56:18.766 [TUNER] 203,1000,0.00,1663.70,16.00,0.08,0.00,1663.70,16.00,0.08
23:56:18.768 [TUNER] 204,1000,0.00,1671.90,16.00,0.08,0.00,1671.90,16.00,0.08
23:56:18.803 [TUNER] 205,1000,0.00,1680.00,16.00,0.08,0.00,1680.00,16.00,0.08
23:56:18.837 [TUNER] 206,1000,0.00,1688.00,16.00,0.08,0.00,1688.00,16.00,0.08
23:56:18.837 [TUNER] 207,1000,0.00,1695.90,16.00,0.08,0.00,1695.90,16.00,0.08
23:56:18.872 [TUNER] 208,1000,0.00,1703.70,16.00,0.08,0.00,1703.70,16.00,0.08
23:56:18.872 [TUNER] 209,1000,0.00,1711.40,16.00,0.08,0.00,1711.40,16.00,0.08
23:56:18.905 [TUNER] 210,1000,0.00,1719.00,16.00,0.08,0.00,1719.00,16.00,0.08
23:56:18.906 [TUNER] 211,1000,0.00,1726.50,16.00,0.08,0.00,1726.50,16.00,0.08
23:56:18.941 [TUNER] 212,1000,0.00,1733.90,16.00,0.08,0.00,1733.90,16.00,0.08
23:56:18.977 [TUNER] 213,1000,0.00,1741.20,16.00,0.08,0.00,1741.20,16.00,0.08
23:56:18.977 [TUNER] 214,1000,0.00,1748.40,16.00,0.08,0.00,1748.40,16.00,0.08
23:56:19.011 [TUNER] 215,1000,0.00,1755.50,16.00,0.08,0.00,1755.50,16.00,0.08
23:56:19.012 [TUNER] 216,1000,0.00,1762.50,16.00,0.08,0.00,1762.50,16.00,0.08
23:56:19.049 [TUNER] 217,1000,0.00,1769.40,16.00,0.08,0.00,1769.40,16.00,0.08
23:56:19.051 [TUNER] 218,1000,0.00,1776.20,16.00,0.08,0.00,1776.20,16.00,0.08
23:56:19.081 [TUNER] 219,1000,0.00,1782.90,16.00,0.08,0.00,1782.90,16.00,0.08
23:56:19.117 [TUNER] 220,1000,0.00,1789.50,16.00,0.08,0.00,1789.50,16.00,0.08
23:56:19.118 [TUNER] 221,1000,0.00,1796.00,16.00,0.08,0.00,1796.00,16.00,0.08
23:56:19.154 [TUNER] 222,1000,0.00,1802.40,16.00,0.08,0.00,1802.40,16.00,0.08
23:56:19.154 [TUNER] 223,1000,0.00,1808.70,16.00,0.08,0.00,1808.70,16.00,0.08
23:56:19.187 [TUNER] 224,1000,0.00,1814.90,16.00,0.08,0.00,1814.90,16.00,0.08
23:56:19.187 [TUNER] 225,1000,0.00,1821.00,16.00,0.08,0.00,1821.00,16.00,0.08
23:56:19.221 [TUNER] 226,1000,0.00,1827.00,16.00,0.08,0.00,1827.00,16.00,0.08
23:56:19.256 [TUNER] 227,1000,0.00,1832.90,16.00,0.08,0.00,1832.90,16.00,0.08
23:56:19.256 [TUNER] 228,1000,0.00,1838.70,16.00,0.08,0.00,1838.70,16.00,0.08
23:56:19.291 [TUNER] 229,1000,0.00,1844.40,16.00,0.08,0.00,1844.40,16.00,0.08
23:56:19.292 [TUNER] 230,1000,0.00,1850.00,16.00,0.08,0.00,1850.00,16.00,0.08
23:56:19.327 [TUNER] 231,1000,0.00,1855.50,16.00,0.08,0.00,1855.50,16.00,0.08
23:56:19.328 [TUNER] 232,1000,0.00,1860.90,16.00,0.08,0.00,1860.90,16.00,0.08
23:56:19.362 [TUNER] 233,1000,0.00,1866.20,16.00,0.08,0.00,1866.20,16.00,0.08
23:56:19.397 [TUNER] 234,1000,0.00,1871.40,16.00,0.08,0.00,1871.40,16.00,0.08
23:56:19.434 [TUNER] 235,1000,0.00,1876.50,16.00,0.08,0.00,1876.50,16.00,0.08
23:56:19.437 [TUNER] 236,1000,0.00,1881.50,16.00,0.08,0.00,1881.50,16.00,0.08
23:56:19.437 [TUNER] 237,1000,0.00,1886.40,16.00,0.08,0.00,1886.40,16.00,0.08
23:56:19.466 [TUNER] 238,1000,0.00,1891.20,16.00,0.08,0.00,1891.20,16.00,0.08
23:56:19.466 [TUNER] 239,1000,0.00,1895.90,16.00,0.08,0.00,1895.90,16.00,0.08
23:56:19.501 [TUNER] 240,1000,0.00,1900.50,16.00,0.08,0.00,1900.50,16.00,0.08
23:56:19.537 [TUNER] 241,1000,0.00,1905.00,16.00,0.08,0.00,1905.00,16.00,0.08
23:56:19.571 [TUNER] 242,1000,0.00,1909.40,16.00,0.08,0.00,1909.40,16.00,0.08
23:56:19.572 [TUNER] 243,1000,0.00,1913.70,16.00,0.08,0.00,1913.70,16.00,0.08
23:56:19.573 [TUNER] 244,1000,0.00,1917.90,16.00,0.08,0.00,1917.90,16.00,0.08
23:56:19.606 [TUNER] 245,1000,0.00,1922.00,16.00,0.08,0.00,1922.00,16.00,0.08
23:56:19.607 [TUNER] 246,1000,0.00,1926.00,16.00,0.08,0.00,1926.00,16.00,0.08
23:56:19.642 [TUNER] 247,1000,0.00,1929.90,16.00,0.08,0.00,1929.90,16.00,0.08
23:56:19.677 [TUNER] 248,1000,0.00,1933.70,16.00,0.08,0.00,1933.70,16.00,0.08
23:56:19.677 [TUNER] 249,1000,0.00,1937.40,16.00,0.08,0.00,1937.40,16.00,0.08
23:56:19.713 [TUNER] 250,1000,0.00,1941.00,16.00,0.08,0.00,1941.00,16.00,0.08
23:56:19.713 [TUNER] 251,1000,0.00,1944.50,16.00,0.08,0.00,1944.50,16.00,0.08
23:56:19.746 [TUNER] 252,1000,0.00,1947.90,16.00,0.08,0.00,1947.90,16.00,0.08
23:56:19.747 [TUNER] 253,1000,0.00,1951.20,16.00,0.08,0.00,1951.20,16.00,0.08
23:56:19.782 [TUNER] 254,1000,0.00,1954.40,16.00,0.08,0.00,1954.40,16.00,0.08
23:56:19.818 [TUNER] 255,1000,0.00,1957.50,16.00,0.08,0.00,1957.50,16.00,0.08
23:56:19.821 [TUNER] 256,1000,0.00,1960.50,16.00,0.08,0.00,1960.50,16.00,0.08
23:56:19.851 [TUNER] 257,1000,0.00,1963.40,16.00,0.08,0.00,1963.40,16.00,0.08
23:56:19.852 [TUNER] 258,1000,0.00,1966.20,16.00,0.08,0.00,1966.20,16.00,0.08
23:56:19.887 [TUNER] 259,1000,0.00,1968.90,16.00,0.08,0.00,1968.90,16.00,0.08
23:56:19.887 [TUNER] 260,1000,0.00,1971.50,16.00,0.08,0.00,1971.50,16.00,0.08
23:56:19.921 [TUNER] 261,1000,0.00,1974.00,16.00,0.08,0.00,1974.00,16.00,0.08
23:56:19.956 [TUNER] 262,1000,0.00,1976.40,16.00,0.08,0.00,1976.40,16.00,0.08
23:56:19.957 [TUNER] 263,1000,0.00,1978.70,16.00,0.08,0.00,1978.70,16.00,0.08
23:56:19.991 [TUNER] 264,1000,0.00,1980.90,16.00,0.08,0.00,1980.90,16.00,0.08
23:56:19.992 [TUNER] 265,1000,0.00,1983.00,16.00,0.08,0.00,1983.00,16.00,0.08
23:56:20.028 [TUNER] 266,1000,0.00,1985.00,16.00,0.08,0.00,1985.00,16.00,0.08
23:56:20.028 [TUNER] 267,1000,0.00,1986.90,16.00,0.08,0.00,1986.90,16.00,0.08
23:56:20.062 [TUNER] 268,1000,0.00,1988.70,16.00,0.08,0.00,1988.70,16.00,0.08
23:56:20.096 [TUNER] 269,1000,0.00,1990.40,16.00,0.08,0.00,1990.40,16.00,0.08
23:56:20.096 [TUNER] 270,1000,0.00,1992.00,16.00,0.08,0.00,1992.00,16.00,0.08
23:56:20.131 [TUNER] 271,1000,0.00,1993.50,16.00,0.08,0.00,1993.50,16.00,0.08
23:56:20.132 [TUNER] 272,1000,0.00,1994.90,16.00,0.08,0.00,1994.90,16.00,0.08
23:56:20.169 [TUNER] 273,1000,0.00,1996.20,16.00,0.08,0.00,1996.20,16.00,0.08
23:56:20.201 [TUNER] 274,1000,0.00,1997.40,16.00,0.08,0.00,1997.40,16.00,0.08
23:56:20.203 [TUNER] 275,1000,0.00,1998.50,16.00,0.08,0.00,1998.50,16.00,0.08
23:56:20.272 [TUNER] 276,1000,0.00,1999.50,16.00,0.08,0.00,1999.50,16.00,0.08
23:56:20.273 [TUNER] 277,1000,0.00,2000.40,16.00,0.08,0.00,2000.40,16.00,0.08
23:56:20.273 [TUNER] 278,1000,0.00,2001.20,16.00,0.08,0.00,2001.20,16.00,0.08
23:56:20.275 [TUNER] 279,1000,0.00,2001.90,16.00,0.08,0.00,2001.90,16.00,0.08
23:56:20.306 [TUNER] 280,1000,0.00,2002.50,16.00,0.08,0.00,2002.50,16.00,0.08
23:56:20.344 [TUNER] 281,1000,0.00,2003.00,16.00,0.08,0.00,2003.00,16.00,0.08
23:56:20.344 [TUNER] 282,1000,0.00,2003.40,16.00,0.08,0.00,2003.40,16.00,0.08
23:56:20.377 [TUNER] 283,1000,0.00,2003.70,16.00,0.08,0.00,2003.70,16.00,0.08
23:56:20.377 [TUNER] 284,1000,0.00,2003.90,16.00,0.08,0.00,2003.90,16.00,0.08
23:56:20.450 [TUNER] 285,1000,0.00,2004.00,16.00,0.08,0.00,2004.00,16.00,0.08
23:56:20.450 [TUNER] 286,1000,0.00,2000.00,16.00,0.08,0.00,2000.00,16.00,0.08
23:56:20.451 [TUNER] 287,1058,0.00,2000.00,16.00,0.08,0.00,2000.00,16.00,0.08
23:56:20.481 [TUNER] 288,944,0.00,2000.00,16.00,0.08,0.00,2000.00,16.00,0.08
23:56:20.483 [TUNER] 289,998,0.00,2000.00,16.00,0.08,0.00,2000.00,16.00,0.08
23:56:20.515 [TUNER] 290,1000,0.00,2000.00,16.00,0.08,0.00,2000.00,16.00,0.08
23:56:20.516 [TUNER] 291,1000,0.00,2000.00,16.00,0.08,0.00,2000.00,16.00,0.08
23:56:20.552 [TUNER] 292,1000,0.00,2000.00,16.00,0.08,0.00,2000.00,16.00,0.08
23:56:20.553 [TUNER] 293,1000,0.00,2000.00,16.00,0.08,0.00,2000.00,16.00,0.08
23:56:20.588 [TUNER] 294,1000,0.00,2000.00,16.00,0.08,0.00,2000.00,16.00,0.08
23:56:20.621 [TUNER] 295,1000,0.00,2000.00,16.00,0.08,0.00,2000.00,16.00,0.08
23:56:20.621 [TUNER] 296,1000,0.00,2000.00,16.00,0.08,0.00,2000.00,16.00,0.08
23:56:20.656 [TUNER] 297,1000,0.00,2000.00,16.00,0.08,0.00,2000.00,16.00,0.08
23:56:20.656 [TUNER] 298,1000,0.00,2000.00,16.00,0.08,0.00,2000.00,16.00,0.08
23:56:20.690 [TUNER] 299,1000,0.00,2000.00,16.00,0.08,0.00,2000.00,16.00,0.08
23:56:20.691 [TUNER] 300,1000,0.00,2000.00,16.00,0.08,0.00,2000.00,16.00,0.08
23:56:20.726 [TUNER] 301,1000,0.00,2000.00,16.00,0.08,0.00,2000.00,16.00,0.08
23:56:20.763 [TUNER] 302,1000,0.00,2000.00,16.00,0.08,0.00,2000.00,16.00,0.08
23:56:20.763 [TUNER] 303,1000,0.00,2000.00,16.00,0.08,0.00,2000.00,16.00,0.08
23:56:20.797 [TUNER] 304,1000,0.00,2000.00,16.00,0.08,0.00,2000.00,16.00,0.08
23:56:20.798 [TUNER] 305,1000,0.00,2000.00,16.00,0.08,0.00,2000.00,16.00,0.08
23:56:20.833 [TUNER] 306,1000,0.00,2000.00,16.00,0.08,0.00,2000.00,16.00,0.08
23:56:20.834 [TUNER] 307,1000,0.00,2000.00,16.00,0.08,0.00,2000.00,16.00,0.08
23:56:20.872 [TUNER] 308,1000,0.00,2000.00,16.00,0.08,0.00,2000.00,16.00,0.08
23:56:20.903 [TUNER] 309,1000,0.00,2000.00,16.00,0.08,0.00,2000.00,16.00,0.08
23:56:20.905 [TUNER] 310,1000,0.00,2000.00,16.00,0.08,0.00,2000.00,16.00,0.08
23:56:20.936 [TUNER] 311,1000,0.00,2000.00,16.00,0.08,0.00,2000.00,16.00,0.08
23:56:20.937 [TUNER] 312,1000,0.00,2000.00,16.00,0.08,0.00,2000.00,16.00,0.08
23:56:20.973 [TUNER] 313,1000,0.00,2000.00,16.00,0.08,0.00,2000.00,16.00,0.08
23:56:20.974 [TUNER] 314,1000,0.00,2000.00,16.00,0.08,0.00,2000.00,16.00,0.08
23:56:21.006 [TUNER] 315,1000,0.00,2000.00,16.00,0.08,0.00,2000.00,16.00,0.08
23:56:21.043 [TUNER] 316,1000,0.00,2000.00,16.00,0.08,0.00,2000.00,16.00,0.08
23:56:21.043 [TUNER] 317,1000,0.00,2000.00,16.00,0.08,0.00,2000.00,16.00,0.08
23:56:21.079 [TUNER] 318,1000,0.00,2000.00,16.00,0.08,0.00,2000.00,16.00,0.08
23:56:21.079 [TUNER] 319,1000,0.00,2000.00,16.00,0.08,0.00,2000.00,16.00,0.08
23:56:21.110 [TUNER] 320,1000,0.00,2000.00,16.00,0.08,0.00,2000.00,16.00,0.08
23:56:21.111 [TUNER] 321,1000,0.00,2000.00,16.00,0.08,0.00,2000.00,16.00,0.08
23:56:21.147 [TUNER] 322,1000,0.00,2000.00,16.00,0.08,0.00,2000.00,16.00,0.08
23:56:21.183 [TUNER] 323,1000,0.00,2000.00,16.00,0.08,0.00,2000.00,16.00,0.08
23:56:21.184 [TUNER] 324,1000,0.00,2000.00,16.00,0.08,0.00,2000.00,16.00,0.08
23:56:21.217 [TUNER] 325,1000,0.00,2000.00,16.00,0.08,0.00,2000.00,16.00,0.08
23:56:21.218 [TUNER] 326,1000,0.00,2000.00,16.00,0.08,0.00,2000.00,16.00,0.08
23:56:21.252 [TUNER] 327,1000,0.00,2000.00,16.00,0.08,0.00,2000.00,16.00,0.08
23:56:21.253 [TUNER] 328,1000,0.00,2000.00,16.00,0.08,0.00,2000.00,16.00,0.08
23:56:21.286 [TUNER] 329,1000,0.00,2000.00,16.00,0.08,0.00,2000.00,16.00,0.08
23:56:21.321 [TUNER] 330,1000,0.00,2000.00,16.00,0.08,0.00,2000.00,16.00,0.08
23:56:21.356 [TUNER] 331,1000,0.00,2000.00,16.00,0.08,0.00,2000.00,16.00,0.08
23:56:21.391 [TUNER] 332,1000,0.00,2000.00,16.00,0.08,0.00,2000.00,16.00,0.08
23:56:21.392 [TUNER] 333,1000,0.00,2000.00,16.00,0.08,0.00,2000.00,16.00,0.08
23:56:21.393 [TUNER] 334,1000,0.00,2000.00,16.00,0.08,0.00,2000.00,16.00,0.08
23:56:21.393 [TUNER] 335,1000,0.00,2000.00,16.00,0.08,0.00,2000.00,16.00,0.08
23:56:21.428 [TUNER] 336,1000,0.00,2000.00,16.00,0.08,0.00,2000.00,16.00,0.08
23:56:21.462 [TUNER] 337,1000,0.00,2000.00,16.00,0.08,0.00,2000.00,16.00,0.08
23:56:21.496 [TUNER] 338,1000,0.00,2000.00,16.00,0.08,0.00,2000.00,16.00,0.08
23:56:21.497 [TUNER] 339,1000,0.00,2000.00,16.00,0.08,0.00,2000.00,16.00,0.08
23:56:21.498 [TUNER] 340,1000,0.00,2000.00,16.00,0.08,0.00,2000.00,16.00,0.08
23:56:21.569 [TUNER] 341,1000,0.00,2000.00,16.00,0.08,0.00,2000.00,16.00,0.08
23:56:21.569 [TUNER] 342,1000,0.00,2000.00,16.00,0.08,0.00,2000.00,16.00,0.08
23:56:21.569 [TUNER] 343,1000,0.00,2000.00,16.00,0.08,0.00,2000.00,16.00,0.08
23:56:21.604 [TUNER] 344,1000,0.00,2000.00,16.00,0.08,0.00,2000.00,16.00,0.08
23:56:21.604 [TUNER] 345,1000,0.00,2000.00,16.00,0.08,0.00,2000.00,16.00,0.08
23:56:21.637 [TUNER] 346,1000,0.00,2000.00,16.00,0.08,0.00,2000.00,16.00,0.08
23:56:21.637 [TUNER] 347,1000,0.00,2000.00,16.00,0.08,0.00,2000.00,16.00,0.08
23:56:21.672 [TUNER] 348,1000,0.00,2000.00,16.00,0.08,0.00,2000.00,16.00,0.08
23:56:21.672 [TUNER] 349,1000,0.00,2000.00,16.00,0.08,0.00,2000.00,16.00,0.08
23:56:21.706 [TUNER] 350,1000,0.00,2000.00,16.00,0.08,0.00,2000.00,16.00,0.08
23:56:21.742 [TUNER] 351,1000,0.00,2000.00,16.00,0.08,0.00,2000.00,16.00,0.08
23:56:21.742 [TUNER] 352,1000,0.00,2000.00,16.00,0.08,0.00,2000.00,16.00,0.08
23:56:21.775 [TUNER] 353,1000,0.00,2000.00,16.00,0.08,0.00,2000.00,16.00,0.08
23:56:21.776 [TUNER] 354,1000,0.00,2000.00,16.00,0.08,0.00,2000.00,16.00,0.08
23:56:21.812 [TUNER] 355,1000,0.00,2000.00,16.00,0.08,0.00,2000.00,16.00,0.08
23:56:21.813 [TUNER] 356,1000,0.00,2000.00,16.00,0.08,0.00,2000.00,16.00,0.08
23:56:21.848 [TUNER] 357,1000,0.00,2000.00,16.00,0.08,0.00,2000.00,16.00,0.08
23:56:21.882 [TUNER] 358,1000,0.00,2000.00,16.00,0.08,0.00,2000.00,16.00,0.08
23:56:21.884 [TUNER] 359,1000,0.00,2000.00,16.00,0.08,0.00,2000.00,16.00,0.08
23:56:21.916 [TUNER] 360,1000,0.00,2000.00,16.00,0.08,0.00,2000.00,16.00,0.08
23:56:21.917 [TUNER] 361,1000,0.00,2000.00,16.00,0.08,0.00,2000.00,16.00,0.08
23:56:21.952 [TUNER] 362,1000,0.00,2000.00,16.00,0.08,0.00,2000.00,16.00,0.08
23:56:21.953 [TUNER] 363,1000,0.00,2000.00,16.00,0.08,0.00,2000.00,16.00,0.08
23:56:21.987 [TUNER] 364,1000,0.00,2000.00,16.00,0.08,0.00,2000.00,16.00,0.08
23:56:22.021 [TUNER] 365,1000,0.00,2000.00,16.00,0.08,0.00,2000.00,16.00,0.08
23:56:22.022 [TUNER] 366,1000,0.00,2000.00,16.00,0.08,0.00,2000.00,16.00,0.08
23:56:22.057 [TUNER] 367,1000,0.00,2000.00,16.00,0.08,0.00,2000.00,16.00,0.08
23:56:22.058 [TUNER] 368,1000,0.00,2000.00,16.00,0.08,0.00,2000.00,16.00,0.08
23:56:22.093 [TUNER] 369,1000,0.00,2000.00,16.00,0.08,0.00,2000.00,16.00,0.08
23:56:22.093 [TUNER] 370,1000,0.00,2000.00,16.00,0.08,0.00,2000.00,16.00,0.08
23:56:22.126 [TUNER] 371,1000,0.00,2000.00,16.00,0.08,0.00,2000.00,16.00,0.08
23:56:22.164 [TUNER] 372,1000,0.00,2000.00,16.00,0.08,0.00,2000.00,16.00,0.08
23:56:22.166 [TUNER] 373,1000,0.00,2000.00,16.00,0.08,0.00,2000.00,16.00,0.08
23:56:22.197 [TUNER] 374,1000,0.00,2000.00,16.00,0.08,0.00,2000.00,16.00,0.08
23:56:22.198 [TUNER] 375,1000,0.00,2000.00,16.00,0.08,0.00,2000.00,16.00,0.08
23:56:22.232 [TUNER] 376,1000,0.00,2000.00,16.00,0.08,0.00,2000.00,16.00,0.08
23:56:22.234 [TUNER] 377,1000,0.00,2000.00,16.00,0.08,0.00,2000.00,16.00,0.08
23:56:22.268 [TUNER] 378,1000,0.00,2000.00,16.00,0.08,0.00,2000.00,16.00,0.08
23:56:22.303 [TUNER] 379,1000,0.00,2000.00,16.00,0.08,0.00,2000.00,16.00,0.08
23:56:22.303 [TUNER] 380,1000,0.00,2000.00,16.00,0.08,0.00,2000.00,16.00,0.08
23:56:22.336 [TUNER] 381,1000,0.00,2000.00,16.00,0.08,0.00,2000.00,16.00,0.08
23:56:22.338 [TUNER] 382,1000,0.00,2000.00,16.00,0.08,0.00,2000.00,16.00,0.08
23:56:22.371 [TUNER] 383,1000,0.00,2000.00,16.00,0.08,0.00,2000.00,16.00,0.08
23:56:22.371 [TUNER] 384,1000,0.00,2000.00,16.00,0.08,0.00,2000.00,16.00,0.08
23:56:22.405 [TUNER] 385,1000,0.00,2000.00,16.00,0.08,0.00,2000.00,16.00,0.08
23:56:22.441 [TUNER] 386,1000,0.00,2000.00,16.00,0.08,0.00,2000.00,16.00,0.08
23:56:22.441 [TUNER] 387,1000,0.00,2000.00,16.00,0.08,0.00,2000.00,16.00,0.08
23:56:22.476 [TUNER] 388,1000,0.00,2000.00,16.00,0.08,0.00,2000.00,16.00,0.08
23:56:22.477 [TUNER] 389,1000,0.00,2000.00,16.00,0.08,0.00,2000.00,16.00,0.08
23:56:22.550 [TUNER] 390,1000,0.00,2000.00,16.00,0.08,0.00,2000.00,16.00,0.08
23:56:22.551 [TUNER] 391,1000,0.00,2000.00,16.00,0.08,0.00,2000.00,16.00,0.08
23:56:22.551 [TUNER] 392,1000,0.00,2000.00,16.00,0.08,0.00,2000.00,16.00,0.08
23:56:22.583 [TUNER] 393,1000,0.00,2000.00,16.00,0.08,0.00,2000.00,16.00,0.08
23:56:22.587 [TUNER] 394,1000,0.00,2000.00,16.00,0.08,0.00,2000.00,16.00,0.08
23:56:22.618 [TUNER] 395,1000,0.00,2000.00,16.00,0.08,0.00,2000.00,16.00,0.08
23:56:22.619 [TUNER] 396,1000,0.00,2000.00,16.00,0.08,0.00,2000.00,16.00,0.08
23:56:22.651 [TUNER] 397,1000,0.00,2000.00,16.00,0.08,0.00,2000.00,16.00,0.08
23:56:22.652 [TUNER] 398,1000,0.00,2000.00,16.00,0.08,0.00,2000.00,16.00,0.08
23:56:22.687 [TUNER] 399,1000,0.00,2000.00,16.00,0.08,0.00,2000.00,16.00,0.08
23:56:22.722 [TUNER] 400,1000,0.00,2000.00,16.00,0.08,0.00,2000.00,16.00,0.08
23:56:22.723 [TUNER] 401,1000,0.00,2000.00,16.00,0.08,0.00,2000.00,16.00,0.08
23:56:22.758 [TUNER] 402,1000,0.00,2000.00,16.00,0.08,0.00,2000.00,16.00,0.08
23:56:22.758 [TUNER] 403,1000,0.00,2000.00,16.00,0.08,0.00,2000.00,16.00,0.08
23:56:22.791 [TUNER] 404,1000,0.00,2000.00,16.00,0.08,0.00,2000.00,16.00,0.08
23:56:22.791 [TUNER] 405,1000,0.00,2000.00,16.00,0.08,0.00,2000.00,16.00,0.08
23:56:22.826 [TUNER] 406,1000,0.00,2000.00,16.00,0.08,0.00,2000.00,16.00,0.08
23:56:22.862 [TUNER] 407,1000,0.00,2000.00,16.00,0.08,0.00,2000.00,16.00,0.08
23:56:22.862 [TUNER] 408,1000,0.00,2000.00,16.00,0.08,0.00,2000.00,16.00,0.08
23:56:22.897 [TUNER] 409,1000,0.00,2000.00,16.00,0.08,0.00,2000.00,16.00,0.08
23:56:22.933 [TUNER] 410,1000,0.00,2000.00,16.00,0.08,0.00,2000.00,16.00,0.08
23:56:22.934 [TUNER] 411,1000,0.00,2000.00,16.00,0.08,0.00,2000.00,16.00,0.08
23:56:22.936 [TUNER] 412,1000,0.00,2000.00,16.00,0.08,0.00,2000.00,16.00,0.08
23:56:22.966 [TUNER] 413,1000,0.00,2000.00,16.00,0.08,0.00,2000.00,16.00,0.08
23:56:23.001 [TUNER] 414,1000,0.00,2000.00,16.00,0.08,0.00,2000.00,16.00,0.08
23:56:23.004 [TUNER] 415,1000,0.00,2000.00,16.00,0.08,0.00,2000.00,16.00,0.08
23:56:23.038 [TUNER] 416,1000,0.00,2000.00,16.00,0.08,0.00,2000.00,16.00,0.08
23:56:23.039 [TUNER] 417,1000,0.00,2000.00,16.00,0.08,0.00,2000.00,16.00,0.08
23:56:23.072 [TUNER] 418,1000,0.00,2000.00,16.00,0.08,0.00,2000.00,16.00,0.08
23:56:23.073 [TUNER] 419,1000,0.00,2000.00,16.00,0.08,0.00,2000.00,16.00,0.08
23:56:23.105 [TUNER] 420,1000,0.00,2000.00,16.00,0.08,0.00,2000.00,16.00,0.08
23:56:23.141 [TUNER] 421,1000,0.00,2000.00,16.00,0.08,0.00,2000.00,16.00,0.08
23:56:23.141 [TUNER] 422,1000,0.00,2000.00,16.00,0.08,0.00,2000.00,16.00,0.08
23:56:23.176 [TUNER] 423,1000,0.00,2000.00,16.00,0.08,0.00,2000.00,16.00,0.08
23:56:23.176 [TUNER] 424,1000,0.00,2000.00,16.00,0.08,0.00,2000.00,16.00,0.08
23:56:23.212 [TUNER] 425,1000,0.00,2000.00,16.00,0.08,0.00,2000.00,16.00,0.08
23:56:23.212 [TUNER] 426,1000,0.00,2000.00,16.00,0.08,0.00,2000.00,16.00,0.08
23:56:23.247 [TUNER] 427,1000,0.00,2000.00,16.00,0.08,0.00,2000.00,16.00,0.08
23:56:23.282 [TUNER] 428,1000,0.00,2000.00,16.00,0.08,0.00,2000.00,16.00,0.08
23:56:23.283 [TUNER] 429,1000,0.00,2000.00,16.00,0.08,0.00,2000.00,16.00,0.08
23:56:23.317 [TUNER] 430,1000,0.00,2000.00,16.00,0.08,0.00,2000.00,16.00,0.08
23:56:23.318 [TUNER] 431,1000,0.00,2000.00,16.00,0.08,0.00,2000.00,16.00,0.08
23:56:23.352 [TUNER] 432,1000,0.00,2000.00,16.00,0.08,0.00,2000.00,16.00,0.08
23:56:23.352 [TUNER] 433,1000,0.00,2000.00,16.00,0.08,0.00,2000.00,16.00,0.08
23:56:23.386 [TUNER] 434,1000,0.00,2000.00,16.00,0.08,0.00,2000.00,16.00,0.08
23:56:23.421 [TUNER] 435,1000,0.00,2000.00,16.00,0.08,0.00,2000.00,16.00,0.08
23:56:23.421 [TUNER] 436,1000,0.00,2000.00,16.00,0.08,0.00,2000.00,16.00,0.08
23:56:23.495 [TUNER] 437,1000,0.00,2000.00,16.00,0.08,0.00,2000.00,16.00,0.08
23:56:23.526 [TUNER] 438,1000,0.00,2000.00,16.00,0.08,0.00,2000.00,16.00,0.08
23:56:23.562 [TUNER] 439,1000,0.00,2000.00,16.00,0.08,0.00,2000.00,16.00,0.08
23:56:23.562 [TUNER] 440,1000,0.00,2000.00,16.00,0.08,0.00,2000.00,16.00,0.08
23:56:23.597 [TUNER] 441,1000,0.00,2000.00,16.00,0.08,0.00,2000.00,16.00,0.08
23:56:23.598 [TUNER] 442,1000,0.00,2000.00,16.00,0.08,0.00,2000.00,16.00,0.08
23:56:23.601 [TUNER] 443,1000,0.00,2000.00,16.00,0.08,0.00,2000.00,16.00,0.08
23:56:23.601 [TUNER] 444,1000,0.00,2000.00,16.00,0.08,0.00,2000.00,16.00,0.08
23:56:23.602 [TUNER] 445,1000,0.00,2000.00,16.00,0.08,0.00,2000.00,16.00,0.08
23:56:23.631 [TUNER] 446,1000,0.00,2000.00,16.00,0.08,0.00,2000.00,16.00,0.08
23:56:23.632 [TUNER] 447,1000,0.00,2000.00,16.00,0.08,0.00,2000.00,16.00,0.08
23:56:23.666 [TUNER] 448,1000,0.00,2000.00,16.00,0.08,0.00,2000.00,16.00,0.08
23:56:23.702 [TUNER] 449,1000,0.00,2000.00,16.00,0.08,0.00,2000.00,16.00,0.08
23:56:23.702 [TUNER] 450,1000,0.00,2000.00,16.00,0.08,0.00,2000.00,16.00,0.08
23:56:23.737 [TUNER] 451,1000,0.00,2000.00,16.00,0.08,0.00,2000.00,16.00,0.08
23:56:23.738 [TUNER] 452,1000,0.00,2000.00,16.00,0.08,0.00,2000.00,16.00,0.08
23:56:23.771 [TUNER] 453,1000,0.00,2000.00,16.00,0.08,0.00,2000.00,16.00,0.08
23:56:23.772 [TUNER] 454,1000,0.00,2000.00,16.00,0.08,0.00,2000.00,16.00,0.08
23:56:23.807 [TUNER] 455,1000,0.00,2000.00,16.00,0.08,0.00,2000.00,16.00,0.08
23:56:23.840 [TUNER] 456,1000,0.00,2000.00,16.00,0.08,0.00,2000.00,16.00,0.08
23:56:23.878 [TUNER] 457,1000,0.00,2000.00,16.00,0.08,0.00,2000.00,16.00,0.08
23:56:23.878 [TUNER] 458,1000,0.00,2000.00,16.00,0.08,0.00,2000.00,16.00,0.08
23:56:23.878 [TUNER] 459,1000,0.00,2000.00,16.00,0.08,0.00,2000.00,16.00,0.08
23:56:23.912 [TUNER] 460,1000,0.00,2000.00,16.00,0.08,0.00,2000.00,16.00,0.08
23:56:23.912 [TUNER] 461,1000,0.00,2000.00,16.00,0.08,0.00,2000.00,16.00,0.08
23:56:23.983 [TUNER] 462,1000,0.00,2000.00,16.00,0.08,0.00,2000.00,16.00,0.08
23:56:23.983 [TUNER] 463,1000,0.00,2000.00,16.00,0.08,0.00,2000.00,16.00,0.08
23:56:23.984 [TUNER] 464,1000,0.00,2000.00,16.00,0.08,0.00,2000.00,16.00,0.08
23:56:24.017 [TUNER] 465,1000,0.00,2000.00,16.00,0.08,0.00,2000.00,16.00,0.08
23:56:24.017 [TUNER] 466,1000,0.00,2000.00,16.00,0.08,0.00,2000.00,16.00,0.08
23:56:24.087 [TUNER] 467,1000,0.00,2000.00,16.00,0.08,0.00,2000.00,16.00,0.08
23:56:24.121 [TUNER] 468,1000,0.00,2000.00,16.00,0.08,0.00,2000.00,16.00,0.08
23:56:24.121 [TUNER] 469,1000,0.00,2000.00,16.00,0.08,0.00,2000.00,16.00,0.08
23:56:24.122 [TUNER] 470,1000,0.00,2000.00,16.00,0.08,0.00,2000.00,16.00,0.08
23:56:24.123 [TUNER] 471,1000,0.00,2000.00,16.00,0.08,0.00,2000.00,16.00,0.08
23:56:24.156 [TUNER] 472,1000,0.00,2000.00,16.00,0.08,0.00,2000.00,16.00,0.08
23:56:24.156 [TUNER] 473,1000,0.00,2000.00,16.00,0.08,0.00,2000.00,16.00,0.08
23:56:24.193 [TUNER] 474,1000,0.00,2000.00,16.00,0.08,0.00,2000.00,16.00,0.08
23:56:24.225 [TUNER] 475,1000,0.00,2000.00,16.00,0.08,0.00,2000.00,16.00,0.08
23:56:24.262 [TUNER] 476,1000,0.00,2000.00,16.00,0.08,0.00,2000.00,16.00,0.08
23:56:24.296 [TUNER] 477,1000,0.00,2000.00,16.00,0.08,0.00,2000.00,16.00,0.08
23:56:24.296 [TUNER] 478,1000,0.00,2000.00,16.00,0.08,0.00,2000.00,16.00,0.08
23:56:24.300 [TUNER] 479,1000,0.00,2000.00,16.00,0.08,0.00,2000.00,16.00,0.08
23:56:24.301 [TUNER] 480,1000,0.00,2000.00,16.00,0.08,0.00,2000.00,16.00,0.08
23:56:24.330 [TUNER] 481,1000,0.00,2000.00,16.00,0.08,0.00,2000.00,16.00,0.08
23:56:24.365 [TUNER] 482,1000,0.00,2000.00,16.00,0.08,0.00,2000.00,16.00,0.08
23:56:24.369 [TUNER] 483,1000,0.00,2000.00,16.00,0.08,0.00,2000.00,16.00,0.08
23:56:24.404 [TUNER] 484,1000,0.00,2000.00,16.00,0.08,0.00,2000.00,16.00,0.08
23:56:24.405 [TUNER] 485,1000,0.00,2000.00,16.00,0.08,0.00,2000.00,16.00,0.08
23:56:24.438 [TUNER] 486,1000,0.00,2000.00,16.00,0.08,0.00,2000.00,16.00,0.08
23:56:24.438 [TUNER] 487,1000,0.00,2000.00,16.00,0.08,0.00,2000.00,16.00,0.08
23:56:24.471 [TUNER] 488,1000,0.00,2000.00,16.00,0.08,0.00,2000.00,16.00,0.08
23:56:24.508 [TUNER] 489,1000,0.00,2000.00,16.00,0.08,0.00,2000.00,16.00,0.08
23:56:24.509 [TUNER] 490,1000,0.00,2000.00,16.00,0.08,0.00,2000.00,16.00,0.08
23:56:24.543 [TUNER] 491,1000,0.00,2000.00,16.00,0.08,0.00,2000.00,16.00,0.08
23:56:24.543 [TUNER] 492,1000,0.00,2000.00,16.00,0.08,0.00,2000.00,16.00,0.08
23:56:24.577 [TUNER] 493,1000,0.00,2000.00,16.00,0.08,0.00,2000.00,16.00,0.08
23:56:24.579 [TUNER] 494,1000,0.00,2000.00,16.00,0.08,0.00,2000.00,16.00,0.08
23:56:24.612 [TUNER] 495,1000,0.00,2000.00,16.00,0.08,0.00,2000.00,16.00,0.08
23:56:24.647 [TUNER] 496,1000,0.00,2000.00,16.00,0.08,0.00,2000.00,16.00,0.08
23:56:24.647 [TUNER] 497,1000,0.00,2000.00,16.00,0.08,0.00,2000.00,16.00,0.08
23:56:24.681 [TUNER] 498,1000,0.00,2000.00,16.00,0.08,0.00,2000.00,16.00,0.08
23:56:24.682 [TUNER] 499,1000,0.00,2000.00,16.00,0.08,0.00,2000.00,16.00,0.08
23:56:24.718 [TUNER] 500,1000,0.00,2000.00,16.00,0.08,0.00,2000.00,16.00,0.08
23:56:24.718 [TUNER] 501,1000,0.00,2000.00,16.00,0.08,0.00,2000.00,16.00,0.08
23:56:24.751 [TUNER] 502,1000,0.00,2000.00,16.00,0.08,0.00,2000.00,16.00,0.08
23:56:24.788 [TUNER] 503,1000,0.00,2000.00,16.00,0.08,0.00,2000.00,16.00,0.08
23:56:24.788 [TUNER] 504,1000,0.00,2000.00,16.00,0.08,0.00,2000.00,16.00,0.08
23:56:24.821 [TUNER] 505,1000,0.00,2000.00,16.00,0.08,0.00,2000.00,16.00,0.08
23:56:24.822 [TUNER] 506,1000,0.00,2000.00,16.00,0.08,0.00,2000.00,16.00,0.08
23:56:24.856 [TUNER] 507,1000,0.00,2000.00,16.00,0.08,0.00,2000.00,16.00,0.08
23:56:24.857 [TUNER] 508,1000,0.00,2000.00,16.00,0.08,0.00,2000.00,16.00,0.08
23:56:24.891 [TUNER] 509,1000,0.00,2000.00,16.00,0.08,0.00,2000.00,16.00,0.08
23:56:24.928 [TUNER] 510,1000,0.00,2000.00,16.00,0.08,0.00,2000.00,16.00,0.08
23:56:24.928 [TUNER] 511,1000,0.00,2000.00,16.00,0.08,0.00,2000.00,16.00,0.08
23:56:24.964 [TUNER] 512,1000,0.00,2000.00,16.00,0.08,0.00,2000.00,16.00,0.08
23:56:24.965 [TUNER] 513,1000,0.00,2000.00,16.00,0.08,0.00,2000.00,16.00,0.08
23:56:24.997 [TUNER] 514,1000,0.00,2000.00,16.00,0.08,0.00,2000.00,16.00,0.08
23:56:24.998 [TUNER] 515,1000,0.00,2000.00,16.00,0.08,0.00,2000.00,16.00,0.08
23:56:25.031 [TUNER] 516,1000,0.00,2000.00,16.00,0.08,0.00,2000.00,16.00,0.08
23:56:25.068 [TUNER] 517,1000,0.00,2000.00,16.00,0.08,0.00,2000.00,16.00,0.08
23:56:25.068 [TUNER] 518,1000,0.00,2000.00,16.00,0.08,0.00,2000.00,16.00,0.08
23:56:25.101 [TUNER] 519,1000,0.00,2000.00,16.00,0.08,0.00,2000.00,16.00,0.08
23:56:25.103 [TUNER] 520,1000,0.00,2000.00,16.00,0.08,0.00,2000.00,16.00,0.08
23:56:25.137 [TUNER] 521,1000,0.00,2000.00,16.00,0.08,0.00,2000.00,16.00,0.08
23:56:25.138 [TUNER] 522,1000,0.00,2000.00,16.00,0.08,0.00,2000.00,16.00,0.08
23:56:25.171 [TUNER] 523,1000,0.00,2000.00,16.00,0.08,0.00,2000.00,16.00,0.08
23:56:25.206 [TUNER] 524,1000,0.00,2000.00,16.00,0.08,0.00,2000.00,16.00,0.08
23:56:25.207 [TUNER] 525,1000,0.00,2000.00,16.00,0.08,0.00,2000.00,16.00,0.08
23:56:25.242 [TUNER] 526,1000,0.00,2000.00,16.00,0.08,0.00,2000.00,16.00,0.08
23:56:25.242 [TUNER] 527,1000,0.00,2000.00,16.00,0.08,0.00,2000.00,16.00,0.08
23:56:25.278 [TUNER] 528,1000,0.00,2000.00,16.00,0.08,0.00,2000.00,16.00,0.08
23:56:25.278 [TUNER] 529,1000,0.00,2000.00,16.00,0.08,0.00,2000.00,16.00,0.08
23:56:25.314 [TUNER] 530,1000,0.00,2000.00,16.00,0.08,0.00,2000.00,16.00,0.08
23:56:25.347 [TUNER] 531,1000,0.00,2000.00,16.00,0.08,0.00,2000.00,16.00,0.08
23:56:25.348 [TUNER] 532,1000,0.00,2000.00,16.00,0.08,0.00,2000.00,16.00,0.08
23:56:25.384 [TUNER] 533,1000,0.00,2000.00,16.00,0.08,0.00,2000.00,16.00,0.08
23:56:25.384 [TUNER] 534,1000,0.00,2000.00,16.00,0.08,0.00,2000.00,16.00,0.08
23:56:25.417 [TUNER] 535,1000,0.00,2000.00,16.00,0.08,0.00,2000.00,16.00,0.08
23:56:25.419 [TUNER] 536,1000,0.00,2000.00,16.00,0.08,0.00,2000.00,16.00,0.08
23:56:25.452 [TUNER] 537,1000,0.00,2000.00,16.00,0.08,0.00,2000.00,16.00,0.08
23:56:25.487 [TUNER] 538,1000,0.00,2000.00,16.00,0.08,0.00,2000.00,16.00,0.08
23:56:25.487 [TUNER] 539,1000,0.00,2000.00,16.00,0.08,0.00,2000.00,16.00,0.08
23:56:25.527 [TUNER] 540,1000,0.00,2000.00,16.00,0.08,0.00,2000.00,16.00,0.08
23:56:25.528 [TUNER] 541,1000,0.00,2000.00,16.00,0.08,0.00,2000.00,16.00,0.08
23:56:25.556 [TUNER] 542,1000,0.00,2000.00,16.00,0.08,0.00,2000.00,16.00,0.08
23:56:25.556 [TUNER] 543,1000,0.00,2000.00,16.00,0.08,0.00,2000.00,16.00,0.08
23:56:25.591 [TUNER] 544,1000,0.00,2000.00,16.00,0.08,0.00,2000.00,16.00,0.08
23:56:25.627 [TUNER] 545,1000,0.00,2000.00,16.00,0.08,0.00,2000.00,16.00,0.08
23:56:25.627 [TUNER] 546,1000,0.00,2000.00,16.00,0.08,0.00,2000.00,16.00,0.08
23:56:25.698 [TUNER] 547,1000,0.00,2000.00,16.00,0.08,0.00,2000.00,16.00,0.08
23:56:25.733 [TUNER] 548,1000,0.00,2000.00,16.00,0.08,0.00,2000.00,16.00,0.08
23:56:25.803 [TUNER] 549,1000,0.00,2000.00,16.00,0.08,0.00,2000.00,16.00,0.08
23:56:25.804 [TUNER] 550,1000,0.00,2000.00,16.00,0.08,0.00,2000.00,16.00,0.08
23:56:25.804 [TUNER] 551,1000,0.00,2000.00,16.00,0.08,0.00,2000.00,16.00,0.08
23:56:25.804 [TUNER] 552,1000,0.00,2000.00,16.00,0.08,0.00,2000.00,16.00,0.08
23:56:25.807 [TUNER] 553,1000,0.00,2000.00,16.00,0.08,0.00,2000.00,16.00,0.08
23:56:25.808 [TUNER] 554,1000,0.00,2000.00,16.00,0.08,0.00,2000.00,16.00,0.08
23:56:25.808 [TUNER] 555,1000,0.00,2000.00,16.00,0.08,0.00,2000.00,16.00,0.08
23:56:25.837 [TUNER] 556,1000,0.00,2000.00,16.00,0.08,0.00,2000.00,16.00,0.08
23:56:25.838 [TUNER] 557,1000,0.00,2000.00,16.00,0.08,0.00,2000.00,16.00,0.08
23:56:25.871 [TUNER] 558,1000,0.00,2000.00,16.00,0.08,0.00,2000.00,16.00,0.08
23:56:25.912 [TUNER] 559,1000,0.00,2000.00,16.00,0.08,0.00,2000.00,16.00,0.08
23:56:25.914 [TUNER] 560,1000,0.00,2000.00,16.00,0.08,0.00,2000.00,16.00,0.08
23:56:25.942 [TUNER] 561,1000,0.00,2000.00,16.00,0.08,0.00,2000.00,16.00,0.08
23:56:25.942 [TUNER] 562,1000,0.00,2000.00,16.00,0.08,0.00,2000.00,16.00,0.08
23:56:25.978 [TUNER] 563,1000,0.00,2000.00,16.00,0.08,0.00,2000.00,16.00,0.08
23:56:25.978 [TUNER] 564,1000,0.00,2000.00,16.00,0.08,0.00,2000.00,16.00,0.08
23:56:26.012 [TUNER] 565,1000,0.00,2000.00,16.00,0.08,0.00,2000.00,16.00,0.08
23:56:26.046 [TUNER] 566,1000,0.00,2000.00,16.00,0.08,0.00,2000.00,16.00,0.08
23:56:26.047 [TUNER] 567,1000,0.00,2000.00,16.00,0.08,0.00,2000.00,16.00,0.08
23:56:26.082 [TUNER] 568,1000,0.00,2000.00,16.00,0.08,0.00,2000.00,16.00,0.08
23:56:26.084 [TUNER] 569,1000,0.00,2000.00,16.00,0.08,0.00,2000.00,16.00,0.08
23:56:26.119 [TUNER] 570,1000,0.00,2000.00,16.00,0.08,0.00,2000.00,16.00,0.08
23:56:26.122 [TUNER] 571,1000,0.00,2000.00,16.00,0.08,0.00,2000.00,16.00,0.08
23:56:26.154 [TUNER] 572,1000,0.00,2000.00,16.00,0.08,0.00,2000.00,16.00,0.08
23:56:26.187 [TUNER] 573,1000,0.00,2000.00,16.00,0.08,0.00,2000.00,16.00,0.08
23:56:26.189 [TUNER] 574,1000,0.00,2000.00,16.00,0.08,0.00,2000.00,16.00,0.08
23:56:26.222 [TUNER] 575,1000,0.00,2000.00,16.00,0.08,0.00,2000.00,16.00,0.08
23:56:26.222 [TUNER] 576,1000,0.00,2000.00,16.00,0.08,0.00,2000.00,16.00,0.08
23:56:26.256 [TUNER] 577,1000,0.00,2000.00,16.00,0.08,0.00,2000.00,16.00,0.08
23:56:26.257 [TUNER] 578,1000,0.00,2000.00,16.00,0.08,0.00,2000.00,16.00,0.08
23:56:26.291 [TUNER] 579,1000,0.00,2000.00,16.00,0.08,0.00,2000.00,16.00,0.08
23:56:26.328 [TUNER] 580,1000,0.00,2000.00,16.00,0.08,0.00,2000.00,16.00,0.08
23:56:26.328 [TUNER] 581,1000,0.00,2000.00,16.00,0.08,0.00,2000.00,16.00,0.08
23:56:26.365 [TUNER] 582,1000,0.00,2000.00,16.00,0.08,0.00,2000.00,16.00,0.08
23:56:26.365 [TUNER] 583,1000,0.00,2000.00,16.00,0.08,0.00,2000.00,16.00,0.08
23:56:26.397 [TUNER] 584,1000,0.00,2000.00,16.00,0.08,0.00,2000.00,16.00,0.08
23:56:26.398 [TUNER] 585,1000,0.00,2000.00,16.00,0.08,0.00,2000.00,16.00,0.08
23:56:26.432 [TUNER] 586,1000,0.00,2000.00,16.00,0.08,0.00,2000.00,16.00,0.08
23:56:26.467 [TUNER] 587,1000,0.00,2000.00,16.00,0.08,0.00,2000.00,16.00,0.08
23:56:26.469 [TUNER] 588,1000,0.00,2000.00,16.00,0.08,0.00,2000.00,16.00,0.08
23:56:26.507 [TUNER] 589,1000,0.00,2000.00,16.00,0.08,0.00,2000.00,16.00,0.08
23:56:26.509 [TUNER] 590,1000,0.00,2000.00,16.00,0.08,0.00,2000.00,16.00,0.08
23:56:26.537 [TUNER] 591,1000,0.00,2000.00,16.00,0.08,0.00,2000.00,16.00,0.08
23:56:26.537 [TUNER] 592,1000,0.00,2000.00,16.00,0.08,0.00,2000.00,16.00,0.08
23:56:26.572 [TUNER] 593,1000,0.00,2000.00,16.00,0.08,0.00,2000.00,16.00,0.08
23:56:26.607 [TUNER] 594,1000,0.00,2000.00,16.00,0.08,0.00,2000.00,16.00,0.08
23:56:26.609 [TUNER] 595,1000,0.00,2000.00,16.00,0.08,0.00,2000.00,16.00,0.08
23:56:26.642 [TUNER] 596,1000,0.00,2000.00,16.00,0.08,0.00,2000.00,16.00,0.08
23:56:26.642 [TUNER] 597,1000,0.00,2000.00,16.00,0.08,0.00,2000.00,16.00,0.08
23:56:26.677 [TUNER] 598,1000,0.00,2000.00,16.00,0.08,0.00,2000.00,16.00,0.08
23:56:26.678 [TUNER] 599,1000,0.00,2000.00,16.00,0.08,0.00,2000.00,16.00,0.08
23:56:26.749 [TUNER] 600,1000,0.00,2000.00,16.00,0.08,0.00,2000.00,16.00,0.08
23:56:26.750 [TUNER] 601,1000,0.00,2000.00,16.00,0.08,0.00,2000.00,16.00,0.08
23:56:26.750 [TUNER] 602,1000,0.00,2000.00,16.00,0.08,0.00,2000.00,16.00,0.08
23:56:26.782 [TUNER] 603,1000,0.00,2000.00,16.00,0.08,0.00,2000.00,16.00,0.08
23:56:26.784 [TUNER] 604,1000,0.00,2000.00,16.00,0.08,0.00,2000.00,16.00,0.08
23:56:26.820 [TUNER] 605,1000,0.00,2000.00,16.00,0.08,0.00,2000.00,16.00,0.08
23:56:26.821 [TUNER] 606,1000,0.00,2000.00,16.00,0.08,0.00,2000.00,16.00,0.08
23:56:26.851 [TUNER] 607,1000,0.00,2000.00,16.00,0.08,0.00,2000.00,16.00,0.08
23:56:26.887 [TUNER] 608,1000,0.00,2000.00,16.00,0.08,0.00,2000.00,16.00,0.08
23:56:26.888 [TUNER] 609,1000,0.00,2000.00,16.00,0.08,0.00,2000.00,16.00,0.08
23:56:26.922 [TUNER] 610,1000,0.00,2000.00,16.00,0.08,0.00,2000.00,16.00,0.08
23:56:26.922 [TUNER] 611,1000,0.00,2000.00,16.00,0.08,0.00,2000.00,16.00,0.08
23:56:26.956 [TUNER] 612,1000,0.00,2000.00,16.00,0.08,0.00,2000.00,16.00,0.08
23:56:26.957 [TUNER] 613,1000,0.00,2000.00,16.00,0.08,0.00,2000.00,16.00,0.08
23:56:26.991 [TUNER] 614,1000,0.00,2000.00,16.00,0.08,0.00,2000.00,16.00,0.08
23:56:27.027 [TUNER] 615,1000,0.00,2000.00,16.00,0.08,0.00,2000.00,16.00,0.08
23:56:27.027 [TUNER] 616,1000,0.00,2000.00,16.00,0.08,0.00,2000.00,16.00,0.08
23:56:27.062 [TUNER] 617,1000,0.00,2000.00,16.00,0.08,0.00,2000.00,16.00,0.08
23:56:27.063 [TUNER] 618,1000,0.00,2000.00,16.00,0.08,0.00,2000.00,16.00,0.08
23:56:27.134 [TUNER] 619,1000,0.00,2000.00,16.00,0.08,0.00,2000.00,16.00,0.08
23:56:27.134 [TUNER] 620,1000,0.00,2000.00,16.00,0.08,0.00,2000.00,16.00,0.08
23:56:27.135 [TUNER] 621,1000,0.00,2000.00,16.00,0.08,0.00,2000.00,16.00,0.08
23:56:27.170 [TUNER] 622,1000,0.00,2000.00,16.00,0.08,0.00,2000.00,16.00,0.08
23:56:27.171 [TUNER] 623,1000,0.00,2000.00,16.00,0.08,0.00,2000.00,16.00,0.08
23:56:27.202 [TUNER] 624,1000,0.00,2000.00,16.00,0.08,0.00,2000.00,16.00,0.08
23:56:27.202 [TUNER] 625,1000,0.00,2000.00,16.00,0.08,0.00,2000.00,16.00,0.08
23:56:27.240 [TUNER] 626,1000,0.00,2000.00,16.00,0.08,0.00,2000.00,16.00,0.08
23:56:27.242 [TUNER] 627,1000,0.00,2000.00,16.00,0.08,0.00,2000.00,16.00,0.08
23:56:27.272 [TUNER] 628,1000,0.00,2000.00,16.00,0.08,0.00,2000.00,16.00,0.08
23:56:27.307 [TUNER] 629,1000,0.00,2000.00,16.00,0.08,0.00,2000.00,16.00,0.08
23:56:27.307 [TUNER] 630,1000,0.00,2000.00,16.00,0.08,0.00,2000.00,16.00,0.08
23:56:27.380 [TUNER] 631,1000,0.00,2000.00,16.00,0.08,0.00,2000.00,16.00,0.08
23:56:27.415 [TUNER] 632,1000,0.00,2000.00,16.00,0.08,0.00,2000.00,16.00,0.08
23:56:27.416 [TUNER] 633,1000,0.00,2000.00,16.00,0.08,0.00,2000.00,16.00,0.08
23:56:27.419 [TUNER] 634,1000,0.00,2000.00,16.00,0.08,0.00,2000.00,16.00,0.08
23:56:27.419 [TUNER] 635,1000,0.00,2000.00,16.00,0.08,0.00,2000.00,16.00,0.08
23:56:27.446 [TUNER] 636,1000,0.00,2000.00,16.00,0.08,0.00,2000.00,16.00,0.08
23:56:27.446 [TUNER] 637,1000,0.00,2000.00,16.00,0.08,0.00,2000.00,16.00,0.08
23:56:27.483 [TUNER] 638,1000,0.00,2000.00,16.00,0.08,0.00,2000.00,16.00,0.08
23:56:27.484 [TUNER] 639,1000,0.00,2000.00,16.00,0.08,0.00,2000.00,16.00,0.08
23:56:27.517 [TUNER] 640,1000,0.00,2000.00,16.00,0.08,0.00,2000.00,16.00,0.08
23:56:27.519 [TUNER] 641,1000,0.00,2000.00,16.00,0.08,0.00,2000.00,16.00,0.08
23:56:27.553 [TUNER] 642,1000,0.00,2000.00,16.00,0.08,0.00,2000.00,16.00,0.08
23:56:27.588 [TUNER] 643,1000,0.00,2000.00,16.00,0.08,0.00,2000.00,16.00,0.08
23:56:27.588 [TUNER] 644,1000,0.00,2000.00,16.00,0.08,0.00,2000.00,16.00,0.08
23:56:27.623 [TUNER] 645,1000,0.00,2000.00,16.00,0.08,0.00,2000.00,16.00,0.08
23:56:27.625 [TUNER] 646,1000,0.00,2000.00,16.00,0.08,0.00,2000.00,16.00,0.08
23:56:27.656 [TUNER] 647,1000,0.00,2000.00,16.00,0.08,0.00,2000.00,16.00,0.08
23:56:27.691 [TUNER] 648,1000,0.00,2000.00,16.00,0.08,0.00,2000.00,16.00,0.08
23:56:27.692 [TUNER] 649,1000,0.00,2000.00,16.00,0.08,0.00,2000.00,16.00,0.08
23:56:27.725 [TUNER] 650,1000,0.00,2000.00,16.00,0.08,0.00,2000.00,16.00,0.08
23:56:27.727 [TUNER] 651,1000,0.00,2000.00,16.00,0.08,0.00,2000.00,16.00,0.08
23:56:27.761 [TUNER] 652,1000,0.00,2000.00,16.00,0.08,0.00,2000.00,16.00,0.08
23:56:27.761 [TUNER] 653,1000,0.00,2000.00,16.00,0.08,0.00,2000.00,16.00,0.08
23:56:27.797 [TUNER] 654,1000,0.00,2000.00,16.00,0.08,0.00,2000.00,16.00,0.08
23:56:27.832 [TUNER] 655,1000,0.00,2000.00,16.00,0.08,0.00,2000.00,16.00,0.08
23:56:27.833 [TUNER] 656,1000,0.00,2000.00,16.00,0.08,0.00,2000.00,16.00,0.08
23:56:27.866 [TUNER] 657,1000,0.00,2000.00,16.00,0.08,0.00,2000.00,16.00,0.08
23:56:27.868 [TUNER] 658,1000,0.00,2000.00,16.00,0.08,0.00,2000.00,16.00,0.08
23:56:27.901 [TUNER] 659,1000,0.00,2000.00,16.00,0.08,0.00,2000.00,16.00,0.08
23:56:27.903 [TUNER] 660,1000,0.00,2000.00,16.00,0.08,0.00,2000.00,16.00,0.08
23:56:27.938 [TUNER] 661,1000,0.00,2000.00,16.00,0.08,0.00,2000.00,16.00,0.08
23:56:27.970 [TUNER] 662,1000,0.00,2000.00,16.00,0.08,0.00,2000.00,16.00,0.08
23:56:27.971 [TUNER] 663,1000,0.00,2000.00,16.00,0.08,0.00,2000.00,16.00,0.08
23:56:28.006 [TUNER] 664,1000,0.00,2000.00,16.00,0.08,0.00,2000.00,16.00,0.08
23:56:28.007 [TUNER] 665,1000,0.00,2000.00,16.00,0.08,0.00,2000.00,16.00,0.08
23:56:28.042 [TUNER] 666,1000,0.00,2000.00,16.00,0.08,0.00,2000.00,16.00,0.08
23:56:28.042 [TUNER] 667,1000,0.00,2000.00,16.00,0.08,0.00,2000.00,16.00,0.08
23:56:28.076 [TUNER] 668,1000,0.00,2000.00,16.00,0.08,0.00,2000.00,16.00,0.08
23:56:28.112 [TUNER] 669,1000,0.00,2000.00,16.00,0.08,0.00,2000.00,16.00,0.08
23:56:28.112 [TUNER] 670,1000,0.00,2000.00,16.00,0.08,0.00,2000.00,16.00,0.08
23:56:28.148 [TUNER] 671,1000,0.00,2000.00,16.00,0.08,0.00,2000.00,16.00,0.08
23:56:28.150 [TUNER] 672,1000,0.00,2000.00,16.00,0.08,0.00,2000.00,16.00,0.08
23:56:28.184 [TUNER] 673,1000,0.00,2000.00,16.00,0.08,0.00,2000.00,16.00,0.08
23:56:28.186 [TUNER] 674,1000,0.00,2000.00,16.00,0.08,0.00,2000.00,16.00,0.08
23:56:28.216 [TUNER] 675,1000,0.00,2000.00,16.00,0.08,0.00,2000.00,16.00,0.08
23:56:28.252 [TUNER] 676,1000,0.00,2000.00,16.00,0.08,0.00,2000.00,16.00,0.08
23:56:28.253 [TUNER] 677,1000,0.00,2000.00,16.00,0.08,0.00,2000.00,16.00,0.08
23:56:28.288 [TUNER] 678,1000,0.00,2000.00,16.00,0.08,0.00,2000.00,16.00,0.08
23:56:28.289 [TUNER] 679,1000,0.00,2000.00,16.00,0.08,0.00,2000.00,16.00,0.08
23:56:28.323 [TUNER] 680,1000,0.00,2000.00,16.00,0.08,0.00,2000.00,16.00,0.08
23:56:28.324 [TUNER] 681,1000,0.00,2000.00,16.00,0.08,0.00,2000.00,16.00,0.08
23:56:28.355 [TUNER] 682,1000,0.00,2000.00,16.00,0.08,0.00,2000.00,16.00,0.08
23:56:28.391 [TUNER] 683,1000,0.00,2000.00,16.00,0.08,0.00,2000.00,16.00,0.08
23:56:28.391 [TUNER] 684,1000,0.00,2000.00,16.00,0.08,0.00,2000.00,16.00,0.08
23:56:28.429 [TUNER] 685,1000,0.00,2000.00,16.00,0.08,0.00,2000.00,16.00,0.08
23:56:28.430 [TUNER] 686,1000,0.00,2000.00,16.00,0.08,0.00,2000.00,16.00,0.08
23:56:28.462 [TUNER] 687,1000,0.00,2000.00,16.00,0.08,0.00,2000.00,16.00,0.08
23:56:28.463 [TUNER] 688,1000,0.00,2000.00,16.00,0.08,0.00,2000.00,16.00,0.08
23:56:28.536 [TUNER] 689,1000,0.00,2000.00,16.00,0.08,0.00,2000.00,16.00,0.08
23:56:28.537 [TUNER] 690,1000,0.00,2000.00,16.00,0.08,0.00,2000.00,16.00,0.08
23:56:28.539 [TUNER] 691,1000,0.00,2000.00,16.00,0.08,0.00,2000.00,16.00,0.08
23:56:28.568 [TUNER] 692,1000,0.00,2000.00,16.00,0.08,0.00,2000.00,16.00,0.08
23:56:28.569 [TUNER] 693,1000,0.00,2000.00,16.00,0.08,0.00,2000.00,16.00,0.08
23:56:28.603 [TUNER] 694,1000,0.00,2000.00,16.00,0.08,0.00,2000.00,16.00,0.08
23:56:28.604 [TUNER] 695,1000,0.00,2000.00,16.00,0.08,0.00,2000.00,16.00,0.08
23:56:28.637 [TUNER] 696,1000,0.00,2000.00,16.00,0.08,0.00,2000.00,16.00,0.08
23:56:28.673 [TUNER] 697,1000,0.00,2000.00,16.00,0.08,0.00,2000.00,16.00,0.08
23:56:28.675 [TUNER] 698,1000,0.00,2000.00,16.00,0.08,0.00,2000.00,16.00,0.08
23:56:28.705 [TUNER] 699,1000,0.00,2000.00,16.00,0.08,0.00,2000.00,16.00,0.08
23:56:28.705 [TUNER] 700,1000,0.00,2000.00,16.00,0.08,0.00,2000.00,16.00,0.08
23:56:28.740 [TUNER] 701,1000,0.00,2000.00,16.00,0.08,0.00,2000.00,16.00,0.08
23:56:28.741 [TUNER] 702,1000,0.00,2000.00,16.00,0.08,0.00,2000.00,16.00,0.08
23:56:28.778 [TUNER] 703,1000,0.00,2000.00,16.00,0.08,0.00,2000.00,16.00,0.08
23:56:28.847 [TUNER] 704,1000,0.00,2000.00,16.00,0.08,0.00,2000.00,16.00,0.08
23:56:28.847 [TUNER] 705,1000,0.00,2000.00,16.00,0.08,0.00,2000.00,16.00,0.08
23:56:28.847 [TUNER] 706,1000,0.00,2000.00,16.00,0.08,0.00,2000.00,16.00,0.08
23:56:28.848 [TUNER] 707,1000,0.00,2000.00,16.00,0.08,0.00,2000.00,16.00,0.08
23:56:28.882 [TUNER] 708,1000,0.00,2000.00,16.00,0.08,0.00,2000.00,16.00,0.08
23:56:28.885 [TUNER] 709,1000,0.00,2000.00,16.00,0.08,0.00,2000.00,16.00,0.08
23:56:28.916 [TUNER] 710,1000,0.00,2000.00,16.00,0.08,0.00,2000.00,16.00,0.08
23:56:28.954 [TUNER] 711,1000,0.00,2000.00,16.00,0.08,0.00,2000.00,16.00,0.08
23:56:28.957 [TUNER] 712,1000,0.00,2000.00,16.00,0.08,0.00,2000.00,16.00,0.08
23:56:28.986 [TUNER] 713,1000,0.00,2000.00,16.00,0.08,0.00,2000.00,16.00,0.08
23:56:28.987 [TUNER] 714,1000,0.00,2000.00,16.00,0.08,0.00,2000.00,16.00,0.08
23:56:29.022 [TUNER] 715,1000,0.00,2000.00,16.00,0.08,0.00,2000.00,16.00,0.08
23:56:29.022 [TUNER] 716,1000,0.00,2000.00,16.00,0.08,0.00,2000.00,16.00,0.08
23:56:29.056 [TUNER] 717,1000,0.00,2000.00,16.00,0.08,0.00,2000.00,16.00,0.08
23:56:29.093 [TUNER] 718,1000,0.00,2000.00,16.00,0.08,0.00,2000.00,16.00,0.08
23:56:29.093 [TUNER] 719,1000,0.00,2000.00,16.00,0.08,0.00,2000.00,16.00,0.08
23:56:29.132 [TUNER] 720,1000,0.00,2000.00,16.00,0.08,0.00,2000.00,16.00,0.08
23:56:29.134 [TUNER] 721,1000,0.00,2000.00,16.00,0.08,0.00,2000.00,16.00,0.08
23:56:29.162 [TUNER] 722,1000,0.00,2000.00,16.00,0.08,0.00,2000.00,16.00,0.08
23:56:29.162 [TUNER] 723,1000,0.00,2000.00,16.00,0.08,0.00,2000.00,16.00,0.08
23:56:29.196 [TUNER] 724,1000,0.00,2000.00,16.00,0.08,0.00,2000.00,16.00,0.08
23:56:29.232 [TUNER] 725,1000,0.00,2000.00,16.00,0.08,0.00,2000.00,16.00,0.08
23:56:29.234 [TUNER] 726,1000,0.00,2000.00,16.00,0.08,0.00,2000.00,16.00,0.08
23:56:29.269 [TUNER] 727,1000,0.00,2000.00,16.00,0.08,0.00,2000.00,16.00,0.08
23:56:29.270 [TUNER] 728,1000,0.00,2000.00,16.00,0.08,0.00,2000.00,16.00,0.08
23:56:29.302 [TUNER] 729,1000,0.00,2000.00,16.00,0.08,0.00,2000.00,16.00,0.08
23:56:29.305 [TUNER] 730,1000,0.00,2000.00,16.00,0.08,0.00,2000.00,16.00,0.08
23:56:29.340 [TUNER] 731,1000,0.00,2000.00,16.00,0.08,0.00,2000.00,16.00,0.08
23:56:29.374 [TUNER] 732,1000,0.00,2000.00,16.00,0.08,0.00,2000.00,16.00,0.08
23:56:29.376 [TUNER] 733,1000,0.00,2000.00,16.00,0.08,0.00,2000.00,16.00,0.08
23:56:29.407 [TUNER] 734,1000,0.00,2000.00,16.00,0.08,0.00,2000.00,16.00,0.08
23:56:29.408 [TUNER] 735,1000,0.00,2000.00,16.00,0.08,0.00,2000.00,16.00,0.08
23:56:29.441 [TUNER] 736,1000,0.00,2000.00,16.00,0.08,0.00,2000.00,16.00,0.08
23:56:29.476 [TUNER] 737,1000,0.00,2000.00,16.00,0.08,0.00,2000.00,16.00,0.08
23:56:29.476 [TUNER] 738,1000,0.00,2000.00,16.00,0.08,0.00,2000.00,16.00,0.08
23:56:29.512 [TUNER] 739,1000,0.00,2000.00,16.00,0.08,0.00,2000.00,16.00,0.08
23:56:29.549 [TUNER] 740,1000,0.00,2000.00,16.00,0.08,0.00,2000.00,16.00,0.08
23:56:29.550 [TUNER] 741,1000,0.00,2000.00,16.00,0.08,0.00,2000.00,16.00,0.08
23:56:29.581 [TUNER] 742,1000,0.00,2000.00,16.00,0.08,0.00,2000.00,16.00,0.08
23:56:29.585 [TUNER] 743,1000,0.00,2000.00,16.00,0.08,0.00,2000.00,16.00,0.08
23:56:29.618 [TUNER] 744,1000,0.00,2000.00,16.00,0.08,0.00,2000.00,16.00,0.08
23:56:29.620 [TUNER] 745,1000,0.00,2000.00,16.00,0.08,0.00,2000.00,16.00,0.08
23:56:29.652 [TUNER] 746,1000,0.00,2000.00,16.00,0.08,0.00,2000.00,16.00,0.08
23:56:29.654 [TUNER] 747,1000,0.00,2000.00,16.00,0.08,0.00,2000.00,16.00,0.08
23:56:29.687 [TUNER] 748,1000,0.00,2000.00,16.00,0.08,0.00,2000.00,16.00,0.08
23:56:29.687 [TUNER] 749,1000,0.00,2000.00,16.00,0.08,0.00,2000.00,16.00,0.08
23:56:29.722 [TUNER] 750,1000,0.00,2000.00,16.00,0.08,0.00,2000.00,16.00,0.08
23:56:29.757 [TUNER] 751,1000,0.00,2000.00,16.00,0.08,0.00,2000.00,16.00,0.08
23:56:29.792 [TUNER] 752,1000,0.00,2000.00,16.00,0.08,0.00,2000.00,16.00,0.08
23:56:29.793 [TUNER] 753,1000,0.00,2000.00,16.00,0.08,0.00,2000.00,16.00,0.08
23:56:29.795 [TUNER] 754,1000,0.00,2000.00,16.00,0.08,0.00,2000.00,16.00,0.08
23:56:29.829 [TUNER] 755,1000,0.00,2000.00,16.00,0.08,0.00,2000.00,16.00,0.08
23:56:29.829 [TUNER] 756,1000,0.00,2000.00,16.00,0.08,0.00,2000.00,16.00,0.08
23:56:29.863 [TUNER] 757,1000,0.00,2000.00,16.00,0.08,0.00,2000.00,16.00,0.08
23:56:29.897 [TUNER] 758,1000,0.00,2000.00,16.00,0.08,0.00,2000.00,16.00,0.08
23:56:29.898 [TUNER] 759,1000,0.00,2000.00,16.00,0.08,0.00,2000.00,16.00,0.08
23:56:29.930 [TUNER] 760,1000,0.00,2000.00,16.00,0.08,0.00,2000.00,16.00,0.08
23:56:29.932 [TUNER] 761,1000,0.00,2000.00,16.00,0.08,0.00,2000.00,16.00,0.08
23:56:29.971 [TUNER] 762,1000,0.00,2000.00,16.00,0.08,0.00,2000.00,16.00,0.08
23:56:29.972 [TUNER] 763,1000,0.00,2000.00,16.00,0.08,0.00,2000.00,16.00,0.08
23:56:30.000 [TUNER] 764,1000,0.00,2000.00,16.00,0.08,0.00,2000.00,16.00,0.08
23:56:30.038 [TUNER] 765,1000,0.00,2000.00,16.00,0.08,0.00,2000.00,16.00,0.08
23:56:30.039 [TUNER] 766,1003,0.00,2000.00,16.00,0.08,0.00,2000.00,16.00,0.08
23:56:30.072 [TUNER] 767,997,0.00,2000.00,16.00,0.08,0.00,2000.00,16.00,0.08
23:56:30.072 [TUNER] 768,1000,0.00,2000.00,16.00,0.08,0.00,2000.00,16.00,0.08
23:56:30.106 [TUNER] 769,1000,0.00,2000.00,16.00,0.08,0.00,2000.00,16.00,0.08
23:56:30.106 [TUNER] 770,1000,0.00,2000.00,16.00,0.08,0.00,2000.00,16.00,0.08
23:56:30.142 [TUNER] 771,1000,0.00,2000.00,16.00,0.08,0.00,2000.00,16.00,0.08
23:56:30.178 [TUNER] 772,1000,0.00,2000.00,16.00,0.08,0.00,2000.00,16.00,0.08
23:56:30.178 [TUNER] 773,1000,0.00,2000.00,16.00,0.08,0.00,2000.00,16.00,0.08
23:56:30.211 [TUNER] 774,1000,0.00,2000.00,16.00,0.08,0.00,2000.00,16.00,0.08
23:56:30.213 [TUNER] 775,1000,0.00,2000.00,16.00,0.08,0.00,2000.00,16.00,0.08
23:56:30.247 [TUNER] 776,1000,0.00,2000.00,16.00,0.08,0.00,2000.00,16.00,0.08
23:56:30.248 [TUNER] 777,1000,0.00,2000.00,16.00,0.08,0.00,2000.00,16.00,0.08
23:56:30.283 [TUNER] 778,1000,0.00,2000.00,16.00,0.08,0.00,2000.00,16.00,0.08
23:56:30.318 [TUNER] 779,1000,0.00,2000.00,16.00,0.08,0.00,2000.00,16.00,0.08
23:56:30.318 [TUNER] 780,1000,0.00,2000.00,16.00,0.08,0.00,2000.00,16.00,0.08
23:56:30.353 [TUNER] 781,1000,0.00,2000.00,16.00,0.08,0.00,2000.00,16.00,0.08
23:56:30.354 [TUNER] 782,1000,0.00,2000.00,16.00,0.08,0.00,2000.00,16.00,0.08
23:56:30.387 [TUNER] 783,1000,0.00,2000.00,16.00,0.08,0.00,2000.00,16.00,0.08
23:56:30.387 [TUNER] 784,1000,0.00,2000.00,16.00,0.08,0.00,2000.00,16.00,0.08
23:56:30.420 [TUNER] 785,1000,0.00,2000.00,16.00,0.08,0.00,2000.00,16.00,0.08
23:56:30.456 [TUNER] 786,1000,0.00,2000.00,16.00,0.08,0.00,2000.00,16.00,0.08
23:56:30.457 [TUNER] 787,1000,0.00,2000.00,16.00,0.08,0.00,2000.00,16.00,0.08
23:56:30.492 [TUNER] 788,1000,0.00,2000.00,16.00,0.08,0.00,2000.00,16.00,0.08
23:56:30.492 [TUNER] 789,1000,0.00,2000.00,16.00,0.08,0.00,2000.00,16.00,0.08
23:56:30.526 [TUNER] 790,1000,0.00,2000.00,16.00,0.08,0.00,2000.00,16.00,0.08
23:56:30.527 [TUNER] 791,1000,0.00,2000.00,16.00,0.08,0.00,2000.00,16.00,0.08
23:56:30.561 [TUNER] 792,1000,0.00,2000.00,16.00,0.08,0.00,2000.00,16.00,0.08
23:56:30.597 [TUNER] 793,1000,0.00,2000.00,16.00,0.08,0.00,2000.00,16.00,0.08
23:56:30.599 [TUNER] 794,1000,0.00,2000.00,16.00,0.08,0.00,2000.00,16.00,0.08
23:56:30.633 [TUNER] 795,1000,0.00,2000.00,16.00,0.08,0.00,2000.00,16.00,0.08
23:56:30.642 [TUNER] 796,1000,0.00,2000.00,16.00,0.08,0.00,2000.00,16.00,0.08
23:56:30.668 [TUNER] 797,1000,0.00,2000.00,16.00,0.08,0.00,2000.00,16.00,0.08
23:56:30.670 [TUNER] 798,1000,0.00,2000.00,16.00,0.08,0.00,2000.00,16.00,0.08
23:56:30.702 [TUNER] 799,1000,0.00,2000.00,16.00,0.08,0.00,2000.00,16.00,0.08
23:56:30.738 [TUNER] 800,1000,0.00,2000.00,16.00,0.08,0.00,2000.00,16.00,0.08
23:56:30.738 [TUNER] 801,1000,0.00,2000.00,16.00,0.08,0.00,2000.00,16.00,0.08
23:56:30.773 [TUNER] 802,1000,0.00,2000.00,16.00,0.08,0.00,2000.00,16.00,0.08
23:56:30.773 [TUNER] 803,1000,0.00,2000.00,16.00,0.08,0.00,2000.00,16.00,0.08
23:56:30.806 [TUNER] 804,1000,0.00,2000.00,16.00,0.08,0.00,2000.00,16.00,0.08
23:56:30.806 [TUNER] 805,1000,0.00,2000.00,16.00,0.08,0.00,2000.00,16.00,0.08
23:56:30.842 [TUNER] 806,1000,0.00,2000.00,16.00,0.08,0.00,2000.00,16.00,0.08
23:56:30.877 [TUNER] 807,1000,0.00,2000.00,16.00,0.08,0.00,2000.00,16.00,0.08
23:56:30.877 [TUNER] 808,1000,0.00,2000.00,16.00,0.08,0.00,2000.00,16.00,0.08
23:56:30.914 [TUNER] 809,1000,0.00,2000.00,16.00,0.08,0.00,2000.00,16.00,0.08
23:56:30.914 [TUNER] 810,1000,0.00,2000.00,16.00,0.08,0.00,2000.00,16.00,0.08
23:56:30.948 [TUNER] 811,1000,0.00,2000.00,16.00,0.08,0.00,2000.00,16.00,0.08
23:56:30.953 [TUNER] 812,1000,0.00,2000.00,16.00,0.08,0.00,2000.00,16.00,0.08
23:56:30.983 [TUNER] 813,1000,0.00,2000.00,16.00,0.08,0.00,2000.00,16.00,0.08
23:56:31.018 [TUNER] 814,1000,0.00,2000.00,16.00,0.08,0.00,2000.00,16.00,0.08
23:56:31.018 [TUNER] 815,1000,0.00,2000.00,16.00,0.08,0.00,2000.00,16.00,0.08
23:56:31.054 [TUNER] 816,1000,0.00,2000.00,16.00,0.08,0.00,2000.00,16.00,0.08
23:56:31.058 [TUNER] 817,1000,0.00,2000.00,16.00,0.08,0.00,2000.00,16.00,0.08
23:56:31.088 [TUNER] 818,1000,0.00,2000.00,16.00,0.08,0.00,2000.00,16.00,0.08
23:56:31.088 [TUNER] 819,1000,0.00,2000.00,16.00,0.08,0.00,2000.00,16.00,0.08
23:56:31.122 [TUNER] 820,1000,0.00,2000.00,16.00,0.08,0.00,2000.00,16.00,0.08
23:56:31.157 [TUNER] 821,1000,0.00,2000.00,16.00,0.08,0.00,2000.00,16.00,0.08
23:56:31.157 [TUNER] 822,1000,0.00,2000.00,16.00,0.08,0.00,2000.00,16.00,0.08
23:56:31.229 [TUNER] 823,1000,0.00,2000.00,16.00,0.08,0.00,2000.00,16.00,0.08
23:56:31.230 [TUNER] 824,1000,0.00,2000.00,16.00,0.08,0.00,2000.00,16.00,0.08
23:56:31.230 [TUNER] 825,1000,0.00,2000.00,16.00,0.08,0.00,2000.00,16.00,0.08
23:56:31.230 [TUNER] 826,1000,0.00,2000.00,16.00,0.08,0.00,2000.00,16.00,0.08
23:56:31.261 [TUNER] 827,1000,0.00,2000.00,16.00,0.08,0.00,2000.00,16.00,0.08
23:56:31.298 [TUNER] 828,1000,0.00,2000.00,16.00,0.08,0.00,2000.00,16.00,0.08
23:56:31.299 [TUNER] 829,1000,0.00,2000.00,16.00,0.08,0.00,2000.00,16.00,0.08
23:56:31.334 [TUNER] 830,1000,0.00,2000.00,16.00,0.08,0.00,2000.00,16.00,0.08
23:56:31.334 [TUNER] 831,1000,0.00,2000.00,16.00,0.08,0.00,2000.00,16.00,0.08
23:56:31.368 [TUNER] 832,1000,0.00,2000.00,16.00,0.08,0.00,2000.00,16.00,0.08
23:56:31.368 [TUNER] 833,1000,0.00,2000.00,16.00,0.08,0.00,2000.00,16.00,0.08
23:56:31.401 [TUNER] 834,1000,0.00,2000.00,16.00,0.08,0.00,2000.00,16.00,0.08
23:56:31.439 [TUNER] 835,1000,0.00,2000.00,16.00,0.08,0.00,2000.00,16.00,0.08
23:56:31.440 [TUNER] 836,1000,0.00,2000.00,16.00,0.08,0.00,2000.00,16.00,0.08
23:56:31.472 [TUNER] 837,1000,0.00,2000.00,16.00,0.08,0.00,2000.00,16.00,0.08
23:56:31.472 [TUNER] 838,1000,0.00,2000.00,16.00,0.08,0.00,2000.00,16.00,0.08
23:56:31.506 [TUNER] 839,1000,0.00,2000.00,16.00,0.08,0.00,2000.00,16.00,0.08
23:56:31.541 [TUNER] 840,1000,0.00,2000.00,16.00,0.08,0.00,2000.00,16.00,0.08
23:56:31.578 [TUNER] 841,1000,0.00,2000.00,16.00,0.08,0.00,2000.00,16.00,0.08
23:56:31.578 [TUNER] 842,1000,0.00,2000.00,16.00,0.08,0.00,2000.00,16.00,0.08
23:56:31.578 [TUNER] 843,1000,0.00,2000.00,16.00,0.08,0.00,2000.00,16.00,0.08
23:56:31.612 [TUNER] 844,1000,0.00,2000.00,16.00,0.08,0.00,2000.00,16.00,0.08
23:56:31.613 [TUNER] 845,1000,0.00,2000.00,16.00,0.08,0.00,2000.00,16.00,0.08
23:56:31.647 [TUNER] 846,1000,0.00,2000.00,16.00,0.08,0.00,2000.00,16.00,0.08
23:56:31.682 [TUNER] 847,1000,0.00,2000.00,16.00,0.08,0.00,2000.00,16.00,0.08
23:56:31.686 [TUNER] 848,1000,0.00,2000.00,16.00,0.08,0.00,2000.00,16.00,0.08
23:56:31.718 [TUNER] 849,1000,0.00,2000.00,16.00,0.08,0.00,2000.00,16.00,0.08
23:56:31.722 [TUNER] 850,1000,0.00,2000.00,16.00,0.08,0.00,2000.00,16.00,0.08
23:56:31.751 [TUNER] 851,1000,0.00,2000.00,16.00,0.08,0.00,2000.00,16.00,0.08
23:56:31.752 [TUNER] 852,1000,0.00,2000.00,16.00,0.08,0.00,2000.00,16.00,0.08
23:56:31.787 [TUNER] 853,1000,0.00,2000.00,16.00,0.08,0.00,2000.00,16.00,0.08
23:56:31.822 [TUNER] 854,1000,0.00,2000.00,16.00,0.08,0.00,2000.00,16.00,0.08
23:56:31.822 [TUNER] 855,1000,0.00,2000.00,16.00,0.08,0.00,2000.00,16.00,0.08
23:56:31.858 [TUNER] 856,1000,0.00,2000.00,16.00,0.08,0.00,2000.00,16.00,0.08
23:56:31.859 [TUNER] 857,1000,0.00,2000.00,16.00,0.08,0.00,2000.00,16.00,0.08
23:56:31.890 [TUNER] 858,1000,0.00,2000.00,16.00,0.08,0.00,2000.00,16.00,0.08
23:56:31.891 [TUNER] 859,1000,0.00,2000.00,16.00,0.08,0.00,2000.00,16.00,0.08
23:56:31.926 [TUNER] 860,1000,0.00,2000.00,16.00,0.08,0.00,2000.00,16.00,0.08
23:56:31.962 [TUNER] 861,1000,0.00,2000.00,16.00,0.08,0.00,2000.00,16.00,0.08
23:56:31.963 [TUNER] 862,1000,0.00,2000.00,16.00,0.08,0.00,2000.00,16.00,0.08
23:56:31.998 [TUNER] 863,1000,0.00,2000.00,16.00,0.08,0.00,2000.00,16.00,0.08
23:56:31.998 [TUNER] 864,1000,0.00,2000.00,16.00,0.08,0.00,2000.00,16.00,0.08
23:56:32.031 [TUNER] 865,1000,0.00,2000.00,16.00,0.08,0.00,2000.00,16.00,0.08
23:56:32.035 [TUNER] 866,1000,0.00,2000.00,16.00,0.08,0.00,2000.00,16.00,0.08
23:56:32.066 [TUNER] 867,1000,0.00,2000.00,16.00,0.08,0.00,2000.00,16.00,0.08
23:56:32.101 [TUNER] 868,1000,0.00,2000.00,16.00,0.08,0.00,2000.00,16.00,0.08
23:56:32.102 [TUNER] 869,1000,0.00,2000.00,16.00,0.08,0.00,2000.00,16.00,0.08
23:56:32.136 [TUNER] 870,1000,0.00,2000.00,16.00,0.08,0.00,2000.00,16.00,0.08
23:56:32.136 [TUNER] 871,1000,0.00,2000.00,16.00,0.08,0.00,2000.00,16.00,0.08
23:56:32.173 [TUNER] 872,1000,0.00,2000.00,16.00,0.08,0.00,2000.00,16.00,0.08
23:56:32.174 [TUNER] 873,1000,0.00,2000.00,16.00,0.08,0.00,2000.00,16.00,0.08
23:56:32.205 [TUNER] 874,1000,0.00,2000.00,16.00,0.08,0.00,2000.00,16.00,0.08
23:56:32.242 [TUNER] 875,1000,0.00,2000.00,16.00,0.08,0.00,2000.00,16.00,0.08
23:56:32.243 [TUNER] 876,1000,0.00,2000.00,16.00,0.08,0.00,2000.00,16.00,0.08
23:56:32.276 [TUNER] 877,1000,0.00,2000.00,16.00,0.08,0.00,2000.00,16.00,0.08
23:56:32.277 [TUNER] 878,1000,0.00,2000.00,16.00,0.08,0.00,2000.00,16.00,0.08
23:56:32.313 [TUNER] 879,1000,0.00,2000.00,16.00,0.08,0.00,2000.00,16.00,0.08
23:56:32.313 [TUNER] 880,1000,0.00,2000.00,16.00,0.08,0.00,2000.00,16.00,0.08
23:56:32.347 [TUNER] 881,1000,0.00,2000.00,16.00,0.08,0.00,2000.00,16.00,0.08
23:56:32.384 [TUNER] 882,1000,0.00,2000.00,16.00,0.08,0.00,2000.00,16.00,0.08
23:56:32.385 [TUNER] 883,1000,0.00,2000.00,16.00,0.08,0.00,2000.00,16.00,0.08
23:56:32.418 [TUNER] 884,1000,0.00,2000.00,16.00,0.08,0.00,2000.00,16.00,0.08
23:56:32.418 [TUNER] 885,1000,0.00,2000.00,16.00,0.08,0.00,2000.00,16.00,0.08
23:56:32.454 [TUNER] 886,1000,0.00,2000.00,16.00,0.08,0.00,2000.00,16.00,0.08
23:56:32.455 [TUNER] 887,1000,0.00,2000.00,16.00,0.08,0.00,2000.00,16.00,0.08
23:56:32.487 [TUNER] 888,1000,0.00,2000.00,16.00,0.08,0.00,2000.00,16.00,0.08
23:56:32.521 [TUNER] 889,1000,0.00,2000.00,16.00,0.08,0.00,2000.00,16.00,0.08
23:56:32.558 [TUNER] 890,1000,0.00,2000.00,16.00,0.08,0.00,2000.00,16.00,0.08
23:56:32.559 [TUNER] 891,1000,0.00,2000.00,16.00,0.08,0.00,2000.00,16.00,0.08
23:56:32.559 [TUNER] 892,1000,0.00,2000.00,16.00,0.08,0.00,2000.00,16.00,0.08
23:56:32.597 [TUNER] 893,1000,0.00,2000.00,16.00,0.08,0.00,2000.00,16.00,0.08
23:56:32.601 [TUNER] 894,1000,0.00,2000.00,16.00,0.08,0.00,2000.00,16.00,0.08
23:56:32.663 [TUNER] 895,1000,0.00,2000.00,16.00,0.08,0.00,2000.00,16.00,0.08
23:56:32.663 [TUNER] 896,1000,0.00,2000.00,16.00,0.08,0.00,2000.00,16.00,0.08
23:56:32.665 [TUNER] 897,1000,0.00,2000.00,16.00,0.08,0.00,2000.00,16.00,0.08
23:56:32.698 [TUNER] 898,1000,0.00,2000.00,16.00,0.08,0.00,2000.00,16.00,0.08
23:56:32.699 [TUNER] 899,1000,0.00,2000.00,16.00,0.08,0.00,2000.00,16.00,0.08
23:56:32.732 [TUNER] 900,1000,0.00,2000.00,16.00,0.08,0.00,2000.00,16.00,0.08
23:56:32.733 [TUNER] 901,1000,0.00,2000.00,16.00,0.08,0.00,2000.00,16.00,0.08
23:56:32.768 [TUNER] 902,1000,0.00,2000.00,16.00,0.08,0.00,2000.00,16.00,0.08
23:56:32.802 [TUNER] 903,1000,0.00,2000.00,16.00,0.08,0.00,2000.00,16.00,0.08
23:56:32.803 [TUNER] 904,1000,0.00,2000.00,16.00,0.08,0.00,2000.00,16.00,0.08
23:56:32.837 [TUNER] 905,1000,0.00,2000.00,16.00,0.08,0.00,2000.00,16.00,0.08
23:56:32.838 [TUNER] 906,1000,0.00,2000.00,16.00,0.08,0.00,2000.00,16.00,0.08
23:56:32.872 [TUNER] 907,1000,0.00,2000.00,16.00,0.08,0.00,2000.00,16.00,0.08
23:56:32.873 [TUNER] 908,1000,0.00,2000.00,16.00,0.08,0.00,2000.00,16.00,0.08
23:56:32.906 [TUNER] 909,1000,0.00,2000.00,16.00,0.08,0.00,2000.00,16.00,0.08
23:56:32.943 [TUNER] 910,1000,0.00,2000.00,16.00,0.08,0.00,2000.00,16.00,0.08
23:56:32.944 [TUNER] 911,1000,0.00,2000.00,16.00,0.08,0.00,2000.00,16.00,0.08
23:56:32.976 [TUNER] 912,1000,0.00,2000.00,16.00,0.08,0.00,2000.00,16.00,0.08
23:56:32.977 [TUNER] 913,1000,0.00,2000.00,16.00,0.08,0.00,2000.00,16.00,0.08
23:56:33.049 [TUNER] 914,1000,0.00,2000.00,16.00,0.08,0.00,2000.00,16.00,0.08
23:56:33.049 [TUNER] 915,1000,0.00,2000.00,16.00,0.08,0.00,2000.00,16.00,0.08
23:56:33.049 [TUNER] 916,1000,0.00,2000.00,16.00,0.08,0.00,2000.00,16.00,0.08
23:56:33.082 [TUNER] 917,1000,0.00,2000.00,16.00,0.08,0.00,2000.00,16.00,0.08
23:56:33.084 [TUNER] 918,1000,0.00,2000.00,16.00,0.08,0.00,2000.00,16.00,0.08
23:56:33.119 [TUNER] 919,1000,0.00,2000.00,16.00,0.08,0.00,2000.00,16.00,0.08
23:56:33.120 [TUNER] 920,1000,0.00,2000.00,16.00,0.08,0.00,2000.00,16.00,0.08
23:56:33.152 [TUNER] 921,1000,0.00,2000.00,16.00,0.08,0.00,2000.00,16.00,0.08
23:56:33.154 [TUNER] 922,1000,0.00,2000.00,16.00,0.08,0.00,2000.00,16.00,0.08
23:56:33.186 [TUNER] 923,1000,0.00,2000.00,16.00,0.08,0.00,2000.00,16.00,0.08
23:56:33.222 [TUNER] 924,1000,0.00,2000.00,16.00,0.08,0.00,2000.00,16.00,0.08
23:56:33.222 [TUNER] 925,1000,0.00,2000.00,16.00,0.08,0.00,2000.00,16.00,0.08
23:56:33.257 [TUNER] 926,1000,0.00,2000.00,16.00,0.08,0.00,2000.00,16.00,0.08
23:56:33.257 [TUNER] 927,1000,0.00,2000.00,16.00,0.08,0.00,2000.00,16.00,0.08
23:56:33.293 [TUNER] 928,1000,0.00,2000.00,16.00,0.08,0.00,2000.00,16.00,0.08
23:56:33.328 [TUNER] 929,1000,0.00,2000.00,16.00,0.08,0.00,2000.00,16.00,0.08
23:56:33.328 [TUNER] 930,1000,0.00,2000.00,16.00,0.08,0.00,2000.00,16.00,0.08
23:56:33.362 [TUNER] 931,1000,0.00,2000.00,16.00,0.08,0.00,2000.00,16.00,0.08
23:56:33.364 [TUNER] 932,1000,0.00,2000.00,16.00,0.08,0.00,2000.00,16.00,0.08
23:56:33.397 [TUNER] 933,1000,0.00,2000.00,16.00,0.08,0.00,2000.00,16.00,0.08
23:56:33.400 [TUNER] 934,1000,0.00,2000.00,16.00,0.08,0.00,2000.00,16.00,0.08
23:56:33.432 [TUNER] 935,1000,0.00,2000.00,16.00,0.08,0.00,2000.00,16.00,0.08
23:56:33.468 [TUNER] 936,1000,0.00,2000.00,16.00,0.08,0.00,2000.00,16.00,0.08
23:56:33.469 [TUNER] 937,1000,0.00,2000.00,16.00,0.08,0.00,2000.00,16.00,0.08
23:56:33.506 [TUNER] 938,1000,0.00,2000.00,16.00,0.08,0.00,2000.00,16.00,0.08
23:56:33.508 [TUNER] 939,1000,0.00,2000.00,16.00,0.08,0.00,2000.00,16.00,0.08
23:56:33.535 [TUNER] 940,1000,0.00,2000.00,16.00,0.08,0.00,2000.00,16.00,0.08
23:56:33.536 [TUNER] 941,1000,0.00,2000.00,16.00,0.08,0.00,2000.00,16.00,0.08
23:56:33.574 [TUNER] 942,1000,0.00,2000.00,16.00,0.08,0.00,2000.00,16.00,0.08
23:56:33.607 [TUNER] 943,1000,0.00,2000.00,16.00,0.08,0.00,2000.00,16.00,0.08
23:56:33.607 [TUNER] 944,1000,0.00,2000.00,16.00,0.08,0.00,2000.00,16.00,0.08
23:56:33.678 [TUNER] 945,1000,0.00,2000.00,16.00,0.08,0.00,2000.00,16.00,0.08
23:56:33.678 [TUNER] 946,1000,0.00,2000.00,16.00,0.08,0.00,2000.00,16.00,0.08
23:56:33.679 [TUNER] 947,1000,0.00,2000.00,16.00,0.08,0.00,2000.00,16.00,0.08
23:56:33.679 [TUNER] 948,1000,0.00,2000.00,16.00,0.08,0.00,2000.00,16.00,0.08
23:56:33.715 [TUNER] 949,1000,0.00,2000.00,16.00,0.08,0.00,2000.00,16.00,0.08
23:56:33.748 [TUNER] 950,1000,0.00,2000.00,16.00,0.08,0.00,2000.00,16.00,0.08
23:56:33.751 [TUNER] 951,1000,0.00,2000.00,16.00,0.08,0.00,2000.00,16.00,0.08
23:56:33.785 [TUNER] 952,1000,0.00,2000.00,16.00,0.08,0.00,2000.00,16.00,0.08
23:56:33.787 [TUNER] 953,1000,0.00,2000.00,16.00,0.08,0.00,2000.00,16.00,0.08
23:56:33.816 [TUNER] 954,1000,0.00,2000.00,16.00,0.08,0.00,2000.00,16.00,0.08
23:56:33.818 [TUNER] 955,1000,0.00,2000.00,16.00,0.08,0.00,2000.00,16.00,0.08
23:56:33.853 [TUNER] 956,1000,0.00,2000.00,16.00,0.08,0.00,2000.00,16.00,0.08
23:56:33.886 [TUNER] 957,1000,0.00,2000.00,16.00,0.08,0.00,2000.00,16.00,0.08
23:56:33.886 [TUNER] 958,1000,0.00,2000.00,16.00,0.08,0.00,2000.00,16.00,0.08
23:56:33.922 [TUNER] 959,1000,0.00,2000.00,16.00,0.08,0.00,2000.00,16.00,0.08
23:56:33.922 [TUNER] 960,1000,0.00,2000.00,16.00,0.08,0.00,2000.00,16.00,0.08
23:56:33.994 [TUNER] 961,1000,0.00,2000.00,16.00,0.08,0.00,2000.00,16.00,0.08
23:56:33.994 [TUNER] 962,1000,0.00,2000.00,16.00,0.08,0.00,2000.00,16.00,0.08
23:56:33.994 [TUNER] 963,1000,0.00,2000.00,16.00,0.08,0.00,2000.00,16.00,0.08
23:56:33.994 [TUNER] 964,1000,0.00,2000.00,16.00,0.08,0.00,2000.00,16.00,0.08
23:56:34.028 [TUNER] 965,1000,0.00,2000.00,16.00,0.08,0.00,2000.00,16.00,0.08
23:56:34.062 [TUNER] 966,1000,0.00,2000.00,16.00,0.08,0.00,2000.00,16.00,0.08
23:56:34.064 [TUNER] 967,1000,0.00,2000.00,16.00,0.08,0.00,2000.00,16.00,0.08
23:56:34.098 [TUNER] 968,1000,0.00,2000.00,16.00,0.08,0.00,2000.00,16.00,0.08
23:56:34.099 [TUNER] 969,1000,0.00,2000.00,16.00,0.08,0.00,2000.00,16.00,0.08
23:56:34.132 [TUNER] 970,1000,0.00,2000.00,16.00,0.08,0.00,2000.00,16.00,0.08
23:56:34.169 [TUNER] 971,1000,0.00,2000.00,16.00,0.08,0.00,2000.00,16.00,0.08
23:56:34.170 [TUNER] 972,1000,0.00,2000.00,16.00,0.08,0.00,2000.00,16.00,0.08
23:56:34.241 [TUNER] 973,1000,0.00,2000.00,16.00,0.08,0.00,2000.00,16.00,0.08
23:56:34.242 [TUNER] 974,1000,0.00,2000.00,16.00,0.08,0.00,2000.00,16.00,0.08
23:56:34.242 [TUNER] 975,1000,0.00,2000.00,16.00,0.08,0.00,2000.00,16.00,0.08
23:56:34.242 [TUNER] 976,1000,0.00,2000.00,16.00,0.08,0.00,2000.00,16.00,0.08
23:56:34.275 [TUNER] 977,1000,0.00,2000.00,16.00,0.08,0.00,2000.00,16.00,0.08
23:56:34.306 [TUNER] 978,1000,0.00,2000.00,16.00,0.08,0.00,2000.00,16.00,0.08
23:56:34.306 [TUNER] 979,1000,0.00,2000.00,16.00,0.08,0.00,2000.00,16.00,0.08
23:56:34.342 [TUNER] 980,1000,0.00,2000.00,16.00,0.08,0.00,2000.00,16.00,0.08
23:56:34.342 [TUNER] 981,1000,0.00,2000.00,16.00,0.08,0.00,2000.00,16.00,0.08
23:56:34.415 [TUNER] 982,1000,0.00,2000.00,16.00,0.08,0.00,2000.00,16.00,0.08
23:56:34.416 [TUNER] 983,1000,0.00,2000.00,16.00,0.08,0.00,2000.00,16.00,0.08
23:56:34.417 [TUNER] 984,1000,0.00,2000.00,16.00,0.08,0.00,2000.00,16.00,0.08
23:56:34.446 [TUNER] 985,1000,0.00,2000.00,16.00,0.08,0.00,2000.00,16.00,0.08
23:56:34.447 [TUNER] 986,1000,0.00,2000.00,16.00,0.08,0.00,2000.00,16.00,0.08
23:56:34.483 [TUNER] 987,1000,0.00,2000.00,16.00,0.08,0.00,2000.00,16.00,0.08
23:56:34.486 [TUNER] 988,1000,0.00,2000.00,16.00,0.08,0.00,2000.00,16.00,0.08
23:56:34.519 [TUNER] 989,1000,0.00,2000.00,16.00,0.08,0.00,2000.00,16.00,0.08
23:56:34.520 [TUNER] 990,1000,0.00,2000.00,16.00,0.08,0.00,2000.00,16.00,0.08
23:56:34.553 [TUNER] 991,1000,0.00,2000.00,16.00,0.08,0.00,2000.00,16.00,0.08
23:56:34.587 [TUNER] 992,1000,0.00,2000.00,16.00,0.08,0.00,2000.00,16.00,0.08
23:56:34.588 [TUNER] 993,1000,0.00,2000.00,16.00,0.08,0.00,2000.00,16.00,0.08
23:56:34.622 [TUNER] 994,1000,0.00,2000.00,16.00,0.08,0.00,2000.00,16.00,0.08
23:56:34.623 [TUNER] 995,1000,0.00,2000.00,16.00,0.08,0.00,2000.00,16.00,0.08
23:56:34.656 [TUNER] 996,1000,0.00,2000.00,16.00,0.08,0.00,2000.00,16.00,0.08
23:56:34.734 [TUNER] 997,1000,0.00,2000.00,16.00,0.08,0.00,2000.00,16.00,0.08
23:56:34.735 [TUNER] 998,1000,0.00,2000.00,16.00,0.08,0.00,2000.00,16.00,0.08
23:56:34.735 [TUNER] 999,1000,0.00,2000.00,16.00,0.08,0.00,2000.00,16.00,0.08
23:56:34.737 [TUNER] 1000,1000,0.00,1999.90,16.00,0.08,0.00,1999.90,16.00,0.08
23:56:34.761 [TUNER] 1001,1000,0.00,1999.70,16.00,0.08,0.00,1999.70,16.00,0.08
23:56:34.761 [TUNER] 1002,1000,0.00,1999.40,16.00,0.08,0.00,1999.40,16.00,0.08
23:56:34.800 [TUNER] 1003,1000,0.00,1999.00,16.00,0.08,0.00,1999.00,16.00,0.08
23:56:34.833 [TUNER] 1004,1000,0.00,1998.50,16.00,0.08,0.00,1998.50,16.00,0.08
23:56:34.834 [TUNER] 1005,1000,0.00,1997.90,16.00,0.08,0.00,1997.90,16.00,0.08
23:56:34.867 [TUNER] 1006,1000,0.00,1997.20,16.00,0.08,0.00,1997.20,16.00,0.08
23:56:34.868 [TUNER] 1007,1000,0.00,1996.40,16.00,0.08,0.00,1996.40,16.00,0.08
23:56:34.900 [TUNER] 1008,1000,0.00,1995.50,16.00,0.08,0.00,1995.50,16.00,0.08
23:56:34.902 [TUNER] 1009,1000,0.00,1994.50,16.00,0.08,0.00,1994.50,16.00,0.08
23:56:34.936 [TUNER] 1010,1000,0.00,1993.40,16.00,0.08,0.00,1993.40,16.00,0.08
23:56:34.972 [TUNER] 1011,1000,0.00,1992.20,16.00,0.08,0.00,1992.20,16.00,0.08
23:56:34.972 [TUNER] 1012,1000,0.00,1990.90,16.00,0.08,0.00,1990.90,16.00,0.08
23:56:35.007 [TUNER] 1013,1000,0.00,1989.50,16.00,0.08,0.00,1989.50,16.00,0.08
23:56:35.007 [TUNER] 1014,1000,0.00,1988.00,16.00,0.08,0.00,1988.00,16.00,0.08
23:56:35.042 [TUNER] 1015,1000,0.00,1986.40,16.00,0.08,0.00,1986.40,16.00,0.08
23:56:35.042 [TUNER] 1016,1000,0.00,1984.70,16.00,0.08,0.00,1984.70,16.00,0.08
23:56:35.078 [TUNER] 1017,1000,0.00,1982.90,16.00,0.08,0.00,1982.90,16.00,0.08
23:56:35.113 [TUNER] 1018,1000,0.00,1981.00,16.00,0.08,0.00,1981.00,16.00,0.08
23:56:35.113 [TUNER] 1019,1000,0.00,1979.00,16.00,0.08,0.00,1979.00,16.00,0.08
23:56:35.151 [TUNER] 1020,1000,0.00,1976.90,16.00,0.08,0.00,1976.90,16.00,0.08
23:56:35.153 [TUNER] 1021,1000,0.00,1974.70,16.00,0.08,0.00,1974.70,16.00,0.08
23:56:35.183 [TUNER] 1022,1000,0.00,1972.40,16.00,0.08,0.00,1972.40,16.00,0.08
23:56:35.186 [TUNER] 1023,1000,0.00,1970.00,16.00,0.08,0.00,1970.00,16.00,0.08
23:56:35.217 [TUNER] 1024,1000,0.00,1967.50,16.00,0.08,0.00,1967.50,16.00,0.08
23:56:35.251 [TUNER] 1025,1000,0.00,1964.90,16.00,0.08,0.00,1964.90,16.00,0.08
23:56:35.324 [TUNER] 1026,1000,0.00,1962.20,16.00,0.08,0.00,1962.20,16.00,0.08
23:56:35.324 [TUNER] 1027,1000,0.00,1959.40,16.00,0.08,0.00,1959.40,16.00,0.08
23:56:35.325 [TUNER] 1028,1000,0.00,1956.50,16.00,0.08,0.00,1956.50,16.00,0.08
23:56:35.325 [TUNER] 1029,1000,0.00,1953.50,16.00,0.08,0.00,1953.50,16.00,0.08
23:56:35.327 [TUNER] 1030,1000,0.00,1950.40,16.00,0.08,0.00,1950.40,16.00,0.08
23:56:35.356 [TUNER] 1031,1000,0.00,1947.20,16.00,0.08,0.00,1947.20,16.00,0.08
23:56:35.396 [TUNER] 1032,1000,0.00,1943.90,16.00,0.08,0.00,1943.90,16.00,0.08
23:56:35.397 [TUNER] 1033,1000,0.00,1940.50,16.00,0.08,0.00,1940.50,16.00,0.08
23:56:35.430 [TUNER] 1034,1000,0.00,1937.00,16.00,0.08,0.00,1937.00,16.00,0.08
23:56:35.430 [TUNER] 1035,1000,0.00,1933.40,16.00,0.08,0.00,1933.40,16.00,0.08
23:56:35.463 [TUNER] 1036,1000,0.00,1929.70,16.00,0.08,0.00,1929.70,16.00,0.08
23:56:35.463 [TUNER] 1037,1000,0.00,1925.90,16.00,0.08,0.00,1925.90,16.00,0.08
23:56:35.501 [TUNER] 1038,1000,0.00,1922.00,16.00,0.08,0.00,1922.00,16.00,0.08
23:56:35.533 [TUNER] 1039,1000,0.00,1918.00,16.00,0.08,0.00,1918.00,16.00,0.08
23:56:35.533 [TUNER] 1040,1000,0.00,1913.90,16.00,0.08,0.00,1913.90,16.00,0.08
23:56:35.567 [TUNER] 1041,1000,0.00,1909.70,16.00,0.08,0.00,1909.70,16.00,0.08
23:56:35.570 [TUNER] 1042,1000,0.00,1905.40,16.00,0.08,0.00,1905.40,16.00,0.08
23:56:35.606 [TUNER] 1043,1000,0.00,1901.00,16.00,0.08,0.00,1901.00,16.00,0.08
23:56:35.608 [TUNER] 1044,1000,0.00,1896.50,16.00,0.08,0.00,1896.50,16.00,0.08
23:56:35.636 [TUNER] 1045,1000,0.00,1891.90,16.00,0.08,0.00,1891.90,16.00,0.08
23:56:35.672 [TUNER] 1046,1000,0.00,1887.20,16.00,0.08,0.00,1887.20,16.00,0.08
23:56:35.673 [TUNER] 1047,1000,0.00,1882.40,16.00,0.08,0.00,1882.40,16.00,0.08
23:56:35.743 [TUNER] 1048,1000,0.00,1877.50,16.00,0.08,0.00,1877.50,16.00,0.08
23:56:35.743 [TUNER] 1049,1000,0.00,1872.50,16.00,0.08,0.00,1872.50,16.00,0.08
23:56:35.745 [TUNER] 1050,1000,0.00,1867.40,16.00,0.08,0.00,1867.40,16.00,0.08
23:56:35.745 [TUNER] 1051,1000,0.00,1862.20,16.00,0.08,0.00,1862.20,16.00,0.08
23:56:35.814 [TUNER] 1052,1000,0.00,1856.90,16.00,0.08,0.00,1856.90,16.00,0.08
23:56:35.814 [TUNER] 1053,1000,0.00,1851.50,16.00,0.08,0.00,1851.50,16.00,0.08
23:56:35.815 [TUNER] 1054,1000,0.00,1846.00,16.00,0.08,0.00,1846.00,16.00,0.08
23:56:35.885 [TUNER] 1055,1000,0.00,1840.40,16.00,0.08,0.00,1840.40,16.00,0.08
23:56:35.887 [TUNER] 1056,1000,0.00,1834.70,16.00,0.08,0.00,1834.70,16.00,0.08
23:56:35.889 [TUNER] 1057,1000,0.00,1828.90,16.00,0.08,0.00,1828.90,16.00,0.08
23:56:35.889 [TUNER] 1058,1000,0.00,1823.00,16.00,0.08,0.00,1823.00,16.00,0.08
23:56:35.916 [TUNER] 1059,1000,0.00,1817.00,16.00,0.08,0.00,1817.00,16.00,0.08
23:56:35.952 [TUNER] 1060,1000,0.00,1810.90,16.00,0.08,0.00,1810.90,16.00,0.08
23:56:35.952 [TUNER] 1061,1000,0.00,1804.70,16.00,0.08,0.00,1804.70,16.00,0.08
23:56:35.988 [TUNER] 1062,1000,0.00,1798.40,16.00,0.08,0.00,1798.40,16.00,0.08
23:56:35.988 [TUNER] 1063,1000,0.00,1792.00,16.00,0.08,0.00,1792.00,16.00,0.08
23:56:36.022 [TUNER] 1064,1000,0.00,1785.50,16.00,0.08,0.00,1785.50,16.00,0.08
23:56:36.022 [TUNER] 1065,1000,0.00,1778.90,16.00,0.08,0.00,1778.90,16.00,0.08
23:56:36.056 [TUNER] 1066,1000,0.00,1772.20,16.00,0.08,0.00,1772.20,16.00,0.08
23:56:36.094 [TUNER] 1067,1000,0.00,1765.40,16.00,0.08,0.00,1765.40,16.00,0.08
23:56:36.095 [TUNER] 1068,1000,0.00,1758.50,16.00,0.08,0.00,1758.50,16.00,0.08
23:56:36.127 [TUNER] 1069,1000,0.00,1751.50,16.00,0.08,0.00,1751.50,16.00,0.08
23:56:36.127 [TUNER] 1070,1000,0.00,1744.40,16.00,0.08,0.00,1744.40,16.00,0.08
23:56:36.161 [TUNER] 1071,1000,0.00,1737.20,16.00,0.08,0.00,1737.20,16.00,0.08
23:56:36.162 [TUNER] 1072,1000,0.00,1729.90,16.00,0.08,0.00,1729.90,16.00,0.08
23:56:36.197 [TUNER] 1073,1000,0.00,1722.50,16.00,0.08,0.00,1722.50,16.00,0.08
23:56:36.233 [TUNER] 1074,1000,0.00,1715.00,16.00,0.08,0.00,1715.00,16.00,0.08
23:56:36.233 [TUNER] 1075,1000,0.00,1707.40,16.00,0.08,0.00,1707.40,16.00,0.08
23:56:36.268 [TUNER] 1076,1000,0.00,1699.70,16.00,0.08,0.00,1699.70,16.00,0.08
23:56:36.272 [TUNER] 1077,1000,0.00,1691.90,16.00,0.08,0.00,1691.90,16.00,0.08
23:56:36.303 [TUNER] 1078,1000,0.00,1684.00,16.00,0.08,0.00,1684.00,16.00,0.08
23:56:36.304 [TUNER] 1079,1000,0.00,1676.00,16.00,0.08,0.00,1676.00,16.00,0.08
23:56:36.336 [TUNER] 1080,1000,0.00,1667.90,16.00,0.08,0.00,1667.90,16.00,0.08
23:56:36.373 [TUNER] 1081,1000,0.00,1659.70,16.00,0.08,0.00,1659.70,16.00,0.08
23:56:36.373 [TUNER] 1082,1000,0.00,1651.40,16.00,0.08,0.00,1651.40,16.00,0.08
23:56:36.410 [TUNER] 1083,1000,0.00,1643.00,16.00,0.08,0.00,1643.00,16.00,0.08
23:56:36.410 [TUNER] 1084,1000,0.00,1634.50,16.00,0.08,0.00,1634.50,16.00,0.08
23:56:36.441 [TUNER] 1085,1000,0.00,1625.90,16.00,0.08,0.00,1625.90,16.00,0.08
23:56:36.478 [TUNER] 1086,1000,0.00,1617.20,16.00,0.08,0.00,1617.20,16.00,0.08
23:56:36.479 [TUNER] 1087,1000,0.00,1608.40,16.00,0.08,0.00,1608.40,16.00,0.08
23:56:36.515 [TUNER] 1088,1000,0.00,1599.50,16.00,0.08,0.00,1599.50,16.00,0.08
23:56:36.515 [TUNER] 1089,1000,0.00,1590.50,16.00,0.08,0.00,1590.50,16.00,0.08
23:56:36.549 [TUNER] 1090,1000,0.00,1581.40,16.00,0.08,0.00,1581.40,16.00,0.08
23:56:36.550 [TUNER] 1091,1000,0.00,1572.20,16.00,0.08,0.00,1572.20,16.00,0.08
23:56:36.581 [TUNER] 1092,1000,0.00,1562.90,16.00,0.08,0.00,1562.90,16.00,0.08
23:56:36.617 [TUNER] 1093,1000,0.00,1553.50,16.00,0.08,0.00,1553.50,16.00,0.08
23:56:36.618 [TUNER] 1094,1000,0.00,1544.00,16.00,0.08,0.00,1544.00,16.00,0.08
23:56:36.651 [TUNER] 1095,1000,0.00,1534.40,16.00,0.08,0.00,1534.40,16.00,0.08
23:56:36.652 [TUNER] 1096,1000,0.00,1524.70,16.00,0.08,0.00,1524.70,16.00,0.08
23:56:36.689 [TUNER] 1097,1000,0.00,1514.90,16.00,0.08,0.00,1514.90,16.00,0.08
23:56:36.691 [TUNER] 1098,1000,0.00,1505.00,16.00,0.08,0.00,1505.00,16.00,0.08
23:56:36.722 [TUNER] 1099,1000,0.00,1495.00,16.00,0.08,0.00,1495.00,16.00,0.08
23:56:36.757 [TUNER] 1100,1000,0.00,1484.90,16.00,0.08,0.00,1484.90,16.00,0.08
23:56:36.758 [TUNER] 1101,1000,0.00,1474.70,16.00,0.08,0.00,1474.70,16.00,0.08
23:56:36.792 [TUNER] 1102,1000,0.00,1464.40,16.00,0.08,0.00,1464.40,16.00,0.08
23:56:36.793 [TUNER] 1103,1000,0.00,1454.00,16.00,0.08,0.00,1454.00,16.00,0.08
23:56:36.863 [TUNER] 1104,1000,0.00,1443.50,16.00,0.08,0.00,1443.50,16.00,0.08
23:56:36.864 [TUNER] 1105,1000,0.00,1432.90,16.00,0.08,0.00,1432.90,16.00,0.08
23:56:36.864 [TUNER] 1106,1000,0.00,1422.20,16.00,0.08,0.00,1422.20,16.00,0.08
23:56:36.865 [TUNER] 1107,1000,0.00,1411.40,16.00,0.08,0.00,1411.40,16.00,0.08
23:56:36.895 [TUNER] 1108,1000,0.00,1400.50,16.00,0.08,0.00,1400.50,16.00,0.08
23:56:36.932 [TUNER] 1109,1000,0.00,1389.50,16.00,0.08,0.00,1389.50,16.00,0.08
23:56:36.934 [TUNER] 1110,1000,0.00,1378.40,16.00,0.08,0.00,1378.40,16.00,0.08
23:56:36.968 [TUNER] 1111,1000,0.00,1367.20,16.00,0.08,0.00,1367.20,16.00,0.08
23:56:36.969 [TUNER] 1112,1000,0.00,1355.90,16.00,0.08,0.00,1355.90,16.00,0.08
23:56:37.003 [TUNER] 1113,1000,0.00,1344.50,16.00,0.08,0.00,1344.50,16.00,0.08
23:56:37.037 [TUNER] 1114,1000,0.00,1333.00,16.00,0.08,0.00,1333.00,16.00,0.08
23:56:37.038 [TUNER] 1115,1000,0.00,1321.40,16.00,0.08,0.00,1321.40,16.00,0.08
23:56:37.072 [TUNER] 1116,1000,0.00,1309.70,16.00,0.08,0.00,1309.70,16.00,0.08
23:56:37.072 [TUNER] 1117,1000,0.00,1297.90,16.00,0.08,0.00,1297.90,16.00,0.08
23:56:37.107 [TUNER] 1118,1000,0.00,1286.00,16.00,0.08,0.00,1286.00,16.00,0.08
23:56:37.107 [TUNER] 1119,1000,0.00,1274.00,16.00,0.08,0.00,1274.00,16.00,0.08
23:56:37.141 [TUNER] 1120,1000,0.00,1262.00,16.00,0.08,0.00,1262.00,16.00,0.08
23:56:37.177 [TUNER] 1121,1000,0.00,1250.00,16.00,0.08,0.00,1250.00,16.00,0.08
23:56:37.177 [TUNER] 1122,1000,0.00,1238.00,16.00,0.08,0.00,1238.00,16.00,0.08
23:56:37.213 [TUNER] 1123,1000,0.00,1226.00,16.00,0.08,0.00,1226.00,16.00,0.08
23:56:37.214 [TUNER] 1124,1000,0.00,1214.00,16.00,0.08,0.00,1214.00,16.00,0.08
23:56:37.247 [TUNER] 1125,1000,0.00,1202.00,16.00,0.08,0.00,1202.00,16.00,0.08
23:56:37.283 [TUNER] 1126,1000,0.00,1190.00,16.00,0.08,0.00,1190.00,16.00,0.08
23:56:37.284 [TUNER] 1127,1000,0.00,1178.00,16.00,0.08,0.00,1178.00,16.00,0.08
23:56:37.320 [TUNER] 1128,1000,0.00,1166.00,16.00,0.08,0.00,1166.00,16.00,0.08
23:56:37.323 [TUNER] 1129,1000,0.00,1154.00,16.00,0.08,0.00,1154.00,16.00,0.08
23:56:37.354 [TUNER] 1130,1000,0.00,1142.00,16.00,0.08,0.00,1142.00,16.00,0.08
23:56:37.354 [TUNER] 1131,1000,0.00,1130.00,16.00,0.08,0.00,1130.00,16.00,0.08
23:56:37.387 [TUNER] 1132,1000,0.00,1118.00,16.00,0.08,0.00,1118.00,16.00,0.08
23:56:37.387 [TUNER] 1133,1000,0.00,1106.00,16.00,0.08,0.00,1106.00,16.00,0.08
23:56:37.422 [TUNER] 1134,1000,0.00,1094.00,16.00,0.08,0.00,1094.00,16.00,0.08
23:56:37.458 [TUNER] 1135,1000,0.00,1082.00,16.00,0.08,0.00,1082.00,16.00,0.08
23:56:37.459 [TUNER] 1136,1000,0.00,1070.00,16.00,0.08,0.00,1070.00,16.00,0.08
23:56:37.492 [TUNER] 1137,1000,0.00,1058.00,16.00,0.08,0.00,1058.00,16.00,0.08
23:56:37.492 [TUNER] 1138,1000,0.00,1046.00,16.00,0.08,0.00,1046.00,16.00,0.08
23:56:37.529 [TUNER] 1139,1000,0.00,1034.00,16.00,0.08,0.00,1034.00,16.00,0.08
23:56:37.530 [TUNER] 1140,1000,0.00,1022.00,16.00,0.08,0.00,1022.00,16.00,0.08
23:56:37.560 [TUNER] 1141,1000,0.00,1010.00,16.00,0.08,0.00,1010.00,16.00,0.08
23:56:37.599 [TUNER] 1142,1000,0.00,998.00,16.00,0.08,0.00,998.00,16.00,0.08
23:56:37.599 [TUNER] 1143,1000,0.00,986.00,16.00,0.08,0.00,986.00,16.00,0.08
23:56:37.632 [TUNER] 1144,1000,0.00,974.00,16.00,0.08,0.00,974.00,16.00,0.08
23:56:37.635 [TUNER] 1145,1000,0.00,962.00,16.00,0.08,0.00,962.00,16.00,0.08
23:56:37.667 [TUNER] 1146,1000,0.00,950.00,16.00,0.08,0.00,950.00,16.00,0.08
23:56:37.668 [TUNER] 1147,1000,0.00,938.00,16.00,0.08,0.00,938.00,16.00,0.08
23:56:37.739 [TUNER] 1148,1000,0.00,926.00,16.00,0.08,0.00,926.00,16.00,0.08
23:56:37.739 [TUNER] 1149,1000,0.00,914.00,16.00,0.08,0.00,914.00,16.00,0.08
23:56:37.739 [TUNER] 1150,1000,0.00,902.00,16.00,0.08,0.00,902.00,16.00,0.08
23:56:37.807 [TUNER] 1151,1000,0.00,890.00,16.00,0.08,0.00,890.00,16.00,0.08
23:56:37.808 [TUNER] 1152,1000,0.00,878.00,16.00,0.08,0.00,878.00,16.00,0.08
23:56:37.808 [TUNER] 1153,1000,0.00,866.00,16.00,0.08,0.00,866.00,16.00,0.08
23:56:37.809 [TUNER] 1154,1000,0.00,854.00,16.00,0.08,0.00,854.00,16.00,0.08
23:56:37.841 [TUNER] 1155,1000,0.00,842.00,16.00,0.08,0.00,842.00,16.00,0.08
23:56:37.877 [TUNER] 1156,1000,0.00,830.00,16.00,0.08,0.00,830.00,16.00,0.08
23:56:37.878 [TUNER] 1157,1000,0.00,818.00,16.00,0.08,0.00,818.00,16.00,0.08
23:56:37.914 [TUNER] 1158,1000,0.00,806.00,16.00,0.08,0.00,806.00,16.00,0.08
23:56:37.918 [TUNER] 1159,1000,0.00,794.00,16.00,0.08,0.00,794.00,16.00,0.08
23:56:37.947 [TUNER] 1160,1000,0.00,782.00,16.00,0.08,0.00,782.00,16.00,0.08
23:56:37.948 [TUNER] 1161,1000,0.00,770.00,16.00,0.08,0.00,770.00,16.00,0.08
23:56:37.982 [TUNER] 1162,1000,0.00,758.00,16.00,0.08,0.00,758.00,16.00,0.08
23:56:38.054 [TUNER] 1163,1000,0.00,746.00,16.00,0.08,0.00,746.00,16.00,0.08
23:56:38.054 [TUNER] 1164,1000,0.00,734.00,16.00,0.08,0.00,734.00,16.00,0.08
23:56:38.054 [TUNER] 1165,1000,0.00,722.00,16.00,0.08,0.00,722.00,16.00,0.08
23:56:38.054 [TUNER] 1166,1000,0.00,710.00,16.00,0.08,0.00,710.00,16.00,0.08
23:56:38.087 [TUNER] 1167,1000,0.00,698.10,16.00,0.08,0.00,698.10,16.00,0.08
23:56:38.088 [TUNER] 1168,1000,0.00,686.30,16.00,0.08,0.00,686.30,16.00,0.08
23:56:38.121 [TUNER] 1169,1000,0.00,674.60,16.00,0.08,0.00,674.60,16.00,0.08
23:56:38.195 [TUNER] 1170,1000,0.00,663.00,16.00,0.08,0.00,663.00,16.00,0.08
23:56:38.196 [TUNER] 1171,1000,0.00,651.50,16.00,0.08,0.00,651.50,16.00,0.08
23:56:38.196 [TUNER] 1172,1000,0.00,640.10,16.00,0.08,0.00,640.10,16.00,0.08
23:56:38.196 [TUNER] 1173,1000,0.00,628.80,16.00,0.08,0.00,628.80,16.00,0.08
23:56:38.228 [TUNER] 1174,1000,0.00,617.60,16.00,0.08,0.00,617.60,16.00,0.08
23:56:38.230 [TUNER] 1175,1000,0.00,606.50,16.00,0.08,0.00,606.50,16.00,0.08
23:56:38.261 [TUNER] 1176,1000,0.00,595.50,16.00,0.08,0.00,595.50,16.00,0.08
23:56:38.298 [TUNER] 1177,1000,0.00,584.60,16.00,0.08,0.00,584.60,16.00,0.08
23:56:38.298 [TUNER] 1178,1000,0.00,573.80,16.00,0.08,0.00,573.80,16.00,0.08
23:56:38.333 [TUNER] 1179,1000,0.00,563.10,16.00,0.08,0.00,563.10,16.00,0.08
23:56:38.334 [TUNER] 1180,1000,0.00,552.50,16.00,0.08,0.00,552.50,16.00,0.08
23:56:38.366 [TUNER] 1181,1000,0.00,542.00,16.00,0.08,0.00,542.00,16.00,0.08
23:56:38.368 [TUNER] 1182,1000,0.00,531.60,16.00,0.08,0.00,531.60,16.00,0.08
23:56:38.403 [TUNER] 1183,1000,0.00,521.30,16.00,0.08,0.00,521.30,16.00,0.08
23:56:38.437 [TUNER] 1184,1000,0.00,511.10,16.00,0.08,0.00,511.10,16.00,0.08
23:56:38.437 [TUNER] 1185,1000,0.00,501.00,16.00,0.08,0.00,501.00,16.00,0.08
23:56:38.472 [TUNER] 1186,1000,0.00,491.00,16.00,0.08,0.00,491.00,16.00,0.08
23:56:38.472 [TUNER] 1187,1000,0.00,481.10,16.00,0.08,0.00,481.10,16.00,0.08
23:56:38.506 [TUNER] 1188,1000,0.00,471.30,16.00,0.08,0.00,471.30,16.00,0.08
23:56:38.542 [TUNER] 1189,1000,0.00,461.60,16.00,0.08,0.00,461.60,16.00,0.08
23:56:38.542 [TUNER] 1190,1000,0.00,452.00,16.00,0.08,0.00,452.00,16.00,0.08
23:56:38.580 [TUNER] 1191,1000,0.00,442.50,16.00,0.08,0.00,442.50,16.00,0.08
23:56:38.585 [TUNER] 1192,1000,0.00,433.10,16.00,0.08,0.00,433.10,16.00,0.08
23:56:38.612 [TUNER] 1193,1000,0.00,423.80,16.00,0.08,0.00,423.80,16.00,0.08
23:56:38.613 [TUNER] 1194,1000,0.00,414.60,16.00,0.08,0.00,414.60,16.00,0.08
23:56:38.649 [TUNER] 1195,1000,0.00,405.50,16.00,0.08,0.00,405.50,16.00,0.08
23:56:38.681 [TUNER] 1196,1000,0.00,396.50,16.00,0.08,0.00,396.50,16.00,0.08
23:56:38.682 [TUNER] 1197,1000,0.00,387.60,16.00,0.08,0.00,387.60,16.00,0.08
23:56:38.717 [TUNER] 1198,1000,0.00,378.80,16.00,0.08,0.00,378.80,16.00,0.08
23:56:38.721 [TUNER] 1199,1000,0.00,370.10,16.00,0.08,0.00,370.10,16.00,0.08
23:56:38.752 [TUNER] 1200,1000,0.00,361.50,16.00,0.08,0.00,361.50,16.00,0.08
23:56:38.754 [TUNER] 1201,1000,0.00,353.00,16.00,0.08,0.00,353.00,16.00,0.08
23:56:38.787 [TUNER] 1202,1000,0.00,344.60,16.00,0.08,0.00,344.60,16.00,0.08
23:56:38.822 [TUNER] 1203,1000,0.00,336.30,16.00,0.08,0.00,336.30,16.00,0.08
23:56:38.824 [TUNER] 1204,1000,0.00,328.10,16.00,0.08,0.00,328.10,16.00,0.08
23:56:38.857 [TUNER] 1205,1000,0.00,320.00,16.00,0.08,0.00,320.00,16.00,0.08
23:56:38.857 [TUNER] 1206,1000,0.00,312.00,16.00,0.08,0.00,312.00,16.00,0.08
23:56:38.892 [TUNER] 1207,1000,0.00,304.10,16.00,0.08,0.00,304.10,16.00,0.08
23:56:38.892 [TUNER] 1208,1000,0.00,296.30,16.00,0.08,0.00,296.30,16.00,0.08
23:56:38.926 [TUNER] 1209,1000,0.00,288.60,16.00,0.08,0.00,288.60,16.00,0.08
23:56:38.962 [TUNER] 1210,1000,0.00,281.00,16.00,0.08,0.00,281.00,16.00,0.08
23:56:38.963 [TUNER] 1211,1000,0.00,273.50,16.00,0.08,0.00,273.50,16.00,0.08
23:56:38.997 [TUNER] 1212,1000,0.00,266.10,16.00,0.08,0.00,266.10,16.00,0.08
23:56:38.997 [TUNER] 1213,1000,0.00,258.80,16.00,0.08,0.00,258.80,16.00,0.08
23:56:39.034 [TUNER] 1214,1000,0.00,251.60,16.00,0.08,0.00,251.60,16.00,0.08
23:56:39.037 [TUNER] 1215,1000,0.00,244.50,16.00,0.08,0.00,244.50,16.00,0.08
23:56:39.068 [TUNER] 1216,1000,0.00,237.50,16.00,0.08,0.00,237.50,16.00,0.08
23:56:39.102 [TUNER] 1217,1000,0.00,230.60,16.00,0.08,0.00,230.60,16.00,0.08
23:56:39.103 [TUNER] 1218,1000,0.00,223.80,16.00,0.08,0.00,223.80,16.00,0.08
23:56:39.137 [TUNER] 1219,1000,0.00,217.10,16.00,0.08,0.00,217.10,16.00,0.08
23:56:39.137 [TUNER] 1220,1000,0.00,210.50,16.00,0.08,0.00,210.50,16.00,0.08
23:56:39.208 [TUNER] 1221,1000,0.00,204.00,16.00,0.08,0.00,204.00,16.00,0.08
23:56:39.208 [TUNER] 1222,1000,0.00,197.60,16.00,0.08,0.00,197.60,16.00,0.08
23:56:39.209 [TUNER] 1223,1000,0.00,191.30,16.00,0.08,0.00,191.30,16.00,0.08
23:56:39.210 [TUNER] 1224,1000,0.00,185.10,16.00,0.08,0.00,185.10,16.00,0.08
23:56:39.241 [TUNER] 1225,1000,0.00,179.00,16.00,0.08,0.00,179.00,16.00,0.08
23:56:39.278 [TUNER] 1226,1000,0.00,173.00,16.00,0.08,0.00,173.00,16.00,0.08
23:56:39.278 [TUNER] 1227,1000,0.00,167.10,16.00,0.08,0.00,167.10,16.00,0.08
23:56:39.313 [TUNER] 1228,1000,0.00,161.30,16.00,0.08,0.00,161.30,16.00,0.08
23:56:39.313 [TUNER] 1229,1000,0.00,155.60,16.00,0.08,0.00,155.60,16.00,0.08
23:56:39.347 [TUNER] 1230,1000,0.00,150.00,16.00,0.08,0.00,150.00,16.00,0.08
23:56:39.384 [TUNER] 1231,1000,0.00,144.50,16.00,0.08,0.00,144.50,16.00,0.08
23:56:39.388 [TUNER] 1232,1000,0.00,139.10,16.00,0.08,0.00,139.10,16.00,0.08
23:56:39.417 [TUNER] 1233,1000,0.00,133.80,16.00,0.08,0.00,133.80,16.00,0.08
23:56:39.419 [TUNER] 1234,1000,0.00,128.60,16.00,0.08,0.00,128.60,16.00,0.08
23:56:39.453 [TUNER] 1235,1000,0.00,123.50,16.00,0.08,0.00,123.50,16.00,0.08
23:56:39.455 [TUNER] 1236,1000,0.00,118.50,16.00,0.08,0.00,118.50,16.00,0.08
23:56:39.487 [TUNER] 1237,1000,0.00,113.60,16.00,0.08,0.00,113.60,16.00,0.08
23:56:39.523 [TUNER] 1238,1000,0.00,108.80,16.00,0.08,0.00,108.80,16.00,0.08
23:56:39.524 [TUNER] 1239,1000,0.00,104.10,16.00,0.08,0.00,104.10,16.00,0.08
23:56:39.557 [TUNER] 1240,1000,0.00,99.50,16.00,0.08,0.00,99.50,16.00,0.08
23:56:39.557 [TUNER] 1241,1000,0.00,95.00,16.00,0.08,0.00,95.00,16.00,0.08
23:56:39.591 [TUNER] 1242,1000,0.00,90.60,16.00,0.08,0.00,90.60,16.00,0.08
23:56:39.592 [TUNER] 1243,1000,0.00,86.30,16.00,0.08,0.00,86.30,16.00,0.08
23:56:39.625 [TUNER] 1244,1000,0.00,82.10,16.00,0.08,0.00,82.10,16.00,0.08
23:56:39.663 [TUNER] 1245,1000,0.00,78.00,16.00,0.08,0.00,78.00,16.00,0.08
23:56:39.663 [TUNER] 1246,1000,0.00,74.00,16.00,0.08,0.00,74.00,16.00,0.08
23:56:39.697 [TUNER] 1247,1000,0.00,70.10,16.00,0.08,0.00,70.10,16.00,0.08
23:56:39.698 [TUNER] 1248,1000,0.00,66.30,16.00,0.08,0.00,66.30,16.00,0.08
23:56:39.733 [TUNER] 1249,1000,0.00,62.60,16.00,0.08,0.00,62.60,16.00,0.08
23:56:39.736 [TUNER] 1250,1000,0.00,59.00,16.00,0.08,0.00,59.00,16.00,0.08
23:56:39.766 [TUNER] 1251,1000,0.00,55.50,16.00,0.08,0.00,55.50,16.00,0.08
23:56:39.805 [TUNER] 1252,1000,0.00,52.10,16.00,0.08,0.00,52.10,16.00,0.08
23:56:39.805 [TUNER] 1253,1000,0.00,48.80,16.00,0.08,0.00,48.80,16.00,0.08
23:56:39.836 [TUNER] 1254,1000,0.00,45.60,16.00,0.08,0.00,45.60,16.00,0.08
23:56:39.838 [TUNER] 1255,1000,0.00,42.50,16.00,0.08,0.00,42.50,16.00,0.08
23:56:39.873 [TUNER] 1256,1000,0.00,39.50,16.00,0.08,0.00,39.50,16.00,0.08
23:56:39.874 [TUNER] 1257,1000,0.00,36.60,16.00,0.08,0.00,36.60,16.00,0.08
23:56:39.906 [TUNER] 1258,1000,0.00,33.80,16.00,0.08,0.00,33.80,16.00,0.08
23:56:39.942 [TUNER] 1259,1000,0.00,31.10,16.00,0.08,0.00,31.10,16.00,0.08
23:56:39.942 [TUNER] 1260,1000,0.00,28.50,16.00,0.08,0.00,28.50,16.00,0.08
23:56:39.978 [TUNER] 1261,1000,0.00,26.00,16.00,0.08,0.00,26.00,16.00,0.08
23:56:39.978 [TUNER] 1262,1000,0.00,23.60,16.00,0.08,0.00,23.60,16.00,0.08
23:56:40.013 [TUNER] 1263,1000,0.00,21.30,16.00,0.08,0.00,21.30,16.00,0.08
23:56:40.013 [TUNER] 1264,1000,0.00,19.10,16.00,0.08,0.00,19.10,16.00,0.08
23:56:40.047 [TUNER] 1265,1000,0.00,17.00,16.00,0.08,0.00,17.00,16.00,0.08
23:56:40.081 [TUNER] 1266,1000,0.00,15.00,16.00,0.08,0.00,15.00,16.00,0.08
23:56:40.082 [TUNER] 1267,1000,0.00,13.10,16.00,0.08,0.00,13.10,16.00,0.08
23:56:40.116 [TUNER] 1268,1000,0.00,11.30,16.00,0.08,0.00,11.30,16.00,0.08
23:56:40.118 [TUNER] 1269,1000,0.00,9.60,16.00,0.08,0.00,9.60,16.00,0.08
23:56:40.153 [TUNER] 1270,1000,0.00,8.00,16.00,0.08,0.00,8.00,16.00,0.08
23:56:40.186 [TUNER] 1271,1000,0.00,6.50,16.00,0.08,0.00,6.50,16.00,0.08
23:56:40.187 [TUNER] 1272,1000,0.00,5.10,16.00,0.08,0.00,5.10,16.00,0.08
23:56:40.223 [TUNER] 1273,1000,0.00,3.80,16.00,0.08,0.00,3.80,16.00,0.08
23:56:40.224 [TUNER] 1274,1000,0.00,2.60,16.00,0.08,0.00,2.60,16.00,0.08
23:56:40.256 [TUNER] 1275,1000,0.00,1.50,16.00,0.08,0.00,1.50,16.00,0.08
23:56:40.257 [TUNER] 1276,1000,0.00,0.50,16.00,0.08,0.00,0.50,16.00,0.08
23:56:40.291 [TUNER] 1277,1000,0.00,-0.40,16.00,0.08,0.00,-0.40,16.00,0.08
23:56:40.327 [TUNER] 1278,1000,0.00,-1.20,16.00,0.08,0.00,-1.20,16.00,0.08
23:56:40.327 [TUNER] 1279,1000,0.00,-1.90,16.00,0.08,0.00,-1.90,16.00,0.08
23:56:40.363 [TUNER] 1280,1000,0.00,-2.50,16.00,0.08,0.00,-2.50,16.00,0.08
23:56:40.364 [TUNER] 1281,1000,0.00,-3.00,16.00,0.08,0.00,-3.00,16.00,0.08
23:56:40.399 [TUNER] 1282,1000,0.00,-3.40,16.00,0.08,0.00,-3.40,16.00,0.08
23:56:40.399 [TUNER] 1283,1000,0.00,-3.70,16.00,0.08,0.00,-3.70,16.00,0.08
23:56:40.432 [TUNER] 1284,1000,0.00,-3.90,16.00,0.08,0.00,-3.90,16.00,0.08
23:56:40.469 [TUNER] 1285,1000,0.00,-4.00,16.00,0.08,0.00,-4.00,16.00,0.08
23:56:40.470 [TUNER] 1286,1000,0.00,0.00,16.00,0.08,0.00,0.00,16.00,0.08
23:56:40.502 [TUNER] 1287,1000,0.00,0.00,16.00,0.08,0.00,0.00,16.00,0.08
23:56:40.503 [TUNER] 1288,1000,0.00,0.00,16.00,0.08,0.00,0.00,16.00,0.08
23:56:40.537 [TUNER] 1289,1000,0.00,0.00,16.00,0.08,0.00,0.00,16.00,0.08
23:56:40.538 [TUNER] 1290,1000,0.00,0.00,16.00,0.08,0.00,0.00,16.00,0.08
23:56:40.572 [TUNER] 1291,1000,0.00,0.00,16.00,0.08,0.00,0.00,16.00,0.08
23:56:40.608 [TUNER] 1292,1000,0.00,0.00,16.00,0.08,0.00,0.00,16.00,0.08
23:56:40.609 [TUNER] 1293,1000,0.00,0.00,16.00,0.08,0.00,0.00,16.00,0.08
23:56:40.641 [TUNER] 1294,1000,0.00,0.00,16.00,0.08,0.00,0.00,16.00,0.08
23:56:40.641 [TUNER] 1295,1000,0.00,0.00,16.00,0.08,0.00,0.00,16.00,0.08
23:56:40.677 [TUNER] 1296,1000,0.00,0.00,16.00,0.08,0.00,0.00,16.00,0.08
23:56:40.678 [TUNER] 1297,1000,0.00,0.00,16.00,0.08,0.00,0.00,16.00,0.08
23:56:40.713 [TUNER] 1298,1000,0.00,0.00,16.00,0.08,0.00,0.00,16.00,0.08
23:56:40.747 [TUNER] 1299,1000,0.00,0.00,16.00,0.08,0.00,0.00,16.00,0.08
23:56:40.747 [TUNER] 1300,1000,0.00,0.00,16.00,0.08,0.00,0.00,16.00,0.08
23:56:40.781 [TUNER] 1301,1000,0.00,0.00,16.00,0.08,0.00,0.00,16.00,0.08
23:56:40.783 [TUNER] 1302,1000,0.00,0.00,16.00,0.08,0.00,0.00,16.00,0.08
23:56:40.817 [TUNER] 1303,1000,0.00,0.00,16.00,0.08,0.00,0.00,16.00,0.08
23:56:40.818 [TUNER] 1304,1000,0.00,0.00,16.00,0.08,0.00,0.00,16.00,0.08
23:56:40.851 [TUNER] 1305,1000,0.00,0.00,16.00,0.08,0.00,0.00,16.00,0.08
23:56:40.887 [TUNER] 1306,1000,0.00,0.00,16.00,0.08,0.00,0.00,16.00,0.08
23:56:40.923 [TUNER] 1307,1000,0.00,0.00,16.00,0.08,0.00,0.00,16.00,0.08
23:56:40.925 [TUNER] 1308,1000,0.00,0.00,16.00,0.08,0.00,0.00,16.00,0.08
23:56:40.925 [TUNER] 1309,1000,0.00,0.00,16.00,0.08,0.00,0.00,16.00,0.08
23:56:40.957 [TUNER] 1310,1000,0.00,0.00,16.00,0.08,0.00,0.00,16.00,0.08
23:56:40.958 [TUNER] 1311,1000,0.00,0.00,16.00,0.08,0.00,0.00,16.00,0.08
23:56:40.992 [TUNER] 1312,1000,0.00,0.00,16.00,0.08,0.00,0.00,16.00,0.08
23:56:41.026 [TUNER] 1313,1000,0.00,0.00,16.00,0.08,0.00,0.00,16.00,0.08
23:56:41.027 [TUNER] 1314,1000,0.00,0.00,16.00,0.08,0.00,0.00,16.00,0.08
23:56:41.062 [TUNER] 1315,1000,0.00,0.00,16.00,0.08,0.00,0.00,16.00,0.08
23:56:41.063 [TUNER] 1316,1000,0.00,0.00,16.00,0.08,0.00,0.00,16.00,0.08
23:56:41.099 [TUNER] 1317,1000,0.00,0.00,16.00,0.08,0.00,0.00,16.00,0.08
23:56:41.103 [TUNER] 1318,1000,0.00,0.00,16.00,0.08,0.00,0.00,16.00,0.08
23:56:41.132 [TUNER] 1319,1000,0.00,0.00,16.00,0.08,0.00,0.00,16.00,0.08
23:56:41.165 [TUNER] 1320,1000,0.00,0.00,16.00,0.08,0.00,0.00,16.00,0.08
23:56:41.167 [TUNER] 1321,1000,0.00,0.00,16.00,0.08,0.00,0.00,16.00,0.08
23:56:41.202 [TUNER] 1322,1000,0.00,0.00,16.00,0.08,0.00,0.00,16.00,0.08
23:56:41.202 [TUNER] 1323,1000,0.00,0.00,16.00,0.08,0.00,0.00,16.00,0.08
23:56:41.236 [TUNER] 1324,1000,0.00,0.00,16.00,0.08,0.00,0.00,16.00,0.08
23:56:41.237 [TUNER] 1325,1000,0.00,0.00,16.00,0.08,0.00,0.00,16.00,0.08
23:56:41.272 [TUNER] 1326,1000,0.00,0.00,16.00,0.08,0.00,0.00,16.00,0.08
23:56:41.306 [TUNER] 1327,1000,0.00,0.00,16.00,0.08,0.00,0.00,16.00,0.08
23:56:41.307 [TUNER] 1328,1000,0.00,0.00,16.00,0.08,0.00,0.00,16.00,0.08
23:56:41.344 [TUNER] 1329,1000,0.00,0.00,16.00,0.08,0.00,0.00,16.00,0.08
23:56:41.345 [TUNER] 1330,1000,0.00,0.00,16.00,0.08,0.00,0.00,16.00,0.08
23:56:41.377 [TUNER] 1331,1000,0.00,0.00,16.00,0.08,0.00,0.00,16.00,0.08
23:56:41.378 [TUNER] 1332,1000,0.00,0.00,16.00,0.08,0.00,0.00,16.00,0.08
23:56:41.412 [TUNER] 1333,1000,0.00,0.00,16.00,0.08,0.00,0.00,16.00,0.08
23:56:41.448 [TUNER] 1334,1000,0.00,0.00,16.00,0.08,0.00,0.00,16.00,0.08
23:56:41.448 [TUNER] 1335,1000,0.00,0.00,16.00,0.08,0.00,0.00,16.00,0.08
23:56:41.482 [TUNER] 1336,1000,0.00,0.00,16.00,0.08,0.00,0.00,16.00,0.08
23:56:41.485 [TUNER] 1337,1000,0.00,0.00,16.00,0.08,0.00,0.00,16.00,0.08
23:56:41.516 [TUNER] 1338,1000,0.00,0.00,16.00,0.08,0.00,0.00,16.00,0.08
23:56:41.517 [TUNER] 1339,1000,0.00,0.00,16.00,0.08,0.00,0.00,16.00,0.08
23:56:41.552 [TUNER] 1340,1000,0.00,0.00,16.00,0.08,0.00,0.00,16.00,0.08
23:56:41.589 [TUNER] 1341,1000,0.00,0.00,16.00,0.08,0.00,0.00,16.00,0.08
23:56:41.590 [TUNER] 1342,1000,0.00,0.00,16.00,0.08,0.00,0.00,16.00,0.08
23:56:41.621 [TUNER] 1343,1000,0.00,0.00,16.00,0.08,0.00,0.00,16.00,0.08
23:56:41.621 [TUNER] 1344,1000,0.00,0.00,16.00,0.08,0.00,0.00,16.00,0.08
23:56:41.657 [TUNER] 1345,1000,0.00,0.00,16.00,0.08,0.00,0.00,16.00,0.08
23:56:41.657 [TUNER] 1346,1000,0.00,0.00,16.00,0.08,0.00,0.00,16.00,0.08
23:56:41.694 [TUNER] 1347,1000,0.00,0.00,16.00,0.08,0.00,0.00,16.00,0.08
23:56:41.727 [TUNER] 1348,1000,0.00,0.00,16.00,0.08,0.00,0.00,16.00,0.08
23:56:41.727 [TUNER] 1349,1000,0.00,0.00,16.00,0.08,0.00,0.00,16.00,0.08
23:56:41.764 [TUNER] 1350,1000,0.00,0.00,16.00,0.08,0.00,0.00,16.00,0.08
23:56:41.764 [TUNER] 1351,1000,0.00,0.00,16.00,0.08,0.00,0.00,16.00,0.08
23:56:41.798 [TUNER] 1352,1000,0.00,0.00,16.00,0.08,0.00,0.00,16.00,0.08
23:56:41.798 [TUNER] 1353,1000,0.00,0.00,16.00,0.08,0.00,0.00,16.00,0.08
23:56:41.831 [TUNER] 1354,1000,0.00,0.00,16.00,0.08,0.00,0.00,16.00,0.08
23:56:41.868 [TUNER] 1355,1000,0.00,0.00,16.00,0.08,0.00,0.00,16.00,0.08
23:56:41.869 [TUNER] 1356,1000,0.00,0.00,16.00,0.08,0.00,0.00,16.00,0.08
23:56:41.902 [TUNER] 1357,1000,0.00,0.00,16.00,0.08,0.00,0.00,16.00,0.08
23:56:41.903 [TUNER] 1358,1000,0.00,0.00,16.00,0.08,0.00,0.00,16.00,0.08
23:56:41.937 [TUNER] 1359,1000,0.00,0.00,16.00,0.08,0.00,0.00,16.00,0.08
23:56:41.938 [TUNER] 1360,1000,0.00,0.00,16.00,0.08,0.00,0.00,16.00,0.08
23:56:41.974 [TUNER] 1361,1000,0.00,0.00,16.00,0.08,0.00,0.00,16.00,0.08
23:56:42.007 [TUNER] 1362,1000,0.00,0.00,16.00,0.08,0.00,0.00,16.00,0.08
23:56:42.008 [TUNER] 1363,1000,0.00,0.00,16.00,0.08,0.00,0.00,16.00,0.08
23:56:42.043 [TUNER] 1364,1000,0.00,0.00,16.00,0.08,0.00,0.00,16.00,0.08
23:56:42.043 [TUNER] 1365,1000,0.00,0.00,16.00,0.08,0.00,0.00,16.00,0.08
23:56:42.079 [TUNER] 1366,1000,0.00,0.00,16.00,0.08,0.00,0.00,16.00,0.08
23:56:42.079 [TUNER] 1367,1000,0.00,0.00,16.00,0.08,0.00,0.00,16.00,0.08
23:56:42.112 [TUNER] 1368,1000,0.00,0.00,16.00,0.08,0.00,0.00,16.00,0.08
23:56:42.147 [TUNER] 1369,1000,0.00,0.00,16.00,0.08,0.00,0.00,16.00,0.08
23:56:42.147 [TUNER] 1370,1000,0.00,0.00,16.00,0.08,0.00,0.00,16.00,0.08
23:56:42.182 [TUNER] 1371,1000,0.00,0.00,16.00,0.08,0.00,0.00,16.00,0.08
23:56:42.185 [TUNER] 1372,1000,0.00,0.00,16.00,0.08,0.00,0.00,16.00,0.08
23:56:42.218 [TUNER] 1373,1000,0.00,0.00,16.00,0.08,0.00,0.00,16.00,0.08
23:56:42.219 [TUNER] 1374,1000,0.00,0.00,16.00,0.08,0.00,0.00,16.00,0.08
23:56:42.251 [TUNER] 1375,1000,0.00,0.00,16.00,0.08,0.00,0.00,16.00,0.08
23:56:42.286 [TUNER] 1376,1000,0.00,0.00,16.00,0.08,0.00,0.00,16.00,0.08
23:56:42.287 [TUNER] 1377,1000,0.00,0.00,16.00,0.08,0.00,0.00,16.00,0.08
23:56:42.321 [TUNER] 1378,1000,0.00,0.00,16.00,0.08,0.00,0.00,16.00,0.08
23:56:42.322 [TUNER] 1379,1000,0.00,0.00,16.00,0.08,0.00,0.00,16.00,0.08
23:56:42.356 [TUNER] 1380,1000,0.00,0.00,16.00,0.08,0.00,0.00,16.00,0.08
23:56:42.357 [TUNER] 1381,1000,0.00,0.00,16.00,0.08,0.00,0.00,16.00,0.08
23:56:42.392 [TUNER] 1382,1000,0.00,0.00,16.00,0.08,0.00,0.00,16.00,0.08
23:56:42.427 [TUNER] 1383,1000,0.00,0.00,16.00,0.08,0.00,0.00,16.00,0.08
23:56:42.428 [TUNER] 1384,1000,0.00,0.00,16.00,0.08,0.00,0.00,16.00,0.08
23:56:42.501 [TUNER] 1385,1000,0.00,0.00,16.00,0.08,0.00,0.00,16.00,0.08
23:56:42.501 [TUNER] 1386,1000,0.00,0.00,16.00,0.08,0.00,0.00,16.00,0.08
23:56:42.502 [TUNER] 1387,1000,0.00,0.00,16.00,0.08,0.00,0.00,16.00,0.08
23:56:42.502 [TUNER] 1388,1000,0.00,0.00,16.00,0.08,0.00,0.00,16.00,0.08
23:56:42.532 [TUNER] 1389,1000,0.00,0.00,16.00,0.08,0.00,0.00,16.00,0.08
23:56:42.566 [TUNER] 1390,1000,0.00,0.00,16.00,0.08,0.00,0.00,16.00,0.08
23:56:42.567 [TUNER] 1391,1000,0.00,0.00,16.00,0.08,0.00,0.00,16.00,0.08
23:56:42.603 [TUNER] 1392,1000,0.00,0.00,16.00,0.08,0.00,0.00,16.00,0.08
23:56:42.604 [TUNER] 1393,1000,0.00,0.00,16.00,0.08,0.00,0.00,16.00,0.08
23:56:42.637 [TUNER] 1394,1000,0.00,0.00,16.00,0.08,0.00,0.00,16.00,0.08
23:56:42.638 [TUNER] 1395,1000,0.00,0.00,16.00,0.08,0.00,0.00,16.00,0.08
23:56:42.672 [TUNER] 1396,1000,0.00,0.00,16.00,0.08,0.00,0.00,16.00,0.08
23:56:42.707 [TUNER] 1397,1000,0.00,0.00,16.00,0.08,0.00,0.00,16.00,0.08
23:56:42.707 [TUNER] 1398,1000,0.00,0.00,16.00,0.08,0.00,0.00,16.00,0.08
23:56:42.742 [TUNER] 1399,1000,0.00,0.00,16.00,0.08,0.00,0.00,16.00,0.08
23:56:42.743 [TUNER] 1400,1000,0.00,0.00,16.00,0.08,0.00,0.00,16.00,0.08
23:56:42.776 [TUNER] 1401,1000,0.00,0.00,16.00,0.08,0.00,0.00,16.00,0.08
23:56:42.778 [TUNER] 1402,1000,0.00,0.00,16.00,0.08,0.00,0.00,16.00,0.08
23:56:42.812 [TUNER] 1403,1000,0.00,0.00,16.00,0.08,0.00,0.00,16.00,0.08
23:56:42.850 [TUNER] 1404,1000,0.00,0.00,16.00,0.08,0.00,0.00,16.00,0.08
23:56:42.851 [TUNER] 1405,1000,0.00,0.00,16.00,0.08,0.00,0.00,16.00,0.08
23:56:42.884 [TUNER] 1406,1000,0.00,0.00,16.00,0.08,0.00,0.00,16.00,0.08
23:56:42.885 [TUNER] 1407,1000,0.00,0.00,16.00,0.08,0.00,0.00,16.00,0.08
23:56:42.916 [TUNER] 1408,1000,0.00,0.00,16.00,0.08,0.00,0.00,16.00,0.08
23:56:42.918 [TUNER] 1409,1000,0.00,0.00,16.00,0.08,0.00,0.00,16.00,0.08
23:56:42.951 [TUNER] 1410,1000,0.00,0.00,16.00,0.08,0.00,0.00,16.00,0.08
23:56:42.987 [TUNER] 1411,1000,0.00,0.00,16.00,0.08,0.00,0.00,16.00,0.08
23:56:42.988 [TUNER] 1412,1000,0.00,0.00,16.00,0.08,0.00,0.00,16.00,0.08
23:56:43.024 [TUNER] 1413,1000,0.00,0.00,16.00,0.08,0.00,0.00,16.00,0.08
23:56:43.026 [TUNER] 1414,1000,0.00,0.00,16.00,0.08,0.00,0.00,16.00,0.08
23:56:43.057 [TUNER] 1415,1000,0.00,0.00,16.00,0.08,0.00,0.00,16.00,0.08
23:56:43.058 [TUNER] 1416,1000,0.00,0.00,16.00,0.08,0.00,0.00,16.00,0.08
23:56:43.128 [TUNER] 1417,1000,0.00,0.00,16.00,0.08,0.00,0.00,16.00,0.08
23:56:43.129 [TUNER] 1418,1000,0.00,0.00,16.00,0.08,0.00,0.00,16.00,0.08
23:56:43.129 [TUNER] 1419,1000,0.00,0.00,16.00,0.08,0.00,0.00,16.00,0.08
23:56:43.168 [TUNER] 1420,1000,0.00,0.00,16.00,0.08,0.00,0.00,16.00,0.08
23:56:43.171 [TUNER] 1421,1000,0.00,0.00,16.00,0.08,0.00,0.00,16.00,0.08
23:56:43.197 [TUNER] 1422,1000,0.00,0.00,16.00,0.08,0.00,0.00,16.00,0.08
23:56:43.198 [TUNER] 1423,1000,0.00,0.00,16.00,0.08,0.00,0.00,16.00,0.08
23:56:43.232 [TUNER] 1424,1000,0.00,0.00,16.00,0.08,0.00,0.00,16.00,0.08
23:56:43.266 [TUNER] 1425,1000,0.00,0.00,16.00,0.08,0.00,0.00,16.00,0.08
23:56:43.267 [TUNER] 1426,1000,0.00,0.00,16.00,0.08,0.00,0.00,16.00,0.08
23:56:43.302 [TUNER] 1427,1000,0.00,0.00,16.00,0.08,0.00,0.00,16.00,0.08
23:56:43.302 [TUNER] 1428,1000,0.00,0.00,16.00,0.08,0.00,0.00,16.00,0.08
23:56:43.337 [TUNER] 1429,1000,0.00,0.00,16.00,0.08,0.00,0.00,16.00,0.08
23:56:43.371 [TUNER] 1430,1000,0.00,0.00,16.00,0.08,0.00,0.00,16.00,0.08
23:56:43.372 [TUNER] 1431,1000,0.00,0.00,16.00,0.08,0.00,0.00,16.00,0.08
23:56:43.407 [TUNER] 1432,1000,0.00,0.00,16.00,0.08,0.00,0.00,16.00,0.08
23:56:43.407 [TUNER] 1433,1002,0.00,0.00,16.00,0.08,0.00,0.00,16.00,0.08
23:56:43.441 [TUNER] 1434,998,0.00,0.00,16.00,0.08,0.00,0.00,16.00,0.08
23:56:43.442 [TUNER] 1435,1000,0.00,0.00,16.00,0.08,0.00,0.00,16.00,0.08
23:56:43.479 [TUNER] 1436,1000,0.00,0.00,16.00,0.08,0.00,0.00,16.00,0.08
23:56:43.513 [TUNER] 1437,1000,0.00,0.00,16.00,0.08,0.00,0.00,16.00,0.08
23:56:43.513 [TUNER] 1438,1000,0.00,0.00,16.00,0.08,0.00,0.00,16.00,0.08
23:56:43.548 [TUNER] 1439,1000,0.00,0.00,16.00,0.08,0.00,0.00,16.00,0.08
23:56:43.582 [TUNER] 1440,1000,0.00,0.00,16.00,0.08,0.00,0.00,16.00,0.08
23:56:43.583 [TUNER] 1441,1002,0.00,0.00,16.00,0.08,0.00,0.00,16.00,0.08
23:56:43.618 [TUNER] 1442,998,0.00,0.00,16.00,0.08,0.00,0.00,16.00,0.08
23:56:43.620 [TUNER] 1443,1000,0.00,0.00,16.00,0.08,0.00,0.00,16.00,0.08
23:56:43.653 [TUNER] 1444,1000,0.00,0.00,16.00,0.08,0.00,0.00,16.00,0.08
23:56:43.654 [TUNER] 1445,1000,0.00,0.00,16.00,0.08,0.00,0.00,16.00,0.08
23:56:43.687 [TUNER] 1446,1000,0.00,0.00,16.00,0.08,0.00,0.00,16.00,0.08
23:56:43.723 [TUNER] 1447,1000,0.00,0.00,16.00,0.08,0.00,0.00,16.00,0.08
23:56:43.723 [TUNER] 1448,1000,0.00,0.00,16.00,0.08,0.00,0.00,16.00,0.08
23:56:43.724 [TUNER] 1449,1000,0.00,0.00,16.00,0.08,0.00,0.00,16.00,0.08
23:56:43.756 [TUNER] 1450,1000,0.00,0.00,16.00,0.08,0.00,0.00,16.00,0.08
23:56:43.792 [TUNER] 1451,1000,0.00,0.00,16.00,0.08,0.00,0.00,16.00,0.08
23:56:43.793 [TUNER] 1452,1000,0.00,0.00,16.00,0.08,0.00,0.00,16.00,0.08
23:56:43.826 [TUNER] 1453,1000,0.00,0.00,16.00,0.08,0.00,0.00,16.00,0.08
23:56:43.827 [TUNER] 1454,1000,0.00,0.00,16.00,0.08,0.00,0.00,16.00,0.08
23:56:43.862 [TUNER] 1455,1000,0.00,0.00,16.00,0.08,0.00,0.00,16.00,0.08
23:56:43.898 [TUNER] 1456,1000,0.00,0.00,16.00,0.08,0.00,0.00,16.00,0.08
23:56:43.901 [TUNER] 1457,1000,0.00,0.00,16.00,0.08,0.00,0.00,16.00,0.08
23:56:43.932 [TUNER] 1458,1000,0.00,0.00,16.00,0.08,0.00,0.00,16.00,0.08
23:56:43.935 [TUNER] 1459,1000,0.00,0.00,16.00,0.08,0.00,0.00,16.00,0.08
23:56:43.967 [TUNER] 1460,1000,0.00,0.00,16.00,0.08,0.00,0.00,16.00,0.08
23:56:43.969 [TUNER] 1461,1000,0.00,0.00,16.00,0.08,0.00,0.00,16.00,0.08
23:56:44.039 [TUNER] 1462,1000,0.00,0.00,16.00,0.08,0.00,0.00,16.00,0.08
23:56:44.039 [TUNER] 1463,1000,0.00,0.00,16.00,0.08,0.00,0.00,16.00,0.08
23:56:44.039 [TUNER] 1464,1000,0.00,0.00,16.00,0.08,0.00,0.00,16.00,0.08
23:56:44.071 [TUNER] 1465,1000,0.00,0.00,16.00,0.08,0.00,0.00,16.00,0.08
23:56:44.072 [TUNER] 1466,1000,0.00,0.00,16.00,0.08,0.00,0.00,16.00,0.08
23:56:44.107 [TUNER] 1467,1000,0.00,0.00,16.00,0.08,0.00,0.00,16.00,0.08
23:56:44.108 [TUNER] 1468,1000,0.00,0.00,16.00,0.08,0.00,0.00,16.00,0.08
23:56:44.141 [TUNER] 1469,1000,0.00,0.00,16.00,0.08,0.00,0.00,16.00,0.08
23:56:44.142 [TUNER] 1470,1000,0.00,0.00,16.00,0.08,0.00,0.00,16.00,0.08
23:56:44.213 [TUNER] 1471,1000,0.00,0.00,16.00,0.08,0.00,0.00,16.00,0.08
23:56:44.213 [TUNER] 1472,1000,0.00,0.00,16.00,0.08,0.00,0.00,16.00,0.08
23:56:44.213 [TUNER] 1473,1000,0.00,0.00,16.00,0.08,0.00,0.00,16.00,0.08
23:56:44.247 [TUNER] 1474,1000,0.00,0.00,16.00,0.08,0.00,0.00,16.00,0.08
23:56:44.248 [TUNER] 1475,1000,0.00,0.00,16.00,0.08,0.00,0.00,16.00,0.08
23:56:44.283 [TUNER] 1476,1000,0.00,0.00,16.00,0.08,0.00,0.00,16.00,0.08
23:56:44.285 [TUNER] 1477,1000,0.00,0.00,16.00,0.08,0.00,0.00,16.00,0.08
23:56:44.317 [TUNER] 1478,1000,0.00,0.00,16.00,0.08,0.00,0.00,16.00,0.08
23:56:44.351 [TUNER] 1479,1000,0.00,0.00,16.00,0.08,0.00,0.00,16.00,0.08
23:56:44.351 [TUNER] 1480,1000,0.00,0.00,16.00,0.08,0.00,0.00,16.00,0.08
23:56:44.387 [TUNER] 1481,1000,0.00,0.00,16.00,0.08,0.00,0.00,16.00,0.08
23:56:44.387 [TUNER] 1482,1000,0.00,0.00,16.00,0.08,0.00,0.00,16.00,0.08
23:56:44.421 [TUNER] 1483,1000,0.00,0.00,16.00,0.08,0.00,0.00,16.00,0.08
23:56:44.422 [TUNER] 1484,1000,0.00,0.00,16.00,0.08,0.00,0.00,16.00,0.08
23:56:44.456 [TUNER] 1485,1000,0.00,0.00,16.00,0.08,0.00,0.00,16.00,0.08
23:56:44.529 [TUNER] 1486,1000,0.00,0.00,16.00,0.08,0.00,0.00,16.00,0.08
23:56:44.529 [TUNER] 1487,1000,0.00,0.00,16.00,0.08,0.00,0.00,16.00,0.08
23:56:44.529 [TUNER] 1488,1000,0.00,0.00,16.00,0.08,0.00,0.00,16.00,0.08
23:56:44.530 [TUNER] 1489,1000,0.00,0.00,16.00,0.08,0.00,0.00,16.00,0.08
23:56:44.562 [TUNER] 1490,1000,0.00,0.00,16.00,0.08,0.00,0.00,16.00,0.08
23:56:44.564 [TUNER] 1491,1000,0.00,0.00,16.00,0.08,0.00,0.00,16.00,0.08
23:56:44.597 [TUNER] 1492,1000,0.00,0.00,16.00,0.08,0.00,0.00,16.00,0.08
23:56:44.632 [TUNER] 1493,1000,0.00,0.00,16.00,0.08,0.00,0.00,16.00,0.08
23:56:44.634 [TUNER] 1494,1000,0.00,0.00,16.00,0.08,0.00,0.00,16.00,0.08
23:56:44.669 [TUNER] 1495,1000,0.00,0.00,16.00,0.08,0.00,0.00,16.00,0.08
23:56:44.670 [TUNER] 1496,1000,0.00,0.00,16.00,0.08,0.00,0.00,16.00,0.08
23:56:44.702 [TUNER] 1497,1000,0.00,0.00,16.00,0.08,0.00,0.00,16.00,0.08
23:56:44.704 [TUNER] 1498,1000,0.00,0.00,16.00,0.08,0.00,0.00,16.00,0.08
23:56:44.737 [TUNER] 1499,1000,0.00,0.00,16.00,0.08,0.00,0.00,16.00,0.08
23:56:44.772 [TUNER] 1500,1000,0.00,0.00,16.00,0.08,0.00,0.00,16.00,0.08
23:56:44.773 [TUNER] 1501,1000,0.00,0.00,16.00,0.08,0.00,0.00,16.00,0.08
23:56:44.806 [TUNER] 1502,1000,0.00,0.00,16.00,0.08,0.00,0.00,16.00,0.08
23:56:44.807 [TUNER] 1503,1000,0.00,0.00,16.00,0.08,0.00,0.00,16.00,0.08
23:56:44.841 [TUNER] 1504,1000,0.00,0.00,16.00,0.08,0.00,0.00,16.00,0.08
23:56:44.842 [TUNER] 1505,1000,0.00,0.00,16.00,0.08,0.00,0.00,16.00,0.08
23:56:44.877 [TUNER] 1506,1000,0.00,0.00,16.00,0.08,0.00,0.00,16.00,0.08
23:56:44.911 [TUNER] 1507,1000,0.00,0.00,16.00,0.08,0.00,0.00,16.00,0.08
23:56:44.912 [TUNER] 1508,1000,0.00,0.00,16.00,0.08,0.00,0.00,16.00,0.08
23:56:44.946 [TUNER] 1509,1000,0.00,0.00,16.00,0.08,0.00,0.00,16.00,0.08
23:56:44.947 [TUNER] 1510,1000,0.00,0.00,16.00,0.08,0.00,0.00,16.00,0.08
23:56:44.983 [TUNER] 1511,1000,0.00,0.00,16.00,0.08,0.00,0.00,16.00,0.08
23:56:44.985 [TUNER] 1512,1000,0.00,0.00,16.00,0.08,0.00,0.00,16.00,0.08
23:56:45.016 [TUNER] 1513,1000,0.00,0.00,16.00,0.08,0.00,0.00,16.00,0.08
23:56:45.052 [TUNER] 1514,1000,0.00,0.00,16.00,0.08,0.00,0.00,16.00,0.08
23:56:45.055 [TUNER] 1515,1000,0.00,0.00,16.00,0.08,0.00,0.00,16.00,0.08
23:56:45.089 [TUNER] 1516,1000,0.00,0.00,16.00,0.08,0.00,0.00,16.00,0.08
23:56:45.090 [TUNER] 1517,1000,0.00,0.00,16.00,0.08,0.00,0.00,16.00,0.08
23:56:45.121 [TUNER] 1518,1000,0.00,0.00,16.00,0.08,0.00,0.00,16.00,0.08
23:56:45.122 [TUNER] 1519,1000,0.00,0.00,16.00,0.08,0.00,0.00,16.00,0.08
23:56:45.157 [TUNER] 1520,1000,0.00,0.00,16.00,0.08,0.00,0.00,16.00,0.08
23:56:45.192 [TUNER] 1521,1000,0.00,0.00,16.00,0.08,0.00,0.00,16.00,0.08
23:56:45.192 [TUNER] 1522,1000,0.00,0.00,16.00,0.08,0.00,0.00,16.00,0.08
23:56:45.227 [TUNER] 1523,1000,0.00,0.00,16.00,0.08,0.00,0.00,16.00,0.08
23:56:45.228 [TUNER] 1524,1000,0.00,0.00,16.00,0.08,0.00,0.00,16.00,0.08
23:56:45.263 [TUNER] 1525,1000,0.00,0.00,16.00,0.08,0.00,0.00,16.00,0.08
23:56:45.263 [TUNER] 1526,1000,0.00,0.00,16.00,0.08,0.00,0.00,16.00,0.08
23:56:45.335 [TUNER] 1527,1000,0.00,0.00,16.00,0.08,0.00,0.00,16.00,0.08
23:56:45.335 [TUNER] 1528,1000,0.00,0.00,16.00,0.08,0.00,0.00,16.00,0.08
23:56:45.335 [TUNER] 1529,1000,0.00,0.00,16.00,0.08,0.00,0.00,16.00,0.08
23:56:45.371 [TUNER] 1530,1000,0.00,0.00,16.00,0.08,0.00,0.00,16.00,0.08
23:56:45.373 [TUNER] 1531,1000,0.00,0.00,16.00,0.08,0.00,0.00,16.00,0.08
23:56:45.402 [TUNER] 1532,1000,0.00,0.00,16.00,0.08,0.00,0.00,16.00,0.08
23:56:45.403 [TUNER] 1533,1000,0.00,0.00,16.00,0.08,0.00,0.00,16.00,0.08
23:56:45.436 [TUNER] 1534,1000,0.00,0.00,16.00,0.08,0.00,0.00,16.00,0.08
23:56:45.472 [TUNER] 1535,1000,0.00,0.00,16.00,0.08,0.00,0.00,16.00,0.08
23:56:45.472 [TUNER] 1536,1000,0.00,0.00,16.00,0.08,0.00,0.00,16.00,0.08
23:56:45.506 [TUNER] 1537,1000,0.00,0.00,16.00,0.08,0.00,0.00,16.00,0.08
23:56:45.508 [TUNER] 1538,1000,0.00,0.00,16.00,0.08,0.00,0.00,16.00,0.08
23:56:45.541 [TUNER] 1539,1000,0.00,0.00,16.00,0.08,0.00,0.00,16.00,0.08
23:56:45.541 [TUNER] 1540,1000,0.00,0.00,16.00,0.08,0.00,0.00,16.00,0.08
23:56:45.577 [TUNER] 1541,1000,0.00,0.00,16.00,0.08,0.00,0.00,16.00,0.08
23:56:45.613 [TUNER] 1542,1000,0.00,0.00,16.00,0.08,0.00,0.00,16.00,0.08
23:56:45.614 [TUNER] 1543,1000,0.00,0.00,16.00,0.08,0.00,0.00,16.00,0.08
23:56:45.646 [TUNER] 1544,1000,0.00,0.00,16.00,0.08,0.00,0.00,16.00,0.08
23:56:45.647 [TUNER] 1545,1000,0.00,0.00,16.00,0.08,0.00,0.00,16.00,0.08
23:56:45.682 [TUNER] 1546,1000,0.00,0.00,16.00,0.08,0.00,0.00,16.00,0.08
23:56:45.683 [TUNER] 1547,1000,0.00,0.00,16.00,0.08,0.00,0.00,16.00,0.08
23:56:45.717 [TUNER] 1548,1000,0.00,0.00,16.00,0.08,0.00,0.00,16.00,0.08
23:56:45.754 [TUNER] 1549,1000,0.00,0.00,16.00,0.08,0.00,0.00,16.00,0.08
23:56:45.757 [TUNER] 1550,1000,0.00,0.00,16.00,0.08,0.00,0.00,16.00,0.08
23:56:45.823 [TUNER] 1551,1000,0.00,0.00,16.00,0.08,0.00,0.00,16.00,0.08
23:56:45.857 [TUNER] 1552,1000,0.00,0.00,16.00,0.08,0.00,0.00,16.00,0.08
23:56:45.858 [TUNER] 1553,1000,0.00,0.00,16.00,0.08,0.00,0.00,16.00,0.08
23:56:45.861 [TUNER] 1554,1000,0.00,0.00,16.00,0.08,0.00,0.00,16.00,0.08
23:56:45.861 [TUNER] 1555,1000,0.00,0.00,16.00,0.08,0.00,0.00,16.00,0.08
23:56:45.931 [TUNER] 1556,1000,0.00,0.00,16.00,0.08,0.00,0.00,16.00,0.08
23:56:45.932 [TUNER] 1557,1000,0.00,0.00,16.00,0.08,0.00,0.00,16.00,0.08
23:56:45.932 [TUNER] 1558,1000,0.00,0.00,16.00,0.08,0.00,0.00,16.00,0.08
23:56:45.933 [TUNER] 1559,1000,0.00,0.00,16.00,0.08,0.00,0.00,16.00,0.08
23:56:45.998 [TUNER] 1560,1000,0.00,0.00,16.00,0.08,0.00,0.00,16.00,0.08
23:56:45.999 [TUNER] 1561,1000,0.00,0.00,16.00,0.08,0.00,0.00,16.00,0.08
23:56:45.999 [TUNER] 1562,1000,0.00,0.00,16.00,0.08,0.00,0.00,16.00,0.08
23:56:46.031 [TUNER] 1563,1000,0.00,0.00,16.00,0.08,0.00,0.00,16.00,0.08
23:56:46.033 [TUNER] 1564,1000,0.00,0.00,16.00,0.08,0.00,0.00,16.00,0.08
23:56:46.068 [TUNER] 1565,1000,0.00,0.00,16.00,0.08,0.00,0.00,16.00,0.08
23:56:46.070 [TUNER] 1566,1000,0.00,0.00,16.00,0.08,0.00,0.00,16.00,0.08
23:56:46.102 [TUNER] 1567,1000,0.00,0.00,16.00,0.08,0.00,0.00,16.00,0.08
23:56:46.105 [TUNER] 1568,1000,0.00,0.00,16.00,0.08,0.00,0.00,16.00,0.08
23:56:46.138 [TUNER] 1569,1000,0.00,0.00,16.00,0.08,0.00,0.00,16.00,0.08
23:56:46.172 [TUNER] 1570,1000,0.00,0.00,16.00,0.08,0.00,0.00,16.00,0.08
23:56:46.172 [TUNER] 1571,1000,0.00,0.00,16.00,0.08,0.00,0.00,16.00,0.08
23:56:46.206 [TUNER] 1572,1000,0.00,0.00,16.00,0.08,0.00,0.00,16.00,0.08
23:56:46.207 [TUNER] 1573,1000,0.00,0.00,16.00,0.08,0.00,0.00,16.00,0.08
23:56:46.279 [TUNER] 1574,1000,0.00,0.00,16.00,0.08,0.00,0.00,16.00,0.08
23:56:46.280 [TUNER] 1575,1000,0.00,0.00,16.00,0.08,0.00,0.00,16.00,0.08
23:56:46.280 [TUNER] 1576,1000,0.00,0.00,16.00,0.08,0.00,0.00,16.00,0.08
23:56:46.314 [TUNER] 1577,1000,0.00,0.00,16.00,0.08,0.00,0.00,16.00,0.08
23:56:46.317 [TUNER] 1578,1000,0.00,0.00,16.00,0.08,0.00,0.00,16.00,0.08
23:56:46.347 [TUNER] 1579,1000,0.00,0.00,16.00,0.08,0.00,0.00,16.00,0.08
23:56:46.348 [TUNER] 1580,1000,0.00,0.00,16.00,0.08,0.00,0.00,16.00,0.08
23:56:46.382 [TUNER] 1581,1000,0.00,0.00,16.00,0.08,0.00,0.00,16.00,0.08
23:56:46.419 [TUNER] 1582,1000,0.00,0.00,16.00,0.08,0.00,0.00,16.00,0.08
23:56:46.420 [TUNER] 1583,1000,0.00,0.00,16.00,0.08,0.00,0.00,16.00,0.08
23:56:46.451 [TUNER] 1584,1000,0.00,0.00,16.00,0.08,0.00,0.00,16.00,0.08
23:56:46.452 [TUNER] 1585,1000,0.00,0.00,16.00,0.08,0.00,0.00,16.00,0.08
23:56:46.487 [TUNER] 1586,1000,0.00,0.00,16.00,0.08,0.00,0.00,16.00,0.08
23:56:46.487 [TUNER] 1587,1000,0.00,0.00,16.00,0.08,0.00,0.00,16.00,0.08
23:56:46.523 [TUNER] 1588,1000,0.00,0.00,16.00,0.08,0.00,0.00,16.00,0.08
23:56:46.557 [TUNER] 1589,1000,0.00,0.00,16.00,0.08,0.00,0.00,16.00,0.08
23:56:46.557 [TUNER] 1590,1000,0.00,0.00,16.00,0.08,0.00,0.00,16.00,0.08
23:56:46.592 [TUNER] 1591,1000,0.00,0.00,16.00,0.08,0.00,0.00,16.00,0.08
23:56:46.592 [TUNER] 1592,1000,0.00,0.00,16.00,0.08,0.00,0.00,16.00,0.08
23:56:46.626 [TUNER] 1593,1000,0.00,0.00,16.00,0.08,0.00,0.00,16.00,0.08
23:56:46.626 [TUNER] 1594,1000,0.00,0.00,16.00,0.08,0.00,0.00,16.00,0.08
23:56:46.699 [TUNER] 1595,1000,0.00,0.00,16.00,0.08,0.00,0.00,16.00,0.08
23:56:46.699 [TUNER] 1596,1000,0.00,0.00,16.00,0.08,0.00,0.00,16.00,0.08
23:56:46.700 [TUNER] 1597,1000,0.00,0.00,16.00,0.08,0.00,0.00,16.00,0.08
23:56:46.732 [TUNER] 1598,1000,0.00,0.00,16.00,0.08,0.00,0.00,16.00,0.08
23:56:46.734 [TUNER] 1599,1000,0.00,0.00,16.00,0.08,0.00,0.00,16.00,0.08
23:56:46.768 [TUNER] 1600,1000,0.00,0.00,16.00,0.08,0.00,0.00,16.00,0.08
23:56:46.770 [TUNER] 1601,1000,0.00,0.00,16.00,0.08,0.00,0.00,16.00,0.08
23:56:46.801 [TUNER] 1602,1000,0.00,0.00,16.00,0.08,0.00,0.00,16.00,0.08
23:56:46.836 [TUNER] 1603,1000,0.00,0.00,16.00,0.08,0.00,0.00,16.00,0.08
23:56:46.836 [TUNER] 1604,1000,0.00,0.00,16.00,0.08,0.00,0.00,16.00,0.08
23:56:46.872 [TUNER] 1605,1000,0.00,0.00,16.00,0.08,0.00,0.00,16.00,0.08
23:56:46.872 [TUNER] 1606,1000,0.00,0.00,16.00,0.08,0.00,0.00,16.00,0.08
23:56:46.906 [TUNER] 1607,1000,0.00,0.00,16.00,0.08,0.00,0.00,16.00,0.08
23:56:46.907 [TUNER] 1608,1000,0.00,0.00,16.00,0.08,0.00,0.00,16.00,0.08
23:56:46.942 [TUNER] 1609,1000,0.00,0.00,16.00,0.08,0.00,0.00,16.00,0.08
23:56:46.979 [TUNER] 1610,1000,0.00,0.00,16.00,0.08,0.00,0.00,16.00,0.08
23:56:46.981 [TUNER] 1611,1000,0.00,0.00,16.00,0.08,0.00,0.00,16.00,0.08
23:56:47.011 [TUNER] 1612,1000,0.00,0.00,16.00,0.08,0.00,0.00,16.00,0.08
23:56:47.012 [TUNER] 1613,1000,0.00,0.00,16.00,0.08,0.00,0.00,16.00,0.08
23:56:47.047 [TUNER] 1614,1000,0.00,0.00,16.00,0.08,0.00,0.00,16.00,0.08
23:56:47.048 [TUNER] 1615,1000,0.00,0.00,16.00,0.08,0.00,0.00,16.00,0.08
23:56:47.081 [TUNER] 1616,1000,0.00,0.00,16.00,0.08,0.00,0.00,16.00,0.08
23:56:47.116 [TUNER] 1617,1000,0.00,0.00,16.00,0.08,0.00,0.00,16.00,0.08
23:56:47.118 [TUNER] 1618,1000,0.00,0.00,16.00,0.08,0.00,0.00,16.00,0.08
23:56:47.152 [TUNER] 1619,1000,0.00,0.00,16.00,0.08,0.00,0.00,16.00,0.08
23:56:47.153 [TUNER] 1620,1000,0.00,0.00,16.00,0.08,0.00,0.00,16.00,0.08
23:56:47.187 [TUNER] 1621,1000,0.00,0.00,16.00,0.08,0.00,0.00,16.00,0.08
23:56:47.188 [TUNER] 1622,1000,0.00,0.00,16.00,0.08,0.00,0.00,16.00,0.08
23:56:47.222 [TUNER] 1623,1000,0.00,0.00,16.00,0.08,0.00,0.00,16.00,0.08
23:56:47.257 [TUNER] 1624,1000,0.00,0.00,16.00,0.08,0.00,0.00,16.00,0.08
23:56:47.257 [TUNER] 1625,1000,0.00,0.00,16.00,0.08,0.00,0.00,16.00,0.08
23:56:47.292 [TUNER] 1626,1000,0.00,0.00,16.00,0.08,0.00,0.00,16.00,0.08
23:56:47.292 [TUNER] 1627,1000,0.00,0.00,16.00,0.08,0.00,0.00,16.00,0.08
23:56:47.329 [TUNER] 1628,1000,0.00,0.00,16.00,0.08,0.00,0.00,16.00,0.08
23:56:47.330 [TUNER] 1629,1000,0.00,0.00,16.00,0.08,0.00,0.00,16.00,0.08
23:56:47.362 [TUNER] 1630,1000,0.00,0.00,16.00,0.08,0.00,0.00,16.00,0.08
23:56:47.397 [TUNER] 1631,1000,0.00,0.00,16.00,0.08,0.00,0.00,16.00,0.08
23:56:47.398 [TUNER] 1632,1000,0.00,0.00,16.00,0.08,0.00,0.00,16.00,0.08
23:56:47.432 [TUNER] 1633,1000,0.00,0.00,16.00,0.08,0.00,0.00,16.00,0.08
23:56:47.433 [TUNER] 1634,1000,0.00,0.00,16.00,0.08,0.00,0.00,16.00,0.08
23:56:47.467 [TUNER] 1635,1000,0.00,0.00,16.00,0.08,0.00,0.00,16.00,0.08
23:56:47.469 [TUNER] 1636,1000,0.00,0.00,16.00,0.08,0.00,0.00,16.00,0.08
23:56:47.502 [TUNER] 1637,1000,0.00,0.00,16.00,0.08,0.00,0.00,16.00,0.08
23:56:47.536 [TUNER] 1638,1000,0.00,0.00,16.00,0.08,0.00,0.00,16.00,0.08
23:56:47.572 [TUNER] 1639,1000,0.00,0.00,16.00,0.08,0.00,0.00,16.00,0.08
23:56:47.573 [TUNER] 1640,1000,0.00,0.00,16.00,0.08,0.00,0.00,16.00,0.08
23:56:47.574 [TUNER] 1641,1000,0.00,0.00,16.00,0.08,0.00,0.00,16.00,0.08
23:56:47.606 [TUNER] 1642,1000,0.00,0.00,16.00,0.08,0.00,0.00,16.00,0.08
23:56:47.607 [TUNER] 1643,1000,0.00,0.00,16.00,0.08,0.00,0.00,16.00,0.08
23:56:47.642 [TUNER] 1644,1000,0.00,0.00,16.00,0.08,0.00,0.00,16.00,0.08
23:56:47.643 [TUNER] 1645,1000,0.00,0.00,16.00,0.08,0.00,0.00,16.00,0.08
23:56:47.677 [TUNER] 1646,1000,0.00,0.00,16.00,0.08,0.00,0.00,16.00,0.08
23:56:47.714 [TUNER] 1647,1000,0.00,0.00,16.00,0.08,0.00,0.00,16.00,0.08
23:56:47.717 [TUNER] 1648,1000,0.00,0.00,16.00,0.08,0.00,0.00,16.00,0.08
23:56:47.746 [TUNER] 1649,1000,0.00,0.00,16.00,0.08,0.00,0.00,16.00,0.08
23:56:47.746 [TUNER] 1650,1000,0.00,0.00,16.00,0.08,0.00,0.00,16.00,0.08
23:56:47.782 [TUNER] 1651,1000,0.00,0.00,16.00,0.08,0.00,0.00,16.00,0.08
23:56:47.816 [TUNER] 1652,1000,0.00,0.00,16.00,0.08,0.00,0.00,16.00,0.08
23:56:47.817 [TUNER] 1653,1000,0.00,0.00,16.00,0.08,0.00,0.00,16.00,0.08
23:56:47.852 [TUNER] 1654,1000,0.00,0.00,16.00,0.08,0.00,0.00,16.00,0.08
23:56:47.852 [TUNER] 1655,1000,0.00,0.00,16.00,0.08,0.00,0.00,16.00,0.08
23:56:47.887 [TUNER] 1656,1000,0.00,0.00,16.00,0.08,0.00,0.00,16.00,0.08
23:56:47.888 [TUNER] 1657,1000,0.00,0.00,16.00,0.08,0.00,0.00,16.00,0.08
23:56:47.921 [TUNER] 1658,1000,0.00,0.00,16.00,0.08,0.00,0.00,16.00,0.08
23:56:47.956 [TUNER] 1659,1000,0.00,0.00,16.00,0.08,0.00,0.00,16.00,0.08
23:56:47.957 [TUNER] 1660,1000,0.00,0.00,16.00,0.08,0.00,0.00,16.00,0.08
23:56:47.992 [TUNER] 1661,1000,0.00,0.00,16.00,0.08,0.00,0.00,16.00,0.08
23:56:47.992 [TUNER] 1662,1000,0.00,0.00,16.00,0.08,0.00,0.00,16.00,0.08
23:56:48.029 [TUNER] 1663,1000,0.00,0.00,16.00,0.08,0.00,0.00,16.00,0.08
23:56:48.032 [TUNER] 1664,1000,0.00,0.00,16.00,0.08,0.00,0.00,16.00,0.08
23:56:48.061 [TUNER] 1665,1000,0.00,0.00,16.00,0.08,0.00,0.00,16.00,0.08
23:56:48.099 [TUNER] 1666,1000,0.00,0.00,16.00,0.08,0.00,0.00,16.00,0.08
23:56:48.103 [TUNER] 1667,1000,0.00,0.00,16.00,0.08,0.00,0.00,16.00,0.08
23:56:48.133 [TUNER] 1668,1000,0.00,0.00,16.00,0.08,0.00,0.00,16.00,0.08
23:56:48.135 [TUNER] 1669,1000,0.00,0.00,16.00,0.08,0.00,0.00,16.00,0.08
23:56:48.168 [TUNER] 1670,1000,0.00,0.00,16.00,0.08,0.00,0.00,16.00,0.08
23:56:48.169 [TUNER] 1671,1000,0.00,0.00,16.00,0.08,0.00,0.00,16.00,0.08
23:56:48.203 [TUNER] 1672,1000,0.00,0.00,16.00,0.08,0.00,0.00,16.00,0.08
23:56:48.238 [TUNER] 1673,1000,0.00,0.00,16.00,0.08,0.00,0.00,16.00,0.08
23:56:48.238 [TUNER] 1674,1000,0.00,0.00,16.00,0.08,0.00,0.00,16.00,0.08
23:56:48.309 [TUNER] 1675,1000,0.00,0.00,16.00,0.08,0.00,0.00,16.00,0.08
23:56:48.309 [TUNER] 1676,1000,0.00,0.00,16.00,0.08,0.00,0.00,16.00,0.08
23:56:48.309 [TUNER] 1677,1000,0.00,0.00,16.00,0.08,0.00,0.00,16.00,0.08
23:56:48.311 [TUNER] 1678,1000,0.00,0.00,16.00,0.08,0.00,0.00,16.00,0.08
23:56:48.341 [TUNER] 1679,1000,0.00,0.00,16.00,0.08,0.00,0.00,16.00,0.08
23:56:48.376 [TUNER] 1680,1000,0.00,0.00,16.00,0.08,0.00,0.00,16.00,0.08
23:56:48.377 [TUNER] 1681,1000,0.00,0.00,16.00,0.08,0.00,0.00,16.00,0.08
23:56:48.412 [TUNER] 1682,1000,0.00,0.00,16.00,0.08,0.00,0.00,16.00,0.08
23:56:48.412 [TUNER] 1683,1000,0.00,0.00,16.00,0.08,0.00,0.00,16.00,0.08
23:56:48.448 [TUNER] 1684,1000,0.00,0.00,16.00,0.08,0.00,0.00,16.00,0.08
23:56:48.450 [TUNER] 1685,1000,0.00,0.00,16.00,0.08,0.00,0.00,16.00,0.08
23:56:48.482 [TUNER] 1686,1000,0.00,0.00,16.00,0.08,0.00,0.00,16.00,0.08
23:56:48.517 [TUNER] 1687,1000,0.00,0.00,16.00,0.08,0.00,0.00,16.00,0.08
23:56:48.518 [TUNER] 1688,1000,0.00,0.00,16.00,0.08,0.00,0.00,16.00,0.08
23:56:48.552 [TUNER] 1689,1000,0.00,0.00,16.00,0.08,0.00,0.00,16.00,0.08
23:56:48.553 [TUNER] 1690,1000,0.00,0.00,16.00,0.08,0.00,0.00,16.00,0.08
23:56:48.587 [TUNER] 1691,1000,0.00,0.00,16.00,0.08,0.00,0.00,16.00,0.08
23:56:48.588 [TUNER] 1692,1000,0.00,0.00,16.00,0.08,0.00,0.00,16.00,0.08
23:56:48.621 [TUNER] 1693,1000,0.00,0.00,16.00,0.08,0.00,0.00,16.00,0.08
23:56:48.656 [TUNER] 1694,1000,0.00,0.00,16.00,0.08,0.00,0.00,16.00,0.08
23:56:48.657 [TUNER] 1695,1000,0.00,0.00,16.00,0.08,0.00,0.00,16.00,0.08
23:56:48.691 [TUNER] 1696,1000,0.00,0.00,16.00,0.08,0.00,0.00,16.00,0.08
23:56:48.691 [TUNER] 1697,1000,0.00,0.00,16.00,0.08,0.00,0.00,16.00,0.08
23:56:48.726 [TUNER] 1698,1000,0.00,0.00,16.00,0.08,0.00,0.00,16.00,0.08
23:56:48.727 [TUNER] 1699,1000,0.00,0.00,16.00,0.08,0.00,0.00,16.00,0.08
23:56:48.799 [TUNER] 1700,1000,0.00,0.00,16.00,0.08,0.00,0.00,16.00,0.08
23:56:48.800 [TUNER] 1701,1000,0.00,0.00,16.00,0.08,0.00,0.00,16.00,0.08
23:56:48.801 [TUNER] 1702,1000,0.00,0.00,16.00,0.08,0.00,0.00,16.00,0.08
23:56:48.835 [TUNER] 1703,1000,0.00,0.00,16.00,0.08,0.00,0.00,16.00,0.08
23:56:48.843 [TUNER] 1704,1000,0.00,0.00,16.00,0.08,0.00,0.00,16.00,0.08
23:56:48.866 [TUNER] 1705,1000,0.00,0.00,16.00,0.08,0.00,0.00,16.00,0.08
23:56:48.867 [TUNER] 1706,1000,0.00,0.00,16.00,0.08,0.00,0.00,16.00,0.08
23:56:48.903 [TUNER] 1707,1000,0.00,0.00,16.00,0.08,0.00,0.00,16.00,0.08
23:56:48.937 [TUNER] 1708,1000,0.00,0.00,16.00,0.08,0.00,0.00,16.00,0.08
23:56:48.939 [TUNER] 1709,1000,0.00,0.00,16.00,0.08,0.00,0.00,16.00,0.08
23:56:48.971 [TUNER] 1710,1000,0.00,0.00,16.00,0.08,0.00,0.00,16.00,0.08
23:56:49.006 [TUNER] 1711,1000,0.00,0.00,16.00,0.08,0.00,0.00,16.00,0.08
23:56:49.006 [TUNER] 1712,1000,0.00,0.00,16.00,0.08,0.00,0.00,16.00,0.08
23:56:49.043 [TUNER] 1713,1000,0.00,0.00,16.00,0.08,0.00,0.00,16.00,0.08
23:56:49.043 [TUNER] 1714,1000,0.00,0.00,16.00,0.08,0.00,0.00,16.00,0.08
23:56:49.077 [TUNER] 1715,1000,0.00,0.00,16.00,0.08,0.00,0.00,16.00,0.08
23:56:49.078 [TUNER] 1716,1000,0.00,0.00,16.00,0.08,0.00,0.00,16.00,0.08
23:56:49.149 [TUNER] 1717,1000,0.00,0.00,16.00,0.08,0.00,0.00,16.00,0.08
23:56:49.149 [TUNER] 1718,1000,0.00,0.00,16.00,0.08,0.00,0.00,16.00,0.08
23:56:49.149 [TUNER] 1719,1000,0.00,0.00,16.00,0.08,0.00,0.00,16.00,0.08
23:56:49.149 [TUNER] 1720,1000,0.00,0.00,16.00,0.08,0.00,0.00,16.00,0.08
23:56:49.181 [TUNER] 1721,1000,0.00,0.00,16.00,0.08,0.00,0.00,16.00,0.08
23:56:49.219 [TUNER] 1722,1000,0.00,0.00,16.00,0.08,0.00,0.00,16.00,0.08
23:56:49.221 [TUNER] 1723,1000,0.00,0.00,16.00,0.08,0.00,0.00,16.00,0.08
23:56:49.253 [TUNER] 1724,1000,0.00,0.00,16.00,0.08,0.00,0.00,16.00,0.08
23:56:49.254 [TUNER] 1725,1000,0.00,0.00,16.00,0.08,0.00,0.00,16.00,0.08
23:56:49.286 [TUNER] 1726,1000,0.00,0.00,16.00,0.08,0.00,0.00,16.00,0.08
23:56:49.287 [TUNER] 1727,1000,0.00,0.00,16.00,0.08,0.00,0.00,16.00,0.08
23:56:49.321 [TUNER] 1728,1000,0.00,0.00,16.00,0.08,0.00,0.00,16.00,0.08
23:56:49.357 [TUNER] 1729,1000,0.00,0.00,16.00,0.08,0.00,0.00,16.00,0.08
23:56:49.357 [TUNER] 1730,1000,0.00,0.00,16.00,0.08,0.00,0.00,16.00,0.08
23:56:49.392 [TUNER] 1731,1000,0.00,0.00,16.00,0.08,0.00,0.00,16.00,0.08
23:56:49.392 [TUNER] 1732,1000,0.00,0.00,16.00,0.08,0.00,0.00,16.00,0.08
23:56:49.426 [TUNER] 1733,1000,0.00,0.00,16.00,0.08,0.00,0.00,16.00,0.08
23:56:49.426 [TUNER] 1734,1000,0.00,0.00,16.00,0.08,0.00,0.00,16.00,0.08
23:56:49.463 [TUNER] 1735,1000,0.00,0.00,16.00,0.08,0.00,0.00,16.00,0.08
23:56:49.534 [TUNER] 1736,1000,0.00,0.00,16.00,0.08,0.00,0.00,16.00,0.08
23:56:49.534 [TUNER] 1737,1000,0.00,0.00,16.00,0.08,0.00,0.00,16.00,0.08
23:56:49.534 [TUNER] 1738,1000,0.00,0.00,16.00,0.08,0.00,0.00,16.00,0.08
23:56:49.535 [TUNER] 1739,1000,0.00,0.00,16.00,0.08,0.00,0.00,16.00,0.08
23:56:49.568 [TUNER] 1740,1000,0.00,0.00,16.00,0.08,0.00,0.00,16.00,0.08
23:56:49.569 [TUNER] 1741,1000,0.00,0.00,16.00,0.08,0.00,0.00,16.00,0.08
23:56:49.604 [TUNER] 1742,1000,0.00,0.00,16.00,0.08,0.00,0.00,16.00,0.08
23:56:49.637 [TUNER] 1743,1000,0.00,0.00,16.00,0.08,0.00,0.00,16.00,0.08
23:56:49.637 [TUNER] 1744,1000,0.00,0.00,16.00,0.08,0.00,0.00,16.00,0.08
23:56:49.708 [TUNER] 1745,1000,0.00,0.00,16.00,0.08,0.00,0.00,16.00,0.08
23:56:49.709 [TUNER] 1746,1000,0.00,0.00,16.00,0.08,0.00,0.00,16.00,0.08
23:56:49.709 [TUNER] 1747,1000,0.00,0.00,16.00,0.08,0.00,0.00,16.00,0.08
23:56:49.709 [TUNER] 1748,1000,0.00,0.00,16.00,0.08,0.00,0.00,16.00,0.08
23:56:49.743 [TUNER] 1749,1000,0.00,0.00,16.00,0.08,0.00,0.00,16.00,0.08
23:56:49.777 [TUNER] 1750,1000,0.00,0.00,16.00,0.08,0.00,0.00,16.00,0.08
23:56:49.778 [TUNER] 1751,1000,0.00,0.00,16.00,0.08,0.00,0.00,16.00,0.08
23:56:49.811 [TUNER] 1752,1000,0.00,0.00,16.00,0.08,0.00,0.00,16.00,0.08
23:56:49.811 [TUNER] 1753,1000,0.00,0.00,16.00,0.08,0.00,0.00,16.00,0.08
23:56:49.855 [TUNER] 1754,1000,0.00,0.00,16.00,0.08,0.00,0.00,16.00,0.08
23:56:49.855 [TUNER] 1755,1000,0.00,0.00,16.00,0.08,0.00,0.00,16.00,0.08
23:56:49.880 [TUNER] 1756,1000,0.00,0.00,16.00,0.08,0.00,0.00,16.00,0.08
23:56:49.917 [TUNER] 1757,1000,0.00,0.00,16.00,0.08,0.00,0.00,16.00,0.08
23:56:49.917 [TUNER] 1758,1000,0.00,0.00,16.00,0.08,0.00,0.00,16.00,0.08
23:56:49.955 [TUNER] 1759,1000,0.00,0.00,16.00,0.08,0.00,0.00,16.00,0.08
23:56:49.956 [TUNER] 1760,1000,0.00,0.00,16.00,0.08,0.00,0.00,16.00,0.08
23:56:49.990 [TUNER] 1761,1000,0.00,0.00,16.00,0.08,0.00,0.00,16.00,0.08
23:56:49.992 [TUNER] 1762,1000,0.00,0.00,16.00,0.08,0.00,0.00,16.00,0.08
23:56:50.022 [TUNER] 1763,1000,0.00,0.00,16.00,0.08,0.00,0.00,16.00,0.08
23:56:50.057 [TUNER] 1764,1000,0.00,0.00,16.00,0.08,0.00,0.00,16.00,0.08
23:56:50.059 [TUNER] 1765,1000,0.00,0.00,16.00,0.08,0.00,0.00,16.00,0.08
23:56:50.091 [TUNER] 1766,1001,0.00,0.00,16.00,0.08,0.00,0.00,16.00,0.08
23:56:50.091 [TUNER] 1767,999,0.00,0.00,16.00,0.08,0.00,0.00,16.00,0.08
23:56:50.127 [TUNER] 1768,1000,0.00,0.00,16.00,0.08,0.00,0.00,16.00,0.08
23:56:50.128 [TUNER] 1769,1000,0.00,0.00,16.00,0.08,0.00,0.00,16.00,0.08
23:56:50.162 [TUNER] 1770,1000,0.00,0.00,16.00,0.08,0.00,0.00,16.00,0.08
23:56:50.197 [TUNER] 1771,1000,0.00,0.00,16.00,0.08,0.00,0.00,16.00,0.08
23:56:50.198 [TUNER] 1772,1000,0.00,0.00,16.00,0.08,0.00,0.00,16.00,0.08
23:56:50.232 [TUNER] 1773,1000,0.00,0.00,16.00,0.08,0.00,0.00,16.00,0.08
23:56:50.232 [TUNER] 1774,1000,0.00,0.00,16.00,0.08,0.00,0.00,16.00,0.08
23:56:50.268 [TUNER] 1775,1000,0.00,0.00,16.00,0.08,0.00,0.00,16.00,0.08
23:56:50.268 [TUNER] 1776,1000,0.00,0.00,16.00,0.08,0.00,0.00,16.00,0.08
23:56:50.301 [TUNER] 1777,1000,0.00,0.00,16.00,0.08,0.00,0.00,16.00,0.08
23:56:50.336 [TUNER] 1778,1000,0.00,0.00,16.00,0.08,0.00,0.00,16.00,0.08
23:56:50.338 [TUNER] 1779,1000,0.00,0.00,16.00,0.08,0.00,0.00,16.00,0.08
23:56:50.373 [TUNER] 1780,1000,0.00,0.00,16.00,0.08,0.00,0.00,16.00,0.08
23:56:50.375 [TUNER] 1781,1000,0.00,0.00,16.00,0.08,0.00,0.00,16.00,0.08
23:56:50.407 [TUNER] 1782,1000,0.00,0.00,16.00,0.08,0.00,0.00,16.00,0.08
23:56:50.408 [TUNER] 1783,1000,0.00,0.00,16.00,0.08,0.00,0.00,16.00,0.08
23:56:50.441 [TUNER] 1784,1000,0.00,0.00,16.00,0.08,0.00,0.00,16.00,0.08
23:56:50.476 [TUNER] 1785,1000,0.00,0.00,16.00,0.08,0.00,0.00,16.00,0.08
23:56:50.477 [TUNER] 1786,1000,0.00,0.00,16.00,0.08,0.00,0.00,16.00,0.08
23:56:50.513 [TUNER] 1787,1000,0.00,0.00,16.00,0.08,0.00,0.00,16.00,0.08
23:56:50.513 [TUNER] 1788,1000,0.00,0.00,16.00,0.08,0.00,0.00,16.00,0.08
23:56:50.583 [TUNER] 1789,1000,0.00,0.00,16.00,0.08,0.00,0.00,16.00,0.08
23:56:50.584 [TUNER] 1790,1000,0.00,0.00,16.00,0.08,0.00,0.00,16.00,0.08
23:56:50.584 [TUNER] 1791,1000,0.00,0.00,16.00,0.08,0.00,0.00,16.00,0.08
23:56:50.652 [TUNER] 1792,1000,0.00,0.00,16.00,0.08,0.00,0.00,16.00,0.08
23:56:50.652 [TUNER] 1793,1000,0.00,0.00,16.00,0.08,0.00,0.00,16.00,0.08
23:56:50.652 [TUNER] 1794,1000,0.00,0.00,16.00,0.08,0.00,0.00,16.00,0.08
23:56:50.653 [TUNER] 1795,1000,0.00,0.00,16.00,0.08,0.00,0.00,16.00,0.08
23:56:50.686 [TUNER] 1796,1000,0.00,0.00,16.00,0.08,0.00,0.00,16.00,0.08
23:56:50.721 [TUNER] 1797,1000,0.00,0.00,16.00,0.08,0.00,0.00,16.00,0.08
23:56:50.722 [TUNER] 1798,1000,0.00,0.00,16.00,0.08,0.00,0.00,16.00,0.08
23:56:50.758 [TUNER] 1799,1000,0.00,0.00,16.00,0.08,0.00,0.00,16.00,0.08
23:56:50.759 [TUNER] 1800,1000,0.00,0.00,16.00,0.08,0.00,0.00,16.00,0.08
23:56:50.793 [TUNER] 1801,1000,0.00,0.00,16.00,0.08,0.00,0.00,16.00,0.08
23:56:50.794 [TUNER] 1802,1000,0.00,0.00,16.00,0.08,0.00,0.00,16.00,0.08
23:56:50.826 [TUNER] 1803,1000,0.00,0.00,16.00,0.08,0.00,0.00,16.00,0.08
23:56:50.862 [TUNER] 1804,1000,0.00,0.00,16.00,0.08,0.00,0.00,16.00,0.08
23:56:50.863 [TUNER] 1805,1000,0.00,0.00,16.00,0.08,0.00,0.00,16.00,0.08
23:56:50.897 [TUNER] 1806,1000,0.00,0.00,16.00,0.08,0.00,0.00,16.00,0.08
23:56:50.897 [TUNER] 1807,1000,0.00,0.00,16.00,0.08,0.00,0.00,16.00,0.08
23:56:50.932 [TUNER] 1808,1000,0.00,0.00,16.00,0.08,0.00,0.00,16.00,0.08
23:56:50.933 [TUNER] 1809,1000,0.00,0.00,16.00,0.08,0.00,0.00,16.00,0.08
23:56:50.966 [TUNER] 1810,1000,0.00,0.00,16.00,0.08,0.00,0.00,16.00,0.08
23:56:51.002 [TUNER] 1811,1000,0.00,0.00,16.00,0.08,0.00,0.00,16.00,0.08
23:56:51.003 [TUNER] 1812,1000,0.00,0.00,16.00,0.08,0.00,0.00,16.00,0.08
23:56:51.037 [TUNER] 1813,1000,0.00,0.00,16.00,0.08,0.00,0.00,16.00,0.08
23:56:51.038 [TUNER] 1814,1000,0.00,0.00,16.00,0.08,0.00,0.00,16.00,0.08
23:56:51.071 [TUNER] 1815,1000,0.00,0.00,16.00,0.08,0.00,0.00,16.00,0.08
23:56:51.071 [TUNER] 1816,1000,0.00,0.00,16.00,0.08,0.00,0.00,16.00,0.08
23:56:51.106 [TUNER] 1817,1000,0.00,0.00,16.00,0.08,0.00,0.00,16.00,0.08
23:56:51.141 [TUNER] 1818,1000,0.00,0.00,16.00,0.08,0.00,0.00,16.00,0.08
23:56:51.142 [TUNER] 1819,1000,0.00,0.00,16.00,0.08,0.00,0.00,16.00,0.08
23:56:51.179 [TUNER] 1820,1000,0.00,0.00,16.00,0.08,0.00,0.00,16.00,0.08
23:56:51.179 [TUNER] 1821,1000,0.00,0.00,16.00,0.08,0.00,0.00,16.00,0.08
23:56:51.213 [TUNER] 1822,1000,0.00,0.00,16.00,0.08,0.00,0.00,16.00,0.08
23:56:51.216 [TUNER] 1823,1000,0.00,0.00,16.00,0.08,0.00,0.00,16.00,0.08
23:56:51.247 [TUNER] 1824,1000,0.00,0.00,16.00,0.08,0.00,0.00,16.00,0.08
23:56:51.283 [TUNER] 1825,1000,0.00,0.00,16.00,0.08,0.00,0.00,16.00,0.08
23:56:51.284 [TUNER] 1826,1000,0.00,0.00,16.00,0.08,0.00,0.00,16.00,0.08
23:56:51.318 [TUNER] 1827,1000,0.00,0.00,16.00,0.08,0.00,0.00,16.00,0.08
23:56:51.320 [TUNER] 1828,1000,0.00,0.00,16.00,0.08,0.00,0.00,16.00,0.08
23:56:51.351 [TUNER] 1829,1000,0.00,0.00,16.00,0.08,0.00,0.00,16.00,0.08
23:56:51.353 [TUNER] 1830,1000,0.00,0.00,16.00,0.08,0.00,0.00,16.00,0.08
23:56:51.386 [TUNER] 1831,1000,0.00,0.00,16.00,0.08,0.00,0.00,16.00,0.08
23:56:51.422 [TUNER] 1832,1000,0.00,0.00,16.00,0.08,0.00,0.00,16.00,0.08
23:56:51.423 [TUNER] 1833,1000,0.00,0.00,16.00,0.08,0.00,0.00,16.00,0.08
23:56:51.456 [TUNER] 1834,1000,0.00,0.00,16.00,0.08,0.00,0.00,16.00,0.08
23:56:51.457 [TUNER] 1835,1000,0.00,0.00,16.00,0.08,0.00,0.00,16.00,0.08
23:56:51.491 [TUNER] 1836,1000,0.00,0.00,16.00,0.08,0.00,0.00,16.00,0.08
23:56:51.492 [TUNER] 1837,1000,0.00,0.00,16.00,0.08,0.00,0.00,16.00,0.08
23:56:51.527 [TUNER] 1838,1000,0.00,0.00,16.00,0.08,0.00,0.00,16.00,0.08
23:56:51.600 [TUNER] 1839,1000,0.00,0.00,16.00,0.08,0.00,0.00,16.00,0.08
23:56:51.601 [TUNER] 1840,1000,0.00,0.00,16.00,0.08,0.00,0.00,16.00,0.08
23:56:51.601 [TUNER] 1841,1000,0.00,0.00,16.00,0.08,0.00,0.00,16.00,0.08
23:56:51.602 [TUNER] 1842,1000,0.00,0.00,16.00,0.08,0.00,0.00,16.00,0.08
23:56:51.632 [TUNER] 1843,1000,0.00,0.00,16.00,0.08,0.00,0.00,16.00,0.08
23:56:51.632 [TUNER] 1844,1000,0.00,0.00,16.00,0.08,0.00,0.00,16.00,0.08
23:56:51.666 [TUNER] 1845,1000,0.00,0.00,16.00,0.08,0.00,0.00,16.00,0.08
23:56:51.702 [TUNER] 1846,1000,0.00,0.00,16.00,0.08,0.00,0.00,16.00,0.08
23:56:51.702 [TUNER] 1847,1000,0.00,0.00,16.00,0.08,0.00,0.00,16.00,0.08
23:56:51.773 [TUNER] 1848,1000,0.00,0.00,16.00,0.08,0.00,0.00,16.00,0.08
23:56:51.774 [TUNER] 1849,1000,0.00,0.00,16.00,0.08,0.00,0.00,16.00,0.08
23:56:51.775 [TUNER] 1850,1000,0.00,0.00,16.00,0.08,0.00,0.00,16.00,0.08
23:56:51.776 [TUNER] 1851,1000,0.00,0.00,16.00,0.08,0.00,0.00,16.00,0.08
23:56:51.806 [TUNER] 1852,1000,0.00,0.00,16.00,0.08,0.00,0.00,16.00,0.08
23:56:51.842 [TUNER] 1853,1000,0.00,0.00,16.00,0.08,0.00,0.00,16.00,0.08
23:56:51.842 [TUNER] 1854,1000,0.00,0.00,16.00,0.08,0.00,0.00,16.00,0.08
23:56:51.877 [TUNER] 1855,1000,0.00,0.00,16.00,0.08,0.00,0.00,16.00,0.08
23:56:51.877 [TUNER] 1856,1000,0.00,0.00,16.00,0.08,0.00,0.00,16.00,0.08
23:56:51.912 [TUNER] 1857,1000,0.00,0.00,16.00,0.08,0.00,0.00,16.00,0.08
23:56:51.913 [TUNER] 1858,1000,0.00,0.00,16.00,0.08,0.00,0.00,16.00,0.08
23:56:51.952 [TUNER] 1859,1000,0.00,0.00,16.00,0.08,0.00,0.00,16.00,0.08
23:56:51.982 [TUNER] 1860,1000,0.00,0.00,16.00,0.08,0.00,0.00,16.00,0.08
23:56:51.984 [TUNER] 1861,1000,0.00,0.00,16.00,0.08,0.00,0.00,16.00,0.08
23:56:52.017 [TUNER] 1862,1000,0.00,0.00,16.00,0.08,0.00,0.00,16.00,0.08
23:56:52.018 [TUNER] 1863,1000,0.00,0.00,16.00,0.08,0.00,0.00,16.00,0.08
23:56:52.051 [TUNER] 1864,1000,0.00,0.00,16.00,0.08,0.00,0.00,16.00,0.08
23:56:52.088 [TUNER] 1865,1000,0.00,0.00,16.00,0.08,0.00,0.00,16.00,0.08
23:56:52.089 [TUNER] 1866,1000,0.00,0.00,16.00,0.08,0.00,0.00,16.00,0.08
23:56:52.123 [TUNER] 1867,1000,0.00,0.00,16.00,0.08,0.00,0.00,16.00,0.08
23:56:52.124 [TUNER] 1868,1000,0.00,0.00,16.00,0.08,0.00,0.00,16.00,0.08
23:56:52.156 [TUNER] 1869,1000,0.00,0.00,16.00,0.08,0.00,0.00,16.00,0.08
23:56:52.191 [TUNER] 1870,1000,0.00,0.00,16.00,0.08,0.00,0.00,16.00,0.08
23:56:52.192 [TUNER] 1871,1000,0.00,0.00,16.00,0.08,0.00,0.00,16.00,0.08
23:56:52.193 [TUNER] 1872,1000,0.00,0.00,16.00,0.08,0.00,0.00,16.00,0.08
23:56:52.227 [TUNER] 1873,1000,0.00,0.00,16.00,0.08,0.00,0.00,16.00,0.08
23:56:52.263 [TUNER] 1874,1000,0.00,0.00,16.00,0.08,0.00,0.00,16.00,0.08
23:56:52.263 [TUNER] 1875,1000,0.00,0.00,16.00,0.08,0.00,0.00,16.00,0.08
23:56:52.297 [TUNER] 1876,1000,0.00,0.00,16.00,0.08,0.00,0.00,16.00,0.08
23:56:52.298 [TUNER] 1877,1000,0.00,0.00,16.00,0.08,0.00,0.00,16.00,0.08
23:56:52.332 [TUNER] 1878,1000,0.00,0.00,16.00,0.08,0.00,0.00,16.00,0.08
23:56:52.332 [TUNER] 1879,1000,0.00,0.00,16.00,0.08,0.00,0.00,16.00,0.08
23:56:52.368 [TUNER] 1880,1000,0.00,0.00,16.00,0.08,0.00,0.00,16.00,0.08
23:56:52.404 [TUNER] 1881,1000,0.00,0.00,16.00,0.08,0.00,0.00,16.00,0.08
23:56:52.406 [TUNER] 1882,1000,0.00,0.00,16.00,0.08,0.00,0.00,16.00,0.08
23:56:52.438 [TUNER] 1883,1000,0.00,0.00,16.00,0.08,0.00,0.00,16.00,0.08
23:56:52.472 [TUNER] 1884,1000,0.00,0.00,16.00,0.08,0.00,0.00,16.00,0.08
23:56:52.476 [TUNER] 1885,1000,0.00,0.00,16.00,0.08,0.00,0.00,16.00,0.08
23:56:52.476 [TUNER] 1886,1000,0.00,0.00,16.00,0.08,0.00,0.00,16.00,0.08
23:56:52.507 [TUNER] 1887,1000,0.00,0.00,16.00,0.08,0.00,0.00,16.00,0.08
23:56:52.540 [TUNER] 1888,1000,0.00,0.00,16.00,0.08,0.00,0.00,16.00,0.08
23:56:52.541 [TUNER] 1889,1000,0.00,0.00,16.00,0.08,0.00,0.00,16.00,0.08
23:56:52.577 [TUNER] 1890,1000,0.00,0.00,16.00,0.08,0.00,0.00,16.00,0.08
23:56:52.577 [TUNER] 1891,1000,0.00,0.00,16.00,0.08,0.00,0.00,16.00,0.08
23:56:52.611 [TUNER] 1892,1000,0.00,0.00,16.00,0.08,0.00,0.00,16.00,0.08
23:56:52.651 [TUNER] 1893,1000,0.00,0.00,16.00,0.08,0.00,0.00,16.00,0.08
23:56:52.652 [TUNER] 1894,1000,0.00,0.00,16.00,0.08,0.00,0.00,16.00,0.08
23:56:52.680 [TUNER] 1895,1000,0.00,0.00,16.00,0.08,0.00,0.00,16.00,0.08
23:56:52.681 [TUNER] 1896,1000,0.00,0.00,16.00,0.08,0.00,0.00,16.00,0.08
23:56:52.716 [TUNER] 1897,1000,0.00,0.00,16.00,0.08,0.00,0.00,16.00,0.08
23:56:52.718 [TUNER] 1898,1000,0.00,0.00,16.00,0.08,0.00,0.00,16.00,0.08
23:56:52.753 [TUNER] 1899,1000,0.00,0.00,16.00,0.08,0.00,0.00,16.00,0.08
23:56:52.787 [TUNER] 1900,1000,0.00,0.00,16.00,0.08,0.00,0.00,16.00,0.08
23:56:52.789 [TUNER] 1901,1000,0.00,0.00,16.00,0.08,0.00,0.00,16.00,0.08
23:56:52.822 [TUNER] 1902,1000,0.00,0.00,16.00,0.08,0.00,0.00,16.00,0.08
23:56:52.822 [TUNER] 1903,1000,0.00,0.00,16.00,0.08,0.00,0.00,16.00,0.08
23:56:52.857 [TUNER] 1904,1000,0.00,0.00,16.00,0.08,0.00,0.00,16.00,0.08
23:56:52.857 [TUNER] 1905,1000,0.00,0.00,16.00,0.08,0.00,0.00,16.00,0.08
23:56:52.891 [TUNER] 1906,1000,0.00,0.00,16.00,0.08,0.00,0.00,16.00,0.08
23:56:52.926 [TUNER] 1907,1000,0.00,0.00,16.00,0.08,0.00,0.00,16.00,0.08
23:56:52.927 [TUNER] 1908,1000,0.00,0.00,16.00,0.08,0.00,0.00,16.00,0.08
23:56:52.962 [TUNER] 1909,1000,0.00,0.00,16.00,0.08,0.00,0.00,16.00,0.08
23:56:52.962 [TUNER] 1910,1000,0.00,0.00,16.00,0.08,0.00,0.00,16.00,0.08
23:56:53.001 [TUNER] 1911,1000,0.00,0.00,16.00,0.08,0.00,0.00,16.00,0.08
23:56:53.001 [TUNER] 1912,1000,0.00,0.00,16.00,0.08,0.00,0.00,16.00,0.08
23:56:53.032 [TUNER] 1913,1000,0.00,0.00,16.00,0.08,0.00,0.00,16.00,0.08
23:56:53.065 [TUNER] 1914,1000,0.00,0.00,16.00,0.08,0.00,0.00,16.00,0.08
23:56:53.066 [TUNER] 1915,1000,0.00,0.00,16.00,0.08,0.00,0.00,16.00,0.08
23:56:53.103 [TUNER] 1916,1000,0.00,0.00,16.00,0.08,0.00,0.00,16.00,0.08
23:56:53.103 [TUNER] 1917,1000,0.00,0.00,16.00,0.08,0.00,0.00,16.00,0.08
23:56:53.137 [TUNER] 1918,1000,0.00,0.00,16.00,0.08,0.00,0.00,16.00,0.08
23:56:53.138 [TUNER] 1919,1000,0.00,0.00,16.00,0.08,0.00,0.00,16.00,0.08
23:56:53.171 [TUNER] 1920,1000,0.00,0.00,16.00,0.08,0.00,0.00,16.00,0.08
23:56:53.243 [TUNER] 1921,1000,0.00,0.00,16.00,0.08,0.00,0.00,16.00,0.08
23:56:53.244 [TUNER] 1922,1000,0.00,0.00,16.00,0.08,0.00,0.00,16.00,0.08
23:56:53.244 [TUNER] 1923,1000,0.00,0.00,16.00,0.08,0.00,0.00,16.00,0.08
23:56:53.244 [TUNER] 1924,1000,0.00,0.00,16.00,0.08,0.00,0.00,16.00,0.08
23:56:53.277 [TUNER] 1925,1000,0.00,0.00,16.00,0.08,0.00,0.00,16.00,0.08
23:56:53.278 [TUNER] 1926,1000,0.00,0.00,16.00,0.08,0.00,0.00,16.00,0.08
23:56:53.349 [TUNER] 1927,1000,0.00,0.00,16.00,0.08,0.00,0.00,16.00,0.08
23:56:53.349 [TUNER] 1928,1000,0.00,0.00,16.00,0.08,0.00,0.00,16.00,0.08
23:56:53.349 [TUNER] 1929,1000,0.00,0.00,16.00,0.08,0.00,0.00,16.00,0.08
23:56:53.383 [TUNER] 1930,1000,0.00,0.00,16.00,0.08,0.00,0.00,16.00,0.08
23:56:53.385 [TUNER] 1931,1000,0.00,0.00,16.00,0.08,0.00,0.00,16.00,0.08
23:56:53.416 [TUNER] 1932,1000,0.00,0.00,16.00,0.08,0.00,0.00,16.00,0.08
23:56:53.417 [TUNER] 1933,1000,0.00,0.00,16.00,0.08,0.00,0.00,16.00,0.08
23:56:53.451 [TUNER] 1934,1000,0.00,0.00,16.00,0.08,0.00,0.00,16.00,0.08
23:56:53.488 [TUNER] 1935,1000,0.00,0.00,16.00,0.08,0.00,0.00,16.00,0.08
23:56:53.489 [TUNER] 1936,1000,0.00,0.00,16.00,0.08,0.00,0.00,16.00,0.08
23:56:53.521 [TUNER] 1937,1000,0.00,0.00,16.00,0.08,0.00,0.00,16.00,0.08
23:56:53.522 [TUNER] 1938,1000,0.00,0.00,16.00,0.08,0.00,0.00,16.00,0.08
23:56:53.557 [TUNER] 1939,1000,0.00,0.00,16.00,0.08,0.00,0.00,16.00,0.08
23:56:53.557 [TUNER] 1940,1000,0.00,0.00,16.00,0.08,0.00,0.00,16.00,0.08
23:56:53.591 [TUNER] 1941,1000,0.00,0.00,16.00,0.08,0.00,0.00,16.00,0.08
23:56:53.626 [TUNER] 1942,1000,0.00,0.00,16.00,0.08,0.00,0.00,16.00,0.08
23:56:53.627 [TUNER] 1943,1000,0.00,0.00,16.00,0.08,0.00,0.00,16.00,0.08
23:56:53.663 [TUNER] 1944,1000,0.00,0.00,16.00,0.08,0.00,0.00,16.00,0.08
23:56:53.663 [TUNER] 1945,1000,0.00,0.00,16.00,0.08,0.00,0.00,16.00,0.08
23:56:53.697 [TUNER] 1946,1000,0.00,0.00,16.00,0.08,0.00,0.00,16.00,0.08
23:56:53.698 [TUNER] 1947,1000,0.00,0.00,16.00,0.08,0.00,0.00,16.00,0.08
23:56:53.732 [TUNER] 1948,1000,0.00,0.00,16.00,0.08,0.00,0.00,16.00,0.08
23:56:53.768 [TUNER] 1949,1000,0.00,0.00,16.00,0.08,0.00,0.00,16.00,0.08
23:56:53.838 [TUNER] 1950,1000,0.00,0.00,16.00,0.08,0.00,0.00,16.00,0.08
23:56:53.871 [TUNER] 1951,1000,0.00,0.00,16.00,0.08,0.00,0.00,16.00,0.08
23:56:53.871 [TUNER] 1952,1000,0.00,0.00,16.00,0.08,0.00,0.00,16.00,0.08
23:56:53.872 [TUNER] 1953,1000,0.00,0.00,16.00,0.08,0.00,0.00,16.00,0.08
23:56:53.872 [TUNER] 1954,1000,0.00,0.00,16.00,0.08,0.00,0.00,16.00,0.08
23:56:53.873 [TUNER] 1955,1000,0.00,0.00,16.00,0.08,0.00,0.00,16.00,0.08
23:56:53.874 [TUNER] 1956,1000,0.00,0.00,16.00,0.08,0.00,0.00,16.00,0.08
23:56:53.905 [TUNER] 1957,1000,0.00,0.00,16.00,0.08,0.00,0.00,16.00,0.08
23:56:53.941 [TUNER] 1958,1000,0.00,0.00,16.00,0.08,0.00,0.00,16.00,0.08
23:56:53.942 [TUNER] 1959,1000,0.00,0.00,16.00,0.08,0.00,0.00,16.00,0.08
23:56:53.977 [TUNER] 1960,1000,0.00,0.00,16.00,0.08,0.00,0.00,16.00,0.08
23:56:53.977 [TUNER] 1961,1000,0.00,0.00,16.00,0.08,0.00,0.00,16.00,0.08
23:56:54.011 [TUNER] 1962,1000,0.00,0.00,16.00,0.08,0.00,0.00,16.00,0.08
23:56:54.050 [TUNER] 1963,1000,0.00,0.00,16.00,0.08,0.00,0.00,16.00,0.08
23:56:54.053 [TUNER] 1964,1000,0.00,0.00,16.00,0.08,0.00,0.00,16.00,0.08
23:56:54.083 [TUNER] 1965,1000,0.00,0.00,16.00,0.08,0.00,0.00,16.00,0.08
23:56:54.083 [TUNER] 1966,1000,0.00,0.00,16.00,0.08,0.00,0.00,16.00,0.08
23:56:54.120 [TUNER] 1967,1000,0.00,0.00,16.00,0.08,0.00,0.00,16.00,0.08
23:56:54.120 [TUNER] 1968,1000,0.00,0.00,16.00,0.08,0.00,0.00,16.00,0.08
23:56:54.152 [TUNER] 1969,1000,0.00,0.00,16.00,0.08,0.00,0.00,16.00,0.08
23:56:54.186 [TUNER] 1970,1000,0.00,0.00,16.00,0.08,0.00,0.00,16.00,0.08
23:56:54.187 [TUNER] 1971,1000,0.00,0.00,16.00,0.08,0.00,0.00,16.00,0.08
23:56:54.223 [TUNER] 1972,1000,0.00,0.00,16.00,0.08,0.00,0.00,16.00,0.08
23:56:54.224 [TUNER] 1973,1000,0.00,0.00,16.00,0.08,0.00,0.00,16.00,0.08
23:56:54.257 [TUNER] 1974,1000,0.00,0.00,16.00,0.08,0.00,0.00,16.00,0.08
23:56:54.258 [TUNER] 1975,1000,0.00,0.00,16.00,0.08,0.00,0.00,16.00,0.08
23:56:54.291 [TUNER] 1976,1000,0.00,0.00,16.00,0.08,0.00,0.00,16.00,0.08
23:56:54.326 [TUNER] 1977,1000,0.00,0.00,16.00,0.08,0.00,0.00,16.00,0.08
23:56:54.326 [TUNER] 1978,1000,0.00,0.00,16.00,0.08,0.00,0.00,16.00,0.08
23:56:54.362 [TUNER] 1979,1000,0.00,0.00,16.00,0.08,0.00,0.00,16.00,0.08
23:56:54.362 [TUNER] 1980,1000,0.00,0.00,16.00,0.08,0.00,0.00,16.00,0.08
23:56:54.397 [TUNER] 1981,1000,0.00,0.00,16.00,0.08,0.00,0.00,16.00,0.08
23:56:54.397 [TUNER] 1982,1000,0.00,0.00,16.00,0.08,0.00,0.00,16.00,0.08
23:56:54.434 [TUNER] 1983,1000,0.00,0.00,16.00,0.08,0.00,0.00,16.00,0.08
23:56:54.467 [TUNER] 1984,1000,0.00,0.00,16.00,0.08,0.00,0.00,16.00,0.08
23:56:54.470 [TUNER] 1985,1000,0.00,0.00,16.00,0.08,0.00,0.00,16.00,0.08
23:56:54.502 [TUNER] 1986,1000,0.00,0.00,16.00,0.08,0.00,0.00,16.00,0.08
23:56:54.504 [TUNER] 1987,1000,0.00,0.00,16.00,0.08,0.00,0.00,16.00,0.08
23:56:54.536 [TUNER] 1988,1000,0.00,0.00,16.00,0.08,0.00,0.00,16.00,0.08
23:56:54.537 [TUNER] 1989,1000,0.00,0.00,16.00,0.08,0.00,0.00,16.00,0.08
23:56:54.571 [TUNER] 1990,1000,0.00,0.00,16.00,0.08,0.00,0.00,16.00,0.08
23:56:54.607 [TUNER] 1991,1000,0.00,0.00,16.00,0.08,0.00,0.00,16.00,0.08
23:56:54.607 [TUNER] 1992,1000,0.00,0.00,16.00,0.08,0.00,0.00,16.00,0.08
23:56:54.643 [TUNER] 1993,1000,0.00,0.00,16.00,0.08,0.00,0.00,16.00,0.08
23:56:54.643 [TUNER] 1994,1000,0.00,0.00,16.00,0.08,0.00,0.00,16.00,0.08
23:56:54.678 [TUNER] 1995,1000,0.00,0.00,16.00,0.08,0.00,0.00,16.00,0.08
23:56:54.678 [TUNER] 1996,1000,0.00,0.00,16.00,0.08,0.00,0.00,16.00,0.08
23:56:54.712 [TUNER] 1997,1000,0.00,0.00,16.00,0.08,0.00,0.00,16.00,0.08
23:56:54.746 [TUNER] 1998,1000,0.00,0.00,16.00,0.08,0.00,0.00,16.00,0.08
23:56:54.747 [TUNER] 1999,1000,0.00,0.00,16.00,0.08,0.00,0.00,16.00,0.08
23:56:54.782 [TUNER] --- CSV END ---