17:24:11.511 [TUNER] --- CSV START ---
17:24:11.512 [TUNER] Metadata,PID_0(P:12.86410 I:459.21881 D:0.00000),PID_1(P:12.64200 I:452.00949 D:0.00000)
17:24:11.513 [TUNER] Tick,DeltaTime_us,Reading_0,Setpoint_0,Output_0,int_0,Reading_1,Setpoint_1,Output_1,int_1
17:24:11.516 [TUNER] 0,0,0.00,0.00,0.14,0.00,0.00,0.00,0.11,0.00
17:24:11.535 [TUNER] 1,860,0.00,8.00,0.14,0.00,0.00,8.00,0.11,0.00
17:24:11.536 [TUNER] 2,1002,0.00,16.00,0.37,0.00,0.00,16.00,0.34,0.00
17:24:11.580 [TUNER] 3,998,0.00,24.00,0.37,0.00,0.00,24.00,0.34,0.00
17:24:11.580 [TUNER] 4,1002,0.00,32.00,0.62,0.00,0.00,32.00,0.59,0.00
17:24:11.622 [TUNER] 5,998,0.00,40.00,0.62,0.00,0.00,40.00,0.59,0.00
17:24:11.622 [TUNER] 6,1003,5.15,48.00,0.82,0.00,0.00,48.00,0.85,0.00
17:24:11.664 [TUNER] 7,997,5.15,56.00,0.82,0.00,0.00,56.00,0.85,0.00
17:24:11.665 [TUNER] 8,1003,13.57,64.00,0.98,0.00,6.01,64.00,1.04,0.00
17:24:11.708 [TUNER] 9,997,13.57,72.00,0.98,0.00,6.01,72.00,1.04,0.00
17:24:11.709 [TUNER] 10,1003,24.60,80.00,1.10,0.00,12.54,80.00,1.24,0.00
17:24:11.795 [TUNER] 11,997,24.60,88.00,1.10,0.00,12.54,88.00,1.24,0.00
17:24:11.795 [TUNER] 12,1003,29.13,96.00,1.33,0.00,20.34,96.00,1.43,0.00
17:24:11.795 [TUNER] 13,997,29.13,104.00,1.33,0.00,20.34,104.00,1.43,0.00
17:24:11.796 [TUNER] 14,1003,37.05,112.00,1.52,0.00,27.44,112.00,1.63,0.00
17:24:11.835 [TUNER] 15,997,37.05,120.00,1.52,0.00,27.44,120.00,1.63,0.00
17:24:11.835 [TUNER] 16,1003,45.96,128.00,1.70,0.00,35.70,128.00,1.83,0.00
17:24:11.878 [TUNER] 17,997,45.96,136.00,1.70,0.00,35.70,136.00,1.83,0.00
17:24:11.878 [TUNER] 18,1003,52.23,144.00,1.92,0.00,46.60,144.00,1.99,0.00
17:24:11.879 [TUNER] 19,997,52.23,152.00,1.92,0.00,46.60,152.00,1.99,0.00
17:24:11.921 [TUNER] 20,1003,64.98,160.00,2.06,0.00,59.61,160.00,2.14,0.00
17:24:11.922 [TUNER] 21,997,64.98,168.00,2.06,0.00,59.61,168.00,2.14,0.00
17:24:11.963 [TUNER] 22,1003,76.90,176.00,2.22,0.00,74.32,176.00,2.26,0.00
17:24:11.963 [TUNER] 23,997,76.90,184.00,2.22,0.00,74.32,184.00,2.26,0.00
17:24:12.006 [TUNER] 24,1003,92.44,192.00,2.33,0.00,87.80,192.00,2.40,0.00
17:24:12.006 [TUNER] 25,997,92.44,200.00,2.33,0.00,87.80,200.00,2.40,0.00
17:24:12.051 [TUNER] 26,1003,107.46,208.00,2.45,0.00,105.46,208.00,2.49,0.00
17:24:12.051 [TUNER] 27,997,107.46,216.00,2.45,0.00,105.46,216.00,2.49,0.00
17:24:12.088 [TUNER] 28,1003,120.33,224.00,2.60,0.00,125.60,224.00,2.54,0.00
17:24:12.089 [TUNER] 29,997,120.33,232.00,2.60,0.00,125.60,232.00,2.54,0.00
17:24:12.090 [TUNER] 30,1003,137.49,240.00,2.70,0.00,152.03,240.00,2.50,0.00
17:24:12.133 [TUNER] 31,997,137.49,248.00,2.70,0.00,152.03,248.00,2.50,0.00
17:24:12.134 [TUNER] 32,1003,158.96,256.00,2.73,0.00,177.46,256.00,2.47,0.00
17:24:12.174 [TUNER] 33,997,158.96,264.00,2.73,0.00,177.46,264.00,2.47,0.00
17:24:12.174 [TUNER] 34,1003,177.85,272.00,2.79,0.00,197.80,272.00,2.49,0.00
17:24:12.220 [TUNER] 35,997,177.85,280.00,2.79,0.00,197.80,280.00,2.49,0.00
17:24:12.220 [TUNER] 36,1003,198.12,288.00,2.84,0.00,222.67,288.00,2.45,0.00
17:24:12.260 [TUNER] 37,997,198.12,296.00,2.84,0.00,222.67,296.00,2.45,0.00
17:24:12.260 [TUNER] 38,1003,233.23,304.00,2.67,0.00,244.28,304.00,2.45,0.00
17:24:12.306 [TUNER] 39,997,233.23,312.00,2.67,0.00,244.28,312.00,2.45,0.00
17:24:12.308 [TUNER] 40,1003,274.20,320.00,2.41,0.00,265.86,320.00,2.44,0.00
17:24:12.344 [TUNER] 41,997,274.20,328.00,2.41,0.00,265.86,328.00,2.44,0.00
17:24:12.344 [TUNER] 42,1003,308.70,336.00,2.21,0.00,284.85,336.00,2.47,0.00
17:24:12.388 [TUNER] 43,997,308.70,344.00,2.21,0.00,284.85,344.00,2.47,0.00
17:24:12.388 [TUNER] 44,1003,330.29,352.00,2.17,0.00,298.32,352.00,2.56,0.00
17:24:12.428 [TUNER] 45,997,330.29,360.00,2.17,0.00,298.32,360.00,2.56,0.00
17:24:12.429 [TUNER] 46,1003,343.26,368.00,2.25,0.00,334.87,368.00,2.35,0.00
17:24:12.430 [TUNER] 47,997,343.26,376.00,2.25,0.00,334.87,376.00,2.35,0.00
17:24:12.475 [TUNER] 48,1003,360.51,384.00,2.27,0.00,361.53,384.00,2.25,0.00
17:24:12.478 [TUNER] 49,997,360.51,392.00,2.27,0.00,361.53,392.00,2.25,0.00
17:24:12.514 [TUNER] 50,1003,396.65,400.00,2.02,0.00,393.17,400.00,2.07,0.00
17:24:12.515 [TUNER] 51,997,396.65,408.00,2.02,0.00,393.17,408.00,2.07,0.00
17:24:12.558 [TUNER] 52,1003,416.11,416.00,1.99,0.00,427.07,416.00,1.85,0.00
17:24:12.559 [TUNER] 53,997,416.11,424.00,1.99,0.00,427.07,424.00,1.85,0.00
17:24:12.599 [TUNER] 54,1003,418.79,432.00,2.19,0.00,461.06,432.00,1.61,0.00
17:24:12.600 [TUNER] 55,997,418.79,440.00,2.19,0.00,461.06,440.00,1.61,0.00
17:24:12.640 [TUNER] 56,1003,444.13,448.00,2.09,0.00,473.65,448.00,1.65,0.00
17:24:12.641 [TUNER] 57,997,444.13,456.00,2.09,0.00,473.65,456.00,1.65,0.00
17:24:12.684 [TUNER] 58,1003,485.01,464.00,1.77,0.00,485.44,464.00,1.69,0.00
17:24:12.684 [TUNER] 59,997,485.01,472.00,1.77,0.00,485.44,472.00,1.69,0.00
17:24:12.727 [TUNER] 60,1003,502.26,480.00,1.74,0.00,500.02,480.00,1.71,0.00
17:24:12.728 [TUNER] 61,997,502.26,488.00,1.74,0.00,500.02,488.00,1.71,0.00
17:24:12.774 [TUNER] 62,1003,506.61,496.00,1.90,0.00,503.10,496.00,1.88,0.00
17:24:12.775 [TUNER] 63,997,506.61,504.00,1.90,0.00,503.10,504.00,1.88,0.00
17:24:12.776 [TUNER] 64,1003,520.40,512.00,1.93,0.00,514.16,512.00,1.95,0.00
17:24:12.811 [TUNER] 65,997,520.40,520.00,1.93,0.00,514.16,520.00,1.95,0.00
17:24:12.812 [TUNER] 66,1003,545.17,528.00,1.82,0.00,517.84,528.00,2.13,0.00
17:24:12.855 [TUNER] 67,997,545.17,536.00,1.82,0.00,517.84,536.00,2.13,0.00
17:24:12.855 [TUNER] 68,1003,553.83,544.00,1.92,0.00,537.98,544.00,2.10,0.00
17:24:12.898 [TUNER] 69,997,553.83,552.00,1.92,0.00,537.98,552.00,2.10,0.00
17:24:12.898 [TUNER] 70,1003,562.47,560.00,2.03,0.00,564.39,560.00,1.98,0.00
17:24:12.941 [TUNER] 71,997,562.47,568.00,2.03,0.00,564.39,568.00,1.98,0.00
17:24:12.942 [TUNER] 72,1003,583.12,576.00,1.97,0.00,581.22,576.00,1.98,0.00
17:24:12.981 [TUNER] 73,997,583.12,584.00,1.97,0.00,581.22,584.00,1.98,0.00
17:24:12.982 [TUNER] 74,1003,603.08,592.00,1.93,0.00,597.27,592.00,1.99,0.00
17:24:13.024 [TUNER] 75,997,603.08,600.00,1.93,0.00,597.27,600.00,1.99,0.00
17:24:13.026 [TUNER] 76,1003,607.03,608.00,2.10,0.00,604.09,608.00,2.12,0.00
17:24:13.068 [TUNER] 77,997,607.03,616.00,2.10,0.00,604.09,616.00,2.12,0.00
17:24:13.068 [TUNER] 78,1003,621.35,624.00,2.14,0.00,604.40,624.00,2.35,0.00
17:24:13.111 [TUNER] 79,997,621.35,632.00,2.14,0.00,604.40,632.00,2.35,0.00
17:24:13.113 [TUNER] 80,1003,644.83,640.00,2.05,0.00,613.23,640.00,2.48,0.00
17:24:13.114 [TUNER] 81,997,644.83,648.00,2.05,0.00,613.23,648.00,2.48,0.00
17:24:13.153 [TUNER] 82,1003,639.57,656.00,2.35,0.00,652.08,656.00,2.21,0.00
17:24:13.153 [TUNER] 83,997,639.57,664.00,2.35,0.00,652.08,664.00,2.21,0.00
17:24:13.194 [TUNER] 84,1003,676.59,672.00,2.09,0.00,673.71,672.00,2.16,0.00
17:24:13.194 [TUNER] 85,997,676.59,680.00,2.09,0.00,673.71,680.00,2.16,0.00
17:24:13.238 [TUNER] 86,1003,693.32,688.00,2.09,0.00,685.87,688.00,2.22,0.00
17:24:13.241 [TUNER] 87,997,693.32,696.00,2.09,0.00,685.87,696.00,2.22,0.00
17:24:13.279 [TUNER] 88,1003,710.14,704.00,2.09,0.00,696.45,704.00,2.31,0.00
17:24:13.279 [TUNER] 89,997,710.14,712.00,2.09,0.00,696.45,712.00,2.31,0.00
17:24:13.323 [TUNER] 90,1003,736.48,720.00,1.96,0.00,712.64,720.00,2.33,0.00
17:24:13.323 [TUNER] 91,997,736.48,728.00,1.96,0.00,712.64,728.00,2.33,0.00
17:24:13.364 [TUNER] 92,1003,754.98,736.00,1.92,0.00,724.74,736.00,2.40,0.00
17:24:13.365 [TUNER] 93,997,754.98,744.00,1.92,0.00,724.74,744.00,2.40,0.00
17:24:13.408 [TUNER] 94,1003,753.45,752.00,2.16,0.00,744.72,752.00,2.37,0.00
17:24:13.409 [TUNER] 95,997,753.45,760.00,2.16,0.00,744.72,760.00,2.37,0.00
17:24:13.448 [TUNER] 96,1003,778.00,768.00,2.06,0.00,764.15,768.00,2.35,0.00
17:24:13.449 [TUNER] 97,997,778.00,776.00,2.06,0.00,764.15,776.00,2.35,0.00
17:24:13.450 [TUNER] 98,1003,784.76,784.00,2.19,0.00,794.29,784.00,2.18,0.00
17:24:13.494 [TUNER] 99,997,784.76,792.00,2.19,0.00,794.29,792.00,2.18,0.00
17:24:13.494 [TUNER] 100,1003,786.73,800.00,2.40,0.00,811.53,800.00,2.16,0.00
17:24:13.535 [TUNER] 101,997,786.73,808.00,2.40,0.00,811.53,808.00,2.16,0.00
17:24:13.535 [TUNER] 102,1003,807.20,816.00,2.36,0.00,803.85,816.00,2.49,0.00
17:24:13.578 [TUNER] 103,997,807.20,824.00,2.36,0.00,803.85,824.00,2.49,0.00
17:24:13.580 [TUNER] 104,1003,804.68,832.00,2.64,0.00,836.36,832.00,2.29,0.00
17:24:13.620 [TUNER] 105,997,804.68,840.00,2.64,0.00,836.36,840.00,2.29,0.00
17:24:13.620 [TUNER] 106,1003,836.17,848.00,2.47,0.00,849.49,848.00,2.34,0.00
17:24:13.662 [TUNER] 107,997,836.17,856.00,2.47,0.00,849.49,856.00,2.34,0.00
17:24:13.662 [TUNER] 108,1003,847.61,864.00,2.55,0.00,863.42,864.00,2.38,0.00
17:24:13.708 [TUNER] 109,997,847.61,872.00,2.55,0.00,863.42,872.00,2.38,0.00
17:24:13.710 [TUNER] 110,1003,862.78,880.00,2.60,0.00,853.09,880.00,2.75,0.00
17:24:13.746 [TUNER] 111,997,862.78,888.00,2.60,0.00,853.09,888.00,2.75,0.00
17:24:13.747 [TUNER] 112,1003,883.51,896.00,2.56,0.00,862.87,896.00,2.88,0.00
17:24:13.792 [TUNER] 113,997,883.51,904.00,2.56,0.00,862.87,904.00,2.88,0.00
17:24:13.792 [TUNER] 114,1003,894.07,912.00,2.66,0.00,909.35,912.00,2.51,0.00
17:24:13.793 [TUNER] 115,997,894.07,920.00,2.66,0.00,909.35,920.00,2.51,0.00
17:24:13.832 [TUNER] 116,1003,930.02,928.00,2.42,0.00,932.79,928.00,2.42,0.00
17:24:13.833 [TUNER] 117,997,930.02,936.00,2.42,0.00,932.79,936.00,2.42,0.00
17:24:13.876 [TUNER] 118,1003,954.48,944.00,2.31,0.00,956.69,944.00,2.33,0.00
17:24:13.876 [TUNER] 119,997,954.48,952.00,2.31,0.00,956.69,952.00,2.33,0.00
17:24:13.916 [TUNER] 120,1003,999.81,960.00,1.91,0.00,953.48,960.00,2.59,0.00
17:24:13.916 [TUNER] 121,997,999.81,968.00,1.91,0.00,953.48,968.00,2.59,0.00
17:24:13.960 [TUNER] 122,1003,1013.75,976.00,1.92,0.00,1002.45,976.00,2.17,0.00
17:24:13.960 [TUNER] 123,997,1013.75,984.00,1.92,0.00,1002.45,984.00,2.17,0.00
17:24:14.005 [TUNER] 124,1003,1040.36,992.00,1.75,0.00,1015.00,992.00,2.20,0.00
17:24:14.007 [TUNER] 125,997,1040.36,1000.00,1.75,0.00,1015.00,1000.00,2.20,0.00
17:24:14.044 [TUNER] 126,1003,1016.98,1008.00,2.27,0.00,1043.94,1008.00,2.02,0.00
17:24:14.044 [TUNER] 127,997,1016.98,1016.00,2.27,0.00,1043.94,1016.00,2.02,0.00
17:24:14.088 [TUNER] 128,1003,1022.33,1024.00,2.42,0.00,1030.15,1024.00,2.41,0.00
17:24:14.089 [TUNER] 129,997,1022.33,1032.00,2.42,0.00,1030.15,1032.00,2.41,0.00
17:24:14.130 [TUNER] 130,1003,1013.72,1040.00,2.78,0.00,1055.20,1040.00,2.29,0.00
17:24:14.130 [TUNER] 131,997,1013.72,1048.00,2.78,0.00,1055.20,1048.00,2.29,0.00
17:24:14.130 [TUNER] 132,1003,1035.18,1056.00,2.74,0.00,1066.65,1056.00,2.36,0.00
17:24:14.175 [TUNER] 133,997,1035.18,1064.00,2.74,0.00,1066.65,1064.00,2.36,0.00
17:24:14.177 [TUNER] 134,1003,1050.64,1072.00,2.78,0.00,1083.54,1072.00,2.35,0.00
17:24:14.216 [TUNER] 135,997,1050.64,1080.00,2.78,0.00,1083.54,1080.00,2.35,0.00
17:24:14.217 [TUNER] 136,1003,1077.60,1088.00,2.66,0.00,1073.00,1088.00,2.71,0.00
17:24:14.255 [TUNER] 137,997,1077.60,1096.00,2.66,0.00,1073.00,1096.00,2.71,0.00
17:24:14.256 [TUNER] 138,1003,1077.70,1104.00,2.91,0.00,1101.50,1104.00,2.57,0.00
17:24:14.298 [TUNER] 139,997,1077.70,1112.00,2.91,0.00,1101.50,1112.00,2.57,0.00
17:24:14.298 [TUNER] 140,1003,1124.16,1120.00,2.53,0.00,1103.69,1120.00,2.78,0.00
17:24:14.345 [TUNER] 141,997,1124.16,1128.00,2.53,0.00,1103.69,1128.00,2.78,0.00
17:24:14.345 [TUNER] 142,1003,1141.58,1136.00,2.52,0.00,1121.76,1136.00,2.78,0.00
17:24:14.383 [TUNER] 143,997,1141.58,1144.00,2.52,0.00,1121.76,1144.00,2.78,0.00
17:24:14.384 [TUNER] 144,1003,1174.41,1152.00,2.29,0.00,1127.63,1152.00,2.94,0.00
17:24:14.426 [TUNER] 145,997,1174.41,1160.00,2.29,0.00,1127.63,1160.00,2.94,0.00
17:24:14.426 [TUNER] 146,1003,1186.92,1168.00,2.34,0.00,1165.83,1168.00,2.68,0.00
17:24:14.472 [TUNER] 147,997,1186.92,1176.00,2.34,0.00,1165.83,1176.00,2.68,0.00
17:24:14.472 [TUNER] 148,1003,1188.35,1184.00,2.53,0.00,1200.68,1184.00,2.44,0.00
17:24:14.473 [TUNER] 149,997,1188.35,1192.00,2.53,0.00,1200.68,1192.00,2.44,0.00
17:24:14.510 [TUNER] 150,1003,1180.04,1200.00,2.88,0.00,1201.07,1200.00,2.65,0.00
17:24:14.510 [TUNER] 151,997,1180.04,1208.00,2.88,0.00,1201.07,1208.00,2.65,0.00
17:24:14.555 [TUNER] 152,1003,1184.56,1216.00,3.07,0.00,1196.23,1216.00,2.95,0.00
17:24:14.556 [TUNER] 153,997,1184.56,1224.00,3.07,0.00,1196.23,1224.00,2.95,0.00
17:24:14.596 [TUNER] 154,1003,1207.08,1232.00,3.02,0.00,1212.12,1232.00,2.98,0.00
17:24:14.597 [TUNER] 155,997,1207.08,1240.00,3.02,0.00,1212.12,1240.00,2.98,0.00
17:24:14.640 [TUNER] 156,1003,1213.92,1248.00,3.19,0.00,1249.74,1248.00,2.72,0.00
17:24:14.640 [TUNER] 157,997,1213.92,1256.00,3.19,0.00,1249.74,1256.00,2.72,0.00
17:24:14.682 [TUNER] 158,1003,1254.62,1264.00,2.89,0.00,1245.47,1264.00,3.01,0.00
17:24:14.683 [TUNER] 159,997,1254.62,1272.00,2.89,0.00,1245.47,1272.00,3.01,0.00
17:24:14.724 [TUNER] 160,1003,1257.11,1280.00,3.10,0.00,1257.52,1280.00,3.09,0.00
17:24:14.724 [TUNER] 161,997,1257.11,1288.00,3.10,0.00,1257.52,1288.00,3.09,0.00
17:24:14.767 [TUNER] 162,1003,1288.31,1296.00,2.93,0.00,1300.66,1296.00,2.76,0.00
17:24:14.767 [TUNER] 163,997,1288.31,1304.00,2.93,0.00,1300.66,1304.00,2.76,0.00
17:24:14.811 [TUNER] 164,1003,1350.20,1312.00,2.32,0.00,1315.42,1312.00,2.79,0.00
17:24:14.812 [TUNER] 165,997,1350.20,1320.00,2.32,0.00,1315.42,1320.00,2.79,0.00
17:24:14.813 [TUNER] 166,1003,1366.22,1328.00,2.30,0.00,1348.70,1328.00,2.56,0.00
17:24:14.850 [TUNER] 167,997,1366.22,1336.00,2.30,0.00,1348.70,1336.00,2.56,0.00
17:24:14.850 [TUNER] 168,1003,1379.89,1344.00,2.31,0.00,1374.47,1344.00,2.43,0.00
17:24:14.895 [TUNER] 169,997,1379.89,1352.00,2.31,0.00,1374.47,1352.00,2.43,0.00
17:24:14.896 [TUNER] 170,1003,1377.94,1360.00,2.54,0.00,1367.59,1360.00,2.72,0.00
17:24:14.936 [TUNER] 171,997,1377.94,1368.00,2.54,0.00,1367.59,1368.00,2.72,0.00
17:24:14.937 [TUNER] 172,1003,1348.90,1376.00,3.16,0.00,1381.85,1376.00,2.76,0.00
17:24:14.982 [TUNER] 173,997,1348.90,1384.00,3.16,0.00,1381.85,1384.00,2.76,0.00
17:24:14.982 [TUNER] 174,1003,1372.05,1392.00,3.10,0.00,1393.25,1392.00,2.83,0.00
17:24:15.020 [TUNER] 175,997,1372.05,1400.00,3.10,0.00,1393.25,1400.00,2.83,0.00
17:24:15.022 [TUNER] 176,1003,1413.76,1408.00,2.78,0.00,1388.63,1408.00,3.12,0.00
17:24:15.066 [TUNER] 177,997,1413.76,1416.00,2.78,0.00,1388.63,1416.00,3.12,0.00
17:24:15.066 [TUNER] 178,1003,1383.56,1424.00,3.42,0.00,1408.13,1424.00,3.10,0.00
17:24:15.106 [TUNER] 179,997,1383.56,1432.00,3.42,0.00,1408.13,1432.00,3.10,0.00
17:24:15.106 [TUNER] 180,1003,1394.62,1440.00,3.54,0.00,1437.47,1440.00,2.95,0.00
17:24:15.148 [TUNER] 181,997,1394.62,1448.00,3.54,0.00,1437.47,1448.00,2.95,0.00
17:24:15.148 [TUNER] 182,1003,1414.64,1456.00,3.54,0.00,1422.29,1456.00,3.39,0.00
17:24:15.150 [TUNER] 183,997,1414.64,1464.00,3.54,0.00,1422.29,1464.00,3.39,0.00
17:24:15.193 [TUNER] 184,1003,1415.19,1472.00,3.81,0.00,1442.79,1472.00,3.38,0.00
17:24:15.194 [TUNER] 185,997,1415.19,1480.00,3.81,0.00,1442.79,1480.00,3.38,0.00
17:24:15.233 [TUNER] 186,1003,1448.28,1488.00,3.64,0.00,1480.66,1488.00,3.12,0.00
17:24:15.233 [TUNER] 187,997,1448.28,1496.00,3.64,0.00,1480.66,1496.00,3.12,0.00
17:24:15.279 [TUNER] 188,1003,1512.54,1504.00,3.02,0.00,1505.81,1504.00,3.02,0.00
17:24:15.280 [TUNER] 189,997,1512.54,1512.00,3.02,0.00,1505.81,1512.00,3.02,0.00
17:24:15.318 [TUNER] 190,1003,1552.79,1520.00,2.70,0.00,1562.00,1520.00,2.49,0.00
17:24:15.319 [TUNER] 191,997,1552.79,1528.00,2.70,0.00,1562.00,1528.00,2.49,0.00
17:24:15.361 [TUNER] 192,1003,1610.75,1536.00,2.10,0.00,1624.14,1536.00,1.84,0.00
17:24:15.362 [TUNER] 193,997,1610.75,1544.00,2.10,0.00,1624.14,1544.00,1.84,0.00
17:24:15.404 [TUNER] 194,1003,1657.98,1552.00,1.62,0.00,1671.27,1552.00,1.35,0.00
17:24:15.405 [TUNER] 195,997,1657.98,1560.00,1.62,0.00,1671.27,1560.00,1.35,0.00
17:24:15.448 [TUNER] 196,1003,1708.66,1568.00,1.06,0.00,1700.39,1568.00,1.08,0.00
17:24:15.448 [TUNER] 197,997,1708.66,1576.00,1.06,0.00,1700.39,1576.00,1.08,0.00
17:24:15.490 [TUNER] 198,1003,1704.52,1584.00,1.22,0.00,1640.35,1584.00,2.01,0.00
17:24:15.491 [TUNER] 199,997,1704.52,1592.00,1.22,0.00,1640.35,1592.00,2.01,0.00
17:24:15.492 [TUNER] 200,1003,1609.30,1600.00,2.66,0.00,1594.04,1600.00,2.81,0.00
17:24:15.532 [TUNER] 201,997,1609.30,1608.00,2.66,0.00,1594.04,1608.00,2.81,0.00
17:24:15.533 [TUNER] 202,1003,1596.69,1616.00,3.06,0.00,1568.16,1616.00,3.40,0.00
17:24:15.574 [TUNER] 203,997,1596.69,1624.00,3.06,0.00,1568.16,1624.00,3.40,0.00
17:24:15.577 [TUNER] 204,1003,1605.50,1632.00,3.19,0.00,1568.08,1632.00,3.68,0.00
17:24:15.619 [TUNER] 205,997,1605.50,1640.00,3.19,0.00,1568.08,1640.00,3.68,0.00
17:24:15.620 [TUNER] 206,1003,1614.27,1648.00,3.33,0.00,1585.19,1648.00,3.73,0.00
17:24:15.660 [TUNER] 207,997,1614.27,1656.00,3.33,0.00,1585.19,1656.00,3.73,0.00
17:24:15.660 [TUNER] 208,1003,1623.00,1664.00,3.47,0.00,1633.24,1664.00,3.37,0.00
17:24:15.706 [TUNER] 209,997,1623.00,1672.00,3.47,0.00,1633.24,1672.00,3.37,0.00
17:24:15.707 [TUNER] 210,1003,1623.97,1680.00,3.73,0.00,1646.77,1680.00,3.45,0.00
17:24:15.747 [TUNER] 211,997,1623.97,1688.00,3.73,0.00,1646.77,1688.00,3.45,0.00
17:24:15.749 [TUNER] 212,1003,1643.65,1696.00,3.75,0.00,1645.56,1696.00,3.73,0.00
17:24:15.787 [TUNER] 213,997,1643.65,1704.00,3.75,0.00,1645.56,1704.00,3.73,0.00
17:24:15.788 [TUNER] 214,1003,1667.12,1712.00,3.71,0.00,1660.92,1712.00,3.79,0.00
17:24:15.830 [TUNER] 215,997,1667.12,1720.00,3.71,0.00,1660.92,1720.00,3.79,0.00
17:24:15.831 [TUNER] 216,1003,1668.72,1728.00,3.96,0.00,1701.55,1728.00,3.52,0.00
17:24:15.831 [TUNER] 217,997,1668.72,1736.00,3.96,0.00,1701.55,1736.00,3.52,0.00
17:24:15.874 [TUNER] 218,1003,1704.36,1744.00,3.76,0.00,1734.92,1744.00,3.32,0.00
17:24:15.875 [TUNER] 219,997,1704.36,1752.00,3.76,0.00,1734.92,1752.00,3.32,0.00
17:24:15.915 [TUNER] 220,1003,1752.63,1760.00,3.37,0.00,1728.11,1760.00,3.66,0.00
17:24:15.916 [TUNER] 221,997,1752.63,1768.00,3.37,0.00,1728.11,1768.00,3.66,0.00
17:24:15.958 [TUNER] 222,1003,1780.93,1776.00,3.22,0.00,1750.16,1776.00,3.62,0.00
17:24:15.958 [TUNER] 223,997,1780.93,1784.00,3.22,0.00,1750.16,1784.00,3.62,0.00
17:24:16.000 [TUNER] 224,1003,1786.40,1792.00,3.37,0.00,1755.76,1792.00,3.80,0.00
17:24:16.001 [TUNER] 225,997,1786.40,1800.00,3.37,0.00,1755.76,1800.00,3.80,0.00
17:24:16.042 [TUNER] 226,1003,1793.35,1808.00,3.52,0.00,1773.13,1808.00,3.83,0.00
17:24:16.043 [TUNER] 227,997,1793.35,1816.00,3.52,0.00,1773.13,1816.00,3.83,0.00
17:24:16.084 [TUNER] 228,1003,1806.64,1824.00,3.58,0.00,1817.10,1824.00,3.49,0.00
17:24:16.084 [TUNER] 229,997,1806.64,1832.00,3.58,0.00,1817.10,1832.00,3.49,0.00
17:24:16.127 [TUNER] 230,1003,1805.24,1840.00,3.85,0.00,1836.80,1840.00,3.46,0.00
17:24:16.127 [TUNER] 231,997,1805.24,1848.00,3.85,0.00,1836.80,1848.00,3.46,0.00
17:24:16.172 [TUNER] 232,1003,1808.42,1856.00,4.08,0.00,1845.70,1856.00,3.58,0.00
17:24:16.173 [TUNER] 233,997,1808.42,1864.00,4.08,0.00,1845.70,1864.00,3.58,0.00
17:24:16.173 [TUNER] 234,1003,1822.13,1872.00,4.17,0.00,1821.89,1872.00,4.14,0.00
17:24:16.212 [TUNER] 235,997,1822.13,1880.00,4.17,0.00,1821.89,1880.00,4.14,0.00
17:24:16.214 [TUNER] 236,1003,1842.55,1888.00,4.17,0.00,1862.97,1888.00,3.86,0.00
17:24:16.255 [TUNER] 237,997,1842.55,1896.00,4.17,0.00,1862.97,1896.00,3.86,0.00
17:24:16.257 [TUNER] 238,1003,1890.67,1904.00,3.78,0.00,1885.53,1904.00,3.81,0.00
17:24:16.296 [TUNER] 239,997,1890.67,1912.00,3.78,0.00,1885.53,1912.00,3.81,0.00
17:24:16.296 [TUNER] 240,1003,1950.64,1920.00,3.20,0.00,1940.52,1920.00,3.31,0.00
17:24:16.342 [TUNER] 241,997,1950.64,1928.00,3.20,0.00,1940.52,1928.00,3.31,0.00
17:24:16.342 [TUNER] 242,1003,2006.35,1936.00,2.64,0.00,1993.95,1936.00,2.80,0.00
17:24:16.382 [TUNER] 243,997,2006.35,1944.00,2.64,0.00,1993.95,1944.00,2.80,0.00
17:24:16.382 [TUNER] 244,1003,2079.26,1952.00,1.80,0.00,2028.11,1952.00,2.52,0.00
17:24:16.426 [TUNER] 245,997,2079.26,1960.00,1.80,0.00,2028.11,1960.00,2.52,0.00
17:24:16.468 [TUNER] 246,1003,2126.43,1968.00,1.27,0.00,2014.21,1968.00,2.87,0.00
17:24:16.468 [TUNER] 247,997,2126.43,1976.00,1.27,0.00,2014.21,1976.00,2.87,0.00
17:24:16.469 [TUNER] 248,1003,2073.96,1984.00,2.09,0.00,1990.20,1984.00,3.38,0.00
17:24:16.471 [TUNER] 249,997,2073.96,1992.00,2.09,0.00,1990.20,1992.00,3.38,0.00
17:24:16.509 [TUNER] 250,1003,2022.54,2000.00,2.95,0.00,1977.86,2000.00,3.78,0.00
17:24:16.510 [TUNER] 251,997,2022.54,2008.00,2.95,0.00,1977.86,2008.00,3.78,0.00
17:24:16.553 [TUNER] 252,1003,1957.35,2016.00,4.06,0.00,1973.15,2016.00,4.09,0.00
17:24:16.595 [TUNER] 253,997,1957.35,2024.00,4.06,0.00,1973.15,2024.00,4.09,0.00
17:24:16.595 [TUNER] 254,1003,1971.34,2032.00,4.16,0.00,2008.89,2032.00,3.88,0.00
17:24:16.595 [TUNER] 255,997,1971.34,2040.00,4.16,0.00,2008.89,2040.00,3.88,0.00
17:24:16.639 [TUNER] 256,1003,1958.48,2048.00,4.62,0.00,2027.18,2048.00,3.88,0.00
17:24:16.639 [TUNER] 257,997,1958.48,2056.00,4.62,0.00,2027.18,2056.00,3.88,0.00
17:24:16.678 [TUNER] 258,1003,1985.13,2064.00,4.57,0.00,2038.37,2064.00,3.98,0.00
17:24:16.678 [TUNER] 259,997,1985.13,2072.00,4.57,0.00,2038.37,2072.00,3.98,0.00
17:24:16.724 [TUNER] 260,1003,2010.75,2080.00,4.53,0.00,2049.05,2080.00,4.09,0.00
17:24:16.726 [TUNER] 261,997,2010.75,2088.00,4.53,0.00,2049.05,2088.00,4.09,0.00
17:24:16.763 [TUNER] 262,1003,2028.66,2096.00,4.58,0.00,2099.68,2096.00,3.66,0.00
17:24:16.763 [TUNER] 263,997,2028.66,2104.00,4.58,0.00,2099.68,2104.00,3.66,0.00
17:24:16.807 [TUNER] 264,1003,2086.81,2112.00,4.08,0.00,2127.29,2112.00,3.52,0.00
17:24:16.807 [TUNER] 265,997,2086.81,2120.00,4.08,0.00,2127.29,2120.00,3.52,0.00
17:24:16.848 [TUNER] 266,1003,2141.05,2128.00,3.59,0.00,2124.48,2128.00,3.77,0.00
17:24:16.849 [TUNER] 267,997,2141.05,2136.00,3.59,0.00,2124.48,2136.00,3.77,0.00
17:24:16.850 [TUNER] 268,1003,2175.00,2144.00,3.34,0.00,2111.06,2144.00,4.19,0.00
17:24:16.891 [TUNER] 269,997,2175.00,2152.00,3.34,0.00,2111.06,2152.00,4.19,0.00
17:24:16.892 [TUNER] 270,1003,2215.04,2160.00,3.00,0.00,2142.41,2160.00,4.03,0.00
17:24:16.934 [TUNER] 271,997,2215.04,2168.00,3.00,0.00,2142.41,2168.00,4.03,0.00
17:24:16.934 [TUNER] 272,1003,2195.54,2176.00,3.45,0.00,2175.23,2176.00,3.83,0.00
17:24:16.976 [TUNER] 273,997,2195.54,2184.00,3.45,0.00,2175.23,2184.00,3.83,0.00
17:24:16.976 [TUNER] 274,1003,2167.04,2192.00,4.06,0.00,2202.34,2192.00,3.69,0.00
17:24:17.023 [TUNER] 275,997,2167.04,2200.00,4.06,0.00,2202.34,2200.00,3.69,0.00
17:24:17.025 [TUNER] 276,1003,2163.15,2208.00,4.37,0.00,2208.57,2208.00,3.83,0.00
17:24:17.063 [TUNER] 277,997,2163.15,2216.00,4.37,0.00,2208.57,2216.00,3.83,0.00
17:24:17.064 [TUNER] 278,1003,2178.93,2224.00,4.43,0.00,2209.25,2224.00,4.05,0.00
17:24:17.107 [TUNER] 279,997,2178.93,2232.00,4.43,0.00,2209.25,2232.00,4.05,0.00
17:24:17.109 [TUNER] 280,1003,2207.88,2240.00,4.31,0.00,2226.13,2240.00,4.07,0.00
17:24:17.146 [TUNER] 281,997,2207.88,2248.00,4.31,0.00,2226.13,2248.00,4.07,0.00
17:24:17.146 [TUNER] 282,1003,2252.52,2256.00,3.96,0.00,2254.23,2256.00,3.93,0.00
17:24:17.191 [TUNER] 283,997,2252.52,2264.00,3.96,0.00,2254.23,2264.00,3.93,0.00
17:24:17.191 [TUNER] 284,1003,2268.47,2272.00,3.97,0.00,2290.45,2272.00,3.67,0.00
17:24:17.192 [TUNER] 285,997,2268.47,2280.00,3.97,0.00,2290.45,2280.00,3.67,0.00
17:24:17.231 [TUNER] 286,1003,2304.42,2288.00,3.72,0.00,2324.58,2288.00,3.43,0.00
17:24:17.232 [TUNER] 287,997,2304.42,2296.00,3.72,0.00,2324.58,2296.00,3.43,0.00
17:24:17.319 [TUNER] 288,1003,2304.83,2304.00,3.93,0.00,2315.81,2304.00,3.74,0.00
17:24:17.319 [TUNER] 289,997,2304.83,2312.00,3.93,0.00,2315.81,2312.00,3.74,0.00
17:24:17.319 [TUNER] 290,1003,2328.36,2320.00,3.84,0.00,2289.90,2320.00,4.32,0.00
17:24:17.320 [TUNER] 291,997,2328.36,2328.00,3.84,0.00,2289.90,2328.00,4.32,0.00
17:24:17.359 [TUNER] 292,1003,2324.85,2336.00,4.12,0.00,2307.82,2336.00,4.33,0.00
17:24:17.359 [TUNER] 293,997,2324.85,2344.00,4.12,0.00,2307.82,2344.00,4.33,0.00
17:24:17.403 [TUNER] 294,1003,2346.09,2352.00,4.07,0.00,2353.94,2352.00,3.96,0.00
17:24:17.404 [TUNER] 295,997,2346.09,2360.00,4.07,0.00,2353.94,2360.00,3.96,0.00
17:24:17.445 [TUNER] 296,1003,2346.76,2368.00,4.30,0.00,2395.13,2368.00,3.64,0.00
17:24:17.446 [TUNER] 297,997,2346.76,2376.00,4.30,0.00,2395.13,2376.00,3.64,0.00
17:24:17.487 [TUNER] 298,1003,2367.91,2384.00,4.26,0.00,2420.36,2384.00,3.50,0.00
17:24:17.490 [TUNER] 299,997,2367.91,2392.00,4.26,0.00,2420.36,2392.00,3.50,0.00
17:24:17.491 [TUNER] 300,1003,2383.12,2400.00,4.30,0.00,2451.70,2400.00,3.27,0.00
17:24:17.528 [TUNER] 301,997,2383.12,2408.00,4.30,0.00,2451.70,2408.00,3.27,0.00
17:24:17.529 [TUNER] 302,1003,2403.01,2416.00,4.28,0.00,2456.16,2416.00,3.40,0.00
17:24:17.572 [TUNER] 303,997,2403.01,2424.00,4.28,0.00,2456.16,2424.00,3.40,0.00
17:24:17.615 [TUNER] 304,1003,2420.65,2432.00,4.28,0.00,2426.23,2432.00,4.00,0.00
17:24:17.615 [TUNER] 305,997,2420.65,2440.00,4.28,0.00,2426.23,2440.00,4.00,0.00
17:24:17.616 [TUNER] 306,1003,2428.74,2448.00,4.42,0.00,2446.09,2448.00,3.97,0.00
17:24:17.660 [TUNER] 307,997,2428.74,2456.00,4.42,0.00,2446.09,2456.00,3.97,0.00
17:24:17.662 [TUNER] 308,1003,2471.30,2464.00,4.08,0.00,2480.88,2464.00,3.73,0.00
17:24:17.699 [TUNER] 309,997,2471.30,2472.00,4.08,0.00,2480.88,2472.00,3.73,0.00
17:24:17.699 [TUNER] 310,1003,2472.70,2480.00,4.29,0.00,2494.11,2480.00,3.77,0.00
17:24:17.743 [TUNER] 311,997,2472.70,2488.00,4.29,0.00,2494.11,2488.00,3.77,0.00
17:24:17.743 [TUNER] 312,1003,2460.93,2496.00,4.70,0.00,2448.00,2496.00,4.61,0.00
17:24:17.788 [TUNER] 313,997,2460.93,2504.00,4.70,0.00,2448.00,2504.00,4.61,0.00
17:24:17.789 [TUNER] 314,1003,2460.11,2512.00,4.98,0.00,2484.12,2512.00,4.39,0.00
17:24:17.825 [TUNER] 315,997,2460.11,2520.00,4.98,0.00,2484.12,2520.00,4.39,0.00
17:24:17.826 [TUNER] 316,1003,2487.80,2528.00,4.88,0.00,2522.47,2528.00,4.13,0.00
17:24:17.870 [TUNER] 317,997,2487.80,2536.00,4.88,0.00,2522.47,2536.00,4.13,0.00
17:24:17.872 [TUNER] 318,1003,2558.92,2544.00,4.17,0.00,2546.28,2544.00,4.04,0.00
17:24:17.872 [TUNER] 319,997,2558.92,2552.00,4.17,0.00,2546.28,2552.00,4.04,0.00
17:24:17.912 [TUNER] 320,1003,2586.60,2560.00,4.01,0.00,2643.50,2560.00,2.96,0.00
17:24:17.912 [TUNER] 321,997,2586.60,2568.00,4.01,0.00,2643.50,2568.00,2.96,0.00
17:24:17.954 [TUNER] 322,1003,2618.20,2576.00,3.78,0.00,2726.43,2576.00,1.99,0.00
17:24:17.954 [TUNER] 323,997,2618.20,2584.00,3.78,0.00,2726.43,2584.00,1.99,0.00
17:24:17.997 [TUNER] 324,1003,2603.97,2592.00,4.18,0.00,2718.90,2592.00,2.19,0.00
17:24:17.998 [TUNER] 325,997,2603.97,2600.00,4.18,0.00,2718.90,2600.00,2.19,0.00
17:24:18.042 [TUNER] 326,1003,2618.35,2608.00,4.20,0.00,2675.93,2608.00,2.89,0.00
17:24:18.042 [TUNER] 327,997,2618.35,2616.00,4.20,0.00,2675.93,2616.00,2.89,0.00
17:24:18.081 [TUNER] 328,1003,2647.89,2624.00,4.02,0.00,2622.66,2624.00,3.78,0.00
17:24:18.082 [TUNER] 329,997,2647.89,2632.00,4.02,0.00,2622.66,2632.00,3.78,0.00
17:24:18.124 [TUNER] 330,1003,2634.59,2640.00,4.42,0.00,2611.83,2640.00,4.16,0.00
17:24:18.124 [TUNER] 331,997,2634.59,2648.00,4.42,0.00,2611.83,2648.00,4.16,0.00
17:24:18.167 [TUNER] 332,1003,2637.69,2656.00,4.61,0.00,2621.20,2656.00,4.29,0.00
17:24:18.168 [TUNER] 333,997,2637.69,2664.00,4.61,0.00,2621.20,2664.00,4.29,0.00
17:24:18.209 [TUNER] 334,1003,2655.64,2672.00,4.62,0.00,2630.42,2672.00,4.42,0.00
17:24:18.209 [TUNER] 335,997,2655.64,2680.00,4.62,0.00,2630.42,2680.00,4.42,0.00
17:24:18.210 [TUNER] 336,1003,2718.10,2688.00,4.01,0.00,2615.46,2688.00,4.90,0.00
17:24:18.254 [TUNER] 337,997,2718.10,2696.00,4.01,0.00,2615.46,2696.00,4.90,0.00
17:24:18.255 [TUNER] 338,1003,2795.56,2704.00,3.15,0.00,2620.67,2704.00,5.12,0.00
17:24:18.295 [TUNER] 339,997,2795.56,2712.00,3.15,0.00,2620.67,2712.00,5.12,0.00
17:24:18.295 [TUNER] 340,1003,2861.82,2720.00,2.39,0.00,2715.04,2720.00,4.15,0.00
17:24:18.338 [TUNER] 341,997,2861.82,2728.00,2.39,0.00,2715.04,2728.00,4.15,0.00
17:24:18.338 [TUNER] 342,1003,2849.54,2736.00,2.66,0.00,2775.07,2736.00,3.57,0.00
17:24:18.380 [TUNER] 343,997,2849.54,2744.00,2.66,0.00,2775.07,2744.00,3.57,0.00
17:24:18.381 [TUNER] 344,1003,2780.45,2752.00,3.74,0.00,2872.92,2752.00,2.44,0.00
17:24:18.423 [TUNER] 345,997,2780.45,2760.00,3.74,0.00,2872.92,2760.00,2.44,0.00
17:24:18.423 [TUNER] 346,1003,2748.37,2768.00,4.39,0.00,2915.12,2768.00,1.99,0.00
17:24:18.466 [TUNER] 347,997,2748.37,2776.00,4.39,0.00,2915.12,2776.00,1.99,0.00
17:24:18.466 [TUNER] 348,1003,2743.32,2784.00,4.72,0.00,2879.29,2784.00,2.58,0.00
17:24:18.507 [TUNER] 349,997,2743.32,2792.00,4.72,0.00,2879.29,2792.00,2.58,0.00
17:24:18.507 [TUNER] 350,1003,2801.99,2800.00,4.18,0.00,2803.39,2800.00,3.75,0.00
17:24:18.550 [TUNER] 351,997,2801.99,2808.00,4.18,0.00,2803.39,2808.00,3.75,0.00
17:24:18.551 [TUNER] 352,1003,2823.15,2816.00,4.12,0.00,2774.45,2816.00,4.37,0.00
17:24:18.551 [TUNER] 353,997,2823.15,2824.00,4.12,0.00,2774.45,2824.00,4.37,0.00
17:24:18.594 [TUNER] 354,1003,2818.61,2832.00,4.41,0.00,2786.52,2832.00,4.48,0.00
17:24:18.594 [TUNER] 355,997,2818.61,2840.00,4.41,0.00,2786.52,2840.00,4.48,0.00
17:24:18.635 [TUNER] 356,1003,2824.42,2848.00,4.58,0.00,2761.81,2848.00,5.08,0.00
17:24:18.635 [TUNER] 357,997,2824.42,2856.00,4.58,0.00,2761.81,2856.00,5.08,0.00
17:24:18.677 [TUNER] 358,1003,2828.22,2864.00,4.78,0.00,2746.34,2864.00,5.60,0.00
17:24:18.677 [TUNER] 359,997,2828.22,2872.00,4.78,0.00,2746.34,2872.00,5.60,0.00
17:24:18.721 [TUNER] 360,1003,2829.53,2880.00,5.03,0.00,2812.14,2880.00,5.05,0.00
17:24:18.722 [TUNER] 361,997,2829.53,2888.00,5.03,0.00,2812.14,2888.00,5.05,0.00
17:24:18.763 [TUNER] 362,1003,2852.06,2896.00,5.01,0.00,2833.85,2896.00,5.05,0.00
17:24:18.763 [TUNER] 363,997,2852.06,2904.00,5.01,0.00,2833.85,2904.00,5.05,0.00
17:24:18.805 [TUNER] 364,1003,2884.69,2912.00,4.83,0.00,2885.58,2912.00,4.63,0.00
17:24:18.805 [TUNER] 365,997,2884.69,2920.00,4.83,0.00,2885.58,2920.00,4.63,0.00
17:24:18.847 [TUNER] 366,1003,2893.61,2928.00,4.97,0.00,2951.88,2928.00,3.99,0.00
17:24:18.848 [TUNER] 367,997,2893.61,2936.00,4.97,0.00,2951.88,2936.00,3.99,0.00
17:24:18.889 [TUNER] 368,1003,2942.84,2944.00,4.56,0.00,2936.19,2944.00,4.41,0.00
17:24:18.889 [TUNER] 369,997,2942.84,2952.00,4.56,0.00,2936.19,2952.00,4.41,0.00
17:24:18.891 [TUNER] 370,1003,2954.73,2960.00,4.63,0.00,2970.03,2960.00,4.19,0.00
17:24:18.933 [TUNER] 371,997,2954.73,2968.00,4.63,0.00,2970.03,2968.00,4.19,0.00
17:24:18.934 [TUNER] 372,1003,2980.57,2976.00,4.51,0.00,2985.94,2976.00,4.20,0.00
17:24:18.974 [TUNER] 373,997,2980.57,2984.00,4.51,0.00,2985.94,2984.00,4.20,0.00
17:24:18.975 [TUNER] 374,1003,2992.65,2992.00,4.58,0.00,2954.85,2992.00,4.84,0.00
17:24:19.019 [TUNER] 375,996,2992.65,3000.00,4.58,0.00,2954.85,3000.00,4.84,0.00
17:24:19.020 [TUNER] 376,1004,2967.95,3000.00,5.03,0.00,2960.05,3000.00,4.92,0.00
17:24:19.058 [TUNER] 377,996,2967.95,3000.00,5.03,0.00,2960.05,3000.00,4.92,0.00
17:24:19.059 [TUNER] 378,1004,2985.13,3000.00,4.83,0.00,2974.51,3000.00,4.76,0.00
17:24:19.102 [TUNER] 379,996,2985.13,3000.00,4.83,0.00,2974.51,3000.00,4.76,0.00
17:24:19.103 [TUNER] 380,1004,3010.90,3000.00,4.49,0.00,2974.06,3000.00,4.79,0.00
17:24:19.145 [TUNER] 381,996,3010.90,3000.00,4.49,0.00,2974.06,3000.00,4.79,0.00
17:24:19.146 [TUNER] 382,1004,3020.35,3000.00,4.34,0.00,3039.84,3000.00,3.93,0.00
17:24:19.189 [TUNER] 383,996,3020.35,3000.00,4.34,0.00,3039.84,3000.00,3.93,0.00
17:24:19.190 [TUNER] 384,1004,3047.67,3000.00,3.95,0.00,3034.05,3000.00,3.97,0.00
17:24:19.230 [TUNER] 385,996,3047.67,3000.00,3.95,0.00,3034.05,3000.00,3.97,0.00
17:24:19.231 [TUNER] 386,1004,3033.44,3000.00,4.10,0.00,3028.56,3000.00,4.01,0.00
17:24:19.232 [TUNER] 387,996,3033.44,3000.00,4.10,0.00,3028.56,3000.00,4.01,0.00
17:24:19.272 [TUNER] 388,1004,3039.24,3000.00,3.99,0.00,3026.75,3000.00,4.01,0.00
17:24:19.273 [TUNER] 389,996,3039.24,3000.00,3.99,0.00,3026.75,3000.00,4.01,0.00
17:24:19.314 [TUNER] 390,1004,3044.74,3000.00,3.88,0.00,3027.87,3000.00,3.97,0.00
17:24:19.317 [TUNER] 391,996,3044.74,3000.00,3.88,0.00,3027.87,3000.00,3.97,0.00
17:24:19.357 [TUNER] 392,1004,3037.11,3000.00,3.94,0.00,3033.07,3000.00,3.88,0.00
17:24:19.357 [TUNER] 393,996,3037.11,3000.00,3.94,0.00,3033.07,3000.00,3.88,0.00
17:24:19.399 [TUNER] 394,1004,3070.52,3000.00,3.45,0.00,3037.22,3000.00,3.79,0.00
17:24:19.399 [TUNER] 395,996,3070.52,3000.00,3.45,0.00,3037.22,3000.00,3.79,0.00
17:24:19.442 [TUNER] 396,1004,3069.77,3000.00,3.39,0.00,3037.11,3000.00,3.76,0.00
17:24:19.442 [TUNER] 397,996,3069.77,3000.00,3.39,0.00,3037.11,3000.00,3.76,0.00
17:24:19.486 [TUNER] 398,1004,3060.57,3000.00,3.46,0.00,3037.88,3000.00,3.71,0.00
17:24:19.486 [TUNER] 399,996,3060.57,3000.00,3.46,0.00,3037.88,3000.00,3.71,0.00
17:24:19.528 [TUNER] 400,1004,3073.83,3000.00,3.22,0.00,3064.27,3000.00,3.32,0.00
17:24:19.528 [TUNER] 401,996,3073.83,3000.00,3.22,0.00,3064.27,3000.00,3.32,0.00
17:24:19.571 [TUNER] 402,1004,3058.67,3000.00,3.36,0.00,3101.70,3000.00,2.76,0.00
17:24:19.571 [TUNER] 403,996,3058.67,3000.00,3.36,0.00,3101.70,3000.00,2.76,0.00
17:24:19.571 [TUNER] 404,1004,3036.23,3000.00,3.62,0.00,3074.09,3000.00,3.04,0.00
17:24:19.614 [TUNER] 405,996,3036.23,3000.00,3.62,0.00,3074.09,3000.00,3.04,0.00
17:24:19.616 [TUNER] 406,1004,3044.91,3000.00,3.46,0.00,3094.10,3000.00,2.70,0.00
17:24:19.654 [TUNER] 407,996,3044.91,3000.00,3.46,0.00,3094.10,3000.00,2.70,0.00
17:24:19.654 [TUNER] 408,1004,3053.57,3000.00,3.30,0.00,3084.33,3000.00,2.75,0.00
17:24:19.697 [TUNER] 409,996,3053.57,3000.00,3.30,0.00,3084.33,3000.00,2.75,0.00
17:24:19.698 [TUNER] 410,1004,3075.10,3000.00,2.96,0.00,3072.22,3000.00,2.84,0.00
17:24:19.740 [TUNER] 411,996,3075.10,3000.00,2.96,0.00,3072.22,3000.00,2.84,0.00
17:24:19.740 [TUNER] 412,1004,3069.99,3000.00,2.96,0.00,3089.16,3000.00,2.54,0.00
17:24:19.782 [TUNER] 413,996,3069.99,3000.00,2.96,0.00,3089.16,3000.00,2.54,0.00
17:24:19.783 [TUNER] 414,1004,3072.77,3000.00,2.85,0.00,3054.61,3000.00,2.93,0.00
17:24:19.828 [TUNER] 415,996,3072.77,3000.00,2.85,0.00,3054.61,3000.00,2.93,0.00
17:24:19.828 [TUNER] 416,1004,3038.06,3000.00,3.27,0.00,3029.55,3000.00,3.22,0.00
17:24:19.867 [TUNER] 417,996,3038.06,3000.00,3.27,0.00,3029.55,3000.00,3.22,0.00
17:24:19.867 [TUNER] 418,1004,3019.75,3000.00,3.48,0.00,3044.72,3000.00,2.99,0.00
17:24:19.909 [TUNER] 419,996,3019.75,3000.00,3.48,0.00,3044.72,3000.00,2.99,0.00
17:24:19.910 [TUNER] 420,1004,3048.04,3000.00,3.08,0.00,3027.64,3000.00,3.18,0.00
17:24:19.910 [TUNER] 421,996,3048.04,3000.00,3.08,0.00,3027.64,3000.00,3.18,0.00
17:24:19.954 [TUNER] 422,1004,3062.95,3000.00,2.83,0.00,3043.19,3000.00,2.94,0.00
17:24:19.954 [TUNER] 423,996,3062.95,3000.00,2.83,0.00,3043.19,3000.00,2.94,0.00
17:24:19.995 [TUNER] 424,1004,3101.50,3000.00,2.24,0.00,3038.45,3000.00,2.97,0.00
17:24:19.995 [TUNER] 425,996,3101.50,3000.00,2.24,0.00,3038.45,3000.00,2.97,0.00
17:24:20.037 [TUNER] 426,1004,3094.55,3000.00,2.24,0.00,3016.62,3000.00,3.23,0.00
17:24:20.083 [TUNER] 427,996,3094.55,3000.00,2.24,0.00,3016.62,3000.00,3.23,0.00
17:24:20.085 [TUNER] 428,1004,3051.19,3000.00,2.75,0.00,3044.68,3000.00,2.83,0.00
17:24:20.085 [TUNER] 429,996,3051.19,3000.00,2.75,0.00,3044.68,3000.00,2.83,0.00
17:24:20.122 [TUNER] 430,1004,3045.71,3000.00,2.78,0.00,3058.54,3000.00,2.60,0.00
17:24:20.123 [TUNER] 431,996,3045.71,3000.00,2.78,0.00,3058.54,3000.00,2.60,0.00
17:24:20.166 [TUNER] 432,1004,3009.54,3000.00,3.24,0.00,3070.49,3000.00,2.39,0.00
17:24:20.167 [TUNER] 433,996,3009.54,3000.00,3.24,0.00,3070.49,3000.00,2.39,0.00
17:24:20.207 [TUNER] 434,1004,2991.77,3000.00,3.47,0.00,3077.47,3000.00,2.23,0.00
17:24:20.207 [TUNER] 435,996,2991.77,3000.00,3.47,0.00,3077.47,3000.00,2.23,0.00
17:24:20.250 [TUNER] 436,1004,3048.00,3000.00,2.70,0.00,3087.35,3000.00,2.03,0.00
17:24:20.251 [TUNER] 437,996,3048.00,3000.00,2.70,0.00,3087.35,3000.00,2.03,0.00
17:24:20.251 [TUNER] 438,1004,3039.72,3000.00,2.77,0.00,3066.90,3000.00,2.22,0.00
17:24:20.292 [TUNER] 439,996,3039.72,3000.00,2.77,0.00,3066.90,3000.00,2.22,0.00
17:24:20.292 [TUNER] 440,1004,3052.85,3000.00,2.56,0.00,3022.20,3000.00,2.77,0.00
17:24:20.335 [TUNER] 441,996,3052.85,3000.00,2.56,0.00,3022.20,3000.00,2.77,0.00
17:24:20.335 [TUNER] 442,1004,3047.04,3000.00,2.59,0.00,3012.21,3000.00,2.89,0.00
17:24:20.381 [TUNER] 443,996,3047.04,3000.00,2.59,0.00,3012.21,3000.00,2.89,0.00
17:24:20.382 [TUNER] 444,1004,3011.46,3000.00,3.04,0.00,2995.63,3000.00,3.10,0.00
17:24:20.419 [TUNER] 445,996,3011.46,3000.00,3.04,0.00,2995.63,3000.00,3.10,0.00
17:24:20.420 [TUNER] 446,1004,2994.17,3000.00,3.26,0.00,2960.88,3000.00,3.57,0.00
17:24:20.463 [TUNER] 447,996,2994.17,3000.00,3.26,0.00,2960.88,3000.00,3.57,0.00
17:24:20.465 [TUNER] 448,1004,2996.66,3000.00,3.23,0.00,2991.50,3000.00,3.19,0.00
17:24:20.550 [TUNER] 449,996,2996.66,3000.00,3.23,0.00,2991.50,3000.00,3.19,0.00
17:24:20.550 [TUNER] 450,1004,2983.18,3000.00,3.42,0.00,3013.42,3000.00,2.90,0.00
17:24:20.550 [TUNER] 451,996,2983.18,3000.00,3.42,0.00,3013.42,3000.00,2.90,0.00
17:24:20.550 [TUNER] 452,1004,3039.41,3000.00,2.66,0.00,3000.89,3000.00,3.06,0.00
17:24:20.551 [TUNER] 453,996,3039.41,3000.00,2.66,0.00,3000.89,3000.00,3.06,0.00
17:24:20.590 [TUNER] 454,1004,3045.73,3000.00,2.54,0.00,2990.01,3000.00,3.21,0.00
17:24:20.591 [TUNER] 455,996,3045.73,3000.00,2.54,0.00,2990.01,3000.00,3.21,0.00
17:24:20.634 [TUNER] 456,1004,3047.36,3000.00,2.48,0.00,2977.00,3000.00,3.39,0.00
17:24:20.635 [TUNER] 457,996,3047.36,3000.00,2.48,0.00,2977.00,3000.00,3.39,0.00
17:24:20.673 [TUNER] 458,1004,3056.39,3000.00,2.31,0.00,3013.85,3000.00,2.92,0.00
17:24:20.673 [TUNER] 459,996,3056.39,3000.00,2.31,0.00,3013.85,3000.00,2.92,0.00
17:24:20.717 [TUNER] 460,1004,3046.43,3000.00,2.39,0.00,3040.75,3000.00,2.54,0.00
17:24:20.718 [TUNER] 461,996,3046.43,3000.00,2.39,0.00,3040.75,3000.00,2.54,0.00
17:24:20.759 [TUNER] 462,1004,3032.45,3000.00,2.54,0.00,3036.50,3000.00,2.56,0.00
17:24:20.760 [TUNER] 463,996,3032.45,3000.00,2.54,0.00,3036.50,3000.00,2.56,0.00
17:24:20.803 [TUNER] 464,1004,3008.38,3000.00,2.85,0.00,3076.05,3000.00,1.99,0.00
17:24:20.803 [TUNER] 465,996,3008.38,3000.00,2.85,0.00,3076.05,3000.00,1.99,0.00
17:24:20.845 [TUNER] 466,1004,2979.68,3000.00,3.23,0.00,3056.14,3000.00,2.19,0.00
17:24:20.846 [TUNER] 467,996,2979.68,3000.00,3.23,0.00,3056.14,3000.00,2.19,0.00
17:24:20.887 [TUNER] 468,1004,2989.36,3000.00,3.12,0.00,3015.31,3000.00,2.69,0.00
17:24:20.887 [TUNER] 469,996,2989.36,3000.00,3.12,0.00,3015.31,3000.00,2.69,0.00
17:24:20.930 [TUNER] 470,1004,2996.24,3000.00,3.03,0.00,3009.27,3000.00,2.76,0.00
17:24:20.932 [TUNER] 471,996,2996.24,3000.00,3.03,0.00,3009.27,3000.00,2.76,0.00
17:24:20.935 [TUNER] 472,1004,2952.79,3000.00,3.64,0.00,2970.08,3000.00,3.28,0.00
17:24:20.972 [TUNER] 473,996,2952.79,3000.00,3.64,0.00,2970.08,3000.00,3.28,0.00
17:24:20.973 [TUNER] 474,1004,2981.59,3000.00,3.28,0.00,2943.89,3000.00,3.67,0.00
17:24:21.016 [TUNER] 475,996,2981.59,3000.00,3.28,0.00,2943.89,3000.00,3.67,0.00
17:24:21.017 [TUNER] 476,1004,2982.30,3000.00,3.29,0.00,2987.35,3000.00,3.13,0.00
17:24:21.056 [TUNER] 477,996,2982.30,3000.00,3.29,0.00,2987.35,3000.00,3.13,0.00
17:24:21.057 [TUNER] 478,1004,2986.30,3000.00,3.25,0.00,3004.95,3000.00,2.90,0.00
17:24:21.100 [TUNER] 479,996,2986.30,3000.00,3.25,0.00,3004.95,3000.00,2.90,0.00
17:24:21.101 [TUNER] 480,1004,3040.18,3000.00,2.52,0.00,3002.70,3000.00,2.93,0.00
17:24:21.143 [TUNER] 481,996,3040.18,3000.00,2.52,0.00,3002.70,3000.00,2.93,0.00
17:24:21.144 [TUNER] 482,1004,3047.21,3000.00,2.39,0.00,2991.46,3000.00,3.08,0.00
17:24:21.185 [TUNER] 483,996,3047.21,3000.00,2.39,0.00,2991.46,3000.00,3.08,0.00
17:24:21.185 [TUNER] 484,1004,3068.30,3000.00,2.05,0.00,2954.11,3000.00,3.59,0.00
17:24:21.228 [TUNER] 485,996,3068.30,3000.00,2.05,0.00,2954.11,3000.00,3.59,0.00
17:24:21.229 [TUNER] 486,1004,3014.72,3000.00,2.73,0.00,2973.20,3000.00,3.37,0.00
17:24:21.273 [TUNER] 487,996,3014.72,3000.00,2.73,0.00,2973.20,3000.00,3.37,0.00
17:24:21.273 [TUNER] 488,1004,2982.18,3000.00,3.16,0.00,3028.84,3000.00,2.64,0.00
17:24:21.274 [TUNER] 489,996,2982.18,3000.00,3.16,0.00,3028.84,3000.00,2.64,0.00
17:24:21.315 [TUNER] 490,1004,2992.21,3000.00,3.04,0.00,3015.81,3000.00,2.79,0.00
17:24:21.318 [TUNER] 491,996,2992.21,3000.00,3.04,0.00,3015.81,3000.00,2.79,0.00
17:24:21.354 [TUNER] 492,1004,2967.60,3000.00,3.39,0.00,3028.57,3000.00,2.61,0.00
17:24:21.354 [TUNER] 493,996,2967.60,3000.00,3.39,0.00,3028.57,3000.00,2.61,0.00
17:24:21.398 [TUNER] 494,1004,2977.12,3000.00,3.29,0.00,3031.91,3000.00,2.54,0.00
17:24:21.399 [TUNER] 495,996,2977.12,3000.00,3.29,0.00,3031.91,3000.00,2.54,0.00
17:24:21.439 [TUNER] 496,1004,2987.31,3000.00,3.17,0.00,3011.38,3000.00,2.79,0.00
17:24:21.440 [TUNER] 497,996,2987.31,3000.00,3.17,0.00,3011.38,3000.00,2.79,0.00
17:24:21.482 [TUNER] 498,1004,2986.02,3000.00,3.20,0.00,3018.16,3000.00,2.68,0.00
17:24:21.482 [TUNER] 499,996,2986.02,3000.00,3.20,0.00,3018.16,3000.00,2.68,0.00
17:24:21.524 [TUNER] 500,1004,2979.83,3000.00,3.29,0.00,2996.09,3000.00,2.97,0.00
17:24:21.524 [TUNER] 501,996,2979.83,3000.00,3.29,0.00,2996.09,3000.00,2.97,0.00
17:24:21.567 [TUNER] 502,1004,2983.46,3000.00,3.26,0.00,2969.84,3000.00,3.33,0.00
17:24:21.568 [TUNER] 503,996,2983.46,3000.00,3.26,0.00,2969.84,3000.00,3.33,0.00
17:24:21.609 [TUNER] 504,1004,2956.31,3000.00,3.65,0.00,2952.28,3000.00,3.59,0.00
17:24:21.609 [TUNER] 505,996,2956.31,3000.00,3.65,0.00,2952.28,3000.00,3.59,0.00
17:24:21.610 [TUNER] 506,1004,2962.07,3000.00,3.61,0.00,2973.46,3000.00,3.35,0.00
17:24:21.652 [TUNER] 507,996,2962.07,3000.00,3.61,0.00,2973.46,3000.00,3.35,0.00
17:24:21.653 [TUNER] 508,1004,3003.62,3000.00,3.08,0.00,2998.98,3000.00,3.03,0.00
17:24:21.696 [TUNER] 509,996,3003.62,3000.00,3.08,0.00,2998.98,3000.00,3.03,0.00
17:24:21.698 [TUNER] 510,1004,3023.97,3000.00,2.79,0.00,3022.84,3000.00,2.70,0.00
17:24:21.736 [TUNER] 511,996,3023.97,3000.00,2.79,0.00,3022.84,3000.00,2.70,0.00
17:24:21.736 [TUNER] 512,1004,3023.94,3000.00,2.77,0.00,2988.67,3000.00,3.15,0.00
17:24:21.780 [TUNER] 513,996,3023.94,3000.00,2.77,0.00,2988.67,3000.00,3.15,0.00
17:24:21.780 [TUNER] 514,1004,3002.43,3000.00,3.04,0.00,2948.45,3000.00,3.70,0.00
17:24:21.822 [TUNER] 515,996,3002.43,3000.00,3.04,0.00,2948.45,3000.00,3.70,0.00
17:24:21.822 [TUNER] 516,1004,2982.65,3000.00,3.31,0.00,2987.57,3000.00,3.22,0.00
17:24:21.866 [TUNER] 517,996,2982.65,3000.00,3.31,0.00,2987.57,3000.00,3.22,0.00
17:24:21.867 [TUNER] 518,1004,3010.63,3000.00,2.94,0.00,3001.68,3000.00,3.04,0.00
17:24:21.906 [TUNER] 519,996,3010.63,3000.00,2.94,0.00,3001.68,3000.00,3.04,0.00
17:24:21.907 [TUNER] 520,1004,2981.48,3000.00,3.34,0.00,3005.24,3000.00,2.99,0.00
17:24:21.950 [TUNER] 521,996,2981.48,3000.00,3.34,0.00,3005.24,3000.00,2.99,0.00
17:24:21.951 [TUNER] 522,1004,2989.94,3000.00,3.24,0.00,3001.22,3000.00,3.04,0.00
17:24:21.952 [TUNER] 523,996,2989.94,3000.00,3.24,0.00,3001.22,3000.00,3.04,0.00
17:24:21.995 [TUNER] 524,1004,3011.31,3000.00,2.95,0.00,3003.16,3000.00,3.01,0.00
17:24:21.996 [TUNER] 525,996,3011.31,3000.00,2.95,0.00,3003.16,3000.00,3.01,0.00
17:24:22.034 [TUNER] 526,1004,3001.78,3000.00,3.07,0.00,3004.70,3000.00,2.99,0.00
17:24:22.035 [TUNER] 527,996,3001.78,3000.00,3.07,0.00,3004.70,3000.00,2.99,0.00
17:24:22.078 [TUNER] 528,1004,3025.94,3000.00,2.74,0.00,2998.21,3000.00,3.07,0.00
17:24:22.078 [TUNER] 529,996,3025.94,3000.00,2.74,0.00,2998.21,3000.00,3.07,0.00
17:24:22.119 [TUNER] 530,1004,3009.19,3000.00,2.95,0.00,2991.30,3000.00,3.16,0.00
17:24:22.119 [TUNER] 531,996,3009.19,3000.00,2.95,0.00,2991.30,3000.00,3.16,0.00
17:24:22.163 [TUNER] 532,1004,2976.03,3000.00,3.39,0.00,2969.45,3000.00,3.47,0.00
17:24:22.164 [TUNER] 533,996,2976.03,3000.00,3.39,0.00,2969.45,3000.00,3.47,0.00
17:24:22.204 [TUNER] 534,1004,3000.18,3000.00,3.08,0.00,2986.33,3000.00,3.27,0.00
17:24:22.204 [TUNER] 535,996,3000.18,3000.00,3.08,0.00,2986.33,3000.00,3.27,0.00
17:24:22.249 [TUNER] 536,1004,2986.86,3000.00,3.27,0.00,3010.14,3000.00,2.96,0.00
17:24:22.250 [TUNER] 537,996,2986.86,3000.00,3.27,0.00,3010.14,3000.00,2.96,0.00
17:24:22.289 [TUNER] 538,1004,2981.36,3000.00,3.35,0.00,3011.15,3000.00,2.93,0.00
17:24:22.289 [TUNER] 539,996,2981.36,3000.00,3.35,0.00,3011.15,3000.00,2.93,0.00
17:24:22.289 [TUNER] 540,1004,3025.92,3000.00,2.76,0.00,3019.69,3000.00,2.81,0.00
17:24:22.333 [TUNER] 541,996,3025.92,3000.00,2.76,0.00,3019.69,3000.00,2.81,0.00
17:24:22.335 [TUNER] 542,1004,3022.06,3000.00,2.79,0.00,2999.89,3000.00,3.06,0.00
17:24:22.374 [TUNER] 543,996,3022.06,3000.00,2.79,0.00,2999.89,3000.00,3.06,0.00
17:24:22.376 [TUNER] 544,1004,3030.14,3000.00,2.66,0.00,2980.62,3000.00,3.32,0.00
17:24:22.419 [TUNER] 545,996,3030.14,3000.00,2.66,0.00,2980.62,3000.00,3.32,0.00
17:24:22.419 [TUNER] 546,1004,3032.30,3000.00,2.60,0.00,3003.85,3000.00,3.02,0.00
17:24:22.462 [TUNER] 547,996,3032.30,3000.00,2.60,0.00,3003.85,3000.00,3.02,0.00
17:24:22.502 [TUNER] 548,1004,2997.95,3000.00,3.04,0.00,3025.02,3000.00,2.73,0.00
17:24:22.503 [TUNER] 549,996,2997.95,3000.00,3.04,0.00,3025.02,3000.00,2.73,0.00
17:24:22.504 [TUNER] 550,1004,2964.46,3000.00,3.50,0.00,2999.00,3000.00,3.06,0.00
17:24:22.546 [TUNER] 551,996,2964.46,3000.00,3.50,0.00,2999.00,3000.00,3.06,0.00
17:24:22.587 [TUNER] 552,1004,3004.68,3000.00,2.98,0.00,3026.29,3000.00,2.69,0.00
17:24:22.587 [TUNER] 553,996,3004.68,3000.00,2.98,0.00,3026.29,3000.00,2.69,0.00
17:24:22.588 [TUNER] 554,1004,2999.05,3000.00,3.06,0.00,3034.38,3000.00,2.56,0.00
17:24:22.589 [TUNER] 555,996,2999.05,3000.00,3.06,0.00,3034.38,3000.00,2.56,0.00
17:24:22.632 [TUNER] 556,1004,3001.42,3000.00,3.02,0.00,3004.77,3000.00,2.93,0.00
17:24:22.632 [TUNER] 557,996,3001.42,3000.00,3.02,0.00,3004.77,3000.00,2.93,0.00
17:24:22.672 [TUNER] 558,1004,3005.03,3000.00,2.97,0.00,3015.45,3000.00,2.78,0.00
17:24:22.672 [TUNER] 559,996,3005.03,3000.00,2.97,0.00,3015.45,3000.00,2.78,0.00
17:24:22.719 [TUNER] 560,1004,2981.29,3000.00,3.30,0.00,2988.77,3000.00,3.13,0.00
17:24:22.720 [TUNER] 561,996,2981.29,3000.00,3.30,0.00,2988.77,3000.00,3.13,0.00
17:24:22.756 [TUNER] 562,1004,2986.35,3000.00,3.24,0.00,2958.83,3000.00,3.54,0.00
17:24:22.756 [TUNER] 563,996,2986.35,3000.00,3.24,0.00,2958.83,3000.00,3.54,0.00
17:24:22.799 [TUNER] 564,1004,2997.28,3000.00,3.11,0.00,2998.45,3000.00,3.05,0.00
17:24:22.800 [TUNER] 565,996,2997.28,3000.00,3.11,0.00,2998.45,3000.00,3.05,0.00
17:24:22.841 [TUNER] 566,1004,3000.00,3000.00,3.07,0.00,3009.53,3000.00,2.90,0.00
17:24:22.841 [TUNER] 567,996,3000.00,3000.00,3.07,0.00,3009.53,3000.00,2.90,0.00
17:24:22.887 [TUNER] 568,1004,3033.96,3000.00,2.60,0.00,3012.38,3000.00,2.85,0.00
17:24:22.889 [TUNER] 569,996,3033.96,3000.00,2.60,0.00,3012.38,3000.00,2.85,0.00
17:24:22.927 [TUNER] 570,1004,3031.07,3000.00,2.61,0.00,2998.34,3000.00,3.03,0.00
17:24:22.927 [TUNER] 571,996,3031.07,3000.00,2.61,0.00,2998.34,3000.00,3.03,0.00
17:24:22.971 [TUNER] 572,1004,3051.09,3000.00,2.31,0.00,2966.49,3000.00,3.46,0.00
17:24:22.971 [TUNER] 573,996,3051.09,3000.00,2.31,0.00,2966.49,3000.00,3.46,0.00
17:24:22.972 [TUNER] 574,1004,3004.39,3000.00,2.90,0.00,2980.53,3000.00,3.30,0.00
17:24:23.015 [TUNER] 575,996,3004.39,3000.00,2.90,0.00,2980.53,3000.00,3.30,0.00
17:24:23.016 [TUNER] 576,1004,2990.23,3000.00,3.09,0.00,3036.42,3000.00,2.56,0.00
17:24:23.055 [TUNER] 577,996,2990.23,3000.00,3.09,0.00,3036.42,3000.00,2.56,0.00
17:24:23.055 [TUNER] 578,1004,3007.25,3000.00,2.87,0.00,3040.77,3000.00,2.47,0.00
17:24:23.099 [TUNER] 579,996,3007.25,3000.00,2.87,0.00,3040.77,3000.00,2.47,0.00
17:24:23.099 [TUNER] 580,1004,2976.20,3000.00,3.29,0.00,3055.41,3000.00,2.23,0.00
17:24:23.140 [TUNER] 581,996,2976.20,3000.00,3.29,0.00,3055.41,3000.00,2.23,0.00
17:24:23.140 [TUNER] 582,1004,2984.85,3000.00,3.19,0.00,3063.69,3000.00,2.07,0.00
17:24:23.182 [TUNER] 583,996,2984.85,3000.00,3.19,0.00,3063.69,3000.00,2.07,0.00
17:24:23.185 [TUNER] 584,1004,3029.58,3000.00,2.59,0.00,3033.37,3000.00,2.43,-0.00
17:24:23.224 [TUNER] 585,996,3029.58,3000.00,2.59,0.00,3033.37,3000.00,2.43,-0.00
17:24:23.224 [TUNER] 586,1004,3016.39,3000.00,2.74,0.00,3025.44,3000.00,2.50,-0.00
17:24:23.270 [TUNER] 587,996,3016.39,3000.00,2.74,0.00,3025.44,3000.00,2.50,-0.00
17:24:23.308 [TUNER] 588,1004,3003.27,3000.00,2.91,0.00,2988.17,3000.00,2.98,-0.00
17:24:23.309 [TUNER] 589,996,3003.27,3000.00,2.91,0.00,2988.17,3000.00,2.98,-0.00
17:24:23.351 [TUNER] 590,1004,2982.46,3000.00,3.19,0.00,2948.91,3000.00,3.53,0.00
17:24:23.352 [TUNER] 591,996,2982.46,3000.00,3.19,0.00,2948.91,3000.00,3.53,0.00
17:24:23.352 [TUNER] 592,1004,2970.11,3000.00,3.38,0.00,2961.30,3000.00,3.41,0.00
17:24:23.353 [TUNER] 593,996,2970.11,3000.00,3.38,0.00,2961.30,3000.00,3.41,0.00
17:24:23.393 [TUNER] 594,1004,2988.57,3000.00,3.15,0.00,2983.25,3000.00,3.14,0.00
17:24:23.394 [TUNER] 595,996,2988.57,3000.00,3.15,0.00,2983.25,3000.00,3.14,0.00
17:24:23.437 [TUNER] 596,1004,3008.50,3000.00,2.89,0.00,2980.19,3000.00,3.20,0.00
17:24:23.437 [TUNER] 597,996,3008.50,3000.00,2.89,0.00,2980.19,3000.00,3.20,0.00
17:24:23.480 [TUNER] 598,1004,3033.89,3000.00,2.53,0.00,2994.06,3000.00,3.03,0.00
17:24:23.480 [TUNER] 599,996,3033.89,3000.00,2.53,0.00,2994.06,3000.00,3.03,0.00
17:24:23.521 [TUNER] 600,1004,3070.53,3000.00,2.00,0.00,2974.24,3000.00,3.30,0.00
17:24:23.522 [TUNER] 601,996,3070.53,3000.00,2.00,0.00,2974.24,3000.00,3.30,0.00
17:24:23.568 [TUNER] 602,1004,3019.94,3000.00,2.63,0.00,2965.25,3000.00,3.45,0.00
17:24:23.568 [TUNER] 603,996,3019.94,3000.00,2.63,0.00,2965.25,3000.00,3.45,0.00
17:24:23.606 [TUNER] 604,1004,2988.93,3000.00,3.04,0.00,3001.01,3000.00,3.00,0.00
17:24:23.606 [TUNER] 605,996,2988.93,3000.00,3.04,0.00,3001.01,3000.00,3.00,0.00
17:24:23.651 [TUNER] 606,1004,2977.00,3000.00,3.21,0.00,3011.57,3000.00,2.85,0.00
17:24:23.651 [TUNER] 607,996,2977.00,3000.00,3.21,0.00,3011.57,3000.00,2.85,0.00
17:24:23.651 [TUNER] 608,1004,2967.46,3000.00,3.36,0.00,3019.17,3000.00,2.74,0.00
17:24:23.693 [TUNER] 609,996,2967.46,3000.00,3.36,0.00,3019.17,3000.00,2.74,0.00
17:24:23.693 [TUNER] 610,1004,2969.27,3000.00,3.37,0.00,3008.93,3000.00,2.86,0.00
17:24:23.737 [TUNER] 611,996,2969.27,3000.00,3.37,0.00,3008.93,3000.00,2.86,0.00
17:24:23.737 [TUNER] 612,1004,2996.50,3000.00,3.02,0.00,3019.63,3000.00,2.71,0.00
17:24:23.778 [TUNER] 613,996,2996.50,3000.00,3.02,0.00,3019.63,3000.00,2.71,0.00
17:24:23.780 [TUNER] 614,1004,2981.34,3000.00,3.23,0.00,3004.14,3000.00,2.90,0.00
17:24:23.820 [TUNER] 615,996,2981.34,3000.00,3.23,0.00,3004.14,3000.00,2.90,0.00
17:24:23.821 [TUNER] 616,1004,2982.10,3000.00,3.24,0.00,2996.90,3000.00,2.99,0.00
17:24:23.862 [TUNER] 617,996,2982.10,3000.00,3.24,0.00,2996.90,3000.00,2.99,0.00
17:24:23.862 [TUNER] 618,1004,2974.97,3000.00,3.36,0.00,2981.66,3000.00,3.20,0.00
17:24:23.904 [TUNER] 619,996,2974.97,3000.00,3.36,0.00,2981.66,3000.00,3.20,0.00
17:24:23.904 [TUNER] 620,1004,2952.95,3000.00,3.68,0.00,2960.02,3000.00,3.51,0.00
17:24:23.950 [TUNER] 621,996,2952.95,3000.00,3.68,0.00,2960.02,3000.00,3.51,0.00
17:24:23.950 [TUNER] 622,1004,3004.05,3000.00,3.02,0.00,2957.31,3000.00,3.59,0.00
17:24:23.990 [TUNER] 623,996,3004.05,3000.00,3.02,0.00,2957.31,3000.00,3.59,0.00
17:24:23.991 [TUNER] 624,1004,2986.52,3000.00,3.26,0.00,2996.37,3000.00,3.09,0.00
17:24:23.991 [TUNER] 625,996,2986.52,3000.00,3.26,0.00,2996.37,3000.00,3.09,0.00
17:24:24.033 [TUNER] 626,1004,3001.71,3000.00,3.06,0.00,3017.32,3000.00,2.81,0.00
17:24:24.034 [TUNER] 627,996,3001.71,3000.00,3.06,0.00,3017.32,3000.00,2.81,0.00
17:24:24.074 [TUNER] 628,1004,3033.61,3000.00,2.62,0.00,3001.43,3000.00,3.01,0.00
17:24:24.075 [TUNER] 629,996,3033.61,3000.00,2.62,0.00,3001.43,3000.00,3.01,0.00
17:24:24.118 [TUNER] 630,1004,2987.83,3000.00,3.22,0.00,2991.30,3000.00,3.15,0.00
17:24:24.118 [TUNER] 631,996,2987.83,3000.00,3.22,0.00,2991.30,3000.00,3.15,0.00
17:24:24.159 [TUNER] 632,1004,2969.25,3000.00,3.49,0.00,2964.29,3000.00,3.52,0.00
17:24:24.160 [TUNER] 633,996,2969.25,3000.00,3.49,0.00,2964.29,3000.00,3.52,0.00
17:24:24.203 [TUNER] 634,1004,2999.06,3000.00,3.11,0.00,2978.77,3000.00,3.36,0.00
17:24:24.203 [TUNER] 635,996,2999.06,3000.00,3.11,0.00,2978.77,3000.00,3.36,0.00
17:24:24.245 [TUNER] 636,1004,2985.10,3000.00,3.30,0.00,3007.53,3000.00,2.99,0.00
17:24:24.246 [TUNER] 637,996,2985.10,3000.00,3.30,0.00,3007.53,3000.00,2.99,0.00
17:24:24.286 [TUNER] 638,1004,2987.69,3000.00,3.28,0.00,2993.60,3000.00,3.17,0.00
17:24:24.329 [TUNER] 639,996,2987.69,3000.00,3.28,0.00,2993.60,3000.00,3.17,0.00
17:24:24.330 [TUNER] 640,1004,3017.24,3000.00,2.88,0.00,3001.35,3000.00,3.07,0.00
17:24:24.333 [TUNER] 641,996,3017.24,3000.00,2.88,0.00,3001.35,3000.00,3.07,0.00
17:24:24.334 [TUNER] 642,1004,3009.10,3000.00,2.98,0.00,3023.02,3000.00,2.78,0.00
17:24:24.371 [TUNER] 643,996,3009.10,3000.00,2.98,0.00,3023.02,3000.00,2.78,0.00
17:24:24.371 [TUNER] 644,1004,3017.19,3000.00,2.86,0.00,2998.26,3000.00,3.09,0.00
17:24:24.415 [TUNER] 645,996,3017.19,3000.00,2.86,0.00,2998.26,3000.00,3.09,0.00
17:24:24.416 [TUNER] 646,1004,3022.80,3000.00,2.76,0.00,3002.51,3000.00,3.04,0.00
17:24:24.456 [TUNER] 647,996,3022.80,3000.00,2.76,0.00,3002.51,3000.00,3.04,0.00
17:24:24.457 [TUNER] 648,1004,3025.58,3000.00,2.71,0.00,3000.75,3000.00,3.06,0.00
17:24:24.502 [TUNER] 649,996,3025.58,3000.00,2.71,0.00,3000.75,3000.00,3.06,0.00
17:24:24.502 [TUNER] 650,1004,3014.91,3000.00,2.83,0.00,2983.02,3000.00,3.30,0.00
17:24:24.541 [TUNER] 651,996,3014.91,3000.00,2.83,0.00,2983.02,3000.00,3.30,0.00
17:24:24.542 [TUNER] 652,1004,2998.64,3000.00,3.04,0.00,3034.98,3000.00,2.61,0.00
17:24:24.585 [TUNER] 653,996,2998.64,3000.00,3.04,0.00,3034.98,3000.00,2.61,0.00
17:24:24.586 [TUNER] 654,1004,3001.95,3000.00,2.99,0.00,3000.10,3000.00,3.05,0.00
17:24:24.628 [TUNER] 655,996,3001.95,3000.00,2.99,0.00,3000.10,3000.00,3.05,0.00
17:24:24.669 [TUNER] 656,1004,3030.37,3000.00,2.60,0.00,2976.49,3000.00,3.37,0.00
17:24:24.671 [TUNER] 657,996,3030.37,3000.00,2.60,0.00,2976.49,3000.00,3.37,0.00
17:24:24.671 [TUNER] 658,1004,3023.04,3000.00,2.67,0.00,3022.89,3000.00,2.76,0.00
17:24:24.671 [TUNER] 659,996,3023.04,3000.00,2.67,0.00,3022.89,3000.00,2.76,0.00
17:24:24.712 [TUNER] 660,1004,3045.53,3000.00,2.34,0.00,3001.59,3000.00,3.03,0.00
17:24:24.712 [TUNER] 661,996,3045.53,3000.00,2.34,0.00,3001.59,3000.00,3.03,0.00
17:24:24.755 [TUNER] 662,1004,2992.21,3000.00,3.04,0.00,2999.16,3000.00,3.06,0.00
17:24:24.755 [TUNER] 663,996,2992.21,3000.00,3.04,0.00,2999.16,3000.00,3.06,0.00
17:24:24.797 [TUNER] 664,1004,2966.74,3000.00,3.39,0.00,3043.60,3000.00,2.46,0.00
17:24:24.798 [TUNER] 665,996,2966.74,3000.00,3.39,0.00,3043.60,3000.00,2.46,0.00
17:24:24.839 [TUNER] 666,1004,3000.49,3000.00,2.96,0.00,3025.03,3000.00,2.67,0.00
17:24:24.839 [TUNER] 667,996,3000.49,3000.00,2.96,0.00,3025.03,3000.00,2.67,0.00
17:24:24.883 [TUNER] 668,1004,3014.59,3000.00,2.77,0.00,3021.35,3000.00,2.70,0.00
17:24:24.884 [TUNER] 669,996,3014.59,3000.00,2.77,0.00,3021.35,3000.00,2.70,0.00
17:24:24.924 [TUNER] 670,1004,3060.24,3000.00,2.12,0.00,3032.14,3000.00,2.53,0.00
17:24:24.925 [TUNER] 671,996,3060.24,3000.00,2.12,0.00,3032.14,3000.00,2.53,0.00
17:24:24.968 [TUNER] 672,1004,3059.82,3000.00,2.07,-0.00,3013.29,3000.00,2.76,0.00
17:24:24.968 [TUNER] 673,996,3059.82,3000.00,2.07,-0.00,3013.29,3000.00,2.76,0.00
17:24:25.008 [TUNER] 674,1004,3023.41,3000.00,2.52,-0.00,3017.96,3000.00,2.68,0.00
17:24:25.009 [TUNER] 675,996,3023.41,3000.00,2.52,-0.00,3017.96,3000.00,2.68,0.00
17:24:25.010 [TUNER] 676,1004,2996.85,3000.00,2.86,-0.00,3006.24,3000.00,2.83,0.00
17:24:25.052 [TUNER] 677,996,2996.85,3000.00,2.86,-0.00,3006.24,3000.00,2.83,0.00
17:24:25.054 [TUNER] 678,1004,2967.88,3000.00,3.27,-0.00,2997.73,3000.00,2.94,0.00
17:24:25.110 [TUNER] 679,996,2967.88,3000.00,3.27,-0.00,2997.73,3000.00,2.94,0.00
17:24:25.111 [TUNER] 680,1004,2953.29,3000.00,3.50,0.00,2979.74,3000.00,3.18,0.00
17:24:25.136 [TUNER] 681,996,2953.29,3000.00,3.50,0.00,2979.74,3000.00,3.18,0.00
17:24:25.137 [TUNER] 682,1004,2958.80,3000.00,3.46,0.00,2974.81,3000.00,3.27,0.00
17:24:25.179 [TUNER] 683,996,2958.80,3000.00,3.46,0.00,2974.81,3000.00,3.27,0.00
17:24:25.179 [TUNER] 684,1004,2982.10,3000.00,3.18,0.00,3004.36,3000.00,2.89,0.00
17:24:25.220 [TUNER] 685,996,2982.10,3000.00,3.18,0.00,3004.36,3000.00,2.89,0.00
17:24:25.220 [TUNER] 686,1004,3004.18,3000.00,2.89,0.00,3021.99,3000.00,2.65,0.00
17:24:25.263 [TUNER] 687,996,3004.18,3000.00,2.89,0.00,3021.99,3000.00,2.65,0.00
17:24:25.263 [TUNER] 688,1005,3044.72,3000.00,2.33,0.00,3010.02,3000.00,2.79,0.00
17:24:25.308 [TUNER] 689,995,3044.72,3000.00,2.33,0.00,3010.02,3000.00,2.79,0.00
17:24:25.308 [TUNER] 690,1004,3027.08,3000.00,2.53,0.00,2998.47,3000.00,2.94,0.00
17:24:25.349 [TUNER] 691,996,3027.08,3000.00,2.53,0.00,2998.47,3000.00,2.94,0.00
17:24:25.350 [TUNER] 692,1004,3052.20,3000.00,2.16,-0.00,2987.21,3000.00,3.09,0.00
17:24:25.351 [TUNER] 693,996,3052.20,3000.00,2.16,-0.00,2987.21,3000.00,3.09,0.00
17:24:25.391 [TUNER] 694,1004,3005.28,3000.00,2.76,-0.00,3003.11,3000.00,2.89,0.00
17:24:25.391 [TUNER] 695,996,3005.28,3000.00,2.76,-0.00,3003.11,3000.00,2.89,0.00
17:24:25.434 [TUNER] 696,1004,2947.13,3000.00,3.56,0.00,2994.36,3000.00,3.00,0.00
17:24:25.435 [TUNER] 697,996,2947.13,3000.00,3.56,0.00,2994.36,3000.00,3.00,0.00
17:24:25.478 [TUNER] 698,1004,2969.33,3000.00,3.30,0.00,2990.80,3000.00,3.06,0.00
17:24:25.478 [TUNER] 699,996,2969.33,3000.00,3.30,0.00,2990.80,3000.00,3.06,0.00
17:24:25.519 [TUNER] 700,1004,2985.38,3000.00,3.11,0.00,2994.82,3000.00,3.01,0.00
17:24:25.519 [TUNER] 701,996,2985.38,3000.00,3.11,0.00,2994.82,3000.00,3.01,0.00
17:24:25.563 [TUNER] 702,1004,2979.31,3000.00,3.20,0.00,2992.02,3000.00,3.05,0.00
17:24:25.563 [TUNER] 703,996,2979.31,3000.00,3.20,0.00,2992.02,3000.00,3.05,0.00
17:24:25.604 [TUNER] 704,1004,3009.68,3000.00,2.80,0.00,2983.77,3000.00,3.17,0.00
17:24:25.605 [TUNER] 705,996,3009.68,3000.00,2.80,0.00,2983.77,3000.00,3.17,0.00
17:24:25.648 [TUNER] 706,1004,2969.55,3000.00,3.35,0.00,2998.64,3000.00,2.98,0.00
17:24:25.650 [TUNER] 707,996,2969.55,3000.00,3.35,0.00,2998.64,3000.00,2.98,0.00
17:24:25.689 [TUNER] 708,1004,2949.47,3000.00,3.65,0.00,2986.49,3000.00,3.15,0.00
17:24:25.689 [TUNER] 709,996,2949.47,3000.00,3.65,0.00,2986.49,3000.00,3.15,0.00
17:24:25.691 [TUNER] 710,1004,2990.97,3000.00,3.13,0.00,2964.74,3000.00,3.46,0.00
17:24:25.735 [TUNER] 711,996,2990.97,3000.00,3.13,0.00,2964.74,3000.00,3.46,0.00
17:24:25.735 [TUNER] 712,1004,2988.08,3000.00,3.18,0.00,3001.46,3000.00,2.99,0.00
17:24:25.774 [TUNER] 713,996,2988.08,3000.00,3.18,0.00,3001.46,3000.00,2.99,0.00
17:24:25.774 [TUNER] 714,1004,2993.50,3000.00,3.11,0.00,3023.11,3000.00,2.70,0.00
17:24:25.818 [TUNER] 715,996,2993.50,3000.00,3.11,0.00,3023.11,3000.00,2.70,0.00
17:24:25.819 [TUNER] 716,1004,3030.48,3000.00,2.61,0.00,3024.96,3000.00,2.65,0.00
17:24:25.861 [TUNER] 717,996,3030.48,3000.00,2.61,0.00,3024.96,3000.00,2.65,0.00
17:24:25.861 [TUNER] 718,1004,2987.05,3000.00,3.18,0.00,2987.79,3000.00,3.13,0.00
17:24:25.900 [TUNER] 719,996,2987.05,3000.00,3.18,0.00,2987.79,3000.00,3.13,0.00
17:24:25.901 [TUNER] 720,1004,2954.02,3000.00,3.65,0.00,2947.74,3000.00,3.69,0.00
17:24:25.944 [TUNER] 721,996,2954.02,3000.00,3.65,0.00,2947.74,3000.00,3.69,0.00
17:24:25.945 [TUNER] 722,1004,3001.48,3000.00,3.03,0.00,2976.69,3000.00,3.34,0.00
17:24:25.986 [TUNER] 723,996,3001.48,3000.00,3.03,0.00,2976.69,3000.00,3.34,0.00
17:24:25.987 [TUNER] 724,1004,2991.33,3000.00,3.17,0.00,2998.14,3000.00,3.07,0.00
17:24:26.029 [TUNER] 725,996,2991.33,3000.00,3.17,0.00,2998.14,3000.00,3.07,0.00
17:24:26.074 [TUNER] 726,1004,2998.68,3000.00,3.08,0.00,2998.97,3000.00,3.06,0.00
17:24:26.074 [TUNER] 727,996,2998.68,3000.00,3.08,0.00,2998.97,3000.00,3.06,0.00
17:24:26.075 [TUNER] 728,1004,3014.01,3000.00,2.87,0.00,3009.09,3000.00,2.93,0.00
17:24:26.076 [TUNER] 729,996,3014.01,3000.00,2.87,0.00,3009.09,3000.00,2.93,0.00
17:24:26.114 [TUNER] 730,1004,3009.95,3000.00,2.91,0.00,3009.45,3000.00,2.91,0.00
17:24:26.115 [TUNER] 731,996,3009.95,3000.00,2.91,0.00,3009.45,3000.00,2.91,0.00
17:24:26.155 [TUNER] 732,1004,3010.14,3000.00,2.90,0.00,2998.57,3000.00,3.05,0.00
17:24:26.156 [TUNER] 733,996,3010.14,3000.00,2.90,0.00,2998.57,3000.00,3.05,0.00
17:24:26.201 [TUNER] 734,1004,3012.01,3000.00,2.87,0.00,3028.53,3000.00,2.65,0.00
17:24:26.203 [TUNER] 735,996,3012.01,3000.00,2.87,0.00,3028.53,3000.00,2.65,0.00
17:24:26.241 [TUNER] 736,1004,3028.97,3000.00,2.62,0.00,2993.22,3000.00,3.10,0.00
17:24:26.242 [TUNER] 737,996,3028.97,3000.00,2.62,0.00,2993.22,3000.00,3.10,0.00
17:24:26.328 [TUNER] 738,1004,3002.16,3000.00,2.96,0.00,2966.69,3000.00,3.46,0.00
17:24:26.328 [TUNER] 739,996,3002.16,3000.00,2.96,0.00,2966.69,3000.00,3.46,0.00
17:24:26.328 [TUNER] 740,1004,2986.73,3000.00,3.17,0.00,3005.59,3000.00,2.97,0.00
17:24:26.329 [TUNER] 741,996,2986.73,3000.00,3.17,0.00,3005.59,3000.00,2.97,0.00
17:24:26.330 [TUNER] 742,1004,2986.41,3000.00,3.19,0.00,3013.53,3000.00,2.86,0.00
17:24:26.369 [TUNER] 743,996,2986.41,3000.00,3.19,0.00,3013.53,3000.00,2.86,0.00
17:24:26.370 [TUNER] 744,1004,3014.50,3000.00,2.82,0.00,3007.85,3000.00,2.92,0.00
17:24:26.412 [TUNER] 745,996,3014.50,3000.00,2.82,0.00,3007.85,3000.00,2.92,0.00
17:24:26.412 [TUNER] 746,1004,3018.07,3000.00,2.75,0.00,3005.02,3000.00,2.95,0.00
17:24:26.453 [TUNER] 747,996,3018.07,3000.00,2.75,0.00,3005.02,3000.00,2.95,0.00
17:24:26.454 [TUNER] 748,1004,3056.15,3000.00,2.21,0.00,2978.71,3000.00,3.30,0.00
17:24:26.501 [TUNER] 749,996,3056.15,3000.00,2.21,0.00,2978.71,3000.00,3.30,0.00
17:24:26.502 [TUNER] 750,1004,3018.76,3000.00,2.68,0.00,3002.33,3000.00,3.00,0.00
17:24:26.539 [TUNER] 751,996,3018.76,3000.00,2.68,0.00,3002.33,3000.00,3.00,0.00
17:24:26.539 [TUNER] 752,1004,3023.20,3000.00,2.60,0.00,3034.97,3000.00,2.56,0.00
17:24:26.583 [TUNER] 753,996,3023.20,3000.00,2.60,0.00,3034.97,3000.00,2.56,0.00
17:24:26.584 [TUNER] 754,1004,3028.47,3000.00,2.50,0.00,3010.39,3000.00,2.86,0.00
17:24:26.625 [TUNER] 755,996,3028.47,3000.00,2.50,0.00,3010.39,3000.00,2.86,0.00
17:24:26.626 [TUNER] 756,1004,2975.99,3000.00,3.20,0.00,3052.59,3000.00,2.28,0.00
17:24:26.667 [TUNER] 757,996,2975.99,3000.00,3.20,0.00,3052.59,3000.00,2.28,0.00
17:24:26.668 [TUNER] 758,1004,2993.28,3000.00,2.98,0.00,3054.56,3000.00,2.20,0.00
17:24:26.711 [TUNER] 759,996,2993.28,3000.00,2.98,0.00,3054.56,3000.00,2.20,0.00
17:24:26.752 [TUNER] 760,1004,3014.84,3000.00,2.69,0.00,3056.13,3000.00,2.13,-0.00
17:24:26.753 [TUNER] 761,996,3014.84,3000.00,2.69,0.00,3056.13,3000.00,2.13,-0.00
17:24:26.754 [TUNER] 762,1004,2987.42,3000.00,3.06,0.00,3061.69,3000.00,2.01,-0.00
17:24:26.754 [TUNER] 763,996,2987.42,3000.00,3.06,0.00,3061.69,3000.00,2.01,-0.00
17:24:26.794 [TUNER] 764,1004,2999.85,3000.00,2.90,0.00,3024.90,3000.00,2.45,-0.00
17:24:26.795 [TUNER] 765,996,2999.85,3000.00,2.90,0.00,3024.90,3000.00,2.45,-0.00
17:24:26.837 [TUNER] 766,1004,2990.89,3000.00,3.02,0.00,2970.56,3000.00,3.16,-0.00
17:24:26.838 [TUNER] 767,996,2990.89,3000.00,3.02,0.00,2970.56,3000.00,3.16,-0.00
17:24:26.880 [TUNER] 768,1004,2965.69,3000.00,3.38,0.00,2972.61,3000.00,3.16,-0.00
17:24:26.880 [TUNER] 769,996,2965.69,3000.00,3.38,0.00,2972.61,3000.00,3.16,-0.00
17:24:26.924 [TUNER] 770,1004,2988.47,3000.00,3.09,0.00,2952.78,3000.00,3.46,0.00
17:24:26.925 [TUNER] 771,996,2988.47,3000.00,3.09,0.00,2952.78,3000.00,3.46,0.00
17:24:26.965 [TUNER] 772,1004,2994.68,3000.00,3.02,0.00,2967.84,3000.00,3.29,0.00
17:24:26.965 [TUNER] 773,996,2994.68,3000.00,3.02,0.00,2967.84,3000.00,3.29,0.00
17:24:27.006 [TUNER] 774,1004,3010.81,3000.00,2.80,0.00,3009.10,3000.00,2.77,0.00
17:24:27.007 [TUNER] 775,996,3010.81,3000.00,2.80,0.00,3009.10,3000.00,2.77,0.00
17:24:27.051 [TUNER] 776,1004,3040.89,3000.00,2.38,0.00,2971.66,3000.00,3.26,0.00
17:24:27.053 [TUNER] 777,996,3040.89,3000.00,2.38,0.00,2971.66,3000.00,3.26,0.00
17:24:27.053 [TUNER] 778,1004,3017.71,3000.00,2.66,0.00,2945.15,3000.00,3.65,0.00
17:24:27.092 [TUNER] 779,996,3017.71,3000.00,2.66,0.00,2945.15,3000.00,3.65,0.00
17:24:27.092 [TUNER] 780,1004,3013.77,3000.00,2.70,0.00,2979.77,3000.00,3.23,0.00
17:24:27.134 [TUNER] 781,996,3013.77,3000.00,2.70,0.00,2979.77,3000.00,3.23,0.00
17:24:27.134 [TUNER] 782,1004,3004.61,3000.00,2.81,0.00,3000.60,3000.00,2.97,0.00
17:24:27.179 [TUNER] 783,996,3004.61,3000.00,2.81,0.00,3000.60,3000.00,2.97,0.00
17:24:27.181 [TUNER] 784,1004,2969.79,3000.00,3.29,0.00,3005.24,3000.00,2.90,0.00
17:24:27.219 [TUNER] 785,996,2969.79,3000.00,3.29,0.00,3005.24,3000.00,2.90,0.00
17:24:27.219 [TUNER] 786,1004,2986.60,3000.00,3.08,0.00,3005.51,3000.00,2.89,0.00
17:24:27.307 [TUNER] 787,996,2986.60,3000.00,3.08,0.00,3005.51,3000.00,2.89,0.00
17:24:27.307 [TUNER] 788,1004,2987.16,3000.00,3.09,0.00,3000.57,3000.00,2.96,0.00
17:24:27.307 [TUNER] 789,996,2987.16,3000.00,3.09,0.00,3000.57,3000.00,2.96,0.00
17:24:27.307 [TUNER] 790,1004,2978.17,3000.00,3.22,0.00,2980.30,3000.00,3.23,0.00
17:24:27.347 [TUNER] 791,996,2978.17,3000.00,3.22,0.00,2980.30,3000.00,3.23,0.00
17:24:27.348 [TUNER] 792,1004,2992.44,3000.00,3.05,0.00,2989.86,3000.00,3.12,0.00
17:24:27.390 [TUNER] 793,996,2992.44,3000.00,3.05,0.00,2989.86,3000.00,3.12,0.00
17:24:27.391 [TUNER] 794,1004,2968.65,3000.00,3.38,0.00,2997.50,3000.00,3.02,0.00
17:24:27.392 [TUNER] 795,996,2968.65,3000.00,3.38,0.00,2997.50,3000.00,3.02,0.00
17:24:27.433 [TUNER] 796,1004,2944.45,3000.00,3.74,0.00,2979.57,3000.00,3.27,0.00
17:24:27.434 [TUNER] 797,996,2944.45,3000.00,3.74,0.00,2979.57,3000.00,3.27,0.00
17:24:27.474 [TUNER] 798,1004,2981.79,3000.00,3.28,0.00,2986.69,3000.00,3.19,0.00
17:24:27.474 [TUNER] 799,996,2981.79,3000.00,3.28,0.00,2986.69,3000.00,3.19,0.00
17:24:27.519 [TUNER] 800,1004,2972.15,3000.00,3.43,0.00,3008.71,3000.00,2.90,0.00
17:24:27.521 [TUNER] 801,996,2972.15,3000.00,3.43,0.00,3008.71,3000.00,2.90,0.00
17:24:27.558 [TUNER] 802,1004,2997.94,3000.00,3.10,0.00,2998.84,3000.00,3.03,0.00
17:24:27.559 [TUNER] 803,996,2997.94,3000.00,3.10,0.00,2998.84,3000.00,3.03,0.00
17:24:27.603 [TUNER] 804,1004,3050.36,3000.00,2.38,0.00,3004.69,3000.00,2.95,0.00
17:24:27.603 [TUNER] 805,996,3050.36,3000.00,2.38,0.00,3004.69,3000.00,2.95,0.00
17:24:27.645 [TUNER] 806,1004,3028.72,3000.00,2.63,0.00,3001.64,3000.00,2.99,0.00
17:24:27.646 [TUNER] 807,996,3028.72,3000.00,2.63,0.00,3001.64,3000.00,2.99,0.00
17:24:27.688 [TUNER] 808,1004,3020.86,3000.00,2.71,0.00,2966.55,3000.00,3.46,0.00
17:24:27.688 [TUNER] 809,996,3020.86,3000.00,2.71,0.00,2966.55,3000.00,3.46,0.00
17:24:27.732 [TUNER] 810,1004,3000.83,3000.00,2.97,0.00,3015.79,3000.00,2.83,0.00
17:24:27.733 [TUNER] 811,996,3000.83,3000.00,2.97,0.00,3015.79,3000.00,2.83,0.00
17:24:27.733 [TUNER] 812,1004,2988.24,3000.00,3.14,0.00,3017.39,3000.00,2.79,0.00
17:24:27.772 [TUNER] 813,996,2988.24,3000.00,3.14,0.00,3017.39,3000.00,2.79,0.00
17:24:27.772 [TUNER] 814,1004,2983.32,3000.00,3.22,0.00,3007.50,3000.00,2.91,0.00
17:24:27.815 [TUNER] 815,996,2983.32,3000.00,3.22,0.00,3007.50,3000.00,2.91,0.00
17:24:27.817 [TUNER] 816,1004,2993.13,3000.00,3.10,0.00,3040.82,3000.00,2.45,0.00
17:24:27.856 [TUNER] 817,996,2993.13,3000.00,3.10,0.00,3040.82,3000.00,2.45,0.00
17:24:27.856 [TUNER] 818,1004,2974.35,3000.00,3.37,0.00,3029.69,3000.00,2.56,0.00
17:24:27.900 [TUNER] 819,996,2974.35,3000.00,3.37,0.00,3029.69,3000.00,2.56,0.00
17:24:27.901 [TUNER] 820,1004,3004.85,3000.00,2.97,0.00,3017.34,3000.00,2.70,0.00
17:24:27.945 [TUNER] 821,996,3004.85,3000.00,2.97,0.00,3017.34,3000.00,2.70,0.00
17:24:27.945 [TUNER] 822,1004,3013.79,3000.00,2.84,0.00,3038.38,3000.00,2.40,0.00
17:24:27.985 [TUNER] 823,996,3013.79,3000.00,2.84,0.00,3038.38,3000.00,2.40,0.00
17:24:27.986 [TUNER] 824,1004,2984.87,3000.00,3.23,0.00,2997.67,3000.00,2.92,0.00
17:24:28.027 [TUNER] 825,996,2984.87,3000.00,3.23,0.00,2997.67,3000.00,2.92,0.00
17:24:28.028 [TUNER] 826,1004,2984.06,3000.00,3.25,0.00,2946.19,3000.00,3.62,0.00
17:24:28.069 [TUNER] 827,996,2984.06,3000.00,3.25,0.00,2946.19,3000.00,3.62,0.00
17:24:28.070 [TUNER] 828,1004,2984.27,3000.00,3.26,0.00,2978.89,3000.00,3.23,0.00
17:24:28.113 [TUNER] 829,996,2984.27,3000.00,3.26,0.00,2978.89,3000.00,3.23,0.00
17:24:28.115 [TUNER] 830,1004,2990.46,3000.00,3.19,0.00,2978.42,3000.00,3.25,0.00
17:24:28.118 [TUNER] 831,996,2990.46,3000.00,3.19,0.00,2978.42,3000.00,3.25,0.00
17:24:28.155 [TUNER] 832,1004,3023.75,3000.00,2.74,0.00,2999.52,3000.00,2.99,0.00
17:24:28.156 [TUNER] 833,996,3023.75,3000.00,2.74,0.00,2999.52,3000.00,2.99,0.00
17:24:28.200 [TUNER] 834,1004,3039.22,3000.00,2.51,0.00,3001.80,3000.00,2.95,0.00
17:24:28.201 [TUNER] 835,996,3039.22,3000.00,2.51,0.00,3001.80,3000.00,2.95,0.00
17:24:28.241 [TUNER] 836,1004,3024.97,3000.00,2.67,0.00,2952.93,3000.00,3.62,0.00
17:24:28.242 [TUNER] 837,996,3024.97,3000.00,2.67,0.00,2952.93,3000.00,3.62,0.00
17:24:28.283 [TUNER] 838,1004,2988.65,3000.00,3.15,0.00,2974.83,3000.00,3.36,0.00
17:24:28.286 [TUNER] 839,996,2988.65,3000.00,3.15,0.00,2974.83,3000.00,3.36,0.00
17:24:28.325 [TUNER] 840,1004,2976.78,3000.00,3.32,0.00,3010.40,3000.00,2.90,0.00
17:24:28.325 [TUNER] 841,996,2976.78,3000.00,3.32,0.00,3010.40,3000.00,2.90,0.00
17:24:28.370 [TUNER] 842,1004,2994.77,3000.00,3.09,0.00,2990.74,3000.00,3.16,0.00
17:24:28.371 [TUNER] 843,996,2994.77,3000.00,3.09,0.00,2990.74,3000.00,3.16,0.00
17:24:28.411 [TUNER] 844,1004,2986.83,3000.00,3.21,0.00,2998.21,3000.00,3.07,0.00
17:24:28.411 [TUNER] 845,996,2986.83,3000.00,3.21,0.00,2998.21,3000.00,3.07,0.00
17:24:28.411 [TUNER] 846,1004,3015.69,3000.00,2.82,0.00,3019.64,3000.00,2.78,0.00
17:24:28.455 [TUNER] 847,996,3015.69,3000.00,2.82,0.00,3019.64,3000.00,2.78,0.00
17:24:28.456 [TUNER] 848,1004,3017.31,3000.00,2.79,0.00,2995.56,3000.00,3.09,0.00
17:24:28.495 [TUNER] 849,996,3017.31,3000.00,2.79,0.00,2995.56,3000.00,3.09,0.00
17:24:28.495 [TUNER] 850,1004,3010.02,3000.00,2.87,0.00,3017.53,3000.00,2.79,0.00
17:24:28.539 [TUNER] 851,996,3010.02,3000.00,2.87,0.00,3017.53,3000.00,2.79,0.00
17:24:28.541 [TUNER] 852,1004,3010.19,3000.00,2.86,0.00,2994.72,3000.00,3.09,0.00
17:24:28.579 [TUNER] 853,996,3010.19,3000.00,2.86,0.00,2994.72,3000.00,3.09,0.00
17:24:28.581 [TUNER] 854,1004,2975.97,3000.00,3.32,0.00,2979.06,3000.00,3.30,0.00
17:24:28.622 [TUNER] 855,996,2975.97,3000.00,3.32,0.00,2979.06,3000.00,3.30,0.00
17:24:28.623 [TUNER] 856,1004,2972.65,3000.00,3.39,0.00,2987.15,3000.00,3.21,0.00
17:24:28.666 [TUNER] 857,996,2972.65,3000.00,3.39,0.00,2987.15,3000.00,3.21,0.00
17:24:28.668 [TUNER] 858,1004,2993.18,3000.00,3.13,0.00,2999.63,3000.00,3.05,0.00
17:24:28.707 [TUNER] 859,996,2993.18,3000.00,3.13,0.00,2999.63,3000.00,3.05,0.00
17:24:28.707 [TUNER] 860,1004,3007.89,3000.00,2.94,0.00,3014.77,3000.00,2.85,0.00
17:24:28.750 [TUNER] 861,996,3007.89,3000.00,2.94,0.00,3014.77,3000.00,2.85,0.00
17:24:28.751 [TUNER] 862,1004,3026.53,3000.00,2.67,0.00,3017.43,3000.00,2.80,0.00
17:24:28.751 [TUNER] 863,996,3026.53,3000.00,2.67,0.00,3017.43,3000.00,2.80,0.00
17:24:28.838 [TUNER] 864,1004,3051.76,3000.00,2.30,0.00,2980.90,3000.00,3.28,0.00
17:24:28.840 [TUNER] 865,996,3051.76,3000.00,2.30,0.00,2980.90,3000.00,3.28,0.00
17:24:28.843 [TUNER] 866,1004,3004.07,3000.00,2.91,0.00,2985.18,3000.00,3.24,0.00
17:24:28.846 [TUNER] 867,996,3004.07,3000.00,2.91,0.00,2985.18,3000.00,3.24,0.00
17:24:28.875 [TUNER] 868,1004,2991.69,3000.00,3.08,0.00,3022.11,3000.00,2.75,0.00
17:24:28.876 [TUNER] 869,996,2991.69,3000.00,3.08,0.00,3022.11,3000.00,2.75,0.00
17:24:28.921 [TUNER] 870,1004,2991.24,3000.00,3.09,0.00,3045.64,3000.00,2.41,0.00
17:24:28.922 [TUNER] 871,996,2991.24,3000.00,3.09,0.00,3045.64,3000.00,2.41,0.00
17:24:28.961 [TUNER] 872,1004,2975.41,3000.00,3.32,0.00,3041.27,3000.00,2.43,0.00
17:24:28.962 [TUNER] 873,996,2975.41,3000.00,3.32,0.00,3041.27,3000.00,2.43,0.00
17:24:29.005 [TUNER] 874,1004,3008.28,3000.00,2.89,0.00,3054.09,3000.00,2.22,0.00
17:24:29.006 [TUNER] 875,996,3008.28,3000.00,2.89,0.00,3054.09,3000.00,2.22,0.00
17:24:29.050 [TUNER] 876,1004,3003.65,3000.00,2.94,0.00,3060.92,3000.00,2.08,-0.00
17:24:29.051 [TUNER] 877,996,3003.65,3000.00,2.94,0.00,3060.92,3000.00,2.08,-0.00
17:24:29.092 [TUNER] 878,1004,2992.21,3000.00,3.10,0.00,3014.83,3000.00,2.65,-0.00
17:24:29.093 [TUNER] 879,996,2992.21,3000.00,3.10,0.00,3014.83,3000.00,2.65,-0.00
17:24:29.094 [TUNER] 880,1004,3023.44,3000.00,2.67,0.00,2999.44,3000.00,2.84,-0.00
17:24:29.133 [TUNER] 881,996,3023.44,3000.00,2.67,0.00,2999.44,3000.00,2.84,-0.00
17:24:29.135 [TUNER] 882,1004,2995.16,3000.00,3.04,0.00,2979.40,3000.00,3.11,-0.00
17:24:29.175 [TUNER] 883,996,2995.16,3000.00,3.04,0.00,2979.40,3000.00,3.11,-0.00
17:24:29.176 [TUNER] 884,1004,2963.09,3000.00,3.49,0.00,2959.07,3000.00,3.41,0.00
17:24:29.219 [TUNER] 885,996,2963.09,3000.00,3.49,0.00,2959.07,3000.00,3.41,0.00
17:24:29.220 [TUNER] 886,1004,3007.01,3000.00,2.92,0.00,2959.99,3000.00,3.43,0.00
17:24:29.259 [TUNER] 887,996,3007.01,3000.00,2.92,0.00,2959.99,3000.00,3.43,0.00
17:24:29.260 [TUNER] 888,1004,2984.59,3000.00,3.22,0.00,2988.21,3000.00,3.09,0.00
17:24:29.302 [TUNER] 889,996,2984.59,3000.00,3.22,0.00,2988.21,3000.00,3.09,0.00
17:24:29.304 [TUNER] 890,1004,3004.46,3000.00,2.96,0.00,2991.03,3000.00,3.06,0.00
17:24:29.347 [TUNER] 891,996,3004.46,3000.00,2.96,0.00,2991.03,3000.00,3.06,0.00
17:24:29.350 [TUNER] 892,1004,3048.70,3000.00,2.34,0.00,2993.28,3000.00,3.04,0.00
17:24:29.388 [TUNER] 893,996,3048.70,3000.00,2.34,0.00,2993.28,3000.00,3.04,0.00
17:24:29.389 [TUNER] 894,1004,3054.02,3000.00,2.23,0.00,2981.34,3000.00,3.20,0.00
17:24:29.434 [TUNER] 895,996,3054.02,3000.00,2.23,0.00,2981.34,3000.00,3.20,0.00
17:24:29.437 [TUNER] 896,1004,3043.68,3000.00,2.32,0.00,2958.05,3000.00,3.54,0.00
17:24:29.437 [TUNER] 897,996,3043.68,3000.00,2.32,0.00,2958.05,3000.00,3.54,0.00
17:24:29.472 [TUNER] 898,1004,2998.47,3000.00,2.90,0.00,3002.98,3000.00,2.97,0.00
17:24:29.472 [TUNER] 899,996,2998.47,3000.00,2.90,0.00,3002.98,3000.00,2.97,0.00
17:24:29.516 [TUNER] 900,1004,2970.89,3000.00,3.28,0.00,3031.19,3000.00,2.58,0.00
17:24:29.519 [TUNER] 901,996,2970.89,3000.00,3.28,0.00,3031.19,3000.00,2.58,0.00
17:24:29.558 [TUNER] 902,1004,2964.29,3000.00,3.40,0.00,3014.25,3000.00,2.78,0.00
17:24:29.559 [TUNER] 903,996,2964.29,3000.00,3.40,0.00,3014.25,3000.00,2.78,0.00
17:24:29.600 [TUNER] 904,1004,3004.53,3000.00,2.88,0.00,3079.72,3000.00,1.88,0.00
17:24:29.602 [TUNER] 905,996,3004.53,3000.00,2.88,0.00,3079.72,3000.00,1.88,0.00
17:24:29.643 [TUNER] 906,1004,3015.26,3000.00,2.73,0.00,3060.80,3000.00,2.07,-0.00
17:24:29.643 [TUNER] 907,996,3015.26,3000.00,2.73,0.00,3060.80,3000.00,2.07,-0.00
17:24:29.687 [TUNER] 908,1004,3013.52,3000.00,2.74,0.00,3031.92,3000.00,2.40,-0.00
17:24:29.689 [TUNER] 909,996,3013.52,3000.00,2.74,0.00,3031.92,3000.00,2.40,-0.00
17:24:29.729 [TUNER] 910,1004,2976.06,3000.00,3.24,0.00,3021.71,3000.00,2.51,-0.00
17:24:29.730 [TUNER] 911,996,2976.06,3000.00,3.24,0.00,3021.71,3000.00,2.51,-0.00
17:24:29.771 [TUNER] 912,1004,2959.83,3000.00,3.49,0.00,2967.14,3000.00,3.23,-0.00
17:24:29.771 [TUNER] 913,996,2959.83,3000.00,3.49,0.00,2967.14,3000.00,3.23,-0.00
17:24:29.814 [TUNER] 914,1004,2970.05,3000.00,3.38,0.00,2925.21,3000.00,3.83,0.00
17:24:29.816 [TUNER] 915,996,2970.05,3000.00,3.38,0.00,2925.21,3000.00,3.83,0.00
17:24:29.818 [TUNER] 916,1004,2970.49,3000.00,3.40,0.00,2965.54,3000.00,3.35,0.00
17:24:29.856 [TUNER] 917,996,2970.49,3000.00,3.40,0.00,2965.54,3000.00,3.35,0.00
17:24:29.858 [TUNER] 918,1004,2994.89,3000.00,3.10,0.00,2967.74,3000.00,3.35,0.00
17:24:29.899 [TUNER] 919,996,2994.89,3000.00,3.10,0.00,2967.74,3000.00,3.35,0.00
17:24:29.903 [TUNER] 920,1004,3032.45,3000.00,2.58,0.00,3005.58,3000.00,2.87,0.00
17:24:29.939 [TUNER] 921,996,3032.45,3000.00,2.58,0.00,3005.58,3000.00,2.87,0.00
17:24:29.939 [TUNER] 922,1004,3050.48,3000.00,2.30,0.00,3010.94,3000.00,2.79,0.00
17:24:29.983 [TUNER] 923,996,3050.48,3000.00,2.30,0.00,3010.94,3000.00,2.79,0.00
17:24:29.983 [TUNER] 924,1004,3058.02,3000.00,2.15,0.00,2969.70,3000.00,3.34,0.00
17:24:30.070 [TUNER] 925,996,3058.02,3000.00,2.15,0.00,2969.70,3000.00,3.34,0.00
17:24:30.070 [TUNER] 926,1004,3001.35,3000.00,2.88,0.00,2957.32,3000.00,3.54,0.00
17:24:30.070 [TUNER] 927,996,3001.35,3000.00,2.88,0.00,2957.32,3000.00,3.54,0.00
17:24:30.070 [TUNER] 928,1004,2979.21,3000.00,3.19,0.00,2998.96,3000.00,3.01,0.00
17:24:30.071 [TUNER] 929,996,2979.21,3000.00,3.19,0.00,2998.96,3000.00,3.01,0.00
17:24:30.110 [TUNER] 930,1004,2978.67,3000.00,3.21,0.00,2985.89,3000.00,3.19,0.00
17:24:30.110 [TUNER] 931,996,2978.67,3000.00,3.21,0.00,2985.89,3000.00,3.19,0.00
17:24:30.152 [TUNER] 932,1004,2967.94,3000.00,3.38,0.00,3009.79,3000.00,2.88,0.00
17:24:30.153 [TUNER] 933,996,2967.94,3000.00,3.38,0.00,3009.79,3000.00,2.88,0.00
17:24:30.195 [TUNER] 934,1004,2985.12,3000.00,3.17,0.00,3022.04,3000.00,2.70,0.00
17:24:30.195 [TUNER] 935,996,2985.12,3000.00,3.17,0.00,3022.04,3000.00,2.70,0.00
17:24:30.238 [TUNER] 936,1004,3010.03,3000.00,2.84,0.00,3001.77,3000.00,2.96,0.00
17:24:30.238 [TUNER] 937,996,3010.03,3000.00,2.84,0.00,3001.77,3000.00,2.96,0.00
17:24:30.280 [TUNER] 938,1004,2965.54,3000.00,3.45,0.00,2996.72,3000.00,3.02,0.00
17:24:30.281 [TUNER] 939,996,2965.54,3000.00,3.45,0.00,2996.72,3000.00,3.02,0.00
17:24:30.324 [TUNER] 940,1004,2965.16,3000.00,3.48,0.00,2980.66,3000.00,3.24,0.00
17:24:30.325 [TUNER] 941,996,2965.16,3000.00,3.48,0.00,2980.66,3000.00,3.24,0.00
17:24:30.365 [TUNER] 942,1004,2970.87,3000.00,3.44,0.00,2958.36,3000.00,3.56,0.00
17:24:30.365 [TUNER] 943,996,2970.87,3000.00,3.44,0.00,2958.36,3000.00,3.56,0.00
17:24:30.407 [TUNER] 944,1004,2973.72,3000.00,3.42,0.00,2973.16,3000.00,3.40,0.00
17:24:30.408 [TUNER] 945,996,2973.72,3000.00,3.42,0.00,2973.16,3000.00,3.40,0.00
17:24:30.452 [TUNER] 946,1004,2979.44,3000.00,3.37,0.00,2997.89,3000.00,3.09,0.00
17:24:30.494 [TUNER] 947,996,2979.44,3000.00,3.37,0.00,2997.89,3000.00,3.09,0.00
17:24:30.495 [TUNER] 948,1004,3005.49,3000.00,3.03,0.00,3024.54,3000.00,2.73,0.00
17:24:30.496 [TUNER] 949,996,3005.49,3000.00,3.03,0.00,3024.54,3000.00,2.73,0.00
17:24:30.496 [TUNER] 950,1004,3028.05,3000.00,2.71,0.00,3014.94,3000.00,2.84,0.00
17:24:30.534 [TUNER] 951,996,3028.05,3000.00,2.71,0.00,3014.94,3000.00,2.84,0.00
17:24:30.536 [TUNER] 952,1004,3049.53,3000.00,2.39,0.00,2959.16,3000.00,3.58,0.00
17:24:30.578 [TUNER] 953,996,3049.53,3000.00,2.39,0.00,2959.16,3000.00,3.58,0.00
17:24:30.579 [TUNER] 954,1004,3027.20,3000.00,2.65,0.00,2954.04,3000.00,3.69,0.00
17:24:30.620 [TUNER] 955,996,3027.20,3000.00,2.65,0.00,2954.04,3000.00,3.69,0.00
17:24:30.621 [TUNER] 956,1004,3029.95,3000.00,2.59,0.00,3004.07,3000.00,3.05,0.00
17:24:30.663 [TUNER] 957,996,3029.95,3000.00,2.59,0.00,3004.07,3000.00,3.05,0.00
17:24:30.665 [TUNER] 958,1004,3013.26,3000.00,2.79,0.00,3039.80,3000.00,2.56,0.00
17:24:30.704 [TUNER] 959,996,3013.26,3000.00,2.79,0.00,3039.80,3000.00,2.56,0.00
17:24:30.705 [TUNER] 960,1004,2972.41,3000.00,3.34,0.00,3062.36,3000.00,2.22,0.00
17:24:30.750 [TUNER] 961,996,2972.41,3000.00,3.34,0.00,3062.36,3000.00,2.22,0.00
17:24:30.753 [TUNER] 962,1004,2988.70,3000.00,3.15,0.00,3077.84,3000.00,1.96,0.00
17:24:30.790 [TUNER] 963,996,2988.70,3000.00,3.15,0.00,3077.84,3000.00,1.96,0.00
17:24:30.790 [TUNER] 964,1004,2992.28,3000.00,3.11,0.00,3084.21,3000.00,1.80,0.00
17:24:30.791 [TUNER] 965,996,2992.28,3000.00,3.11,0.00,3084.21,3000.00,1.80,0.00
17:24:30.833 [TUNER] 966,1004,2982.26,3000.00,3.25,0.00,3012.85,3000.00,2.69,-0.00
17:24:30.835 [TUNER] 967,996,2982.26,3000.00,3.25,0.00,3012.85,3000.00,2.69,-0.00
17:24:30.877 [TUNER] 968,1004,3030.94,3000.00,2.60,0.00,2983.25,3000.00,3.08,0.00
17:24:30.918 [TUNER] 969,996,3030.94,3000.00,2.60,0.00,2983.25,3000.00,3.08,0.00
17:24:30.920 [TUNER] 970,1004,2991.71,3000.00,3.11,0.00,2949.27,3000.00,3.55,0.00
17:24:30.920 [TUNER] 971,996,2991.71,3000.00,3.11,0.00,2949.27,3000.00,3.55,0.00
17:24:30.963 [TUNER] 972,1004,2971.49,3000.00,3.40,0.00,2934.96,3000.00,3.79,0.00
17:24:30.966 [TUNER] 973,996,2971.49,3000.00,3.40,0.00,2934.96,3000.00,3.79,0.00
17:24:31.003 [TUNER] 974,1004,3009.44,3000.00,2.90,0.00,2976.78,3000.00,3.29,0.00
17:24:31.004 [TUNER] 975,996,3009.44,3000.00,2.90,0.00,2976.78,3000.00,3.29,0.00
17:24:31.046 [TUNER] 976,1004,2978.81,3000.00,3.31,0.00,3011.95,3000.00,2.83,0.00
17:24:31.046 [TUNER] 977,996,2978.81,3000.00,3.31,0.00,3011.95,3000.00,2.83,0.00
17:24:31.088 [TUNER] 978,1004,3016.15,3000.00,2.82,0.00,2986.83,3000.00,3.16,0.00
17:24:31.088 [TUNER] 979,996,3016.15,3000.00,2.82,0.00,2986.83,3000.00,3.16,0.00
17:24:31.130 [TUNER] 980,1004,3035.72,3000.00,2.53,0.00,2952.13,3000.00,3.64,0.00
17:24:31.131 [TUNER] 981,996,3035.72,3000.00,2.53,0.00,2952.13,3000.00,3.64,0.00
17:24:31.134 [TUNER] 982,1004,3028.18,3000.00,2.60,0.00,2989.65,3000.00,3.18,0.00
17:24:31.173 [TUNER] 983,996,3028.18,3000.00,2.60,0.00,2989.65,3000.00,3.18,0.00
17:24:31.173 [TUNER] 984,1004,3015.27,3000.00,2.76,0.00,2987.89,3000.00,3.21,0.00
17:24:31.216 [TUNER] 985,996,3015.27,3000.00,2.76,0.00,2987.89,3000.00,3.21,0.00
17:24:31.217 [TUNER] 986,1004,2991.20,3000.00,3.07,0.00,3024.27,3000.00,2.73,0.00
17:24:31.258 [TUNER] 987,996,2991.20,3000.00,3.07,0.00,3024.27,3000.00,2.73,0.00
17:24:31.259 [TUNER] 988,1004,2971.09,3000.00,3.36,0.00,3049.09,3000.00,2.37,0.00
17:24:31.302 [TUNER] 989,996,2971.09,3000.00,3.36,0.00,3049.09,3000.00,2.37,0.00
17:24:31.302 [TUNER] 990,1004,2964.45,3000.00,3.48,0.00,3042.31,3000.00,2.42,0.00
17:24:31.342 [TUNER] 991,996,2964.45,3000.00,3.48,0.00,3042.31,3000.00,2.42,0.00
17:24:31.342 [TUNER] 992,1004,2998.65,3000.00,3.04,0.00,3060.94,3000.00,2.13,0.00
17:24:31.385 [TUNER] 993,996,2998.65,3000.00,3.04,0.00,3060.94,3000.00,2.13,0.00
17:24:31.386 [TUNER] 994,1004,3001.96,3000.00,2.99,0.00,3028.60,3000.00,2.51,0.00
17:24:31.428 [TUNER] 995,996,3001.96,3000.00,2.99,0.00,3028.60,3000.00,2.51,0.00
17:24:31.428 [TUNER] 996,1004,3015.77,3000.00,2.80,0.00,3002.72,3000.00,2.84,0.00
17:24:31.471 [TUNER] 997,996,3015.77,3000.00,2.80,0.00,3002.72,3000.00,2.84,0.00
17:24:31.473 [TUNER] 998,1004,3017.37,3000.00,2.76,0.00,2995.77,3000.00,2.93,0.00
17:24:31.475 [TUNER] 999,996,3017.37,3000.00,2.76,0.00,2995.77,3000.00,2.93,0.00
17:24:31.513 [TUNER] 1000,1004,2997.18,3000.00,3.03,0.00,2950.69,3000.00,3.54,0.00
17:24:31.514 [TUNER] 1001,996,2997.18,3000.00,3.03,0.00,2950.69,3000.00,3.54,0.00
17:24:31.555 [TUNER] 1002,1004,2968.14,3000.00,3.43,0.00,2935.24,3000.00,3.80,0.00
17:24:31.555 [TUNER] 1003,996,2968.14,3000.00,3.43,0.00,2935.24,3000.00,3.80,0.00
17:24:31.599 [TUNER] 1004,1004,2980.99,3000.00,3.28,0.00,2994.18,3000.00,3.06,0.00
17:24:31.600 [TUNER] 1005,996,2980.99,3000.00,3.28,0.00,2994.18,3000.00,3.06,0.00
17:24:31.640 [TUNER] 1006,1004,2988.69,3000.00,3.19,0.00,3004.40,3000.00,2.92,0.00
17:24:31.641 [TUNER] 1007,996,2988.69,3000.00,3.19,0.00,3004.40,3000.00,2.92,0.00
17:24:31.683 [TUNER] 1008,1004,3023.20,3000.00,2.73,0.00,2995.39,3000.00,3.04,0.00
17:24:31.685 [TUNER] 1009,996,3023.20,3000.00,2.73,0.00,2995.39,3000.00,3.04,0.00
17:24:31.726 [TUNER] 1010,1004,3052.52,3000.00,2.30,0.00,2969.28,3000.00,3.40,0.00
17:24:31.726 [TUNER] 1011,996,3052.52,3000.00,2.30,0.00,2969.28,3000.00,3.40,0.00
17:24:31.769 [TUNER] 1012,1004,3069.11,3000.00,2.03,0.00,2963.00,3000.00,3.51,0.00
17:24:31.770 [TUNER] 1013,996,3069.11,3000.00,2.03,0.00,2963.00,3000.00,3.51,0.00
17:24:31.810 [TUNER] 1014,1004,3029.12,3000.00,2.51,0.00,3002.65,3000.00,3.01,0.00
17:24:31.811 [TUNER] 1015,996,3029.12,3000.00,2.51,0.00,3002.65,3000.00,3.01,0.00
17:24:31.851 [TUNER] 1016,1004,3006.57,3000.00,2.80,0.00,3034.36,3000.00,2.58,0.00
17:24:31.852 [TUNER] 1017,996,3006.57,3000.00,2.80,0.00,3034.36,3000.00,2.58,0.00
17:24:31.852 [TUNER] 1018,1004,2987.68,3000.00,3.05,0.00,3032.25,3000.00,2.57,0.00
17:24:31.895 [TUNER] 1019,996,2987.68,3000.00,3.05,0.00,3032.25,3000.00,2.57,0.00
17:24:31.895 [TUNER] 1020,1004,2973.43,3000.00,3.26,0.00,3079.52,3000.00,1.90,0.00
17:24:31.939 [TUNER] 1021,996,2973.43,3000.00,3.26,0.00,3079.52,3000.00,1.90,0.00
17:24:31.939 [TUNER] 1022,1004,2995.52,3000.00,2.98,0.00,3065.80,3000.00,2.02,-0.00
17:24:31.980 [TUNER] 1023,996,2995.52,3000.00,2.98,0.00,3065.80,3000.00,2.02,-0.00
17:24:31.982 [TUNER] 1024,1004,2989.15,3000.00,3.07,0.00,3051.38,3000.00,2.15,-0.00
17:24:32.024 [TUNER] 1025,996,2989.15,3000.00,3.07,0.00,3051.38,3000.00,2.15,-0.00
17:24:32.025 [TUNER] 1026,1004,2986.63,3000.00,3.12,0.00,3024.38,3000.00,2.47,-0.00
17:24:32.065 [TUNER] 1027,996,2986.63,3000.00,3.12,0.00,3024.38,3000.00,2.47,-0.00
17:24:32.067 [TUNER] 1028,1004,3015.53,3000.00,2.73,0.00,3004.51,3000.00,2.72,-0.00
17:24:32.107 [TUNER] 1029,996,3015.53,3000.00,2.73,0.00,3004.51,3000.00,2.72,-0.00
17:24:32.108 [TUNER] 1030,1004,2999.14,3000.00,2.94,0.00,2957.68,3000.00,3.35,-0.00
17:24:32.152 [TUNER] 1031,996,2999.14,3000.00,2.94,0.00,2957.68,3000.00,3.35,-0.00
17:24:32.154 [TUNER] 1032,1004,2957.68,3000.00,3.51,0.00,2959.73,3000.00,3.36,-0.00
17:24:32.154 [TUNER] 1033,996,2957.68,3000.00,3.51,0.00,2959.73,3000.00,3.36,-0.00
17:24:32.192 [TUNER] 1034,1004,2976.92,3000.00,3.29,0.00,2942.48,3000.00,3.63,0.00
17:24:32.193 [TUNER] 1035,996,2976.92,3000.00,3.29,0.00,2942.48,3000.00,3.63,0.00
17:24:32.236 [TUNER] 1036,1004,2975.98,3000.00,3.32,0.00,2944.99,3000.00,3.65,0.00
17:24:32.237 [TUNER] 1037,996,2975.98,3000.00,3.32,0.00,2944.99,3000.00,3.65,0.00
17:24:32.320 [TUNER] 1038,1004,2998.43,3000.00,3.03,0.00,2975.36,3000.00,3.29,0.00
17:24:32.320 [TUNER] 1039,996,2998.43,3000.00,3.03,0.00,2975.36,3000.00,3.29,0.00
17:24:32.320 [TUNER] 1040,1004,3044.73,3000.00,2.40,0.00,2965.28,3000.00,3.45,0.00
17:24:32.320 [TUNER] 1041,996,3044.73,3000.00,2.40,0.00,2965.28,3000.00,3.45,0.00
17:24:32.363 [TUNER] 1042,1004,3019.07,3000.00,2.71,0.00,2958.08,3000.00,3.57,0.00
17:24:32.364 [TUNER] 1043,996,3019.07,3000.00,2.71,0.00,2958.08,3000.00,3.57,0.00
17:24:32.406 [TUNER] 1044,1004,3047.50,3000.00,2.30,0.00,3003.87,3000.00,2.99,0.00
17:24:32.407 [TUNER] 1045,996,3047.50,3000.00,2.30,0.00,3003.87,3000.00,2.99,0.00
17:24:32.451 [TUNER] 1046,1004,3043.61,3000.00,2.31,0.00,3036.20,3000.00,2.55,0.00
17:24:32.451 [TUNER] 1047,996,3043.61,3000.00,2.31,0.00,3036.20,3000.00,2.55,0.00
17:24:32.488 [TUNER] 1048,1004,3003.57,3000.00,2.82,0.00,3049.18,3000.00,2.34,0.00
17:24:32.534 [TUNER] 1049,996,3003.57,3000.00,2.82,0.00,3049.18,3000.00,2.34,0.00
17:24:32.535 [TUNER] 1050,1004,3007.61,3000.00,2.76,-0.00,3060.42,3000.00,2.15,0.00
17:24:32.537 [TUNER] 1051,996,3007.61,3000.00,2.76,-0.00,3060.42,3000.00,2.15,0.00
17:24:32.538 [TUNER] 1052,1004,2991.09,3000.00,2.98,0.00,3090.03,3000.00,1.69,-0.00
17:24:32.582 [TUNER] 1053,996,2991.09,3000.00,2.98,0.00,3090.03,3000.00,1.69,-0.00
17:24:32.583 [TUNER] 1054,1004,2966.70,3000.00,3.33,0.00,3050.15,3000.00,2.15,-0.00
17:24:32.619 [TUNER] 1055,996,2966.70,3000.00,3.33,0.00,3050.15,3000.00,2.15,-0.00
17:24:32.620 [TUNER] 1056,1004,2975.54,3000.00,3.24,0.00,3016.53,3000.00,2.56,-0.00
17:24:32.660 [TUNER] 1057,996,2975.54,3000.00,3.24,0.00,3016.53,3000.00,2.56,-0.00
17:24:32.661 [TUNER] 1058,1004,2968.01,3000.00,3.36,0.00,2976.75,3000.00,3.08,-0.00
17:24:32.703 [TUNER] 1059,996,2968.01,3000.00,3.36,0.00,2976.75,3000.00,3.08,-0.00
17:24:32.703 [TUNER] 1060,1004,2949.10,3000.00,3.65,0.00,2928.60,3000.00,3.76,-0.00
17:24:32.745 [TUNER] 1061,996,2949.10,3000.00,3.65,0.00,2928.60,3000.00,3.76,-0.00
17:24:32.746 [TUNER] 1062,1004,2978.64,3000.00,3.29,0.00,2918.43,3000.00,3.96,0.00
17:24:32.792 [TUNER] 1063,996,2978.64,3000.00,3.29,0.00,2918.43,3000.00,3.96,0.00
17:24:32.792 [TUNER] 1064,1004,2973.06,3000.00,3.39,0.00,2984.17,3000.00,3.14,0.00
17:24:32.832 [TUNER] 1065,996,2973.06,3000.00,3.39,0.00,2984.17,3000.00,3.14,0.00
17:24:32.834 [TUNER] 1066,1004,3025.30,3000.00,2.69,0.00,3000.68,3000.00,2.93,0.00
17:24:32.836 [TUNER] 1067,996,3025.30,3000.00,2.69,0.00,3000.68,3000.00,2.93,0.00
17:24:32.873 [TUNER] 1068,1004,3045.61,3000.00,2.39,0.00,2956.34,3000.00,3.53,0.00
17:24:32.874 [TUNER] 1069,996,3045.61,3000.00,2.39,0.00,2956.34,3000.00,3.53,0.00
17:24:32.915 [TUNER] 1070,1004,3059.29,3000.00,2.16,0.00,2950.07,3000.00,3.66,0.00
17:24:32.917 [TUNER] 1071,996,3059.29,3000.00,2.16,0.00,2950.07,3000.00,3.66,0.00
17:24:32.956 [TUNER] 1072,1004,3029.85,3000.00,2.51,0.00,2945.05,3000.00,3.77,0.00
17:24:33.002 [TUNER] 1073,996,3029.85,3000.00,2.51,0.00,2945.05,3000.00,3.77,0.00
17:24:33.002 [TUNER] 1074,1004,2990.84,3000.00,3.02,0.00,2976.26,3000.00,3.40,0.00
17:24:33.003 [TUNER] 1075,996,2990.84,3000.00,3.02,0.00,2976.26,3000.00,3.40,0.00
17:24:33.042 [TUNER] 1076,1004,2973.38,3000.00,3.27,0.00,3016.69,3000.00,2.87,0.00
17:24:33.043 [TUNER] 1077,996,2973.38,3000.00,3.27,0.00,3016.69,3000.00,2.87,0.00
17:24:33.088 [TUNER] 1078,1004,2968.85,3000.00,3.36,0.00,3029.28,3000.00,2.69,0.00
17:24:33.088 [TUNER] 1079,996,2968.85,3000.00,3.36,0.00,3029.28,3000.00,2.69,0.00
17:24:33.127 [TUNER] 1080,1004,2978.12,3000.00,3.26,0.00,3086.59,3000.00,1.88,0.00
17:24:33.127 [TUNER] 1081,996,2978.12,3000.00,3.26,0.00,3086.59,3000.00,1.88,0.00
17:24:33.171 [TUNER] 1082,1004,2994.13,3000.00,3.06,0.00,3058.57,3000.00,2.18,0.00
17:24:33.172 [TUNER] 1083,996,2994.13,3000.00,3.06,0.00,3058.57,3000.00,2.18,0.00
17:24:33.172 [TUNER] 1084,1004,3008.65,3000.00,2.86,0.00,3032.71,3000.00,2.48,0.00
17:24:33.217 [TUNER] 1085,996,3008.65,3000.00,2.86,0.00,3032.71,3000.00,2.48,0.00
17:24:33.217 [TUNER] 1086,1004,2998.79,3000.00,2.99,0.00,3000.86,3000.00,2.88,0.00
17:24:33.301 [TUNER] 1087,996,2998.79,3000.00,2.99,0.00,3000.86,3000.00,2.88,0.00
17:24:33.302 [TUNER] 1088,1004,2972.86,3000.00,3.35,0.00,2950.47,3000.00,3.56,0.00
17:24:33.302 [TUNER] 1089,996,2972.86,3000.00,3.35,0.00,2950.47,3000.00,3.56,0.00
17:24:33.303 [TUNER] 1090,1004,2967.58,3000.00,3.45,0.00,2916.17,3000.00,4.07,0.00
17:24:33.340 [TUNER] 1091,996,2967.58,3000.00,3.45,0.00,2916.17,3000.00,4.07,0.00
17:24:33.340 [TUNER] 1092,1004,2965.08,3000.00,3.51,0.00,2970.33,3000.00,3.42,0.00
17:24:33.383 [TUNER] 1093,996,2965.08,3000.00,3.51,0.00,2970.33,3000.00,3.42,0.00
17:24:33.385 [TUNER] 1094,1004,2987.99,3000.00,3.23,0.00,2977.59,3000.00,3.34,0.00
17:24:33.425 [TUNER] 1095,996,2987.99,3000.00,3.23,0.00,2977.59,3000.00,3.34,0.00
17:24:33.425 [TUNER] 1096,1004,3014.05,3000.00,2.88,0.00,2985.97,3000.00,3.25,0.00
17:24:33.468 [TUNER] 1097,996,3014.05,3000.00,2.88,0.00,2985.97,3000.00,3.25,0.00
17:24:33.469 [TUNER] 1098,1004,3020.29,3000.00,2.78,0.00,2995.25,3000.00,3.14,0.00
17:24:33.511 [TUNER] 1099,996,3020.29,3000.00,2.78,0.00,2995.25,3000.00,3.14,0.00
17:24:33.511 [TUNER] 1100,1004,3038.17,3000.00,2.52,0.00,2962.30,3000.00,3.59,0.00
17:24:33.512 [TUNER] 1101,996,3038.17,3000.00,2.52,0.00,2962.30,3000.00,3.59,0.00
17:24:33.554 [TUNER] 1102,1004,3003.51,3000.00,2.96,0.00,2949.68,3000.00,3.79,0.00
17:24:33.555 [TUNER] 1103,996,3003.51,3000.00,2.96,0.00,2949.68,3000.00,3.79,0.00
17:24:33.595 [TUNER] 1104,1004,3002.41,3000.00,2.97,0.00,3003.16,3000.00,3.12,0.00
17:24:33.596 [TUNER] 1105,996,3002.41,3000.00,2.97,0.00,3003.16,3000.00,3.12,0.00
17:24:33.639 [TUNER] 1106,1004,3010.98,3000.00,2.85,0.00,3019.31,3000.00,2.89,0.00
17:24:33.640 [TUNER] 1107,996,3010.98,3000.00,2.85,0.00,3019.31,3000.00,2.89,0.00
17:24:33.680 [TUNER] 1108,1004,2971.45,3000.00,3.39,0.00,3083.77,3000.00,2.00,0.00
17:24:33.683 [TUNER] 1109,996,2971.45,3000.00,3.39,0.00,3083.77,3000.00,2.00,0.00
17:24:33.722 [TUNER] 1110,1004,3007.68,3000.00,2.91,0.00,3087.24,3000.00,1.88,0.00
17:24:33.723 [TUNER] 1111,996,3007.68,3000.00,2.91,0.00,3087.24,3000.00,1.88,0.00
17:24:33.768 [TUNER] 1112,1004,2998.88,3000.00,3.03,0.00,3084.00,3000.00,1.85,0.00
17:24:33.770 [TUNER] 1113,996,2998.88,3000.00,3.03,0.00,3084.00,3000.00,1.85,0.00
17:24:33.807 [TUNER] 1114,1004,3004.72,3000.00,2.95,0.00,3060.79,3000.00,2.08,-0.00
17:24:33.807 [TUNER] 1115,996,3004.72,3000.00,2.95,0.00,3060.79,3000.00,2.08,-0.00
17:24:33.851 [TUNER] 1116,1004,3017.98,3000.00,2.76,0.00,2996.69,3000.00,2.90,-0.00
17:24:33.852 [TUNER] 1117,996,3017.98,3000.00,2.76,0.00,2996.69,3000.00,2.90,-0.00
17:24:33.853 [TUNER] 1118,1004,2976.19,3000.00,3.32,0.00,2952.28,3000.00,3.50,0.00
17:24:33.893 [TUNER] 1119,996,2976.19,3000.00,3.32,0.00,2952.28,3000.00,3.50,0.00
17:24:33.893 [TUNER] 1120,1004,2972.82,3000.00,3.39,0.00,2954.56,3000.00,3.51,0.00
17:24:33.934 [TUNER] 1121,996,2972.82,3000.00,3.39,0.00,2954.56,3000.00,3.51,0.00
17:24:33.935 [TUNER] 1122,1004,2981.30,3000.00,3.30,0.00,2964.11,3000.00,3.43,0.00
17:24:33.978 [TUNER] 1123,996,2981.30,3000.00,3.30,0.00,2964.11,3000.00,3.43,0.00
17:24:33.979 [TUNER] 1124,1004,3000.10,3000.00,3.05,0.00,2985.49,3000.00,3.17,0.00
17:24:34.020 [TUNER] 1125,1002,3055.07,3000.00,2.32,0.00,2966.22,3000.00,3.43,0.00
17:24:34.020 [TUNER] 1126,994,3055.07,2992.00,2.32,0.00,2966.22,2992.00,3.43,0.00
17:24:34.064 [TUNER] 1127,1004,3045.98,2984.00,2.16,0.00,2974.04,2984.00,3.12,0.00
17:24:34.066 [TUNER] 1128,996,3045.98,2976.00,2.16,0.00,2974.04,2976.00,3.12,0.00
17:24:34.104 [TUNER] 1129,1004,3065.59,2968.00,1.60,0.00,2955.64,2968.00,3.15,0.00
17:24:34.105 [TUNER] 1130,996,3065.59,2960.00,1.60,0.00,2955.64,2960.00,3.15,0.00
17:24:34.150 [TUNER] 1131,1004,3015.14,2952.00,1.97,-0.00,2962.40,2952.00,2.84,0.00
17:24:34.150 [TUNER] 1132,996,3015.14,2944.00,1.97,-0.00,2962.40,2944.00,2.84,0.00
17:24:34.190 [TUNER] 1133,1004,2960.17,2936.00,2.43,-0.00,3014.19,2936.00,1.89,0.00
17:24:34.191 [TUNER] 1134,996,2960.17,2928.00,2.43,-0.00,3014.19,2928.00,1.89,0.00
17:24:34.192 [TUNER] 1135,1004,2940.25,2920.00,2.45,-0.00,2996.35,2920.00,1.83,0.00
17:24:34.231 [TUNER] 1136,996,2940.25,2912.00,2.45,-0.00,2996.35,2912.00,1.83,0.00
17:24:34.234 [TUNER] 1137,1004,2909.71,2904.00,2.62,-0.00,2976.07,2904.00,1.81,-0.00
17:24:34.275 [TUNER] 1138,996,2909.71,2896.00,2.62,-0.00,2976.07,2896.00,1.81,-0.00
17:24:34.276 [TUNER] 1139,1004,2929.09,2888.00,2.11,-0.00,2989.91,2888.00,1.32,-0.00
17:24:34.320 [TUNER] 1140,996,2929.09,2880.00,2.11,-0.00,2989.91,2880.00,1.32,-0.00
17:24:34.320 [TUNER] 1141,1004,2910.23,2872.00,2.10,-0.00,2927.10,2872.00,1.85,-0.00
17:24:34.361 [TUNER] 1142,996,2910.23,2864.00,2.10,-0.00,2927.10,2864.00,1.85,-0.00
17:24:34.362 [TUNER] 1143,1004,2904.59,2856.00,1.91,-0.00,2882.87,2856.00,2.17,-0.00
17:24:34.404 [TUNER] 1144,996,2904.59,2848.00,1.91,-0.00,2882.87,2848.00,2.17,-0.00
17:24:34.405 [TUNER] 1145,1004,2906.10,2840.00,1.61,-0.00,2890.43,2840.00,1.81,-0.00
17:24:34.445 [TUNER] 1146,996,2906.10,2832.00,1.61,-0.00,2890.43,2832.00,1.81,-0.00
17:24:34.447 [TUNER] 1147,1004,2861.77,2824.00,1.92,-0.00,2863.84,2824.00,1.89,-0.00
17:24:34.487 [TUNER] 1148,996,2861.77,2816.00,1.92,-0.00,2863.84,2816.00,1.89,-0.00
17:24:34.488 [TUNER] 1149,1004,2845.21,2808.00,1.88,-0.00,2842.57,2808.00,1.91,-0.00
17:24:34.533 [TUNER] 1150,996,2845.21,2800.00,1.88,-0.00,2842.57,2800.00,1.91,-0.00
17:24:34.534 [TUNER] 1151,1004,2881.78,2792.00,1.11,-0.00,2864.21,2792.00,1.36,-0.00
17:24:34.534 [TUNER] 1152,996,2881.78,2784.00,1.11,-0.00,2864.21,2784.00,1.36,-0.00
17:24:34.572 [TUNER] 1153,1004,2850.05,2776.00,1.23,-0.00,2852.31,2776.00,1.22,-0.00
17:24:34.572 [TUNER] 1154,996,2850.05,2768.00,1.23,-0.00,2852.31,2768.00,1.22,-0.00
17:24:34.616 [TUNER] 1155,1004,2820.37,2760.00,1.33,-0.00,2811.87,2760.00,1.47,-0.00
17:24:34.616 [TUNER] 1156,996,2820.37,2752.00,1.33,-0.00,2811.87,2752.00,1.47,-0.00
17:24:34.657 [TUNER] 1157,1004,2793.19,2744.00,1.42,-0.00,2807.87,2744.00,1.25,-0.00
17:24:34.658 [TUNER] 1158,996,2793.19,2736.00,1.42,-0.00,2807.87,2736.00,1.25,-0.00
17:24:34.699 [TUNER] 1159,1004,2743.96,2728.00,1.81,-0.00,2789.20,2728.00,1.21,-0.00
17:24:34.702 [TUNER] 1160,996,2743.96,2720.00,1.81,-0.00,2789.20,2720.00,1.21,-0.00
17:24:34.743 [TUNER] 1161,1004,2687.39,2712.00,2.34,-0.00,2749.35,2712.00,1.46,-0.00
17:24:34.743 [TUNER] 1162,996,2687.39,2704.00,2.34,-0.00,2749.35,2704.00,1.46,-0.00
17:24:34.787 [TUNER] 1163,1004,2616.36,2696.00,3.11,-0.00,2712.32,2696.00,1.70,-0.00
17:24:34.788 [TUNER] 1164,996,2616.36,2688.00,3.11,-0.00,2712.32,2688.00,1.70,-0.00
17:24:34.826 [TUNER] 1165,1004,2605.07,2680.00,3.10,-0.00,2657.79,2680.00,2.19,-0.00
17:24:34.827 [TUNER] 1166,996,2605.07,2672.00,3.10,-0.00,2657.79,2672.00,2.19,-0.00
17:24:34.870 [TUNER] 1167,1004,2651.88,2664.00,2.29,-0.00,2590.11,2664.00,2.90,-0.00
17:24:34.871 [TUNER] 1168,996,2651.88,2656.00,2.29,-0.00,2590.11,2656.00,2.90,-0.00
17:24:34.871 [TUNER] 1169,1004,2676.43,2648.00,1.73,-0.00,2547.13,2648.00,3.32,-0.00
17:24:34.912 [TUNER] 1170,996,2676.43,2640.00,1.73,-0.00,2547.13,2640.00,3.32,-0.00
17:24:34.914 [TUNER] 1171,1004,2733.88,2632.00,0.68,-0.00,2561.71,2632.00,2.98,-0.00
17:24:34.954 [TUNER] 1172,996,2733.88,2624.00,0.68,-0.00,2561.71,2624.00,2.98,-0.00
17:24:34.955 [TUNER] 1173,1004,2725.71,2616.00,0.46,-0.00,2613.75,2616.00,2.11,-0.00
17:24:35.003 [TUNER] 1174,996,2725.71,2608.00,0.46,-0.00,2613.75,2608.00,2.11,-0.00
17:24:35.004 [TUNER] 1175,1004,2689.12,2600.00,0.63,-0.00,2658.82,2600.00,1.27,-0.00
17:24:35.039 [TUNER] 1176,996,2689.12,2592.00,0.63,-0.00,2658.82,2592.00,1.27,-0.00
17:24:35.082 [TUNER] 1177,1004,2633.21,2584.00,1.08,-0.00,2689.72,2584.00,0.56,-0.00
17:24:35.084 [TUNER] 1178,996,2633.21,2576.00,1.08,-0.00,2689.72,2576.00,0.56,-0.00
17:24:35.085 [TUNER] 1179,1004,2640.02,2568.00,0.71,-0.00,2678.36,2568.00,0.39,-0.00
17:24:35.125 [TUNER] 1180,996,2640.02,2560.00,0.71,-0.00,2678.36,2560.00,0.39,-0.00
17:24:35.126 [TUNER] 1181,1004,2620.56,2552.00,0.68,-0.00,2603.99,2552.00,1.07,-0.00
17:24:35.168 [TUNER] 1182,996,2620.56,2544.00,0.68,-0.00,2603.99,2544.00,1.07,-0.00
17:24:35.169 [TUNER] 1183,1004,2578.37,2536.00,0.96,-0.00,2565.11,2536.00,1.31,-0.00
17:24:35.211 [TUNER] 1184,996,2578.37,2528.00,0.96,-0.00,2565.11,2528.00,1.31,-0.00
17:24:35.212 [TUNER] 1185,1004,2566.94,2520.00,0.84,-0.00,2562.35,2520.00,1.09,-0.00
17:24:35.213 [TUNER] 1186,996,2566.94,2512.00,0.84,-0.00,2562.35,2512.00,1.09,-0.00
17:24:35.252 [TUNER] 1187,1004,2538.05,2504.00,0.96,-0.00,2540.38,2504.00,1.12,-0.00
17:24:35.253 [TUNER] 1188,996,2538.05,2496.00,0.96,-0.00,2540.38,2496.00,1.12,-0.00
17:24:35.295 [TUNER] 1189,1004,2500.33,2488.00,1.22,-0.00,2536.56,2488.00,0.91,-0.00
17:24:35.295 [TUNER] 1190,996,2500.33,2480.00,1.22,-0.00,2536.56,2480.00,0.91,-0.00
17:24:35.338 [TUNER] 1191,1004,2466.71,2472.00,1.43,-0.00,2549.82,2472.00,0.45,-0.00
17:24:35.339 [TUNER] 1192,996,2466.71,2464.00,1.43,-0.00,2549.82,2464.00,0.45,-0.00
17:24:35.380 [TUNER] 1193,1004,2429.52,2456.00,1.72,-0.00,2532.94,2456.00,0.38,-0.00
17:24:35.382 [TUNER] 1194,996,2429.52,2448.00,1.72,-0.00,2532.94,2448.00,0.38,-0.00
17:24:35.424 [TUNER] 1195,1004,2389.45,2440.00,2.06,-0.00,2478.20,2440.00,0.82,-0.00
17:24:35.425 [TUNER] 1196,996,2389.45,2432.00,2.06,-0.00,2478.20,2432.00,0.82,-0.00
17:24:35.464 [TUNER] 1197,1004,2313.58,2424.00,2.92,-0.00,2410.36,2424.00,1.47,-0.00
17:24:35.466 [TUNER] 1198,996,2313.58,2416.00,2.92,-0.00,2410.36,2416.00,1.47,-0.00
17:24:35.508 [TUNER] 1199,1004,2299.28,2408.00,2.98,-0.00,2366.39,2408.00,1.85,-0.00
17:24:35.509 [TUNER] 1200,996,2299.28,2400.00,2.98,-0.00,2366.39,2400.00,1.85,-0.00
17:24:35.551 [TUNER] 1201,1004,2385.77,2392.00,1.65,-0.00,2338.09,2392.00,2.04,-0.00
17:24:35.552 [TUNER] 1202,996,2385.77,2384.00,1.65,-0.00,2338.09,2384.00,2.04,-0.00
17:24:35.553 [TUNER] 1203,1004,2438.64,2376.00,0.69,-0.00,2312.87,2376.00,2.20,-0.00
17:24:35.594 [TUNER] 1204,996,2438.64,2368.00,0.69,-0.00,2312.87,2368.00,2.20,-0.00
17:24:35.594 [TUNER] 1205,1004,2432.82,2360.00,0.48,-0.00,2340.80,2360.00,1.65,-0.00
17:24:35.637 [TUNER] 1206,996,2432.82,2352.00,0.48,-0.00,2340.80,2352.00,1.65,-0.00
17:24:35.637 [TUNER] 1207,1004,2444.50,2344.00,0.02,-0.00,2359.71,2344.00,1.18,-0.00
17:24:35.679 [TUNER] 1208,996,2444.50,2336.00,0.02,-0.00,2359.71,2336.00,1.18,-0.00
17:24:35.679 [TUNER] 1209,1004,2390.27,2328.00,0.44,-0.00,2373.98,2328.00,0.74,-0.00
17:24:35.721 [TUNER] 1210,996,2390.27,2320.00,0.44,-0.00,2373.98,2320.00,0.74,-0.00
17:24:35.721 [TUNER] 1211,1004,2343.45,2312.00,0.79,-0.00,2378.52,2312.00,0.40,-0.00
17:24:35.762 [TUNER] 1212,996,2343.45,2304.00,0.79,-0.00,2378.52,2304.00,0.40,-0.00
17:24:35.762 [TUNER] 1213,1004,2321.45,2296.00,0.83,-0.00,2393.32,2296.00,-0.09,-0.00
17:24:35.804 [TUNER] 1214,996,2321.45,2288.00,0.83,-0.00,2393.32,2288.00,-0.09,-0.00
17:24:35.805 [TUNER] 1215,1004,2336.50,2280.00,0.37,-0.00,2365.65,2280.00,-0.03,-0.00
17:24:35.851 [TUNER] 1216,996,2336.50,2272.00,0.37,-0.00,2365.65,2272.00,-0.03,-0.00
17:24:35.853 [TUNER] 1217,1004,2309.02,2264.00,0.46,-0.00,2318.60,2264.00,0.30,-0.00
17:24:35.890 [TUNER] 1218,996,2309.02,2256.00,0.46,-0.00,2318.60,2256.00,0.30,-0.00
17:24:35.891 [TUNER] 1219,1004,2263.85,2248.00,0.80,-0.00,2254.33,2248.00,0.89,-0.00
17:24:35.891 [TUNER] 1220,996,2263.85,2240.00,0.80,-0.00,2254.33,2240.00,0.89,-0.00
17:24:35.933 [TUNER] 1221,1004,2241.45,2232.00,0.86,-0.00,2216.65,2232.00,1.16,-0.00
17:24:35.934 [TUNER] 1222,996,2241.45,2224.00,0.86,-0.00,2216.65,2224.00,1.16,-0.00
17:24:35.978 [TUNER] 1223,1004,2230.41,2216.00,0.77,-0.00,2176.21,2216.00,1.49,-0.00
17:24:35.978 [TUNER] 1224,996,2230.41,2208.00,0.77,-0.00,2176.21,2208.00,1.49,-0.00
17:24:36.020 [TUNER] 1225,1004,2206.97,2200.00,0.85,-0.00,2149.86,2200.00,1.65,-0.00
17:24:36.022 [TUNER] 1226,996,2206.97,2192.00,0.85,-0.00,2149.86,2192.00,1.65,-0.00
17:24:36.061 [TUNER] 1227,1004,2185.64,2184.00,0.90,-0.00,2147.69,2184.00,1.49,-0.00
17:24:36.062 [TUNER] 1228,996,2185.64,2176.00,0.90,-0.00,2147.69,2176.00,1.49,-0.00
17:24:36.104 [TUNER] 1229,1004,2151.40,2168.00,1.13,-0.00,2195.77,2168.00,0.64,-0.00
17:24:36.104 [TUNER] 1230,996,2151.40,2160.00,1.13,-0.00,2195.77,2160.00,0.64,-0.00
17:24:36.148 [TUNER] 1231,1004,2142.04,2152.00,1.04,-0.00,2237.67,2152.00,-0.18,-0.00
17:24:36.149 [TUNER] 1232,996,2142.04,2144.00,1.04,-0.00,2237.67,2144.00,-0.18,-0.00
17:24:36.188 [TUNER] 1233,1004,2129.40,2136.00,0.99,-0.00,2217.94,2136.00,-0.22,-0.00
17:24:36.189 [TUNER] 1234,997,2129.40,2128.00,0.99,-0.00,2217.94,2128.00,-0.22,-0.00
17:24:36.233 [TUNER] 1235,1003,2073.76,2120.00,1.53,-0.00,2140.29,2120.00,0.53,-0.00
17:24:36.233 [TUNER] 1236,996,2073.76,2112.00,1.53,-0.00,2140.29,2112.00,0.53,-0.00
17:24:36.236 [TUNER] 1237,1004,2049.01,2104.00,1.68,-0.00,2064.44,2104.00,1.30,-0.00
17:24:36.274 [TUNER] 1238,996,2049.01,2096.00,1.68,-0.00,2064.44,2096.00,1.30,-0.00
17:24:36.275 [TUNER] 1239,1004,2064.43,2088.00,1.28,-0.00,2031.24,2088.00,1.56,-0.00
17:24:36.316 [TUNER] 1240,996,2064.43,2080.00,1.28,-0.00,2031.24,2080.00,1.56,-0.00
17:24:36.317 [TUNER] 1241,1004,2093.08,2072.00,0.67,-0.00,2021.01,2072.00,1.52,-0.00
17:24:36.357 [TUNER] 1242,996,2093.08,2064.00,0.67,-0.00,2021.01,2064.00,1.52,-0.00
17:24:36.358 [TUNER] 1243,1004,2099.69,2056.00,0.33,-0.00,2054.91,2056.00,0.87,-0.00
17:24:36.400 [TUNER] 1244,996,2099.69,2048.00,0.33,-0.00,2054.91,2048.00,0.87,-0.00
17:24:36.402 [TUNER] 1245,1004,2075.76,2040.00,0.38,-0.00,2054.54,2040.00,0.65,-0.00
17:24:36.442 [TUNER] 1246,996,2075.76,2032.00,0.38,-0.00,2054.54,2032.00,0.65,-0.00
17:24:36.443 [TUNER] 1247,1004,2060.92,2024.00,0.32,-0.00,2063.70,2024.00,0.28,-0.00
17:24:36.487 [TUNER] 1248,996,2060.92,2016.00,0.32,-0.00,2063.70,2016.00,0.28,-0.00
17:24:36.487 [TUNER] 1249,1004,2037.87,2008.00,0.37,-0.00,2060.72,2008.00,0.05,-0.00
17:24:36.528 [TUNER] 1250,996,2037.87,2000.00,0.37,-0.00,2060.72,2000.00,0.05,-0.00
17:24:36.529 [TUNER] 1251,1004,2011.71,1992.00,0.46,-0.00,2017.96,1992.00,0.35,-0.00
17:24:36.573 [TUNER] 1252,996,2011.71,1984.00,0.46,-0.00,2017.96,1984.00,0.35,-0.00
17:24:36.575 [TUNER] 1253,1004,1998.51,1976.00,0.39,-0.00,1919.32,1976.00,1.43,-0.00
17:24:36.575 [TUNER] 1254,996,1998.51,1968.00,0.39,-0.00,1919.32,1968.00,1.43,-0.00
17:24:36.618 [TUNER] 1255,1004,1954.44,1960.00,0.75,-0.00,1869.62,1960.00,1.93,-0.00
17:24:36.620 [TUNER] 1256,996,1954.44,1952.00,0.75,-0.00,1869.62,1952.00,1.93,-0.00
17:24:36.654 [TUNER] 1257,1004,1943.25,1944.00,0.67,-0.00,1903.73,1944.00,1.31,-0.00
17:24:36.655 [TUNER] 1258,996,1943.25,1936.00,0.67,-0.00,1903.73,1936.00,1.31,-0.00
17:24:36.699 [TUNER] 1259,1004,1929.99,1928.00,0.62,-0.00,1927.59,1928.00,0.80,-0.00
17:24:36.701 [TUNER] 1260,996,1929.99,1920.00,0.62,-0.00,1927.59,1920.00,0.80,-0.00
17:24:36.741 [TUNER] 1261,1004,1916.81,1912.00,0.56,-0.00,1946.67,1912.00,0.31,-0.00
17:24:36.742 [TUNER] 1262,996,1916.81,1904.00,0.56,-0.00,1946.67,1904.00,0.31,-0.00
17:24:36.786 [TUNER] 1263,1004,1901.11,1896.00,0.54,-0.00,1956.79,1896.00,-0.09,-0.00
17:24:36.787 [TUNER] 1264,996,1901.11,1888.00,0.54,-0.00,1956.79,1888.00,-0.09,-0.00
17:24:36.825 [TUNER] 1265,1004,1895.43,1880.00,0.38,-0.00,1919.35,1880.00,0.13,-0.00
17:24:36.826 [TUNER] 1266,996,1895.43,1872.00,0.38,-0.00,1919.35,1872.00,0.13,-0.00
17:24:36.870 [TUNER] 1267,1004,1889.16,1864.00,0.22,-0.00,1873.08,1864.00,0.49,-0.00
17:24:36.871 [TUNER] 1268,996,1889.16,1856.00,0.22,-0.00,1873.08,1856.00,0.49,-0.00
17:24:36.910 [TUNER] 1269,1004,1855.80,1848.00,0.42,-0.00,1886.74,1848.00,0.06,-0.00
17:24:36.910 [TUNER] 1270,996,1855.80,1840.00,0.42,-0.00,1886.74,1840.00,0.06,-0.00
17:24:36.911 [TUNER] 1271,1004,1805.92,1832.00,0.86,-0.00,1883.07,1832.00,-0.15,-0.00
17:24:36.952 [TUNER] 1272,996,1805.92,1824.00,0.86,-0.00,1883.07,1824.00,-0.15,-0.00
17:24:36.954 [TUNER] 1273,1004,1745.39,1816.00,1.49,-0.00,1844.92,1816.00,0.08,-0.00
17:24:36.997 [TUNER] 1274,996,1745.39,1808.00,1.49,-0.00,1844.92,1808.00,0.08,-0.00
17:24:36.997 [TUNER] 1275,1004,1730.48,1800.00,1.52,-0.00,1820.40,1800.00,0.16,-0.00
17:24:37.040 [TUNER] 1276,996,1730.48,1792.00,1.52,-0.00,1820.40,1792.00,0.16,-0.00
17:24:37.040 [TUNER] 1277,1004,1734.87,1784.00,1.29,-0.00,1796.50,1784.00,0.23,-0.00
17:24:37.080 [TUNER] 1278,996,1734.87,1776.00,1.29,-0.00,1796.50,1776.00,0.23,-0.00
17:24:37.080 [TUNER] 1279,1004,1733.22,1768.00,1.12,-0.00,1760.19,1768.00,0.48,-0.00
17:24:37.122 [TUNER] 1280,996,1733.22,1760.00,1.12,-0.00,1760.19,1760.00,0.48,-0.00
17:24:37.167 [TUNER] 1281,1004,1708.71,1752.00,1.26,-0.00,1698.51,1752.00,1.09,-0.00
17:24:37.167 [TUNER] 1282,996,1708.71,1744.00,1.26,-0.00,1698.51,1744.00,1.09,-0.00
17:24:37.169 [TUNER] 1283,1004,1678.80,1736.00,1.47,-0.00,1625.96,1736.00,1.89,-0.00
17:24:37.218 [TUNER] 1284,996,1678.80,1728.00,1.47,-0.00,1625.96,1728.00,1.89,-0.00
17:24:37.218 [TUNER] 1285,1004,1629.95,1720.00,1.96,-0.00,1594.56,1720.00,2.19,-0.00
17:24:37.251 [TUNER] 1286,996,1629.95,1712.00,1.96,-0.00,1594.56,1712.00,2.19,-0.00
17:24:37.252 [TUNER] 1287,1004,1663.04,1704.00,1.36,-0.00,1655.34,1704.00,1.25,-0.00
17:24:37.253 [TUNER] 1288,996,1663.04,1696.00,1.36,-0.00,1655.34,1696.00,1.25,-0.00
17:24:37.294 [TUNER] 1289,1004,1701.53,1688.00,0.63,-0.00,1667.02,1688.00,0.90,-0.00
17:24:37.295 [TUNER] 1290,996,1701.53,1680.00,0.63,-0.00,1667.02,1680.00,0.90,-0.00
17:24:37.335 [TUNER] 1291,1004,1734.90,1672.00,-0.08,-0.00,1679.81,1672.00,0.51,-0.00
17:24:37.337 [TUNER] 1292,996,1734.90,1664.00,-0.08,-0.00,1679.81,1664.00,0.51,-0.00
17:24:37.378 [TUNER] 1293,1004,1728.10,1656.00,-0.28,-0.00,1678.01,1656.00,0.30,-0.00
17:24:37.379 [TUNER] 1294,996,1728.10,1648.00,-0.28,-0.00,1678.01,1648.00,0.30,-0.00
17:24:37.421 [TUNER] 1295,1004,1675.41,1640.00,0.15,-0.00,1664.54,1640.00,0.23,-0.00
17:24:37.422 [TUNER] 1296,996,1675.41,1632.00,0.15,-0.00,1664.54,1632.00,0.23,-0.00
17:24:37.463 [TUNER] 1297,1004,1665.04,1624.00,0.02,-0.00,1627.14,1624.00,0.48,-0.00
17:24:37.464 [TUNER] 1298,996,1665.04,1616.00,0.02,-0.00,1627.14,1616.00,0.48,-0.00
17:24:37.505 [TUNER] 1299,1004,1669.63,1608.00,-0.31,-0.00,1594.64,1608.00,0.69,-0.00
17:24:37.505 [TUNER] 1300,996,1669.63,1600.00,-0.31,-0.00,1594.64,1600.00,0.69,-0.00
17:24:37.549 [TUNER] 1301,1004,1646.67,1592.00,-0.29,-0.00,1577.23,1592.00,0.71,-0.00
17:24:37.550 [TUNER] 1302,996,1646.67,1584.00,-0.29,-0.00,1577.23,1584.00,0.71,-0.00
17:24:37.590 [TUNER] 1303,1004,1616.28,1576.00,-0.16,-0.00,1558.15,1576.00,0.75,-0.00
17:24:37.591 [TUNER] 1304,996,1616.28,1568.00,-0.16,-0.00,1558.15,1568.00,0.75,-0.00
17:24:37.591 [TUNER] 1305,1004,1594.54,1560.00,-0.13,-0.00,1520.55,1560.00,1.04,-0.00
17:24:37.633 [TUNER] 1306,996,1594.54,1552.00,-0.13,-0.00,1520.55,1552.00,1.04,-0.00
17:24:37.634 [TUNER] 1307,1004,1557.40,1544.00,0.12,-0.00,1506.79,1544.00,1.03,-0.00
17:24:37.675 [TUNER] 1308,996,1557.40,1536.00,0.12,-0.00,1506.79,1536.00,1.03,-0.00
17:24:37.675 [TUNER] 1309,1004,1525.96,1528.00,0.30,-0.00,1512.97,1528.00,0.75,-0.00
17:24:37.720 [TUNER] 1310,996,1525.96,1520.00,0.30,-0.00,1512.97,1520.00,0.75,-0.00
17:24:37.722 [TUNER] 1311,1004,1532.60,1512.00,-0.02,-0.00,1519.62,1512.00,0.44,-0.00
17:24:37.759 [TUNER] 1312,996,1532.60,1504.00,-0.02,-0.00,1519.62,1504.00,0.44,-0.00
17:24:37.760 [TUNER] 1313,1004,1499.25,1496.00,0.18,-0.00,1533.54,1496.00,0.02,-0.00
17:24:37.804 [TUNER] 1314,996,1499.25,1488.00,0.18,-0.00,1533.54,1488.00,0.02,-0.00
17:24:37.804 [TUNER] 1315,1004,1476.01,1480.00,0.27,-0.00,1537.80,1480.00,-0.31,-0.00
17:24:37.847 [TUNER] 1316,996,1476.01,1472.00,0.27,-0.00,1537.80,1472.00,-0.31,-0.00
17:24:37.847 [TUNER] 1317,1007,1478.03,1464.00,0.01,-0.00,1491.39,1464.00,0.04,-0.00
17:24:37.887 [TUNER] 1318,993,1478.03,1456.00,0.01,-0.00,1491.39,1456.00,0.04,-0.00
17:24:37.888 [TUNER] 1319,1004,1435.84,1448.00,0.34,-0.00,1444.80,1448.00,0.41,-0.00
17:24:37.931 [TUNER] 1320,996,1435.84,1440.00,0.34,-0.00,1444.80,1440.00,0.41,-0.00
17:24:37.934 [TUNER] 1321,1004,1435.58,1432.00,0.12,-0.00,1390.36,1432.00,0.92,-0.00
17:24:37.936 [TUNER] 1322,996,1435.58,1424.00,0.12,-0.00,1390.36,1424.00,0.92,-0.00
17:24:37.973 [TUNER] 1323,1004,1417.34,1416.00,0.13,-0.00,1379.44,1416.00,0.88,-0.00
17:24:37.975 [TUNER] 1324,996,1417.34,1408.00,0.13,-0.00,1379.44,1408.00,0.88,-0.00
17:24:38.016 [TUNER] 1325,1004,1373.54,1400.00,0.50,-0.00,1425.69,1400.00,0.05,-0.00
17:24:38.018 [TUNER] 1326,996,1373.54,1392.00,0.50,-0.00,1425.69,1392.00,0.05,-0.00
17:24:38.059 [TUNER] 1327,1004,1344.52,1384.00,0.69,-0.00,1448.94,1384.00,-0.52,-0.00
17:24:38.059 [TUNER] 1328,996,1344.52,1376.00,0.69,-0.00,1448.94,1376.00,-0.52,-0.00
17:24:38.100 [TUNER] 1329,1004,1305.83,1368.00,1.02,-0.00,1441.78,1368.00,-0.71,-0.00
17:24:38.101 [TUNER] 1330,996,1305.83,1360.00,1.02,-0.00,1441.78,1360.00,-0.71,-0.00
17:24:38.142 [TUNER] 1331,1004,1311.83,1352.00,0.76,-0.00,1425.73,1352.00,-0.79,-0.00
17:24:38.147 [TUNER] 1332,996,1311.83,1344.00,0.76,-0.00,1425.73,1344.00,-0.79,-0.00
17:24:38.185 [TUNER] 1333,1004,1322.63,1336.00,0.42,-0.00,1369.09,1336.00,-0.32,-0.00
17:24:38.186 [TUNER] 1334,996,1322.63,1328.00,0.42,-0.00,1369.09,1328.00,-0.32,-0.00
17:24:38.228 [TUNER] 1335,1004,1324.40,1320.00,0.17,-0.00,1336.66,1320.00,-0.14,-0.00
17:24:38.229 [TUNER] 1336,996,1324.40,1312.00,0.17,-0.00,1336.66,1312.00,-0.14,-0.00
17:24:38.270 [TUNER] 1337,1004,1325.82,1304.00,-0.09,-0.00,1309.00,1304.00,-0.02,-0.00
17:24:38.271 [TUNER] 1338,996,1325.82,1296.00,-0.09,-0.00,1309.00,1296.00,-0.02,-0.00
17:24:38.272 [TUNER] 1339,1004,1293.45,1288.00,0.10,-0.00,1307.48,1288.00,-0.23,-0.00
17:24:38.312 [TUNER] 1340,996,1293.45,1280.00,0.10,-0.00,1307.48,1280.00,-0.23,-0.00
17:24:38.357 [TUNER] 1341,1004,1291.61,1272.00,-0.11,-0.00,1293.39,1272.00,-0.29,-0.00
17:24:38.358 [TUNER] 1342,996,1291.61,1264.00,-0.11,-0.00,1293.39,1264.00,-0.29,-0.00
17:24:38.358 [TUNER] 1343,1004,1257.50,1256.00,0.10,-0.00,1251.18,1256.00,0.03,-0.00
17:24:38.397 [TUNER] 1344,996,1257.50,1248.00,0.10,-0.00,1251.18,1248.00,0.03,-0.00
17:24:38.400 [TUNER] 1345,1004,1245.67,1240.00,0.03,-0.00,1224.30,1240.00,0.17,-0.00
17:24:38.440 [TUNER] 1346,996,1245.67,1232.00,0.03,-0.00,1224.30,1232.00,0.17,-0.00
17:24:38.440 [TUNER] 1347,1004,1217.30,1224.00,0.18,-0.00,1219.11,1224.00,0.02,-0.00
17:24:38.482 [TUNER] 1348,996,1217.30,1216.00,0.18,-0.00,1219.11,1216.00,0.02,-0.00
17:24:38.483 [TUNER] 1349,1004,1200.63,1208.00,0.18,-0.00,1227.84,1208.00,-0.32,-0.00
17:24:38.524 [TUNER] 1350,996,1200.63,1200.00,0.18,-0.00,1227.84,1200.00,-0.32,-0.00
17:24:38.525 [TUNER] 1351,1004,1186.43,1192.00,0.15,-0.00,1201.32,1192.00,-0.21,-0.00
17:24:38.610 [TUNER] 1352,996,1186.43,1184.00,0.15,-0.00,1201.32,1184.00,-0.21,-0.00
17:24:38.611 [TUNER] 1353,1004,1168.19,1176.00,0.17,-0.00,1199.87,1176.00,-0.43,-0.00
17:24:38.612 [TUNER] 1354,996,1168.19,1168.00,0.17,-0.00,1199.87,1168.00,-0.43,-0.00
17:24:38.613 [TUNER] 1355,1004,1141.58,1160.00,0.31,-0.00,1170.36,1160.00,-0.29,-0.00
17:24:38.614 [TUNER] 1356,996,1141.58,1152.00,0.31,-0.00,1170.36,1152.00,-0.29,-0.00
17:24:38.657 [TUNER] 1357,1004,1135.75,1144.00,0.17,-0.00,1157.06,1144.00,-0.35,-0.00
17:24:38.657 [TUNER] 1358,996,1135.75,1136.00,0.17,-0.00,1157.06,1136.00,-0.35,-0.00
17:24:38.698 [TUNER] 1359,1004,1110.47,1128.00,0.29,-0.00,1111.20,1128.00,0.03,-0.00
17:24:38.701 [TUNER] 1360,996,1110.47,1120.00,0.29,-0.00,1111.20,1120.00,0.03,-0.00
17:24:38.737 [TUNER] 1361,1008,1093.69,1112.00,0.31,-0.00,1089.97,1112.00,0.10,-0.00
17:24:38.737 [TUNER] 1362,992,1093.69,1104.00,0.31,-0.00,1089.97,1104.00,0.10,-0.00
17:24:38.781 [TUNER] 1363,1004,1062.22,1096.00,0.52,-0.00,1075.57,1096.00,0.09,-0.00
17:24:38.783 [TUNER] 1364,996,1062.22,1088.00,0.52,-0.00,1075.57,1088.00,0.09,-0.00
17:24:38.823 [TUNER] 1365,1004,1065.39,1080.00,0.27,-0.00,1064.04,1080.00,0.03,-0.00
17:24:38.823 [TUNER] 1366,996,1065.39,1072.00,0.27,-0.00,1064.04,1072.00,0.03,-0.00
17:24:38.868 [TUNER] 1367,1004,1052.47,1064.00,0.23,-0.00,1041.94,1064.00,0.11,-0.00
17:24:38.868 [TUNER] 1368,996,1052.47,1056.00,0.23,-0.00,1041.94,1056.00,0.11,-0.00
17:24:38.908 [TUNER] 1369,1004,1047.28,1048.00,0.08,-0.00,1017.38,1048.00,0.23,-0.00
17:24:38.912 [TUNER] 1370,996,1047.28,1040.00,0.08,-0.00,1017.38,1040.00,0.23,-0.00
17:24:38.951 [TUNER] 1371,1004,1019.94,1032.00,0.22,-0.00,1024.37,1032.00,-0.07,-0.00
17:24:38.952 [TUNER] 1372,996,1019.94,1024.00,0.22,-0.00,1024.37,1024.00,-0.07,-0.00
17:24:38.953 [TUNER] 1373,1004,1016.11,1016.00,0.05,-0.00,996.45,1016.00,0.09,-0.00
17:24:38.992 [TUNER] 1374,996,1016.11,1008.00,0.05,-0.00,996.45,1008.00,0.09,-0.00
17:24:38.993 [TUNER] 1375,1004,1007.02,1000.00,-0.06,-0.00,999.04,1000.00,-0.16,-0.00
17:24:39.035 [TUNER] 1376,996,1007.02,992.00,-0.06,-0.00,999.04,992.00,-0.16,-0.00
17:24:39.036 [TUNER] 1377,1004,996.32,984.00,-0.16,-0.00,966.74,984.00,0.05,-0.00
17:24:39.078 [TUNER] 1378,996,996.32,976.00,-0.16,-0.00,966.74,976.00,0.05,-0.00
17:24:39.079 [TUNER] 1379,1004,979.17,968.00,-0.17,-0.00,960.66,968.00,-0.09,-0.00
17:24:39.122 [TUNER] 1380,996,979.17,960.00,-0.17,-0.00,960.66,960.00,-0.09,-0.00
17:24:39.123 [TUNER] 1381,1004,940.54,952.00,0.12,-0.00,954.94,952.00,-0.23,-0.00
17:24:39.163 [TUNER] 1382,996,940.54,944.00,0.12,-0.00,954.94,944.00,-0.23,-0.00
17:24:39.163 [TUNER] 1383,1004,915.65,936.00,0.24,-0.00,945.20,936.00,-0.34,-0.00
17:24:39.205 [TUNER] 1384,996,915.65,928.00,0.24,-0.00,945.20,928.00,-0.34,-0.00
17:24:39.251 [TUNER] 1385,1004,811.55,920.00,1.46,-0.00,937.42,920.00,-0.47,-0.00
17:24:39.251 [TUNER] 1386,996,811.55,912.00,1.46,-0.00,937.42,912.00,-0.47,-0.00
17:24:39.251 [TUNER] 1387,1004,723.12,904.00,2.54,-0.00,907.14,904.00,-0.31,-0.00
17:24:39.252 [TUNER] 1388,996,723.12,896.00,2.54,-0.00,907.14,896.00,-0.31,-0.00
17:24:39.289 [TUNER] 1389,1004,756.31,888.00,2.02,-0.00,885.49,888.00,-0.25,-0.00
17:24:39.289 [TUNER] 1390,996,756.31,880.00,2.02,-0.00,885.49,880.00,-0.25,-0.00
17:24:39.333 [TUNER] 1391,1004,859.32,872.00,0.48,-0.00,861.30,872.00,-0.15,-0.00
17:24:39.335 [TUNER] 1392,996,859.32,864.00,0.48,-0.00,861.30,864.00,-0.15,-0.00
17:24:39.375 [TUNER] 1393,1004,885.03,856.00,-0.10,-0.00,825.62,856.00,0.11,-0.00
17:24:39.375 [TUNER] 1394,996,885.03,848.00,-0.10,-0.00,825.62,848.00,0.11,-0.00
17:24:39.419 [TUNER] 1395,1004,878.12,840.00,-0.26,-0.00,786.78,840.00,0.43,-0.00
17:24:39.419 [TUNER] 1396,996,878.12,832.00,-0.26,-0.00,786.78,832.00,0.43,-0.00
17:24:39.461 [TUNER] 1397,1004,834.78,824.00,0.06,-0.00,742.81,824.00,0.85,-0.00
17:24:39.462 [TUNER] 1398,996,834.78,816.00,0.06,-0.00,742.81,816.00,0.85,-0.00
17:24:39.504 [TUNER] 1399,1004,804.41,808.00,0.24,-0.00,742.00,808.00,0.70,-0.00
17:24:39.547 [TUNER] 1400,996,804.41,800.00,0.24,-0.00,742.00,800.00,0.70,-0.00
17:24:39.550 [TUNER] 1401,1004,803.31,792.00,0.02,-0.00,758.54,792.00,0.30,-0.00
17:24:39.587 [TUNER] 1402,996,803.31,784.00,0.02,-0.00,758.54,784.00,0.30,-0.00
17:24:39.588 [TUNER] 1403,1004,780.95,776.00,0.08,-0.00,779.49,776.00,-0.18,-0.00
17:24:39.588 [TUNER] 1404,996,780.95,768.00,0.08,-0.00,779.49,768.00,-0.18,-0.00
17:24:39.589 [TUNER] 1405,1004,766.50,760.00,0.04,-0.00,779.94,760.00,-0.42,-0.00
17:24:39.631 [TUNER] 1406,996,766.50,752.00,0.04,-0.00,779.94,752.00,-0.42,-0.00
17:24:39.676 [TUNER] 1407,1004,765.25,744.00,-0.18,-0.00,778.58,744.00,-0.65,-0.00
17:24:39.676 [TUNER] 1408,996,765.25,736.00,-0.18,-0.00,778.58,736.00,-0.65,-0.00
17:24:39.676 [TUNER] 1409,1004,754.80,728.00,-0.29,-0.00,762.88,728.00,-0.70,-0.00
17:24:39.715 [TUNER] 1410,996,754.80,720.00,-0.29,-0.00,762.88,720.00,-0.70,-0.00
17:24:39.716 [TUNER] 1411,1004,737.85,712.00,-0.32,-0.00,733.15,712.00,-0.56,-0.00
17:24:39.759 [TUNER] 1412,996,737.85,704.00,-0.32,-0.00,733.15,704.00,-0.56,-0.00
17:24:39.760 [TUNER] 1413,1004,727.72,696.00,-0.44,-0.00,702.49,696.00,-0.40,-0.00
17:24:39.800 [TUNER] 1414,996,727.72,688.00,-0.44,-0.00,702.49,688.00,-0.40,-0.00
17:24:39.801 [TUNER] 1415,1004,699.86,680.00,-0.32,-0.00,703.73,680.00,-0.65,-0.00
17:24:39.842 [TUNER] 1416,996,699.86,672.00,-0.32,-0.00,703.73,672.00,-0.65,-0.00
17:24:39.842 [TUNER] 1417,1004,656.96,664.00,0.02,-0.00,694.41,664.00,-0.78,-0.00
17:24:39.886 [TUNER] 1418,996,656.96,656.00,0.02,-0.00,694.41,656.00,-0.78,-0.00
17:24:39.886 [TUNER] 1419,1004,624.36,648.00,0.24,-0.00,688.68,648.00,-0.96,-0.00
17:24:39.929 [TUNER] 1420,996,624.36,640.00,0.24,-0.00,688.68,640.00,-0.96,-0.00
17:24:39.931 [TUNER] 1421,1004,632.64,632.00,-0.08,-0.00,679.80,632.00,-1.11,-0.00
17:24:39.971 [TUNER] 1422,996,632.64,624.00,-0.08,-0.00,679.80,624.00,-1.11,-0.00
17:24:39.974 [TUNER] 1423,1004,619.50,616.00,-0.14,-0.00,636.61,616.00,-0.80,-0.00
17:24:39.976 [TUNER] 1424,996,619.50,608.00,-0.14,-0.00,636.61,608.00,-0.80,-0.00
17:24:40.012 [TUNER] 1425,1004,609.85,600.00,-0.24,-0.00,594.34,600.00,-0.47,-0.00
17:24:40.013 [TUNER] 1426,996,609.85,592.00,-0.24,-0.00,594.34,592.00,-0.47,-0.00
17:24:40.055 [TUNER] 1427,1004,615.02,584.00,-0.56,-0.00,574.26,584.00,-0.43,-0.00
17:24:40.056 [TUNER] 1428,996,615.02,576.00,-0.56,-0.00,574.26,576.00,-0.43,-0.00
17:24:40.099 [TUNER] 1429,1004,612.28,568.00,-0.79,-0.00,568.50,568.00,-0.57,-0.00
17:24:40.102 [TUNER] 1430,996,612.28,560.00,-0.79,-0.00,568.50,560.00,-0.57,-0.00
17:24:40.140 [TUNER] 1431,1004,586.89,552.00,-0.71,-0.00,568.19,552.00,-0.80,-0.00
17:24:40.141 [TUNER] 1432,996,586.89,544.00,-0.71,-0.00,568.19,544.00,-0.80,-0.00
17:24:40.182 [TUNER] 1433,1004,561.43,536.00,-0.63,-0.00,561.93,536.00,-0.96,-0.00
17:24:40.182 [TUNER] 1434,996,561.43,528.00,-0.63,-0.00,561.93,528.00,-0.96,-0.00
17:24:40.225 [TUNER] 1435,1004,529.89,520.00,-0.45,-0.00,533.73,520.00,-0.83,-0.00
17:24:40.226 [TUNER] 1436,996,529.89,512.00,-0.45,-0.00,533.73,512.00,-0.83,-0.00
17:24:40.269 [TUNER] 1437,1004,521.84,504.00,-0.58,-0.00,507.73,504.00,-0.73,-0.00
17:24:40.269 [TUNER] 1438,996,521.84,496.00,-0.58,-0.00,507.73,496.00,-0.73,-0.00
17:24:40.314 [TUNER] 1439,1004,519.70,488.00,-0.81,-0.00,478.35,488.00,-0.56,-0.00
17:24:40.315 [TUNER] 1440,996,519.70,480.00,-0.81,-0.00,478.35,480.00,-0.56,-0.00
17:24:40.315 [TUNER] 1441,1004,504.24,472.00,-0.86,-0.00,457.41,472.00,-0.50,-0.00
17:24:40.355 [TUNER] 1442,996,504.24,464.00,-0.86,-0.00,457.41,464.00,-0.50,-0.00
17:24:40.356 [TUNER] 1443,1004,495.31,456.00,-1.00,-0.00,446.68,456.00,-0.57,-0.00
17:24:40.396 [TUNER] 1444,996,495.31,448.00,-1.00,-0.00,446.68,448.00,-0.57,-0.00
17:24:40.396 [TUNER] 1445,1004,479.57,440.00,-1.05,-0.00,425.21,440.00,-0.51,-0.00
17:24:40.437 [TUNER] 1446,996,479.57,432.00,-1.05,-0.00,425.21,432.00,-0.51,-0.00
17:24:40.438 [TUNER] 1447,1004,439.49,424.00,-0.77,-0.00,407.17,424.00,-0.48,-0.00
17:24:40.483 [TUNER] 1448,996,439.49,416.00,-0.77,-0.00,407.17,416.00,-0.48,-0.00
17:24:40.487 [TUNER] 1449,1004,419.46,408.00,-0.75,-0.00,400.47,408.00,-0.61,-0.00
17:24:40.522 [TUNER] 1450,996,419.46,400.00,-0.75,-0.00,400.47,400.00,-0.61,-0.00
17:24:40.522 [TUNER] 1451,1004,394.84,392.00,-0.65,-0.00,395.97,392.00,-0.77,-0.00
17:24:40.565 [TUNER] 1452,996,394.84,384.00,-0.65,-0.00,395.97,384.00,-0.77,-0.00
17:24:40.566 [TUNER] 1453,1004,364.84,376.00,-0.48,-0.00,391.51,376.00,-0.94,-0.00
17:24:40.607 [TUNER] 1454,996,364.84,368.00,-0.48,-0.00,391.51,368.00,-0.94,-0.00
17:24:40.608 [TUNER] 1455,1004,339.12,360.00,-0.35,-0.00,379.36,360.00,-1.02,-0.00
17:24:40.651 [TUNER] 1456,996,339.12,352.00,-0.35,-0.00,379.36,352.00,-1.02,-0.00
17:24:40.652 [TUNER] 1457,1004,321.12,344.00,-0.31,-0.00,360.18,344.00,-1.01,-0.00
17:24:40.653 [TUNER] 1458,996,321.12,336.00,-0.31,-0.00,360.18,336.00,-1.01,-0.00
17:24:40.693 [TUNER] 1459,1004,302.42,328.00,-0.27,-0.00,331.10,328.00,-0.87,-0.00
17:24:40.693 [TUNER] 1460,996,302.42,320.00,-0.27,-0.00,331.10,320.00,-0.87,-0.00
17:24:40.735 [TUNER] 1461,1004,292.62,312.00,-0.35,-0.00,307.83,312.00,-0.78,-0.00
17:24:40.736 [TUNER] 1462,996,292.62,304.00,-0.35,-0.00,307.83,304.00,-0.78,-0.00
17:24:40.780 [TUNER] 1463,1004,297.66,296.00,-0.63,-0.00,292.65,296.00,-0.81,-0.00
17:24:40.781 [TUNER] 1464,996,297.66,288.00,-0.63,-0.00,292.65,288.00,-0.81,-0.00
17:24:40.820 [TUNER] 1465,1004,293.11,280.00,-0.81,-0.00,276.21,280.00,-0.81,-0.00
17:24:40.820 [TUNER] 1466,996,293.11,272.00,-0.81,-0.00,276.21,272.00,-0.81,-0.00
17:24:40.863 [TUNER] 1467,1004,283.45,264.00,-0.92,-0.00,260.49,264.00,-0.83,-0.00
17:24:40.864 [TUNER] 1468,996,283.45,256.00,-0.92,-0.00,260.49,256.00,-0.83,-0.00
17:24:40.907 [TUNER] 1469,1004,270.57,248.00,-1.00,-0.00,243.61,248.00,-0.83,-0.00
17:24:40.908 [TUNER] 1470,996,270.57,240.00,-1.00,-0.00,243.61,240.00,-0.83,-0.00
17:24:40.948 [TUNER] 1471,1004,242.23,232.00,-0.86,-0.00,221.52,232.00,-0.76,-0.00
17:24:40.950 [TUNER] 1472,996,242.23,224.00,-0.86,-0.00,221.52,224.00,-0.76,-0.00
17:24:40.991 [TUNER] 1473,1004,215.26,216.00,-0.73,-0.00,193.53,216.00,-0.60,-0.00
17:24:40.991 [TUNER] 1474,996,215.26,208.00,-0.73,-0.00,193.53,208.00,-0.60,-0.00
17:24:40.993 [TUNER] 1475,1004,205.71,200.00,-0.84,-0.00,174.59,200.00,-0.55,-0.00
17:24:41.031 [TUNER] 1476,996,205.71,192.00,-0.84,-0.00,174.59,192.00,-0.55,-0.00
17:24:41.032 [TUNER] 1477,1004,196.35,184.00,-0.95,-0.00,168.02,184.00,-0.67,-0.00
17:24:41.075 [TUNER] 1478,996,196.35,176.00,-0.95,-0.00,168.02,176.00,-0.67,-0.00
17:24:41.075 [TUNER] 1479,1004,171.68,168.00,-0.86,-0.00,155.89,168.00,-0.72,-0.00
17:24:41.118 [TUNER] 1480,996,171.68,160.00,-0.86,-0.00,155.89,160.00,-0.72,-0.00
17:24:41.118 [TUNER] 1481,1004,143.36,152.00,-0.70,-0.00,136.74,152.00,-0.69,-0.00
17:24:41.161 [TUNER] 1482,996,143.36,144.00,-0.70,-0.00,136.74,144.00,-0.69,-0.00
17:24:41.162 [TUNER] 1483,1004,123.28,136.00,-0.65,-0.00,123.13,136.00,-0.72,-0.00
17:24:41.202 [TUNER] 1484,996,123.28,128.00,-0.65,-0.00,123.13,128.00,-0.72,-0.00
17:24:41.204 [TUNER] 1485,1004,104.64,120.00,-0.62,-0.00,113.11,120.00,-0.80,-0.00
17:24:41.246 [TUNER] 1486,996,104.64,112.00,-0.62,-0.00,113.11,112.00,-0.80,-0.00
17:24:41.250 [TUNER] 1487,1004,83.71,104.00,-0.55,-0.00,101.66,104.00,-0.87,-0.00
17:24:41.290 [TUNER] 1488,996,83.71,96.00,-0.55,-0.00,101.66,96.00,-0.87,-0.00
17:24:41.331 [TUNER] 1489,1004,66.11,88.00,-0.53,-0.00,84.76,88.00,-0.87,-0.00
17:24:41.331 [TUNER] 1490,996,66.11,80.00,-0.53,-0.00,84.76,80.00,-0.87,-0.00
17:24:41.333 [TUNER] 1491,1004,48.59,72.00,-0.50,-0.00,69.53,72.00,-0.90,-0.00
17:24:41.336 [TUNER] 1492,996,48.59,64.00,-0.50,-0.00,69.53,64.00,-0.90,-0.00
17:24:41.373 [TUNER] 1493,1004,32.00,56.00,-0.48,-0.00,57.34,56.00,-0.96,-0.00
17:24:41.375 [TUNER] 1494,996,32.00,48.00,-0.48,-0.00,57.34,48.00,-0.96,-0.00
17:24:41.416 [TUNER] 1495,1004,17.01,40.00,-0.49,-0.00,45.87,40.00,-1.04,-0.00
17:24:41.418 [TUNER] 1496,996,17.01,32.00,-0.49,-0.00,45.87,32.00,-1.04,-0.00
17:24:41.459 [TUNER] 1497,1004,5.88,24.00,-0.55,-0.00,32.40,24.00,-1.09,-0.00
17:24:41.459 [TUNER] 1498,996,5.88,16.00,-0.55,-0.00,32.40,16.00,-1.09,-0.00
17:24:41.502 [TUNER] 1499,1004,-3.03,8.00,-0.65,-0.00,15.61,8.00,-1.10,-0.00
17:24:41.503 [TUNER] --- CSV END ---