00:08:05.113 [TUNER] --- CSV START ---
00:08:05.113 [TUNER] Metadata,Profile(Accel:12.0 Jerk:100.0),PID_0(P:12.38267 I:446.36163 D:0.00000),PID_1(P:13.40700 I:479.74985 D:0.00000)
00:08:05.113 [TUNER] Tick,DeltaTime_us,Reading_0,Setpoint_0,Output_0,int_0,Reading_1,Setpoint_1,Output_1,int_1
00:08:05.113 [TUNER] 0,0,0.00,0.10,0.09,0.00,0.00,0.10,0.22,0.00
00:08:05.113 [TUNER] 1,975,0.00,0.30,0.09,0.00,0.00,0.30,0.22,0.00
00:08:05.128 [TUNER] 2,1000,0.00,0.60,0.09,0.00,0.00,0.60,0.23,0.00
00:08:05.162 [TUNER] 3,1000,0.00,1.00,0.09,0.00,0.00,1.00,0.23,0.00
00:08:05.163 [TUNER] 4,1000,0.00,1.50,0.11,0.00,0.00,1.50,0.25,0.00
00:08:05.197 [TUNER] 5,1000,0.00,2.10,0.11,0.00,0.00,2.10,0.25,0.00
00:08:05.197 [TUNER] 6,1000,0.00,2.80,0.13,0.00,0.00,2.80,0.27,0.00
00:08:05.233 [TUNER] 7,1000,0.00,3.60,0.13,0.00,0.00,3.60,0.27,0.00
00:08:05.269 [TUNER] 8,1000,0.00,4.50,0.15,0.00,0.00,4.50,0.30,0.00
00:08:05.269 [TUNER] 9,1000,0.00,5.50,0.15,0.00,0.00,5.50,0.30,0.00
00:08:05.304 [TUNER] 10,1000,0.00,6.60,0.19,0.00,0.00,6.60,0.33,0.00
00:08:05.304 [TUNER] 11,1000,0.00,7.80,0.19,0.00,0.00,7.80,0.33,0.00
00:08:05.340 [TUNER] 12,1000,0.00,9.10,0.23,0.00,0.00,9.10,0.38,0.00
00:08:05.373 [TUNER] 13,1000,0.00,10.50,0.23,0.00,0.00,10.50,0.38,0.00
00:08:05.374 [TUNER] 14,1000,0.00,12.00,0.28,0.00,0.00,12.00,0.43,0.00
00:08:05.408 [TUNER] 15,1000,0.00,13.60,0.28,0.00,0.00,13.60,0.43,0.00
00:08:05.409 [TUNER] 16,1000,0.00,15.30,0.34,0.00,0.00,15.30,0.49,0.00
00:08:05.442 [TUNER] 17,1004,0.00,17.10,0.37,0.00,0.00,17.10,0.53,0.00
00:08:05.478 [TUNER] 18,996,0.00,19.00,0.37,0.00,0.00,19.00,0.53,0.00
00:08:05.479 [TUNER] 19,1002,0.00,21.00,0.44,0.00,0.00,21.00,0.60,0.00
00:08:05.513 [TUNER] 20,1000,0.00,23.10,0.44,0.00,0.00,23.10,0.60,0.00
00:08:05.513 [TUNER] 21,998,0.00,25.30,0.52,0.00,0.00,25.30,0.69,0.00
00:08:05.548 [TUNER] 22,1000,0.00,27.60,0.52,0.00,0.00,27.60,0.69,0.00
00:08:05.584 [TUNER] 23,1000,0.00,30.00,0.61,0.00,0.00,30.00,0.78,0.00
00:08:05.585 [TUNER] 24,1000,0.00,32.50,0.61,0.00,0.00,32.50,0.78,0.00
00:08:05.618 [TUNER] 25,1000,1.72,35.10,0.69,0.00,0.00,35.10,0.89,0.00
00:08:05.619 [TUNER] 26,1000,1.72,37.80,0.69,0.00,0.00,37.80,0.89,0.00
00:08:05.653 [TUNER] 27,1000,4.81,40.60,0.75,0.00,5.15,40.60,0.94,0.00
00:08:05.688 [TUNER] 28,1000,4.81,43.50,0.75,0.00,5.15,43.50,0.94,0.00
00:08:05.689 [TUNER] 29,1000,24.47,46.50,0.61,0.00,16.15,46.50,0.90,0.00
00:08:05.725 [TUNER] 30,1000,24.47,49.60,0.61,0.00,16.15,49.60,0.90,0.00
00:08:05.727 [TUNER] 31,1000,50.50,52.80,0.37,0.00,24.95,52.80,0.90,0.00
00:08:05.758 [TUNER] 32,1000,50.50,56.10,0.37,0.00,24.95,56.10,0.90,0.00
00:08:05.794 [TUNER] 33,1000,52.42,59.50,0.44,0.00,30.27,59.50,0.96,0.00
00:08:05.794 [TUNER] 34,1000,52.42,63.00,0.44,0.00,30.27,63.00,0.96,0.00
00:08:05.830 [TUNER] 35,1000,41.94,66.60,0.69,0.00,36.24,66.60,1.01,0.00
00:08:05.830 [TUNER] 36,1000,41.94,70.30,0.69,0.00,36.24,70.30,1.01,0.00
00:08:05.862 [TUNER] 37,1000,33.55,74.10,0.93,0.00,42.74,74.10,1.06,0.00
00:08:05.899 [TUNER] 38,1000,33.55,78.00,0.93,0.00,42.74,78.00,1.06,0.00
00:08:05.900 [TUNER] 39,1000,26.84,82.00,1.17,0.00,51.37,82.00,1.08,0.00
00:08:05.932 [TUNER] 40,1000,26.84,86.10,1.17,0.00,51.37,86.10,1.08,0.00
00:08:05.932 [TUNER] 41,1000,24.91,90.30,1.36,0.00,59.99,90.30,1.12,0.00
00:08:05.967 [TUNER] 42,1000,24.91,94.60,1.36,0.00,59.99,94.60,1.12,0.00
00:08:06.003 [TUNER] 43,1000,37.11,99.00,1.38,0.00,68.61,99.00,1.16,0.00
00:08:06.003 [TUNER] 44,1000,37.11,103.50,1.38,0.00,68.61,103.50,1.16,0.00
00:08:06.040 [TUNER] 45,1000,53.74,108.10,1.35,0.00,84.10,108.10,1.10,0.00
00:08:06.041 [TUNER] 46,1000,53.74,112.80,1.35,0.00,84.10,112.80,1.10,0.00
00:08:06.073 [TUNER] 47,1000,70.48,117.60,1.31,0.00,89.61,117.60,1.19,0.00
00:08:06.074 [TUNER] 48,1000,70.48,122.50,1.31,0.00,89.61,122.50,1.19,0.00
00:08:06.108 [TUNER] 49,1000,87.31,127.50,1.27,0.00,94.02,127.50,1.31,0.00
00:08:06.144 [TUNER] 50,1000,87.31,132.60,1.27,0.00,94.02,132.60,1.31,0.00
00:08:06.145 [TUNER] 51,1000,104.21,137.80,1.23,0.00,99.27,137.80,1.42,0.00
00:08:06.178 [TUNER] 52,1000,104.21,143.10,1.23,0.00,99.27,143.10,1.42,0.00
00:08:06.178 [TUNER] 53,1002,117.57,148.50,1.24,0.00,108.49,148.50,1.49,0.00
00:08:06.213 [TUNER] 54,998,117.57,154.00,1.24,0.00,108.49,154.00,1.49,0.00
00:08:06.213 [TUNER] 55,1000,133.75,159.60,1.21,0.00,117.86,159.60,1.57,0.00
00:08:06.248 [TUNER] 56,1000,133.75,165.30,1.21,0.00,117.86,165.30,1.57,0.00
00:08:06.282 [TUNER] 57,1000,149.95,171.10,1.18,0.00,126.93,171.10,1.65,0.00
00:08:06.282 [TUNER] 58,1000,149.95,177.00,1.18,0.00,126.93,177.00,1.65,0.00
00:08:06.318 [TUNER] 59,1000,162.91,183.00,1.19,0.00,137.62,183.00,1.72,0.00
00:08:06.318 [TUNER] 60,1000,162.91,189.10,1.19,0.00,137.62,189.10,1.72,0.00
00:08:06.352 [TUNER] 61,1000,171.57,195.30,1.27,0.00,151.33,195.30,1.76,0.00
00:08:06.389 [TUNER] 62,1000,171.57,201.60,1.27,0.00,151.33,201.60,1.76,0.00
00:08:06.389 [TUNER] 63,1000,181.92,208.00,1.34,0.00,165.74,208.00,1.79,0.00
00:08:06.423 [TUNER] 64,1000,181.92,214.50,1.34,0.00,165.74,214.50,1.79,0.00
00:08:06.423 [TUNER] 65,1000,191.92,221.10,1.42,0.00,177.26,221.10,1.86,0.00
00:08:06.495 [TUNER] 66,1000,191.92,227.80,1.42,0.00,177.26,227.80,1.86,0.00
00:08:06.496 [TUNER] 67,1000,199.93,234.60,1.53,0.00,191.63,234.60,1.91,0.00
00:08:06.496 [TUNER] 68,1000,199.93,241.50,1.53,0.00,191.63,241.50,1.91,0.00
00:08:06.496 [TUNER] 69,1000,209.77,248.50,1.63,0.00,211.72,248.50,1.87,0.00
00:08:06.529 [TUNER] 70,1000,209.77,255.60,1.63,0.00,211.72,255.60,1.87,0.00
00:08:06.563 [TUNER] 71,1000,219.35,262.80,1.74,0.00,227.79,262.80,1.90,0.00
00:08:06.563 [TUNER] 72,1000,219.35,270.10,1.74,0.00,227.79,270.10,1.90,0.00
00:08:06.599 [TUNER] 73,1000,235.62,277.50,1.77,0.00,252.67,277.50,1.80,0.00
00:08:06.602 [TUNER] 74,1000,235.62,285.00,1.77,0.00,252.67,285.00,1.80,0.00
00:08:06.633 [TUNER] 75,1000,257.21,292.60,1.74,0.00,276.01,292.60,1.72,0.00
00:08:06.668 [TUNER] 76,1000,257.21,300.30,1.74,0.00,276.01,300.30,1.72,0.00
00:08:06.669 [TUNER] 77,1000,271.06,308.10,1.81,0.00,294.69,308.10,1.70,0.00
00:08:06.703 [TUNER] 78,1000,271.06,316.00,1.81,0.00,294.69,316.00,1.70,0.00
00:08:06.703 [TUNER] 79,1000,294.16,324.00,1.76,0.00,311.34,324.00,1.72,0.00
00:08:06.739 [TUNER] 80,1000,294.16,332.10,1.76,0.00,311.34,332.10,1.72,0.00
00:08:06.740 [TUNER] 81,1000,324.67,340.30,1.61,0.00,331.54,340.30,1.69,0.00
00:08:06.773 [TUNER] 82,1000,324.67,348.60,1.61,0.00,331.54,348.60,1.69,0.00
00:08:06.809 [TUNER] 83,1000,343.92,357.00,1.61,0.00,345.98,357.00,1.75,0.00
00:08:06.809 [TUNER] 84,1000,343.92,365.50,1.61,0.00,345.98,365.50,1.75,0.00
00:08:06.842 [TUNER] 85,1000,364.47,374.10,1.59,0.00,350.66,374.10,1.96,0.00
00:08:06.843 [TUNER] 86,1000,364.47,382.80,1.59,0.00,350.66,382.80,1.96,0.00
00:08:06.878 [TUNER] 87,1002,382.54,391.60,1.61,0.00,357.77,391.60,2.15,0.00
00:08:06.878 [TUNER] 88,998,382.54,400.50,1.61,0.00,357.77,400.50,2.15,0.00
00:08:06.913 [TUNER] 89,1000,398.90,409.50,1.66,0.00,370.48,409.50,2.27,0.00
00:08:06.947 [TUNER] 90,1000,398.90,418.60,1.66,0.00,370.48,418.60,2.27,0.00
00:08:06.948 [TUNER] 91,1000,418.77,427.80,1.67,0.00,380.57,427.80,2.44,0.00
00:08:06.982 [TUNER] 92,1000,418.77,437.10,1.67,0.00,380.57,437.10,2.44,0.00
00:08:06.983 [TUNER] 93,1000,422.64,446.50,1.89,0.00,404.10,446.50,2.44,0.00
00:08:07.018 [TUNER] 94,1000,422.64,456.00,1.89,0.00,404.10,456.00,2.44,0.00
00:08:07.018 [TUNER] 95,1000,429.17,465.60,2.10,0.00,431.52,465.60,2.38,0.00
00:08:07.053 [TUNER] 96,1000,429.17,475.30,2.10,0.00,431.52,475.30,2.38,0.00
00:08:07.089 [TUNER] 97,1000,444.70,485.10,2.20,0.00,455.17,485.10,2.37,0.00
00:08:07.089 [TUNER] 98,1000,444.70,495.00,2.20,0.00,455.17,495.00,2.37,0.00
00:08:07.124 [TUNER] 99,1000,458.84,505.00,2.34,0.00,486.12,505.00,2.26,0.00
00:08:07.160 [TUNER] 100,1000,458.84,515.10,2.34,0.00,486.12,515.10,2.26,0.00
00:08:07.160 [TUNER] 101,1000,489.06,525.30,2.27,0.00,504.01,525.30,2.33,0.00
00:08:07.160 [TUNER] 102,1000,489.06,535.60,2.27,0.00,504.01,535.60,2.33,0.00
00:08:07.193 [TUNER] 103,1000,526.97,546.00,2.09,0.00,509.72,546.00,2.59,0.00
00:08:07.230 [TUNER] 104,1000,526.97,556.50,2.09,0.00,509.72,556.50,2.59,0.00
00:08:07.230 [TUNER] 105,1000,543.56,567.10,2.19,0.00,526.33,567.10,2.71,0.00
00:08:07.263 [TUNER] 106,1000,543.56,577.80,2.19,0.00,526.33,577.80,2.71,0.00
00:08:07.265 [TUNER] 107,1003,552.57,588.60,2.40,0.00,562.67,588.60,2.56,0.00
00:08:07.299 [TUNER] 108,997,552.57,599.50,2.40,0.00,562.67,599.50,2.56,0.00
00:08:07.299 [TUNER] 109,1000,566.63,610.50,2.55,0.00,617.96,610.50,2.12,0.00
00:08:07.332 [TUNER] 110,1000,566.63,621.60,2.55,0.00,617.96,621.60,2.12,0.00
00:08:07.367 [TUNER] 111,1000,577.00,632.80,2.77,0.00,661.02,632.80,1.84,0.00
00:08:07.368 [TUNER] 112,1000,577.00,644.10,2.77,0.00,661.02,644.10,1.84,0.00
00:08:07.403 [TUNER] 113,1000,602.48,655.50,2.81,0.00,669.70,655.50,2.04,0.00
00:08:07.404 [TUNER] 114,1000,602.48,667.00,2.81,0.00,669.70,667.00,2.04,0.00
00:08:07.438 [TUNER] 115,1000,633.18,678.60,2.78,0.00,654.30,678.60,2.60,0.00
00:08:07.438 [TUNER] 116,1000,633.18,690.30,2.78,0.00,654.30,690.30,2.60,0.00
00:08:07.473 [TUNER] 117,1000,668.04,702.10,2.69,0.00,650.58,702.10,3.04,0.00
00:08:07.508 [TUNER] 118,1000,668.04,714.00,2.69,0.00,650.58,714.00,3.04,0.00
00:08:07.508 [TUNER] 119,1000,695.93,726.00,2.69,0.00,663.06,726.00,3.27,0.00
00:08:07.542 [TUNER] 120,1000,695.93,738.00,2.69,0.00,663.06,738.00,3.27,0.00
00:08:07.543 [TUNER] 121,1000,726.83,750.00,2.65,0.00,698.82,750.00,3.19,0.00
00:08:07.579 [TUNER] 122,1004,759.43,762.00,2.41,0.00,764.40,762.00,2.48,0.00
00:08:07.580 [TUNER] 123,996,759.43,774.00,2.41,0.00,764.40,774.00,2.48,0.00
00:08:07.613 [TUNER] 124,1000,805.52,786.00,2.14,0.00,819.82,786.00,2.05,0.00
00:08:07.648 [TUNER] 125,1000,805.52,798.00,2.14,0.00,819.82,798.00,2.05,0.00
00:08:07.685 [TUNER] 126,1000,835.12,810.00,2.08,0.00,848.28,810.00,1.98,0.00
00:08:07.686 [TUNER] 127,1000,835.12,822.00,2.08,0.00,848.28,822.00,1.98,0.00
00:08:07.686 [TUNER] 128,1000,850.21,834.00,2.20,0.00,834.97,834.00,2.50,0.00
00:08:07.718 [TUNER] 129,1000,850.21,846.00,2.20,0.00,834.97,846.00,2.50,0.00
00:08:07.718 [TUNER] 130,1000,853.69,858.00,2.48,0.00,822.60,858.00,3.05,0.00
00:08:07.753 [TUNER] 131,1000,853.69,870.00,2.48,0.00,822.60,870.00,3.05,0.00
00:08:07.789 [TUNER] 132,1000,858.19,882.00,2.77,0.00,847.07,882.00,3.10,0.00
00:08:07.789 [TUNER] 133,1000,858.19,894.00,2.77,0.00,847.07,894.00,3.10,0.00
00:08:07.824 [TUNER] 134,1000,889.29,906.00,2.72,0.00,863.20,906.00,3.27,0.00
00:08:07.824 [TUNER] 135,1000,889.29,918.00,2.72,0.00,863.20,918.00,3.27,0.00
00:08:07.858 [TUNER] 136,1000,915.88,930.00,2.72,0.00,867.52,930.00,3.61,0.00
00:08:07.859 [TUNER] 137,1000,915.88,942.00,2.72,0.00,867.52,942.00,3.61,0.00
00:08:07.893 [TUNER] 138,1000,935.43,954.00,2.82,0.00,893.31,954.00,3.67,0.00
00:08:07.929 [TUNER] 139,1000,935.43,966.00,2.82,0.00,893.31,966.00,3.67,0.00
00:08:07.930 [TUNER] 140,1000,968.26,978.00,2.74,0.00,943.15,978.00,3.38,0.00
00:08:07.965 [TUNER] 141,1000,968.26,990.00,2.74,0.00,943.15,990.00,3.38,0.00
00:08:07.966 [TUNER] 142,1000,975.62,1002.00,2.99,0.00,988.18,1002.00,3.14,0.00
00:08:07.999 [TUNER] 143,1000,975.62,1014.00,2.99,0.00,988.18,1014.00,3.14,0.00
00:08:07.999 [TUNER] 144,1000,993.53,1026.00,3.12,0.00,994.99,1026.00,3.42,0.00
00:08:08.033 [TUNER] 145,1000,993.53,1038.00,3.12,0.00,994.99,1038.00,3.42,0.00
00:08:08.068 [TUNER] 146,1000,997.56,1050.00,3.44,0.00,986.70,1050.00,3.94,0.00
00:08:08.069 [TUNER] 147,1000,997.56,1062.00,3.44,0.00,986.70,1062.00,3.94,0.00
00:08:08.103 [TUNER] 148,1000,1012.80,1074.00,3.63,0.00,1019.58,1074.00,3.89,0.00
00:08:08.104 [TUNER] 149,1000,1012.80,1086.00,3.63,0.00,1019.58,1086.00,3.89,0.00
00:08:08.138 [TUNER] 150,1000,1047.34,1098.00,3.57,0.00,1071.65,1098.00,3.57,0.00
00:08:08.139 [TUNER] 151,1000,1047.34,1110.00,3.57,0.00,1071.65,1110.00,3.57,0.00
00:08:08.172 [TUNER] 152,1000,1097.30,1122.00,3.29,0.00,1108.16,1122.00,3.44,0.00
00:08:08.208 [TUNER] 153,1000,1097.30,1134.00,3.29,0.00,1108.16,1134.00,3.44,0.00
00:08:08.244 [TUNER] 154,1000,1140.70,1146.00,3.08,0.00,1156.26,1146.00,3.13,0.00
00:08:08.244 [TUNER] 155,1000,1140.70,1158.00,3.08,0.00,1156.26,1158.00,3.13,0.00
00:08:08.247 [TUNER] 156,1000,1201.19,1170.00,2.63,0.00,1230.82,1170.00,2.41,0.00
00:08:08.279 [TUNER] 157,1000,1201.19,1182.00,2.63,0.00,1230.82,1182.00,2.41,0.00
00:08:08.279 [TUNER] 158,1000,1246.15,1194.00,2.34,0.00,1262.98,1194.00,2.26,0.00
00:08:08.314 [TUNER] 159,1000,1246.15,1206.00,2.34,0.00,1262.98,1206.00,2.26,0.00
00:08:08.350 [TUNER] 160,1000,1228.86,1218.00,2.87,0.00,1264.66,1218.00,2.54,0.00
00:08:08.350 [TUNER] 161,1000,1228.86,1230.00,2.87,0.00,1264.66,1230.00,2.54,0.00
00:08:08.382 [TUNER] 162,1000,1204.72,1242.00,3.52,0.00,1281.46,1242.00,2.62,0.00
00:08:08.382 [TUNER] 163,1000,1204.72,1254.00,3.52,0.00,1281.46,1254.00,2.62,0.00
00:08:08.417 [TUNER] 164,1000,1240.38,1266.00,3.42,0.00,1270.85,1266.00,3.10,0.00
00:08:08.452 [TUNER] 165,1000,1240.38,1278.00,3.42,0.00,1270.85,1278.00,3.10,0.00
00:08:08.453 [TUNER] 166,1000,1270.63,1290.00,3.39,0.00,1253.77,1290.00,3.71,0.00
00:08:08.487 [TUNER] 167,1000,1270.63,1301.90,3.39,0.00,1253.77,1301.90,3.71,0.00
00:08:08.488 [TUNER] 168,1000,1289.68,1313.70,3.49,0.00,1267.60,1313.70,3.91,0.00
00:08:08.525 [TUNER] 169,1000,1289.68,1325.40,3.49,0.00,1267.60,1325.40,3.91,0.00
00:08:08.527 [TUNER] 170,1000,1337.55,1337.00,3.21,0.00,1292.41,1337.00,3.96,0.00
00:08:08.559 [TUNER] 171,1000,1337.55,1348.50,3.21,0.00,1292.41,1348.50,3.96,0.00
00:08:08.593 [TUNER] 172,1000,1363.83,1359.90,3.19,0.00,1305.38,1359.90,4.17,0.00
00:08:08.595 [TUNER] 173,1000,1363.83,1371.20,3.19,0.00,1305.38,1371.20,4.17,0.00
00:08:08.629 [TUNER] 174,1000,1359.08,1382.40,3.57,0.00,1331.22,1382.40,4.19,0.00
00:08:08.630 [TUNER] 175,1000,1359.08,1393.50,3.57,0.00,1331.22,1393.50,4.19,0.00
00:08:08.663 [TUNER] 176,1000,1406.83,1404.50,3.27,0.00,1408.59,1404.50,3.47,0.00
00:08:08.665 [TUNER] 177,1000,1406.83,1415.40,3.27,0.00,1408.59,1415.40,3.47,0.00
00:08:08.698 [TUNER] 178,1000,1472.51,1426.20,2.71,0.00,1484.23,1426.20,2.71,0.00
00:08:08.734 [TUNER] 179,1000,1472.51,1436.90,2.71,0.00,1484.23,1436.90,2.71,0.00
00:08:08.734 [TUNER] 180,1000,1513.03,1447.50,2.43,0.00,1539.58,1447.50,2.19,0.00
00:08:08.768 [TUNER] 181,1000,1513.03,1458.00,2.43,0.00,1539.58,1458.00,2.19,0.00
00:08:08.769 [TUNER] 182,1000,1567.78,1468.40,1.94,0.00,1566.69,1468.40,2.03,0.00
00:08:08.803 [TUNER] 183,1000,1567.78,1478.70,1.94,0.00,1566.69,1478.70,2.03,0.00
00:08:08.803 [TUNER] 184,1000,1513.65,1488.90,2.87,0.00,1504.19,1488.90,3.15,0.00
00:08:08.837 [TUNER] 185,1000,1513.65,1499.00,2.87,0.00,1504.19,1499.00,3.15,0.00
00:08:08.875 [TUNER] 186,1000,1463.47,1509.00,3.80,0.00,1486.83,1509.00,3.69,0.00
00:08:08.875 [TUNER] 187,1000,1463.47,1518.90,3.80,0.00,1486.83,1518.90,3.69,0.00
00:08:08.911 [TUNER] 188,1000,1497.21,1528.70,3.67,0.00,1490.12,1528.70,3.97,0.00
00:08:08.914 [TUNER] 189,1000,1497.21,1538.40,3.67,0.00,1490.12,1538.40,3.97,0.00
00:08:08.943 [TUNER] 190,1000,1491.56,1548.00,4.05,0.00,1461.83,1548.00,4.71,0.00
00:08:08.943 [TUNER] 191,1000,1491.56,1557.50,4.05,0.00,1461.83,1557.50,4.71,0.00
00:08:08.978 [TUNER] 192,1000,1523.11,1566.90,3.95,0.00,1468.41,1566.90,4.99,0.00
00:08:09.015 [TUNER] 193,1000,1616.68,1576.20,2.90,0.00,1511.13,1576.20,4.58,0.00
00:08:09.015 [TUNER] 194,1000,1616.68,1585.40,2.90,0.00,1511.13,1585.40,4.58,0.00
00:08:09.046 [TUNER] 195,1000,1637.13,1594.50,2.85,0.00,1550.97,1594.50,4.35,0.00
00:08:09.047 [TUNER] 196,1000,1637.13,1603.50,2.85,0.00,1550.97,1603.50,4.35,0.00
00:08:09.084 [TUNER] 197,1000,1655.03,1612.40,2.83,0.00,1625.62,1612.40,3.60,0.00
00:08:09.084 [TUNER] 198,1000,1655.03,1621.20,2.83,0.00,1625.62,1621.20,3.60,0.00
00:08:09.118 [TUNER] 199,1000,1705.44,1629.90,2.38,0.00,1745.47,1629.90,2.13,0.00
00:08:09.153 [TUNER] 200,1000,1705.44,1638.50,2.38,0.00,1745.47,1638.50,2.13,0.00
00:08:09.154 [TUNER] 201,1000,1790.43,1647.00,1.42,0.00,1863.69,1647.00,0.58,0.00
00:08:09.188 [TUNER] 202,1000,1790.43,1655.40,1.42,0.00,1863.69,1655.40,0.58,0.00
00:08:09.189 [TUNER] 203,1000,1889.34,1663.70,0.22,0.00,1944.52,1663.70,-0.53,0.00
00:08:09.223 [TUNER] 204,1000,1889.34,1671.90,0.22,0.00,1944.52,1671.90,-0.53,0.00
00:08:09.261 [TUNER] 205,1000,1918.66,1680.00,-0.14,0.00,1933.59,1680.00,-0.39,0.00
00:08:09.264 [TUNER] 206,1000,1918.66,1688.00,-0.14,0.00,1933.59,1688.00,-0.39,0.00
00:08:09.294 [TUNER] 207,1000,1904.31,1695.90,0.07,0.00,1866.43,1695.90,0.57,0.00
00:08:09.296 [TUNER] 208,1000,1904.31,1703.70,0.07,0.00,1866.43,1703.70,0.57,0.00
00:08:09.328 [TUNER] 209,1000,1763.97,1711.40,1.97,0.00,1756.01,1711.40,2.23,0.00
00:08:09.329 [TUNER] 210,1000,1763.97,1719.00,1.97,0.00,1756.01,1719.00,2.23,0.00
00:08:09.363 [TUNER] 211,1000,1612.19,1726.50,4.15,0.00,1686.57,1726.50,3.42,0.00
00:08:09.399 [TUNER] 212,1000,1612.19,1733.90,4.15,0.00,1686.57,1733.90,3.42,0.00
00:08:09.399 [TUNER] 213,1000,1592.13,1741.20,4.73,0.00,1655.07,1741.20,4.14,0.00
00:08:09.433 [TUNER] 214,1000,1592.13,1748.40,4.73,0.00,1655.07,1748.40,4.14,0.00
00:08:09.433 [TUNER] 215,1000,1655.11,1755.50,4.23,0.00,1621.28,1755.50,4.92,0.00
00:08:09.468 [TUNER] 216,1000,1655.11,1762.50,4.23,0.00,1621.28,1762.50,4.92,0.00
00:08:09.468 [TUNER] 217,1000,1717.53,1769.40,3.69,0.00,1671.56,1769.40,4.54,0.00
00:08:09.503 [TUNER] 218,1000,1717.53,1776.20,3.69,0.00,1671.56,1776.20,4.54,0.00
00:08:09.540 [TUNER] 219,1000,1776.05,1782.90,3.15,0.00,1727.25,1782.90,4.04,0.00
00:08:09.540 [TUNER] 220,1000,1776.05,1789.50,3.15,0.00,1727.25,1789.50,4.04,0.00
00:08:09.573 [TUNER] 221,1000,1785.07,1796.00,3.23,0.00,1830.21,1796.00,2.82,0.00
00:08:09.573 [TUNER] 222,1000,1785.07,1802.40,3.23,0.00,1830.21,1802.40,2.82,0.00
00:08:09.608 [TUNER] 223,1000,1842.11,1808.70,2.66,0.00,1888.53,1808.70,2.14,0.00
00:08:09.609 [TUNER] 224,1000,1842.11,1814.90,2.66,0.00,1888.53,1814.90,2.14,0.00
00:08:09.646 [TUNER] 225,1000,1877.43,1821.00,2.34,0.00,1933.47,1821.00,1.61,0.00
00:08:09.680 [TUNER] 226,1000,1877.43,1827.00,2.34,0.00,1933.47,1827.00,1.61,0.00
00:08:09.681 [TUNER] 227,1000,2007.05,1832.90,0.73,0.00,1926.46,1832.90,1.79,0.00
00:08:09.714 [TUNER] 228,1000,2007.05,1838.70,0.73,0.00,1926.46,1838.70,1.79,0.00
00:08:09.714 [TUNER] 229,1000,2038.59,1844.40,0.32,0.00,1860.73,1844.40,2.82,0.00
00:08:09.748 [TUNER] 230,1000,2038.59,1850.00,0.32,0.00,1860.73,1850.00,2.82,0.00
00:08:09.750 [TUNER] 231,1000,2038.05,1855.50,0.32,0.00,1818.45,1855.50,3.58,0.00
00:08:09.784 [TUNER] 232,1000,2038.05,1860.90,0.32,0.00,1818.45,1860.90,3.58,0.00
00:08:09.818 [TUNER] 233,1000,1886.43,1866.20,2.32,0.00,1772.60,1866.20,4.44,0.00
00:08:09.818 [TUNER] 234,1000,1886.43,1871.40,2.32,0.00,1772.60,1871.40,4.44,0.00
00:08:09.852 [TUNER] 235,1000,1763.42,1876.50,4.08,0.00,1763.41,1876.50,4.82,0.00
00:08:09.853 [TUNER] 236,1000,1763.42,1881.50,4.08,0.00,1763.41,1881.50,4.82,0.00
00:08:09.889 [TUNER] 237,1000,1723.42,1886.40,4.86,0.00,1781.83,1886.40,4.81,0.00
00:08:09.889 [TUNER] 238,1000,1723.42,1891.20,4.86,0.00,1781.83,1891.20,4.81,0.00
00:08:09.922 [TUNER] 239,1000,1717.20,1895.90,5.22,0.00,1757.05,1895.90,5.42,0.00
00:08:09.958 [TUNER] 240,1000,1717.20,1900.50,5.22,0.00,1757.05,1900.50,5.42,0.00
00:08:09.958 [TUNER] 241,1000,1846.22,1905.00,3.80,0.00,1778.46,1905.00,5.38,0.00
00:08:09.995 [TUNER] 242,1000,1846.22,1909.40,3.80,0.00,1778.46,1909.40,5.38,0.00
00:08:09.996 [TUNER] 243,1000,1935.70,1913.70,2.78,0.00,1845.41,1913.70,4.67,0.00
00:08:10.030 [TUNER] 244,1000,1935.70,1917.90,2.78,0.00,1845.41,1917.90,4.67,0.00
00:08:10.030 [TUNER] 245,1000,2062.26,1922.00,1.20,0.00,1983.15,1922.00,2.89,0.00
00:08:10.100 [TUNER] 246,1000,2062.26,1926.00,1.20,0.00,1983.15,1926.00,2.89,0.00
00:08:10.100 [TUNER] 247,1000,2151.48,1929.90,0.01,0.00,2101.94,1929.90,1.24,0.00
00:08:10.101 [TUNER] 248,1000,2151.48,1933.70,0.01,0.00,2101.94,1933.70,1.24,0.00
00:08:10.133 [TUNER] 249,1000,2202.24,1937.40,-0.76,0.00,2250.23,1937.40,-0.94,0.00
00:08:10.133 [TUNER] 250,1000,2202.24,1941.00,-0.76,0.00,2250.23,1941.00,-0.94,0.00
00:08:10.168 [TUNER] 251,1000,2146.64,1944.50,-0.16,0.00,2277.80,1944.50,-1.52,0.00
00:08:10.169 [TUNER] 252,1000,2146.64,1947.90,-0.16,0.00,2277.80,1947.90,-1.52,0.00
00:08:10.202 [TUNER] 253,1000,2057.49,1951.20,0.94,0.00,2203.65,1951.20,-0.68,0.00
00:08:10.238 [TUNER] 254,1000,2057.49,1954.40,0.94,0.00,2203.65,1954.40,-0.68,0.00
00:08:10.239 [TUNER] 255,1000,1934.62,1957.50,2.57,0.00,2039.53,1957.50,1.54,0.00
00:08:10.273 [TUNER] 256,1000,1934.62,1960.50,2.57,0.00,2039.53,1960.50,1.54,0.00
00:08:10.273 [TUNER] 257,1000,1819.15,1963.40,4.21,0.00,1896.20,1963.40,3.61,0.00
00:08:10.310 [TUNER] 258,1000,1819.15,1966.20,4.21,0.00,1896.20,1966.20,3.61,0.00
00:08:10.380 [TUNER] 259,1000,1805.80,1968.90,4.59,0.00,1839.96,1968.90,4.56,0.00
00:08:10.381 [TUNER] 260,1000,1805.80,1971.50,4.59,0.00,1839.96,1971.50,4.56,0.00
00:08:10.381 [TUNER] 261,1000,1802.00,1974.00,4.86,0.00,1817.30,1974.00,5.09,0.00
00:08:10.382 [TUNER] 262,1000,1802.00,1976.40,4.86,0.00,1817.30,1976.40,5.09,0.00
00:08:10.413 [TUNER] 263,1000,1847.97,1978.70,4.47,0.00,1872.21,1978.70,4.53,0.00
00:08:10.448 [TUNER] 264,1000,1847.97,1980.90,4.47,0.00,1872.21,1980.90,4.53,0.00
00:08:10.449 [TUNER] 265,1000,1869.15,1983.00,4.37,0.00,1855.84,1983.00,4.93,0.00
00:08:10.482 [TUNER] 266,1000,1869.15,1985.00,4.37,0.00,1855.84,1985.00,4.93,0.00
00:08:10.483 [TUNER] 267,1000,1830.35,1986.90,5.04,0.00,1876.39,1986.90,4.82,0.00
00:08:10.518 [TUNER] 268,1000,1830.35,1988.70,5.04,0.00,1876.39,1988.70,4.82,0.00
00:08:10.518 [TUNER] 269,1000,1809.61,1990.40,5.51,0.00,1889.39,1990.40,4.79,0.00
00:08:10.553 [TUNER] 270,1000,1809.61,1992.00,5.51,0.00,1889.39,1992.00,4.79,0.00
00:08:10.588 [TUNER] 271,1000,1849.71,1993.50,5.18,0.00,1946.18,1993.50,4.12,0.00
00:08:10.624 [TUNER] 272,1000,1849.71,1994.90,5.18,0.00,1946.18,1994.90,4.12,0.00
00:08:10.624 [TUNER] 273,1000,2005.49,1996.20,3.28,0.00,2034.57,1996.20,2.93,0.00
00:08:10.625 [TUNER] 274,1000,2005.49,1997.40,3.28,0.00,2034.57,1997.40,2.93,0.00
00:08:10.660 [TUNER] 275,1000,2174.79,1998.50,1.05,0.00,2158.53,1998.50,1.15,0.00
00:08:10.662 [TUNER] 276,1000,2174.79,1999.50,1.05,0.00,2158.53,1999.50,1.15,0.00
00:08:10.695 [TUNER] 277,1000,2310.23,2000.40,-0.87,0.00,2130.57,2000.40,1.43,0.00
00:08:10.729 [TUNER] 278,1000,2310.23,2001.20,-0.87,0.00,2130.57,2001.20,1.43,0.00
00:08:10.729 [TUNER] 279,1000,2330.96,2001.90,-1.40,0.00,2104.76,2001.90,1.70,0.00
00:08:10.764 [TUNER] 280,1000,2330.96,2002.50,-1.40,0.00,2104.76,2002.50,1.70,0.00
00:08:10.765 [TUNER] 281,1000,2174.02,2003.00,0.40,0.00,2046.32,2003.00,2.46,0.00
00:08:10.799 [TUNER] 282,1000,2174.02,2003.40,0.40,0.00,2046.32,2003.40,2.46,0.00
00:08:10.800 [TUNER] 283,1000,2017.54,2003.70,2.34,0.00,1985.82,2003.70,3.29,0.00
00:08:10.833 [TUNER] 284,1000,2017.54,2003.90,2.34,0.00,1985.82,2003.90,3.29,0.00
00:08:10.868 [TUNER] 285,1000,1902.66,2004.00,3.85,0.00,1968.35,2004.00,3.57,0.00
00:08:10.868 [TUNER] 286,1000,1902.66,2000.00,3.85,0.00,1968.35,2000.00,3.57,0.00
00:08:10.903 [TUNER] 287,1000,1833.10,2000.00,4.81,0.00,1957.81,2000.00,3.69,0.00
00:08:10.903 [TUNER] 288,1000,1833.10,2000.00,4.81,0.00,1957.81,2000.00,3.69,0.00
00:08:10.938 [TUNER] 289,1000,1847.89,2000.00,4.76,0.00,1995.76,2000.00,3.19,0.00
00:08:10.975 [TUNER] 290,1000,1847.89,2000.00,4.76,0.00,1995.76,2000.00,3.19,0.00
00:08:10.976 [TUNER] 291,1000,1945.62,2000.00,3.60,0.00,1990.04,2000.00,3.27,0.00
00:08:11.009 [TUNER] 292,1000,1945.62,2000.00,3.60,0.00,1990.04,2000.00,3.27,0.00
00:08:11.013 [TUNER] 293,1000,2106.28,2000.00,1.52,0.00,2085.12,2000.00,1.92,0.00
00:08:11.043 [TUNER] 294,1000,2106.28,2000.00,1.52,0.00,2085.12,2000.00,1.92,0.00
00:08:11.044 [TUNER] 295,1000,2203.88,2000.00,0.13,0.00,2107.92,2000.00,1.51,0.00
00:08:11.078 [TUNER] 296,1000,2203.88,2000.00,0.13,0.00,2107.92,2000.00,1.51,0.00
00:08:11.113 [TUNER] 297,1000,2314.60,2000.00,-1.53,0.00,2157.08,2000.00,0.70,0.00
00:08:11.113 [TUNER] 298,1000,2314.60,2000.00,-1.53,0.00,2157.08,2000.00,0.70,0.00
00:08:11.149 [TUNER] 299,1000,2226.21,2000.00,-0.63,0.00,2119.10,2000.00,1.09,0.00
00:08:11.150 [TUNER] 300,1000,2226.21,2000.00,-0.63,0.00,2119.10,2000.00,1.09,0.00
00:08:11.183 [TUNER] 301,1000,2040.40,2000.00,1.63,0.00,2083.56,2000.00,1.49,0.00
00:08:11.218 [TUNER] 302,1000,2040.40,2000.00,1.63,0.00,2083.56,2000.00,1.49,0.00
00:08:11.219 [TUNER] 303,1000,1850.51,2000.00,4.12,0.00,1993.28,2000.00,2.70,0.00
00:08:11.253 [TUNER] 304,1000,1850.51,2000.00,4.12,0.00,1993.28,2000.00,2.70,0.00
00:08:11.254 [TUNER] 305,1000,1808.56,2000.00,4.81,0.00,1974.32,2000.00,2.98,0.00
00:08:11.288 [TUNER] 306,1000,1808.56,2000.00,4.81,0.00,1974.32,2000.00,2.98,0.00
00:08:11.324 [TUNER] 307,1000,1888.39,2000.00,3.92,0.00,1966.02,2000.00,3.13,0.00
00:08:11.324 [TUNER] 308,1000,1888.39,2000.00,3.92,0.00,1966.02,2000.00,3.13,0.00
00:08:11.359 [TUNER] 309,1000,1959.12,2000.00,3.08,0.00,1957.66,2000.00,3.28,0.00
00:08:11.359 [TUNER] 310,1000,1959.12,2000.00,3.08,0.00,1957.66,2000.00,3.28,0.00
00:08:11.394 [TUNER] 311,1000,2048.36,2000.00,1.93,0.00,1978.46,2000.00,3.02,0.00
00:08:11.394 [TUNER] 312,1000,2048.36,2000.00,1.93,0.00,1978.46,2000.00,3.02,0.00
00:08:11.430 [TUNER] 313,1000,2056.17,2000.00,1.78,0.00,1991.67,2000.00,2.85,0.00
00:08:11.464 [TUNER] 314,1000,2056.17,2000.00,1.78,0.00,1991.67,2000.00,2.85,0.00
00:08:11.465 [TUNER] 315,1000,2045.25,2000.00,1.88,0.00,2043.46,2000.00,2.12,0.00
00:08:11.498 [TUNER] 316,1000,2045.25,2000.00,1.88,0.00,2043.46,2000.00,2.12,0.00
00:08:11.498 [TUNER] 317,1000,2010.73,2000.00,2.30,0.00,2060.85,2000.00,1.83,0.00
00:08:11.533 [TUNER] 318,1000,2010.73,2000.00,2.30,0.00,2060.85,2000.00,1.83,0.00
00:08:11.568 [TUNER] 319,1000,2031.23,2000.00,2.01,0.00,2078.19,2000.00,1.52,0.00
00:08:11.569 [TUNER] 320,1000,2031.23,2000.00,2.01,0.00,2078.19,2000.00,1.52,0.00
00:08:11.603 [TUNER] 321,1000,2020.14,2000.00,2.13,0.00,1995.86,2000.00,2.63,0.00
00:08:11.604 [TUNER] 322,1000,2020.14,2000.00,2.13,0.00,1995.86,2000.00,2.63,0.00
00:08:11.637 [TUNER] 323,1000,1980.34,2000.00,2.64,0.00,1984.97,2000.00,2.79,0.00
00:08:11.674 [TUNER] 324,1000,1980.34,2000.00,2.64,0.00,1984.97,2000.00,2.79,0.00
00:08:11.675 [TUNER] 325,1000,1931.32,2000.00,3.31,0.00,1960.79,2000.00,3.15,0.00
00:08:11.708 [TUNER] 326,1000,1931.32,2000.00,3.31,0.00,1960.79,2000.00,3.15,0.00
00:08:11.709 [TUNER] 327,1000,1905.85,2000.00,3.71,0.00,1968.94,2000.00,3.07,0.00
00:08:11.743 [TUNER] 328,1000,1905.85,2000.00,3.71,0.00,1968.94,2000.00,3.07,0.00
00:08:11.781 [TUNER] 329,1000,1938.73,2000.00,3.36,0.00,1956.56,2000.00,3.28,0.00
00:08:11.783 [TUNER] 330,1000,1938.73,2000.00,3.36,0.00,1956.56,2000.00,3.28,0.00
00:08:11.814 [TUNER] 331,1000,1971.91,2000.00,2.97,0.00,1951.81,2000.00,3.39,0.00
00:08:11.814 [TUNER] 332,1000,1971.91,2000.00,2.97,0.00,1951.81,2000.00,3.39,0.00
00:08:11.848 [TUNER] 333,1000,1991.37,2000.00,2.74,0.00,1999.34,2000.00,2.75,0.00
00:08:11.848 [TUNER] 334,1000,1991.37,2000.00,2.74,0.00,1999.34,2000.00,2.75,0.00
00:08:11.884 [TUNER] 335,1000,2022.83,2000.00,2.33,0.00,2037.79,2000.00,2.20,0.00
00:08:11.918 [TUNER] 336,1000,2022.83,2000.00,2.33,0.00,2037.79,2000.00,2.20,0.00
00:08:11.918 [TUNER] 337,1000,2087.29,2000.00,1.45,0.00,2125.04,2000.00,0.91,0.00
00:08:11.953 [TUNER] 338,1000,2087.29,2000.00,1.45,0.00,2125.04,2000.00,0.91,0.00
00:08:11.953 [TUNER] 339,1000,2078.73,2000.00,1.49,0.00,2148.44,2000.00,0.45,0.00
00:08:11.987 [TUNER] 340,1000,2078.73,2000.00,1.49,0.00,2148.44,2000.00,0.45,0.00
00:08:12.024 [TUNER] 341,1000,2078.75,2000.00,1.42,0.00,2129.37,2000.00,0.58,0.00
00:08:12.024 [TUNER] 342,1000,2078.75,2000.00,1.42,0.00,2129.37,2000.00,0.58,0.00
00:08:12.060 [TUNER] 343,1000,2034.10,2000.00,1.94,0.00,2047.11,2000.00,1.64,0.00
00:08:12.062 [TUNER] 344,1000,2034.10,2000.00,1.94,0.00,2047.11,2000.00,1.64,0.00
00:08:12.093 [TUNER] 345,1000,2019.00,2000.00,2.11,0.00,1991.61,2000.00,2.39,0.00
00:08:12.128 [TUNER] 346,1000,2019.00,2000.00,2.11,0.00,1991.61,2000.00,2.39,0.00
00:08:12.130 [TUNER] 347,1000,1988.02,2000.00,2.51,0.00,1935.18,2000.00,3.21,0.00
00:08:12.163 [TUNER] 348,1000,1988.02,2000.00,2.51,0.00,1935.18,2000.00,3.21,0.00
00:08:12.164 [TUNER] 349,1000,1944.34,2000.00,3.10,0.00,1953.60,2000.00,3.01,0.00
00:08:12.199 [TUNER] 350,1000,1944.34,2000.00,3.10,0.00,1953.60,2000.00,3.01,0.00
00:08:12.234 [TUNER] 351,1000,1969.52,2000.00,2.81,0.00,1951.16,2000.00,3.09,0.00
00:08:12.234 [TUNER] 352,1000,1969.52,2000.00,2.81,0.00,1951.16,2000.00,3.09,0.00
00:08:12.268 [TUNER] 353,1000,1991.39,2000.00,2.55,0.00,1959.52,2000.00,3.02,0.00
00:08:12.268 [TUNER] 354,1000,1991.39,2000.00,2.55,0.00,1959.52,2000.00,3.02,0.00
00:08:12.302 [TUNER] 355,1000,2015.75,2000.00,2.23,0.00,1971.36,2000.00,2.89,0.00
00:08:12.339 [TUNER] 356,1000,2015.75,2000.00,2.23,0.00,1971.36,2000.00,2.89,0.00
00:08:12.373 [TUNER] 357,1000,1983.70,2000.00,2.65,0.00,1967.09,2000.00,2.97,0.00
00:08:12.374 [TUNER] 358,1000,1983.70,2000.00,2.65,0.00,1967.09,2000.00,2.97,0.00
00:08:12.375 [TUNER] 359,1000,1988.99,2000.00,2.59,0.00,1996.31,2000.00,2.59,0.00
00:08:12.409 [TUNER] 360,1000,1988.99,2000.00,2.59,0.00,1996.31,2000.00,2.59,0.00
00:08:12.445 [TUNER] 361,1000,1986.34,2000.00,2.63,0.00,1995.64,2000.00,2.60,0.00
00:08:12.447 [TUNER] 362,1000,1986.34,2000.00,2.63,0.00,1995.64,2000.00,2.60,0.00
00:08:12.482 [TUNER] 363,1000,2020.31,2000.00,2.20,0.00,2032.90,2000.00,2.07,0.00
00:08:12.482 [TUNER] 364,1000,2020.31,2000.00,2.20,0.00,2032.90,2000.00,2.07,0.00
00:08:12.515 [TUNER] 365,1000,2054.35,2000.00,1.73,0.00,2012.88,2000.00,2.32,0.00
00:08:12.549 [TUNER] 366,1000,2054.35,2000.00,1.73,0.00,2012.88,2000.00,2.32,0.00
00:08:12.550 [TUNER] 367,1000,2066.12,2000.00,1.52,0.00,2014.05,2000.00,2.30,0.00
00:08:12.583 [TUNER] 368,1000,2066.12,2000.00,1.52,0.00,2014.05,2000.00,2.30,0.00
00:08:12.584 [TUNER] 369,1000,2020.56,2000.00,2.07,0.00,1980.62,2000.00,2.76,0.00
00:08:12.617 [TUNER] 370,1000,2020.56,2000.00,2.07,0.00,1980.62,2000.00,2.76,0.00
00:08:12.653 [TUNER] 371,1000,1984.11,2000.00,2.53,0.00,1984.81,2000.00,2.72,0.00
00:08:12.653 [TUNER] 372,1000,1984.11,2000.00,2.53,0.00,1984.81,2000.00,2.72,0.00
00:08:12.689 [TUNER] 373,1000,1973.86,2000.00,2.68,0.00,1976.13,2000.00,2.86,0.00
00:08:12.689 [TUNER] 374,1000,1973.86,2000.00,2.68,0.00,1976.13,2000.00,2.86,0.00
00:08:12.723 [TUNER] 375,1000,1955.34,2000.00,2.95,0.00,1996.67,2000.00,2.59,0.00
00:08:12.760 [TUNER] 376,1000,1955.34,2000.00,2.95,0.00,1996.67,2000.00,2.59,0.00
00:08:12.760 [TUNER] 377,1000,1974.89,2000.00,2.73,0.00,1995.93,2000.00,2.60,0.00
00:08:12.795 [TUNER] 378,1000,1974.89,2000.00,2.73,0.00,1995.93,2000.00,2.60,0.00
00:08:12.796 [TUNER] 379,1000,1973.35,2000.00,2.77,0.00,2024.54,2000.00,2.19,0.00
00:08:12.830 [TUNER] 380,1000,1973.35,2000.00,2.77,0.00,2024.54,2000.00,2.19,0.00
00:08:12.831 [TUNER] 381,1000,2035.68,2000.00,1.97,0.00,2083.51,2000.00,1.32,0.00
00:08:12.865 [TUNER] 382,1000,2035.68,2000.00,1.97,0.00,2083.51,2000.00,1.32,0.00
00:08:12.898 [TUNER] 383,1000,2042.60,2000.00,1.85,0.00,2068.83,2000.00,1.45,0.00
00:08:12.898 [TUNER] 384,1000,2042.60,2000.00,1.85,0.00,2068.83,2000.00,1.45,0.00
00:08:12.933 [TUNER] 385,1000,2063.59,2000.00,1.53,0.00,2060.53,2000.00,1.51,0.00
00:08:12.933 [TUNER] 386,1000,2063.59,2000.00,1.53,0.00,2060.53,2000.00,1.51,0.00
00:08:12.969 [TUNER] 387,1000,2032.28,2000.00,1.89,0.00,2033.27,2000.00,1.84,0.00
00:08:13.002 [TUNER] 388,1000,2032.28,2000.00,1.89,0.00,2033.27,2000.00,1.84,0.00
00:08:13.003 [TUNER] 389,1000,2024.42,2000.00,1.97,0.00,2023.48,2000.00,1.95,0.00
00:08:13.039 [TUNER] 390,1000,2024.42,2000.00,1.97,0.00,2023.48,2000.00,1.95,0.00
00:08:13.039 [TUNER] 391,1000,1975.17,2000.00,2.60,0.00,1967.55,2000.00,2.73,0.00
00:08:13.073 [TUNER] 392,1000,1975.17,2000.00,2.60,0.00,1967.55,2000.00,2.73,0.00
00:08:13.108 [TUNER] 393,1000,1916.88,2000.00,3.39,0.00,1982.94,2000.00,2.54,0.00
00:08:13.108 [TUNER] 394,1000,1916.88,2000.00,3.39,0.00,1982.94,2000.00,2.54,0.00
00:08:13.144 [TUNER] 395,1000,1968.17,2000.00,2.79,0.00,1986.66,2000.00,2.50,0.00
00:08:13.145 [TUNER] 396,1000,1968.17,2000.00,2.79,0.00,1986.66,2000.00,2.50,0.00
00:08:13.179 [TUNER] 397,1000,2033.26,2000.00,1.95,0.00,2011.97,2000.00,2.15,0.00
00:08:13.215 [TUNER] 398,1000,2033.26,2000.00,1.95,0.00,2011.97,2000.00,2.15,0.00
00:08:13.217 [TUNER] 399,1000,2112.82,2000.00,0.86,0.00,2001.29,2000.00,2.29,0.00
00:08:13.249 [TUNER] 400,1000,2112.82,2000.00,0.86,0.00,2001.29,2000.00,2.29,0.00
00:08:13.252 [TUNER] 401,1000,2095.71,2000.00,0.99,0.00,1999.62,2000.00,2.32,0.00
00:08:13.284 [TUNER] 402,1000,2095.71,2000.00,0.99,0.00,1999.62,2000.00,2.32,0.00
00:08:13.318 [TUNER] 403,1000,2071.53,2000.00,1.23,0.00,2015.26,2000.00,2.09,0.00
00:08:13.319 [TUNER] 404,1000,2071.53,2000.00,1.23,0.00,2015.26,2000.00,2.09,0.00
00:08:13.352 [TUNER] 405,1000,2006.16,2000.00,2.03,0.00,1997.25,2000.00,2.34,0.00
00:08:13.353 [TUNER] 406,1000,2006.16,2000.00,2.03,0.00,1997.25,2000.00,2.34,0.00
00:08:13.387 [TUNER] 407,1000,1986.34,2000.00,2.29,0.00,2011.85,2000.00,2.13,0.00
00:08:13.424 [TUNER] 408,1000,1986.34,2000.00,2.29,0.00,2011.85,2000.00,2.13,0.00
00:08:13.425 [TUNER] 409,1000,1980.79,2000.00,2.37,0.00,1980.58,2000.00,2.57,0.00
00:08:13.458 [TUNER] 410,1000,1980.79,2000.00,2.37,0.00,1980.58,2000.00,2.57,0.00
00:08:13.460 [TUNER] 411,1000,1984.94,2000.00,2.33,0.00,2001.95,2000.00,2.28,0.00
00:08:13.493 [TUNER] 412,1000,1984.94,2000.00,2.33,0.00,2001.95,2000.00,2.28,0.00
00:08:13.528 [TUNER] 413,1000,2007.16,2000.00,2.05,0.00,1970.94,2000.00,2.72,0.00
00:08:13.529 [TUNER] 414,1000,2007.16,2000.00,2.05,0.00,1970.94,2000.00,2.72,0.00
00:08:13.565 [TUNER] 415,1000,2024.93,2000.00,1.81,0.00,1983.94,2000.00,2.56,0.00
00:08:13.566 [TUNER] 416,1000,2024.93,2000.00,1.81,0.00,1983.94,2000.00,2.56,0.00
00:08:13.598 [TUNER] 417,1000,2025.41,2000.00,1.78,0.00,1982.30,2000.00,2.60,0.00
00:08:13.633 [TUNER] 418,1000,2025.41,2000.00,1.78,0.00,1982.30,2000.00,2.60,0.00
00:08:13.633 [TUNER] 419,1000,1981.12,2000.00,2.35,0.00,2001.61,2000.00,2.34,0.00
00:08:13.668 [TUNER] 420,1000,1981.12,2000.00,2.35,0.00,2001.61,2000.00,2.34,0.00
00:08:13.669 [TUNER] 421,1000,1980.05,2000.00,2.38,0.00,2017.06,2000.00,2.12,0.00
00:08:13.704 [TUNER] 422,1000,1980.05,2000.00,2.38,0.00,2017.06,2000.00,2.12,0.00
00:08:13.739 [TUNER] 423,1000,1975.76,2000.00,2.45,0.00,2036.29,2000.00,1.83,0.00
00:08:13.739 [TUNER] 424,1000,1975.76,2000.00,2.45,0.00,2036.29,2000.00,1.83,0.00
00:08:13.772 [TUNER] 425,1000,2008.40,2000.00,2.04,0.00,2072.29,2000.00,1.27,0.00
00:08:13.772 [TUNER] 426,1000,2008.40,2000.00,2.04,0.00,2072.29,2000.00,1.27,0.00
00:08:13.807 [TUNER] 427,1000,2027.65,2000.00,1.78,0.00,2068.45,2000.00,1.26,-0.00
00:08:13.845 [TUNER] 428,1000,2027.65,2000.00,1.78,0.00,2068.45,2000.00,1.26,-0.00
00:08:13.846 [TUNER] 429,1000,2067.09,2000.00,1.23,-0.00,2056.78,2000.00,1.36,-0.00
00:08:13.880 [TUNER] 430,1000,2067.09,2000.00,1.23,-0.00,2056.78,2000.00,1.36,-0.00
00:08:13.880 [TUNER] 431,1000,2048.83,2000.00,1.41,-0.00,2013.09,2000.00,1.94,-0.00
00:08:13.913 [TUNER] 432,1000,2048.83,2000.00,1.41,-0.00,2013.09,2000.00,1.94,-0.00
00:08:13.948 [TUNER] 433,1000,2008.44,2000.00,1.91,-0.00,2003.91,2000.00,2.05,-0.00
00:08:13.949 [TUNER] 434,1000,2008.44,2000.00,1.91,-0.00,2003.91,2000.00,2.05,-0.00
00:08:13.982 [TUNER] 435,1000,1936.62,2000.00,2.85,-0.00,1958.77,2000.00,2.70,-0.00
00:08:13.982 [TUNER] 436,1000,1936.62,2000.00,2.85,-0.00,1958.77,2000.00,2.70,-0.00
00:08:14.017 [TUNER] 437,1000,1904.94,2000.00,3.33,0.00,1986.22,2000.00,2.34,-0.00
00:08:14.053 [TUNER] 438,1000,1904.94,2000.00,3.33,0.00,1986.22,2000.00,2.34,-0.00
00:08:14.054 [TUNER] 439,1000,1984.39,2000.00,2.36,0.00,1982.41,2000.00,2.41,-0.00
00:08:14.087 [TUNER] 440,1000,1984.39,2000.00,2.36,0.00,1982.41,2000.00,2.41,-0.00
00:08:14.088 [TUNER] 441,1000,2032.49,2000.00,1.73,0.00,2010.29,2000.00,2.03,-0.00
00:08:14.124 [TUNER] 442,1000,2032.49,2000.00,1.73,0.00,2010.29,2000.00,2.03,-0.00
00:08:14.160 [TUNER] 443,1000,2098.46,2000.00,0.83,-0.00,2005.10,2000.00,2.09,-0.00
00:08:14.161 [TUNER] 444,1000,2098.46,2000.00,0.83,-0.00,2005.10,2000.00,2.09,-0.00
00:08:14.194 [TUNER] 445,1000,2073.92,2000.00,1.07,-0.00,2014.70,2000.00,1.95,-0.00
00:08:14.196 [TUNER] 446,1000,2073.92,2000.00,1.07,-0.00,2014.70,2000.00,1.95,-0.00
00:08:14.234 [TUNER] 447,1000,2025.08,2000.00,1.65,-0.00,2025.81,2000.00,1.78,-0.00
00:08:14.263 [TUNER] 448,1000,2025.08,2000.00,1.65,-0.00,2025.81,2000.00,1.78,-0.00
00:08:14.264 [TUNER] 449,1000,1943.06,2000.00,2.72,-0.00,2005.49,2000.00,2.04,-0.00
00:08:14.299 [TUNER] 450,1000,1943.06,2000.00,2.72,-0.00,2005.49,2000.00,2.04,-0.00
00:08:14.300 [TUNER] 451,1000,1894.62,2000.00,3.41,0.00,2008.14,2000.00,2.00,-0.00
00:08:14.333 [TUNER] 452,1000,1894.62,2000.00,3.41,0.00,2008.14,2000.00,2.00,-0.00
00:08:14.368 [TUNER] 453,1000,1946.93,2000.00,2.81,0.00,1974.18,2000.00,2.48,-0.00
00:08:14.368 [TUNER] 454,1000,1946.93,2000.00,2.81,0.00,1974.18,2000.00,2.48,-0.00
00:08:14.401 [TUNER] 455,1000,1980.19,2000.00,2.42,0.00,2003.70,2000.00,2.08,-0.00
00:08:14.402 [TUNER] 456,1000,1980.19,2000.00,2.42,0.00,2003.70,2000.00,2.08,-0.00
00:08:14.439 [TUNER] 457,1000,2022.25,2000.00,1.88,0.00,1965.47,2000.00,2.63,-0.00
00:08:14.474 [TUNER] 458,1000,2022.25,2000.00,1.88,0.00,1965.47,2000.00,2.63,-0.00
00:08:14.475 [TUNER] 459,1000,2049.04,2000.00,1.50,0.00,1967.53,2000.00,2.63,0.00
00:08:14.508 [TUNER] 460,1000,2049.04,2000.00,1.50,0.00,1967.53,2000.00,2.63,0.00
00:08:14.509 [TUNER] 461,1000,2010.33,2000.00,1.97,0.00,1953.72,2000.00,2.86,0.00
00:08:14.543 [TUNER] 462,1000,2010.33,2000.00,1.97,0.00,1953.72,2000.00,2.86,0.00
00:08:14.581 [TUNER] 463,1000,1948.44,2000.00,2.78,0.00,1982.18,2000.00,2.50,0.00
00:08:14.582 [TUNER] 464,1000,1948.44,2000.00,2.78,0.00,1982.18,2000.00,2.50,0.00
00:08:14.616 [TUNER] 465,1000,1940.16,2000.00,2.94,0.00,1998.08,2000.00,2.28,0.00
00:08:14.617 [TUNER] 466,1000,1940.16,2000.00,2.94,0.00,1998.08,2000.00,2.28,0.00
00:08:14.648 [TUNER] 467,1000,1931.82,2000.00,3.10,0.00,2034.85,2000.00,1.76,0.00
00:08:14.683 [TUNER] 468,1000,1931.82,2000.00,3.10,0.00,2034.85,2000.00,1.76,0.00
00:08:14.684 [TUNER] 469,1000,2033.38,2000.00,1.81,0.00,2072.86,2000.00,1.18,-0.00
00:08:14.717 [TUNER] 470,1000,2033.38,2000.00,1.81,0.00,2072.86,2000.00,1.18,-0.00
00:08:14.717 [TUNER] 471,1000,2075.12,2000.00,1.23,0.00,2074.05,2000.00,1.09,-0.00
00:08:14.751 [TUNER] 472,1000,2075.12,2000.00,1.23,0.00,2074.05,2000.00,1.09,-0.00
00:08:14.787 [TUNER] 473,1000,2130.61,2000.00,0.42,-0.00,2059.35,2000.00,1.23,-0.00
00:08:14.788 [TUNER] 474,1000,2130.61,2000.00,0.42,-0.00,2059.35,2000.00,1.23,-0.00
00:08:14.823 [TUNER] 475,1000,2051.71,2000.00,1.36,-0.00,2017.05,2000.00,1.78,-0.00
00:08:14.823 [TUNER] 476,1000,2051.71,2000.00,1.36,-0.00,2017.05,2000.00,1.78,-0.00
00:08:14.858 [TUNER] 477,1000,1991.85,2000.00,2.10,-0.00,2012.23,2000.00,1.83,-0.00
00:08:14.893 [TUNER] 478,1000,1991.85,2000.00,2.10,-0.00,2012.23,2000.00,1.83,-0.00
00:08:14.896 [TUNER] 479,1000,1901.01,2000.00,3.32,-0.00,1958.55,2000.00,2.59,-0.00
00:08:14.931 [TUNER] 480,1000,1901.01,2000.00,3.32,-0.00,1958.55,2000.00,2.59,-0.00
00:08:14.932 [TUNER] 481,1000,1902.22,2000.00,3.39,0.00,1975.74,2000.00,2.39,-0.00
00:08:14.963 [TUNER] 482,1000,1902.22,2000.00,3.39,0.00,1975.74,2000.00,2.39,-0.00
00:08:14.997 [TUNER] 483,1000,1951.29,2000.00,2.83,0.00,1956.84,2000.00,2.68,-0.00
00:08:14.997 [TUNER] 484,1000,1951.29,2000.00,2.83,0.00,1956.84,2000.00,2.68,-0.00
00:08:15.032 [TUNER] 485,1000,2054.11,2000.00,1.50,0.00,1979.53,2000.00,2.40,-0.00
00:08:15.033 [TUNER] 486,1000,2054.11,2000.00,1.50,0.00,1979.53,2000.00,2.40,-0.00
00:08:15.067 [TUNER] 487,1000,2122.63,2000.00,0.55,-0.00,1987.37,2000.00,2.30,-0.00
00:08:15.102 [TUNER] 488,1000,2122.63,2000.00,0.55,-0.00,1987.37,2000.00,2.30,-0.00
00:08:15.103 [TUNER] 489,1000,2074.36,2000.00,1.08,-0.00,2005.66,2000.00,2.05,-0.00
00:08:15.138 [TUNER] 490,1000,2074.36,2000.00,1.08,-0.00,2005.66,2000.00,2.05,-0.00
00:08:15.139 [TUNER] 491,1000,2018.56,2000.00,1.75,-0.00,2011.71,2000.00,1.96,-0.00
00:08:15.173 [TUNER] 492,1000,2018.56,2000.00,1.75,-0.00,2011.71,2000.00,1.96,-0.00
00:08:15.208 [TUNER] 493,1000,1961.90,2000.00,2.49,-0.00,2007.96,2000.00,2.00,-0.00
00:08:15.246 [TUNER] 494,1000,1961.90,2000.00,2.49,-0.00,2007.96,2000.00,2.00,-0.00
00:08:15.246 [TUNER] 495,1000,1980.13,2000.00,2.28,-0.00,2008.39,2000.00,1.99,-0.00
00:08:15.247 [TUNER] 496,1000,1980.13,2000.00,2.28,-0.00,2008.39,2000.00,1.99,-0.00
00:08:15.279 [TUNER] 497,1000,1968.95,2000.00,2.45,-0.00,1972.66,2000.00,2.50,-0.00
00:08:15.313 [TUNER] 498,1000,1968.95,2000.00,2.45,-0.00,1972.66,2000.00,2.50,-0.00
00:08:15.314 [TUNER] 499,1000,1975.47,2000.00,2.39,-0.00,1995.62,2000.00,2.19,-0.00
00:08:15.349 [TUNER] 500,1000,1975.47,2000.00,2.39,-0.00,1995.62,2000.00,2.19,-0.00
00:08:15.349 [TUNER] 501,1000,1990.99,2000.00,2.20,-0.00,1952.13,2000.00,2.82,-0.00
00:08:15.383 [TUNER] 502,1000,1990.99,2000.00,2.20,-0.00,1952.13,2000.00,2.82,-0.00
00:08:15.417 [TUNER] 503,1000,2034.33,2000.00,1.64,-0.00,1958.58,2000.00,2.77,0.00
00:08:15.418 [TUNER] 504,1000,2034.33,2000.00,1.64,-0.00,1958.58,2000.00,2.77,0.00
00:08:15.452 [TUNER] 505,1000,2056.98,2000.00,1.30,-0.00,1951.71,2000.00,2.91,0.00
00:08:15.452 [TUNER] 506,1000,2056.98,2000.00,1.30,-0.00,1951.71,2000.00,2.91,0.00
00:08:15.487 [TUNER] 507,1000,1987.48,2000.00,2.18,-0.00,1985.73,2000.00,2.47,0.00
00:08:15.524 [TUNER] 508,1000,1987.48,2000.00,2.18,-0.00,1985.73,2000.00,2.47,0.00
00:08:15.524 [TUNER] 509,1000,1964.52,2000.00,2.49,-0.00,2012.94,2000.00,2.09,0.00
00:08:15.560 [TUNER] 510,1000,1964.52,2000.00,2.49,-0.00,2012.94,2000.00,2.09,0.00
00:08:15.561 [TUNER] 511,1000,1946.15,2000.00,2.77,0.00,2062.20,2000.00,1.37,0.00
00:08:15.594 [TUNER] 512,1000,1946.15,2000.00,2.77,0.00,2062.20,2000.00,1.37,0.00
00:08:15.627 [TUNER] 513,1000,1979.56,2000.00,2.37,0.00,2084.43,2000.00,0.99,-0.00
00:08:15.628 [TUNER] 514,1000,1979.56,2000.00,2.37,0.00,2084.43,2000.00,0.99,-0.00
00:08:15.663 [TUNER] 515,1000,2006.29,2000.00,2.04,0.00,2078.16,2000.00,1.00,-0.00
00:08:15.664 [TUNER] 516,1000,2006.29,2000.00,2.04,0.00,2078.16,2000.00,1.00,-0.00
00:08:15.697 [TUNER] 517,1000,2062.04,2000.00,1.29,-0.00,2023.32,2000.00,1.72,-0.00
00:08:15.733 [TUNER] 518,1000,2062.04,2000.00,1.29,-0.00,2023.32,2000.00,1.72,-0.00
00:08:15.734 [TUNER] 519,1000,2068.84,2000.00,1.14,-0.00,1974.29,2000.00,2.40,-0.00
00:08:15.770 [TUNER] 520,1000,2068.84,2000.00,1.14,-0.00,1974.29,2000.00,2.40,-0.00
00:08:15.772 [TUNER] 521,1000,2077.71,2000.00,0.96,-0.00,1969.43,2000.00,2.49,-0.00
00:08:15.804 [TUNER] 522,1000,2077.71,2000.00,0.96,-0.00,1969.43,2000.00,2.49,-0.00
00:08:15.840 [TUNER] 523,1000,1990.32,2000.00,2.06,-0.00,1941.49,2000.00,2.92,-0.00
00:08:15.840 [TUNER] 524,1000,1990.32,2000.00,2.06,-0.00,1941.49,2000.00,2.92,-0.00
00:08:15.874 [TUNER] 525,1000,1911.81,2000.00,3.11,-0.00,1977.56,2000.00,2.46,-0.00
00:08:15.874 [TUNER] 526,1000,1911.81,2000.00,3.11,-0.00,1977.56,2000.00,2.46,-0.00
00:08:15.908 [TUNER] 527,1000,1912.58,2000.00,3.18,-0.00,1965.17,2000.00,2.66,0.00
00:08:15.944 [TUNER] 528,1000,1912.58,2000.00,3.18,-0.00,1965.17,2000.00,2.66,0.00
00:08:15.947 [TUNER] 529,1000,2002.53,2000.00,2.06,-0.00,1987.91,2000.00,2.37,0.00
00:08:15.977 [TUNER] 530,1000,2002.53,2000.00,2.06,-0.00,1987.91,2000.00,2.37,0.00
00:08:15.979 [TUNER] 531,1000,2081.36,2000.00,1.01,-0.00,1992.35,2000.00,2.32,0.00
00:08:16.013 [TUNER] 532,1000,2081.36,2000.00,1.01,-0.00,1992.35,2000.00,2.32,0.00
00:08:16.048 [TUNER] 533,1000,2072.27,2000.00,1.06,-0.00,2019.96,2000.00,1.93,0.00
00:08:16.048 [TUNER] 534,1000,2072.27,2000.00,1.06,-0.00,2019.96,2000.00,1.93,0.00
00:08:16.083 [TUNER] 535,1000,2044.38,2000.00,1.36,-0.00,2035.17,2000.00,1.69,-0.00
00:08:16.084 [TUNER] 536,1000,2044.38,2000.00,1.36,-0.00,2035.17,2000.00,1.69,-0.00
00:08:16.118 [TUNER] 537,1000,1985.99,2000.00,2.10,-0.00,2014.70,2000.00,1.95,-0.00
00:08:16.154 [TUNER] 538,1000,1985.99,2000.00,2.10,-0.00,2014.70,2000.00,1.95,-0.00
00:08:16.155 [TUNER] 539,1000,1980.51,2000.00,2.18,-0.00,2017.22,2000.00,1.90,-0.00
00:08:16.189 [TUNER] 540,1000,1980.51,2000.00,2.18,-0.00,2017.22,2000.00,1.90,-0.00
00:08:16.190 [TUNER] 541,1000,1953.79,2000.00,2.56,-0.00,1979.73,2000.00,2.42,-0.00
00:08:16.223 [TUNER] 542,1000,1953.79,2000.00,2.56,-0.00,1979.73,2000.00,2.42,-0.00
00:08:16.259 [TUNER] 543,1000,1973.44,2000.00,2.34,-0.00,1997.63,2000.00,2.18,-0.00
00:08:16.259 [TUNER] 544,1000,1973.44,2000.00,2.34,-0.00,1997.63,2000.00,2.18,-0.00
00:08:16.329 [TUNER] 545,1000,2013.64,2000.00,1.83,-0.00,1962.51,2000.00,2.69,0.00
00:08:16.329 [TUNER] 546,1000,2013.64,2000.00,1.83,-0.00,1962.51,2000.00,2.69,0.00
00:08:16.329 [TUNER] 547,1000,2031.84,2000.00,1.57,-0.00,1977.19,2000.00,2.51,0.00
00:08:16.364 [TUNER] 548,1000,2031.84,2000.00,1.57,-0.00,1977.19,2000.00,2.51,0.00
00:08:16.365 [TUNER] 549,1000,2000.01,2000.00,1.97,-0.00,1951.13,2000.00,2.91,0.00
00:08:16.399 [TUNER] 550,1000,2000.01,2000.00,1.97,-0.00,1951.13,2000.00,2.91,0.00
00:08:16.399 [TUNER] 551,1000,1935.03,2000.00,2.83,-0.00,1986.99,2000.00,2.44,0.00
00:08:16.432 [TUNER] 552,1000,1935.03,2000.00,2.83,-0.00,1986.99,2000.00,2.44,0.00
00:08:16.468 [TUNER] 553,1000,1934.58,2000.00,2.90,-0.00,2000.20,2000.00,2.26,0.00
00:08:16.468 [TUNER] 554,1000,1934.58,2000.00,2.90,-0.00,2000.20,2000.00,2.26,0.00
00:08:16.503 [TUNER] 555,1000,1941.10,2000.00,2.87,0.00,2039.99,2000.00,1.69,0.00
00:08:16.503 [TUNER] 556,1000,1941.10,2000.00,2.87,0.00,2039.99,2000.00,1.69,0.00
00:08:16.540 [TUNER] 557,1000,2009.89,2000.00,2.01,0.00,2068.38,2000.00,1.25,-0.00
00:08:16.574 [TUNER] 558,1000,2009.89,2000.00,2.01,0.00,2068.38,2000.00,1.25,-0.00
00:08:16.575 [TUNER] 559,1000,2061.48,2000.00,1.31,-0.00,2070.47,2000.00,1.15,-0.00
00:08:16.608 [TUNER] 560,1000,2061.48,2000.00,1.31,-0.00,2070.47,2000.00,1.15,-0.00
00:08:16.610 [TUNER] 561,1000,2114.77,2000.00,0.55,-0.00,2037.79,2000.00,1.55,-0.00
00:08:16.643 [TUNER] 562,1000,2114.77,2000.00,0.55,-0.00,2037.79,2000.00,1.55,-0.00
00:08:16.679 [TUNER] 563,1000,2014.81,2000.00,1.77,-0.00,2003.05,2000.00,2.02,-0.00
00:08:16.680 [TUNER] 564,1000,2014.81,2000.00,1.77,-0.00,2003.05,2000.00,2.02,-0.00
00:08:16.714 [TUNER] 565,1000,1964.05,2000.00,2.44,-0.00,2011.34,2000.00,1.89,-0.00
00:08:16.714 [TUNER] 566,1000,1964.05,2000.00,2.44,-0.00,2011.34,2000.00,1.89,-0.00
00:08:16.747 [TUNER] 567,1000,1890.80,2000.00,3.44,-0.00,1971.58,2000.00,2.45,-0.00
00:08:16.784 [TUNER] 568,1000,1890.80,2000.00,3.44,-0.00,1971.58,2000.00,2.45,-0.00
00:08:16.784 [TUNER] 569,1000,1890.61,2000.00,3.54,0.00,1991.32,2000.00,2.20,-0.00
00:08:16.818 [TUNER] 570,1000,1890.61,2000.00,3.54,0.00,1991.32,2000.00,2.20,-0.00
00:08:16.819 [TUNER] 571,1000,1955.75,2000.00,2.77,0.00,1967.59,2000.00,2.55,-0.00
00:08:16.853 [TUNER] 572,1000,1955.75,2000.00,2.77,0.00,1967.59,2000.00,2.55,-0.00
00:08:16.891 [TUNER] 573,1000,2043.94,2000.00,1.64,0.00,2005.30,2000.00,2.04,-0.00
00:08:16.892 [TUNER] 574,1000,2043.94,2000.00,1.64,0.00,2005.30,2000.00,2.04,-0.00
00:08:16.924 [TUNER] 575,1000,2112.77,2000.00,0.69,-0.00,1994.24,2000.00,2.19,-0.00
00:08:16.924 [TUNER] 576,1000,2112.77,2000.00,0.69,-0.00,1994.24,2000.00,2.19,-0.00
00:08:16.958 [TUNER] 577,1000,2080.22,2000.00,1.02,-0.00,2019.75,2000.00,1.83,-0.00
00:08:16.995 [TUNER] 578,1000,2080.22,2000.00,1.02,-0.00,2019.75,2000.00,1.83,-0.00
00:08:16.996 [TUNER] 579,1000,2004.35,2000.00,1.96,-0.00,2007.52,2000.00,1.99,-0.00
00:08:17.028 [TUNER] 580,1000,2004.35,2000.00,1.96,-0.00,2007.52,2000.00,1.99,-0.00
00:08:17.031 [TUNER] 581,1000,1911.01,2000.00,3.19,-0.00,1987.43,2000.00,2.27,-0.00
00:08:17.064 [TUNER] 582,1000,1911.01,2000.00,3.19,-0.00,1987.43,2000.00,2.27,-0.00
00:08:17.099 [TUNER] 583,1000,1934.27,2000.00,2.96,0.00,1991.97,2000.00,2.21,-0.00
00:08:17.099 [TUNER] 584,1000,1934.27,2000.00,2.96,0.00,1991.97,2000.00,2.21,-0.00
00:08:17.133 [TUNER] 585,1000,1988.96,2000.00,2.29,0.00,1966.39,2000.00,2.59,-0.00
00:08:17.134 [TUNER] 586,1000,1988.96,2000.00,2.29,0.00,1966.39,2000.00,2.59,-0.00
00:08:17.168 [TUNER] 587,1000,2020.68,2000.00,1.88,0.00,1995.76,2000.00,2.20,-0.00
00:08:17.203 [TUNER] 588,1000,2020.68,2000.00,1.88,0.00,1995.76,2000.00,2.20,-0.00
00:08:17.205 [TUNER] 589,1000,2011.70,2000.00,1.98,0.00,1952.24,2000.00,2.83,0.00
00:08:17.238 [TUNER] 590,1000,2011.70,2000.00,1.98,0.00,1952.24,2000.00,2.83,0.00
00:08:17.239 [TUNER] 591,1000,2026.85,2000.00,1.77,0.00,1951.79,2000.00,2.88,0.00
00:08:17.275 [TUNER] 592,1000,2026.85,2000.00,1.77,0.00,1951.79,2000.00,2.88,0.00
00:08:17.310 [TUNER] 593,1000,1985.71,2000.00,2.29,0.00,1939.41,2000.00,3.11,0.00
00:08:17.310 [TUNER] 594,1000,1985.71,2000.00,2.29,0.00,1939.41,2000.00,3.11,0.00
00:08:17.345 [TUNER] 595,1000,1945.92,2000.00,2.84,0.00,1972.45,2000.00,2.69,0.00
00:08:17.345 [TUNER] 596,1000,1945.92,2000.00,2.84,0.00,1972.45,2000.00,2.69,0.00
00:08:17.379 [TUNER] 597,1000,1972.51,2000.00,2.53,0.00,2002.32,2000.00,2.29,0.00
00:08:17.414 [TUNER] 598,1000,1972.51,2000.00,2.53,0.00,2002.32,2000.00,2.29,0.00
00:08:17.415 [TUNER] 599,1000,1983.47,2000.00,2.41,0.00,2065.73,2000.00,1.37,0.00
00:08:17.452 [TUNER] 600,1000,1983.47,2000.00,2.41,0.00,2065.73,2000.00,1.37,0.00
00:08:17.453 [TUNER] 601,1000,2042.06,2000.00,1.65,0.00,2090.69,2000.00,0.95,-0.00
00:08:17.483 [TUNER] 602,1000,2042.06,2000.00,1.65,0.00,2090.69,2000.00,0.95,-0.00
00:08:17.518 [TUNER] 603,1000,2047.70,2000.00,1.53,0.00,2102.07,2000.00,0.70,-0.00
00:08:17.519 [TUNER] 604,1000,2047.70,2000.00,1.53,0.00,2102.07,2000.00,0.70,-0.00
00:08:17.555 [TUNER] 605,1000,2083.14,2000.00,1.02,-0.00,2090.55,2000.00,0.77,-0.00
00:08:17.555 [TUNER] 606,1000,2083.14,2000.00,1.02,-0.00,2090.55,2000.00,0.77,-0.00
00:08:17.588 [TUNER] 607,1000,2061.66,2000.00,1.23,-0.00,2004.03,2000.00,1.92,-0.00
00:08:17.625 [TUNER] 608,1000,2061.66,2000.00,1.23,-0.00,2004.03,2000.00,1.92,-0.00
00:08:17.625 [TUNER] 609,1000,2068.54,2000.00,1.09,-0.00,1962.30,2000.00,2.52,-0.00
00:08:17.660 [TUNER] 610,1000,2068.54,2000.00,1.09,-0.00,1962.30,2000.00,2.52,-0.00
00:08:17.660 [TUNER] 611,1000,1967.52,2000.00,2.37,-0.00,1913.45,2000.00,3.26,-0.00
00:08:17.693 [TUNER] 612,1000,1967.52,2000.00,2.37,-0.00,1913.45,2000.00,3.26,-0.00
00:08:17.729 [TUNER] 613,1000,1905.43,2000.00,3.22,-0.00,1949.76,2000.00,2.82,-0.00
00:08:17.731 [TUNER] 614,1000,1905.43,2000.00,3.22,-0.00,1949.76,2000.00,2.82,-0.00
00:08:17.765 [TUNER] 615,1000,1948.92,2000.00,2.73,0.00,1941.40,2000.00,2.99,0.00
00:08:17.768 [TUNER] 616,1000,1948.92,2000.00,2.73,0.00,1941.40,2000.00,2.99,0.00
00:08:17.799 [TUNER] 617,1000,2014.42,2000.00,1.90,-0.00,1962.02,2000.00,2.75,0.00
00:08:17.833 [TUNER] 618,1000,2014.42,2000.00,1.90,-0.00,1962.02,2000.00,2.75,0.00
00:08:17.871 [TUNER] 619,1000,2080.57,2000.00,1.01,-0.00,1976.80,2000.00,2.57,0.00
00:08:17.874 [TUNER] 620,1000,2080.57,2000.00,1.01,-0.00,1976.80,2000.00,2.57,0.00
00:08:17.875 [TUNER] 621,1000,2057.89,2000.00,1.24,-0.00,2014.39,2000.00,2.05,0.00
00:08:17.903 [TUNER] 622,1000,2057.89,2000.00,1.24,-0.00,2014.39,2000.00,2.05,0.00
00:08:17.938 [TUNER] 623,1000,2019.13,2000.00,1.70,-0.00,2041.03,2000.00,1.66,0.00
00:08:17.938 [TUNER] 624,1000,2019.13,2000.00,1.70,-0.00,2041.03,2000.00,1.66,0.00
00:08:17.974 [TUNER] 625,1000,1955.48,2000.00,2.53,-0.00,2065.77,2000.00,1.26,-0.00
00:08:17.975 [TUNER] 626,1000,1955.48,2000.00,2.53,-0.00,2065.77,2000.00,1.26,-0.00
00:08:18.008 [TUNER] 627,1000,1926.89,2000.00,2.95,-0.00,2035.74,2000.00,1.63,-0.00
00:08:18.044 [TUNER] 628,1000,1926.89,2000.00,2.95,-0.00,2035.74,2000.00,1.63,-0.00
00:08:18.044 [TUNER] 629,1000,1936.67,2000.00,2.89,0.00,1987.67,2000.00,2.29,-0.00
00:08:18.080 [TUNER] 630,1000,1936.67,2000.00,2.89,0.00,1987.67,2000.00,2.29,-0.00
00:08:18.082 [TUNER] 631,1000,1963.39,2000.00,2.59,0.00,1993.88,2000.00,2.21,-0.00
00:08:18.115 [TUNER] 632,1000,1963.39,2000.00,2.59,0.00,1993.88,2000.00,2.21,-0.00
00:08:18.149 [TUNER] 633,1000,2001.94,2000.00,2.11,0.00,1961.05,2000.00,2.69,-0.00
00:08:18.150 [TUNER] 634,1000,2001.94,2000.00,2.11,0.00,1961.05,2000.00,2.69,-0.00
00:08:18.182 [TUNER] 635,1000,2032.79,2000.00,1.70,0.00,1967.43,2000.00,2.63,0.00
00:08:18.183 [TUNER] 636,1000,2032.79,2000.00,1.70,0.00,1967.43,2000.00,2.63,0.00
00:08:18.218 [TUNER] 637,1000,1992.18,2000.00,2.21,0.00,1948.48,2000.00,2.94,0.00
00:08:18.255 [TUNER] 638,1000,1992.18,2000.00,2.21,0.00,1948.48,2000.00,2.94,0.00
00:08:18.255 [TUNER] 639,1000,1951.10,2000.00,2.76,0.00,1948.78,2000.00,2.98,0.00
00:08:18.289 [TUNER] 640,1000,1951.10,2000.00,2.76,0.00,1948.78,2000.00,2.98,0.00
00:08:18.289 [TUNER] 641,1000,1956.03,2000.00,2.74,0.00,1981.67,2000.00,2.56,0.00
00:08:18.323 [TUNER] 642,1000,1956.03,2000.00,2.74,0.00,1981.67,2000.00,2.56,0.00
00:08:18.360 [TUNER] 643,1000,1977.16,2000.00,2.50,0.00,2023.44,2000.00,1.98,0.00
00:08:18.394 [TUNER] 644,1000,1977.16,2000.00,2.50,0.00,2023.44,2000.00,1.98,0.00
00:08:18.396 [TUNER] 645,1000,2042.17,2000.00,1.65,0.00,2065.45,2000.00,1.35,0.00
00:08:18.397 [TUNER] 646,1000,2042.17,2000.00,1.65,0.00,2065.45,2000.00,1.35,0.00
00:08:18.428 [TUNER] 647,1000,2068.40,2000.00,1.27,0.00,2087.03,2000.00,0.98,-0.00
00:08:18.465 [TUNER] 648,1000,2068.40,2000.00,1.27,0.00,2087.03,2000.00,0.98,-0.00
00:08:18.466 [TUNER] 649,1000,2115.16,2000.00,0.59,-0.00,2083.67,2000.00,0.94,-0.00
00:08:18.500 [TUNER] 650,1000,2115.16,2000.00,0.59,-0.00,2083.67,2000.00,0.94,-0.00
00:08:18.501 [TUNER] 651,1000,2087.28,2000.00,0.85,-0.00,2056.94,2000.00,1.25,-0.00
00:08:18.533 [TUNER] 652,1000,2087.28,2000.00,0.85,-0.00,2056.94,2000.00,1.25,-0.00
00:08:18.569 [TUNER] 653,1000,2047.80,2000.00,1.30,-0.00,2018.37,2000.00,1.74,-0.00
00:08:18.569 [TUNER] 654,1000,2047.80,2000.00,1.30,-0.00,2018.37,2000.00,1.74,-0.00
00:08:18.603 [TUNER] 655,1000,1945.77,2000.00,2.61,-0.00,1954.87,2000.00,2.64,-0.00
00:08:18.638 [TUNER] 656,1000,1945.77,2000.00,2.61,-0.00,1954.87,2000.00,2.64,-0.00
00:08:18.639 [TUNER] 657,1000,1896.79,2000.00,3.31,-0.00,1952.18,2000.00,2.72,-0.00
00:08:18.672 [TUNER] 658,1000,1896.79,2000.00,3.31,-0.00,1952.18,2000.00,2.72,-0.00
00:08:18.675 [TUNER] 659,1000,1926.33,2000.00,3.01,0.00,1944.87,2000.00,2.87,-0.00
00:08:18.707 [TUNER] 660,1000,1926.33,2000.00,3.01,0.00,1944.87,2000.00,2.87,-0.00
00:08:18.707 [TUNER] 661,1000,2028.99,2000.00,1.71,-0.00,1959.64,2000.00,2.71,-0.00
00:08:18.743 [TUNER] 662,1000,2028.99,2000.00,1.71,-0.00,1959.64,2000.00,2.71,-0.00
00:08:18.780 [TUNER] 663,1000,2107.69,2000.00,0.64,-0.00,1969.74,2000.00,2.61,0.00
00:08:18.781 [TUNER] 664,1000,2107.69,2000.00,0.64,-0.00,1969.74,2000.00,2.61,0.00
00:08:18.814 [TUNER] 665,1000,2076.15,2000.00,0.97,-0.00,1991.56,2000.00,2.32,0.00
00:08:18.814 [TUNER] 666,1000,2076.15,2000.00,0.97,-0.00,1991.56,2000.00,2.32,0.00
00:08:18.849 [TUNER] 667,1000,2007.97,2000.00,1.80,-0.00,2009.02,2000.00,2.08,0.00
00:08:18.883 [TUNER] 668,1000,2007.97,2000.00,1.80,-0.00,2009.02,2000.00,2.08,0.00
00:08:18.884 [TUNER] 669,1000,1913.91,2000.00,3.04,-0.00,2024.70,2000.00,1.85,-0.00
00:08:18.918 [TUNER] 670,1000,1913.91,2000.00,3.04,-0.00,2024.70,2000.00,1.85,-0.00
00:08:18.953 [TUNER] 671,1000,1886.76,2000.00,3.48,-0.00,2042.40,2000.00,1.57,-0.00
00:08:18.953 [TUNER] 672,1000,1886.76,2000.00,3.48,-0.00,2042.40,2000.00,1.57,-0.00
00:08:18.990 [TUNER] 673,1000,1938.93,2000.00,2.89,0.00,2001.59,2000.00,2.11,-0.00
00:08:18.990 [TUNER] 674,1000,1938.93,2000.00,2.89,0.00,2001.59,2000.00,2.11,-0.00
00:08:19.024 [TUNER] 675,1000,1946.29,2000.00,2.85,0.00,2008.45,2000.00,2.01,-0.00
00:08:19.025 [TUNER] 676,1000,1946.29,2000.00,2.85,0.00,2008.45,2000.00,2.01,-0.00
00:08:19.059 [TUNER] 677,1000,1974.52,2000.00,2.52,0.00,1958.96,2000.00,2.72,-0.00
00:08:19.097 [TUNER] 678,1000,1974.52,2000.00,2.52,0.00,1958.96,2000.00,2.72,-0.00
00:08:19.099 [TUNER] 679,1000,2009.13,2000.00,2.08,0.00,1962.32,2000.00,2.71,0.00
00:08:19.129 [TUNER] 680,1000,2009.13,2000.00,2.08,0.00,1962.32,2000.00,2.71,0.00
00:08:19.130 [TUNER] 681,1000,2036.82,2000.00,1.71,0.00,1930.65,2000.00,3.20,0.00
00:08:19.163 [TUNER] 682,1000,2036.82,2000.00,1.71,0.00,1930.65,2000.00,3.20,0.00
00:08:19.199 [TUNER] 683,1000,1984.92,2000.00,2.36,0.00,1966.95,2000.00,2.74,0.00
00:08:19.200 [TUNER] 684,1000,1984.92,2000.00,2.36,0.00,1966.95,2000.00,2.74,0.00
00:08:19.236 [TUNER] 685,1000,2002.19,2000.00,2.15,0.00,2005.01,2000.00,2.23,0.00
00:08:19.238 [TUNER] 686,1000,2002.19,2000.00,2.15,0.00,2005.01,2000.00,2.23,0.00
00:08:19.268 [TUNER] 687,1000,2012.37,2000.00,2.01,0.00,2048.99,2000.00,1.59,0.00
00:08:19.304 [TUNER] 688,1000,2012.37,2000.00,2.01,0.00,2048.99,2000.00,1.59,0.00
00:08:19.304 [TUNER] 689,1000,2017.08,2000.00,1.94,0.00,2073.86,2000.00,1.19,-0.00
00:08:19.339 [TUNER] 690,1000,2017.08,2000.00,1.94,0.00,2073.86,2000.00,1.19,-0.00
00:08:19.340 [TUNER] 691,1000,1974.45,2000.00,2.49,0.00,2081.73,2000.00,1.00,-0.00
00:08:19.373 [TUNER] 692,1000,1974.45,2000.00,2.49,0.00,2081.73,2000.00,1.00,-0.00
00:08:19.409 [TUNER] 693,1000,1981.59,2000.00,2.42,0.00,2072.56,2000.00,1.06,-0.00
00:08:19.409 [TUNER] 694,1000,1981.59,2000.00,2.42,0.00,2072.56,2000.00,1.06,-0.00
00:08:19.444 [TUNER] 695,1000,1994.17,2000.00,2.27,0.00,2056.64,2000.00,1.22,-0.00
00:08:19.445 [TUNER] 696,1000,1994.17,2000.00,2.27,0.00,2056.64,2000.00,1.22,-0.00
00:08:19.478 [TUNER] 697,1000,2091.85,2000.00,0.97,0.00,1992.36,2000.00,2.09,-0.00
00:08:19.513 [TUNER] 698,1000,2091.85,2000.00,0.97,0.00,1992.36,2000.00,2.09,-0.00
00:08:19.515 [TUNER] 699,1000,2108.15,2000.00,0.68,-0.00,1925.47,2000.00,3.05,-0.00
00:08:19.548 [TUNER] 700,1000,2108.15,2000.00,0.68,-0.00,1925.47,2000.00,3.05,-0.00
00:08:19.548 [TUNER] 701,1000,2088.55,2000.00,0.84,-0.00,1945.84,2000.00,2.83,-0.00
00:08:19.584 [TUNER] 702,1000,2088.55,2000.00,0.84,-0.00,1945.84,2000.00,2.83,-0.00
00:08:19.618 [TUNER] 703,1000,1981.81,2000.00,2.18,-0.00,1958.70,2000.00,2.70,-0.00
00:08:19.619 [TUNER] 704,1000,1981.81,2000.00,2.18,-0.00,1958.70,2000.00,2.70,-0.00
00:08:19.655 [TUNER] 705,1000,1917.03,2000.00,3.05,-0.00,1972.42,2000.00,2.54,-0.00
00:08:19.656 [TUNER] 706,1000,1917.03,2000.00,3.05,-0.00,1972.42,2000.00,2.54,-0.00
00:08:19.689 [TUNER] 707,1000,1949.39,2000.00,2.70,-0.00,1961.06,2000.00,2.73,0.00
00:08:19.723 [TUNER] 708,1000,1949.39,2000.00,2.70,-0.00,1961.06,2000.00,2.73,0.00
00:08:19.723 [TUNER] 709,1000,1961.54,2000.00,2.58,0.00,1974.31,2000.00,2.58,0.00
00:08:19.758 [TUNER] 710,1000,1961.54,2000.00,2.58,0.00,1974.31,2000.00,2.58,0.00
00:08:19.759 [TUNER] 711,1000,2027.95,2000.00,1.73,-0.00,1990.07,2000.00,2.38,0.00
00:08:19.793 [TUNER] 712,1000,2027.95,2000.00,1.73,-0.00,1990.07,2000.00,2.38,0.00
00:08:19.828 [TUNER] 713,1000,2060.47,2000.00,1.28,-0.00,1995.80,2000.00,2.30,0.00
00:08:19.828 [TUNER] 714,1000,2060.47,2000.00,1.28,-0.00,1995.80,2000.00,2.30,0.00
00:08:19.863 [TUNER] 715,1000,2110.53,2000.00,0.56,-0.00,2031.31,2000.00,1.80,0.00
00:08:19.864 [TUNER] 716,1000,2110.53,2000.00,0.56,-0.00,2031.31,2000.00,1.80,0.00
00:08:19.902 [TUNER] 717,1000,2071.55,2000.00,0.98,-0.00,2018.48,2000.00,1.95,0.00
00:08:19.933 [TUNER] 718,1000,2071.55,2000.00,0.98,-0.00,2018.48,2000.00,1.95,0.00
00:08:19.933 [TUNER] 719,1000,2043.81,2000.00,1.28,-0.00,2015.09,2000.00,1.98,0.00
00:08:19.967 [TUNER] 720,1000,2043.81,2000.00,1.28,-0.00,2015.09,2000.00,1.98,0.00
00:08:19.968 [TUNER] 721,1000,1976.94,2000.00,2.13,-0.00,1972.87,2000.00,2.58,0.00
00:08:20.004 [TUNER] 722,1000,1976.94,2000.00,2.13,-0.00,1972.87,2000.00,2.58,0.00
00:08:20.038 [TUNER] 723,1000,1966.40,2000.00,2.29,-0.00,1988.91,2000.00,2.37,0.00
00:08:20.038 [TUNER] 724,1000,1966.40,2000.00,2.29,-0.00,1988.91,2000.00,2.37,0.00
00:08:20.073 [TUNER] 725,1000,1975.14,2000.00,2.21,-0.00,1967.38,2000.00,2.69,0.00
00:08:20.074 [TUNER] 726,1000,1975.14,2000.00,2.21,-0.00,1967.38,2000.00,2.69,0.00
00:08:20.108 [TUNER] 727,1000,1964.96,2000.00,2.36,-0.00,1991.39,2000.00,2.38,0.00
00:08:20.143 [TUNER] 728,1000,1964.96,2000.00,2.36,-0.00,1991.39,2000.00,2.38,0.00
00:08:20.143 [TUNER] 729,1000,1960.25,2000.00,2.46,-0.00,2005.45,2000.00,2.18,0.00
00:08:20.179 [TUNER] 730,1000,1960.25,2000.00,2.46,-0.00,2005.45,2000.00,2.18,0.00
00:08:20.179 [TUNER] 731,1000,1947.89,2000.00,2.66,-0.00,2042.46,2000.00,1.65,0.00
00:08:20.213 [TUNER] 732,1000,1947.89,2000.00,2.66,-0.00,2042.46,2000.00,1.65,0.00
00:08:20.249 [TUNER] 733,1000,1996.42,2000.00,2.06,-0.00,2053.18,2000.00,1.45,-0.00
00:08:20.249 [TUNER] 734,1000,1996.42,2000.00,2.06,-0.00,2053.18,2000.00,1.45,-0.00
00:08:20.284 [TUNER] 735,1000,1971.67,2000.00,2.39,-0.00,2056.59,2000.00,1.35,-0.00
00:08:20.285 [TUNER] 736,1000,1971.67,2000.00,2.39,-0.00,2056.59,2000.00,1.35,-0.00
00:08:20.319 [TUNER] 737,1000,1998.26,2000.00,2.06,-0.00,2036.99,2000.00,1.58,-0.00
00:08:20.356 [TUNER] 738,1000,1998.26,2000.00,2.06,-0.00,2036.99,2000.00,1.58,-0.00
00:08:20.356 [TUNER] 739,1000,1986.89,2000.00,2.22,-0.00,2026.47,2000.00,1.70,-0.00
00:08:20.389 [TUNER] 740,1000,1986.89,2000.00,2.22,-0.00,2026.47,2000.00,1.70,-0.00
00:08:20.390 [TUNER] 741,1000,1986.38,2000.00,2.23,-0.00,1988.84,2000.00,2.21,-0.00
00:08:20.424 [TUNER] 742,1000,1986.38,2000.00,2.23,-0.00,1988.84,2000.00,2.21,-0.00
00:08:20.459 [TUNER] 743,1000,1970.52,2000.00,2.46,-0.00,1939.84,2000.00,2.93,-0.00
00:08:20.460 [TUNER] 744,1000,1970.52,2000.00,2.46,-0.00,1939.84,2000.00,2.93,-0.00
00:08:20.497 [TUNER] 745,1000,1956.10,2000.00,2.67,0.00,1969.36,2000.00,2.56,-0.00
00:08:20.497 [TUNER] 746,1000,1956.10,2000.00,2.67,0.00,1969.36,2000.00,2.56,-0.00
00:08:20.529 [TUNER] 747,1000,1960.04,2000.00,2.66,0.00,1968.92,2000.00,2.59,-0.00
00:08:20.564 [TUNER] 748,1000,1960.04,2000.00,2.66,0.00,1968.92,2000.00,2.59,-0.00
00:08:20.565 [TUNER] 749,1000,1971.77,2000.00,2.54,0.00,1996.06,2000.00,2.23,-0.00
00:08:20.598 [TUNER] 750,1000,1971.77,2000.00,2.54,0.00,1996.06,2000.00,2.23,-0.00
00:08:20.599 [TUNER] 751,1000,2029.27,2000.00,1.80,0.00,1985.13,2000.00,2.40,0.00
00:08:20.633 [TUNER] 752,1000,2029.27,2000.00,1.80,0.00,1985.13,2000.00,2.40,0.00
00:08:20.668 [TUNER] 753,1000,2037.26,2000.00,1.67,0.00,1991.65,2000.00,2.32,0.00
00:08:20.669 [TUNER] 754,1000,2037.26,2000.00,1.67,0.00,1991.65,2000.00,2.32,0.00
00:08:20.706 [TUNER] 755,1000,2087.04,2000.00,0.98,-0.00,2005.86,2000.00,2.12,0.00
00:08:20.707 [TUNER] 756,1000,2087.04,2000.00,0.98,-0.00,2005.86,2000.00,2.12,0.00
00:08:20.738 [TUNER] 757,1000,2080.25,2000.00,0.99,-0.00,2011.87,2000.00,2.03,0.00
00:08:20.775 [TUNER] 758,1000,2080.25,2000.00,0.99,-0.00,2011.87,2000.00,2.03,0.00
00:08:20.775 [TUNER] 759,1000,2052.48,2000.00,1.29,-0.00,2014.95,2000.00,1.97,-0.00
00:08:20.808 [TUNER] 760,1000,2052.48,2000.00,1.29,-0.00,2014.95,2000.00,1.97,-0.00
00:08:20.810 [TUNER] 761,1000,1987.31,2000.00,2.11,-0.00,1986.50,2000.00,2.37,0.00
00:08:20.843 [TUNER] 762,1000,1987.31,2000.00,2.11,-0.00,1986.50,2000.00,2.37,0.00
00:08:20.883 [TUNER] 763,1000,1967.82,2000.00,2.38,-0.00,2006.69,2000.00,2.09,-0.00
00:08:20.885 [TUNER] 764,1000,1967.82,2000.00,2.38,-0.00,2006.69,2000.00,2.09,-0.00
00:08:20.915 [TUNER] 765,1000,1988.31,2000.00,2.13,-0.00,1957.55,2000.00,2.79,0.00
00:08:20.916 [TUNER] 766,1000,1988.31,2000.00,2.13,-0.00,1957.55,2000.00,2.79,0.00
00:08:20.948 [TUNER] 767,1000,2028.75,2000.00,1.61,-0.00,1962.91,2000.00,2.75,0.00
00:08:20.985 [TUNER] 768,1000,2028.75,2000.00,1.61,-0.00,1962.91,2000.00,2.75,0.00
00:08:20.986 [TUNER] 769,1000,2035.34,2000.00,1.49,-0.00,1967.20,2000.00,2.73,0.00
00:08:21.018 [TUNER] 770,1000,2035.34,2000.00,1.49,-0.00,1967.20,2000.00,2.73,0.00
00:08:21.019 [TUNER] 771,1000,1989.06,2000.00,2.08,-0.00,2010.15,2000.00,2.14,0.00
00:08:21.053 [TUNER] 772,1000,1989.06,2000.00,2.08,-0.00,2010.15,2000.00,2.14,0.00
00:08:21.087 [TUNER] 773,1000,1957.20,2000.00,2.51,-0.00,2025.61,2000.00,1.91,0.00
00:08:21.088 [TUNER] 774,1000,1957.20,2000.00,2.51,-0.00,2025.61,2000.00,1.91,0.00
00:08:21.124 [TUNER] 775,1000,1926.55,2000.00,2.95,-0.00,2051.72,2000.00,1.51,0.00
00:08:21.125 [TUNER] 776,1000,1926.55,2000.00,2.95,-0.00,2051.72,2000.00,1.51,0.00
00:08:21.162 [TUNER] 777,1000,1969.04,2000.00,2.45,-0.00,2067.45,2000.00,1.23,-0.00
00:08:21.194 [TUNER] 778,1000,1969.04,2000.00,2.45,-0.00,2067.45,2000.00,1.23,-0.00
00:08:21.195 [TUNER] 779,1000,1992.72,2000.00,2.17,-0.00,2080.04,2000.00,0.99,-0.00
00:08:21.228 [TUNER] 780,1000,1992.72,2000.00,2.17,-0.00,2080.04,2000.00,0.99,-0.00
00:08:21.229 [TUNER] 781,1000,2032.28,2000.00,1.65,-0.00,2059.19,2000.00,1.21,-0.00
00:08:21.264 [TUNER] 782,1000,2032.28,2000.00,1.65,-0.00,2059.19,2000.00,1.21,-0.00
00:08:21.301 [TUNER] 783,1000,2034.72,2000.00,1.59,-0.00,2004.71,2000.00,1.94,-0.00
00:08:21.301 [TUNER] 784,1000,2034.72,2000.00,1.59,-0.00,2004.71,2000.00,1.94,-0.00
00:08:21.334 [TUNER] 785,1000,2052.14,2000.00,1.33,-0.00,1983.46,2000.00,2.24,-0.00
00:08:21.334 [TUNER] 786,1000,2052.14,2000.00,1.33,-0.00,1983.46,2000.00,2.24,-0.00
00:08:21.368 [TUNER] 787,1000,2005.94,2000.00,1.89,-0.00,1942.40,2000.00,2.84,-0.00
00:08:21.403 [TUNER] 788,1000,2005.94,2000.00,1.89,-0.00,1942.40,2000.00,2.84,-0.00
00:08:21.437 [TUNER] 789,1000,1943.21,2000.00,2.72,-0.00,1973.13,2000.00,2.46,-0.00
00:08:21.438 [TUNER] 790,1000,1943.21,2000.00,2.72,-0.00,1973.13,2000.00,2.46,-0.00
00:08:21.439 [TUNER] 791,1000,1918.79,2000.00,3.09,-0.00,1961.63,2000.00,2.65,-0.00
00:08:21.476 [TUNER] 792,1000,1918.79,2000.00,3.09,-0.00,1961.63,2000.00,2.65,-0.00
00:08:21.509 [TUNER] 793,1000,1931.91,2000.00,2.99,0.00,1986.79,2000.00,2.32,-0.00
00:08:21.510 [TUNER] 794,1000,1931.91,2000.00,2.99,0.00,1986.79,2000.00,2.32,-0.00
00:08:21.545 [TUNER] 795,1000,2026.58,2000.00,1.80,0.00,1986.31,2000.00,2.34,-0.00
00:08:21.546 [TUNER] 796,1000,2026.58,2000.00,1.80,0.00,1986.31,2000.00,2.34,-0.00
00:08:21.579 [TUNER] 797,1000,2042.19,2000.00,1.57,-0.00,2011.69,2000.00,1.99,-0.00
00:08:21.616 [TUNER] 798,1000,2042.19,2000.00,1.57,-0.00,2011.69,2000.00,1.99,-0.00
00:08:21.617 [TUNER] 799,1000,2061.55,2000.00,1.27,-0.00,2018.25,2000.00,1.89,-0.00
00:08:21.649 [TUNER] 800,1000,2061.55,2000.00,1.27,-0.00,2018.25,2000.00,1.89,-0.00
00:08:21.650 [TUNER] 801,1000,2035.80,2000.00,1.56,-0.00,2002.88,2000.00,2.09,-0.00
00:08:21.683 [TUNER] 802,1000,2035.80,2000.00,1.56,-0.00,2002.88,2000.00,2.09,-0.00
00:08:21.718 [TUNER] 803,1000,2022.08,2000.00,1.71,-0.00,2000.89,2000.00,2.12,-0.00
00:08:21.719 [TUNER] 804,1000,2022.08,2000.00,1.71,-0.00,2000.89,2000.00,2.12,-0.00
00:08:21.753 [TUNER] 805,1000,1980.17,2000.00,2.25,-0.00,1968.38,2000.00,2.58,-0.00
00:08:21.754 [TUNER] 806,1000,1980.17,2000.00,2.25,-0.00,1968.38,2000.00,2.58,-0.00
00:08:21.788 [TUNER] 807,1000,1968.98,2000.00,2.41,-0.00,1995.63,2000.00,2.22,-0.00
00:08:21.824 [TUNER] 808,1000,1968.98,2000.00,2.41,-0.00,1995.63,2000.00,2.22,-0.00
00:08:21.825 [TUNER] 809,1000,1992.67,2000.00,2.12,-0.00,1965.88,2000.00,2.65,0.00
00:08:21.860 [TUNER] 810,1000,1992.67,2000.00,2.12,-0.00,1965.88,2000.00,2.65,0.00
00:08:21.864 [TUNER] 811,1000,2032.24,2000.00,1.61,-0.00,1981.61,2000.00,2.46,0.00
00:08:21.894 [TUNER] 812,1000,2032.24,2000.00,1.61,-0.00,1981.61,2000.00,2.46,0.00
00:08:21.929 [TUNER] 813,1000,2019.23,2000.00,1.75,-0.00,1964.98,2000.00,2.72,0.00
00:08:21.930 [TUNER] 814,1000,2019.23,2000.00,1.75,-0.00,1964.98,2000.00,2.72,0.00
00:08:21.965 [TUNER] 815,1000,1953.84,2000.00,2.60,-0.00,1999.78,2000.00,2.25,0.00
00:08:21.966 [TUNER] 816,1000,1953.84,2000.00,2.60,-0.00,1999.78,2000.00,2.25,0.00
00:08:21.999 [TUNER] 817,1000,1932.46,2000.00,2.93,-0.00,2003.57,2000.00,2.20,0.00
00:08:22.034 [TUNER] 818,1000,1932.46,2000.00,2.93,-0.00,2003.57,2000.00,2.20,0.00
00:08:22.034 [TUNER] 819,1000,1934.25,2000.00,2.96,0.00,2035.80,2000.00,1.73,0.00
00:08:22.069 [TUNER] 820,1000,1934.25,2000.00,2.96,0.00,2035.80,2000.00,1.73,0.00
00:08:22.069 [TUNER] 821,1000,2019.86,2000.00,1.88,0.00,2049.57,2000.00,1.50,-0.00
00:08:22.103 [TUNER] 822,1000,2019.86,2000.00,1.88,0.00,2049.57,2000.00,1.50,-0.00
00:08:22.139 [TUNER] 823,1000,2072.67,2000.00,1.16,-0.00,2044.91,2000.00,1.51,-0.00
00:08:22.139 [TUNER] 824,1000,2072.67,2000.00,1.16,-0.00,2044.91,2000.00,1.51,-0.00
00:08:22.174 [TUNER] 825,1000,2113.65,2000.00,0.56,-0.00,2039.88,2000.00,1.54,-0.00
00:08:22.175 [TUNER] 826,1000,2113.65,2000.00,0.56,-0.00,2039.88,2000.00,1.54,-0.00
00:08:22.209 [TUNER] 827,1000,2019.07,2000.00,1.71,-0.00,2018.46,2000.00,1.81,-0.00
00:08:22.247 [TUNER] 828,1000,2019.07,2000.00,1.71,-0.00,2018.46,2000.00,1.81,-0.00
00:08:22.248 [TUNER] 829,1000,1972.61,2000.00,2.31,-0.00,2016.80,2000.00,1.82,-0.00
00:08:22.278 [TUNER] 830,1000,1972.61,2000.00,2.31,-0.00,2016.80,2000.00,1.82,-0.00
00:08:22.279 [TUNER] 831,1000,1868.44,2000.00,3.72,-0.00,1962.20,2000.00,2.59,-0.00
00:08:22.313 [TUNER] 832,1000,1868.44,2000.00,3.72,-0.00,1962.20,2000.00,2.59,-0.00
00:08:22.348 [TUNER] 833,1000,1884.75,2000.00,3.62,0.00,1983.81,2000.00,2.31,-0.00
00:08:22.349 [TUNER] 834,1000,1884.75,2000.00,3.62,0.00,1983.81,2000.00,2.31,-0.00
00:08:22.387 [TUNER] 835,1000,1968.24,2000.00,2.61,0.00,1975.33,2000.00,2.45,-0.00
00:08:22.388 [TUNER] 836,1000,1968.24,2000.00,2.61,0.00,1975.33,2000.00,2.45,-0.00
00:08:22.418 [TUNER] 837,1000,2041.90,2000.00,1.66,0.00,2004.63,2000.00,2.05,-0.00
00:08:22.453 [TUNER] 838,1000,2041.90,2000.00,1.66,0.00,2004.63,2000.00,2.05,-0.00
00:08:22.454 [TUNER] 839,1000,2109.43,2000.00,0.73,-0.00,1997.14,2000.00,2.16,-0.00
00:08:22.488 [TUNER] 840,1000,2109.43,2000.00,0.73,-0.00,1997.14,2000.00,2.16,-0.00
00:08:22.488 [TUNER] 841,1000,2072.39,2000.00,1.12,-0.00,2008.33,2000.00,2.00,-0.00
00:08:22.523 [TUNER] 842,1000,2072.39,2000.00,1.12,-0.00,2008.33,2000.00,2.00,-0.00
00:08:22.559 [TUNER] 843,1000,2032.44,2000.00,1.59,-0.00,2006.97,2000.00,2.01,-0.00
00:08:22.559 [TUNER] 844,1000,2032.44,2000.00,1.59,-0.00,2006.97,2000.00,2.01,-0.00
00:08:22.593 [TUNER] 845,1000,1950.67,2000.00,2.65,-0.00,1999.01,2000.00,2.12,-0.00
00:08:22.594 [TUNER] 846,1000,1950.67,2000.00,2.65,-0.00,1999.01,2000.00,2.12,-0.00
00:08:22.630 [TUNER] 847,1000,1912.74,2000.00,3.19,0.00,1999.52,2000.00,2.11,-0.00
00:08:22.665 [TUNER] 848,1000,1912.74,2000.00,3.19,0.00,1999.52,2000.00,2.11,-0.00
00:08:22.666 [TUNER] 849,1000,1937.37,2000.00,2.94,0.00,1972.43,2000.00,2.50,-0.00
00:08:22.698 [TUNER] 850,1000,1937.37,2000.00,2.94,0.00,1972.43,2000.00,2.50,-0.00
00:08:22.701 [TUNER] 851,1000,1981.13,2000.00,2.42,0.00,1997.15,2000.00,2.17,-0.00
00:08:22.733 [TUNER] 852,1000,1981.13,2000.00,2.42,0.00,1997.15,2000.00,2.17,-0.00
00:08:22.770 [TUNER] 853,1000,1988.65,2000.00,2.34,0.00,1961.95,2000.00,2.68,-0.00
00:08:22.771 [TUNER] 854,1000,1988.65,2000.00,2.34,0.00,1961.95,2000.00,2.68,-0.00
00:08:22.804 [TUNER] 855,1000,2023.87,2000.00,1.88,0.00,1966.43,2000.00,2.65,0.00
00:08:22.804 [TUNER] 856,1000,2023.87,2000.00,1.88,0.00,1966.43,2000.00,2.65,0.00
00:08:22.837 [TUNER] 857,1000,2040.02,2000.00,1.64,0.00,1937.37,2000.00,3.10,0.00
00:08:22.873 [TUNER] 858,1000,2040.02,2000.00,1.64,0.00,1937.37,2000.00,3.10,0.00
00:08:22.873 [TUNER] 859,1000,2006.55,2000.00,2.05,0.00,1975.98,2000.00,2.61,0.00
00:08:22.910 [TUNER] 860,1000,2006.55,2000.00,2.05,0.00,1975.98,2000.00,2.61,0.00
00:08:22.914 [TUNER] 861,1000,2010.70,2000.00,1.99,0.00,2001.71,2000.00,2.26,0.00
00:08:22.944 [TUNER] 862,1000,2010.70,2000.00,1.99,0.00,2001.71,2000.00,2.26,0.00
00:08:22.979 [TUNER] 863,1000,1962.48,2000.00,2.62,0.00,2048.06,2000.00,1.60,0.00
00:08:22.980 [TUNER] 864,1000,1962.48,2000.00,2.62,0.00,2048.06,2000.00,1.60,0.00
00:08:23.014 [TUNER] 865,1000,1980.60,2000.00,2.41,0.00,2081.71,2000.00,1.07,-0.00
00:08:23.015 [TUNER] 866,1000,1980.60,2000.00,2.41,0.00,2081.71,2000.00,1.07,-0.00
00:08:23.048 [TUNER] 867,1000,2003.69,2000.00,2.13,0.00,2103.47,2000.00,0.67,-0.00
00:08:23.083 [TUNER] 868,1000,2003.69,2000.00,2.13,0.00,2103.47,2000.00,0.67,-0.00
00:08:23.084 [TUNER] 869,1000,2047.93,2000.00,1.54,0.00,2091.67,2000.00,0.74,-0.00
00:08:23.120 [TUNER] 870,1000,2047.93,2000.00,1.54,0.00,2091.67,2000.00,0.74,-0.00
00:08:23.120 [TUNER] 871,1000,2038.65,2000.00,1.62,0.00,2010.08,2000.00,1.83,-0.00
00:08:23.153 [TUNER] 872,1000,2038.65,2000.00,1.62,0.00,2010.08,2000.00,1.83,-0.00
00:08:23.188 [TUNER] 873,1000,2063.87,2000.00,1.25,-0.00,1974.01,2000.00,2.34,-0.00
00:08:23.224 [TUNER] 874,1000,2063.87,2000.00,1.25,-0.00,1974.01,2000.00,2.34,-0.00
00:08:23.225 [TUNER] 875,1000,2015.32,2000.00,1.83,-0.00,1905.64,2000.00,3.34,-0.00
00:08:23.225 [TUNER] 876,1000,2015.32,2000.00,1.83,-0.00,1905.64,2000.00,3.34,-0.00
00:08:23.260 [TUNER] 877,1000,1954.15,2000.00,2.63,-0.00,1933.41,2000.00,3.04,-0.00
00:08:23.294 [TUNER] 878,1000,1954.15,2000.00,2.63,-0.00,1933.41,2000.00,3.04,-0.00
00:08:23.298 [TUNER] 879,1000,1927.55,2000.00,3.03,0.00,1931.57,2000.00,3.13,0.00
00:08:23.329 [TUNER] 880,1000,1927.55,2000.00,3.03,0.00,1931.57,2000.00,3.13,0.00
00:08:23.329 [TUNER] 881,1000,1956.09,2000.00,2.71,0.00,1952.44,2000.00,2.89,0.00
00:08:23.364 [TUNER] 882,1000,1956.09,2000.00,2.71,0.00,1952.44,2000.00,2.89,0.00
00:08:23.399 [TUNER] 883,1000,2044.21,2000.00,1.58,0.00,1969.13,2000.00,2.70,0.00
00:08:23.399 [TUNER] 884,1000,2044.21,2000.00,1.58,0.00,1969.13,2000.00,2.70,0.00
00:08:23.433 [TUNER] 885,1000,2061.45,2000.00,1.31,-0.00,2009.97,2000.00,2.14,0.00
00:08:23.434 [TUNER] 886,1000,2061.45,2000.00,1.31,-0.00,2009.97,2000.00,2.14,0.00
00:08:23.469 [TUNER] 887,1000,2064.93,2000.00,1.21,-0.00,2040.93,2000.00,1.69,0.00
00:08:23.504 [TUNER] 888,1000,2064.93,2000.00,1.21,-0.00,2040.93,2000.00,1.69,0.00
00:08:23.504 [TUNER] 889,1000,2031.63,2000.00,1.60,-0.00,2062.26,2000.00,1.34,-0.00
00:08:23.538 [TUNER] 890,1000,2031.63,2000.00,1.60,-0.00,2062.26,2000.00,1.34,-0.00
00:08:23.539 [TUNER] 891,1000,2032.49,2000.00,1.56,-0.00,2036.37,2000.00,1.65,-0.00
00:08:23.573 [TUNER] 892,1000,2032.49,2000.00,1.56,-0.00,2036.37,2000.00,1.65,-0.00
00:08:23.608 [TUNER] 893,1000,1988.32,2000.00,2.11,-0.00,1996.58,2000.00,2.19,-0.00
00:08:23.609 [TUNER] 894,1000,1988.32,2000.00,2.11,-0.00,1996.58,2000.00,2.19,-0.00
00:08:23.646 [TUNER] 895,1000,1987.73,2000.00,2.13,-0.00,1999.49,2000.00,2.15,-0.00
00:08:23.649 [TUNER] 896,1000,1987.73,2000.00,2.13,-0.00,1999.49,2000.00,2.15,-0.00
00:08:23.678 [TUNER] 897,1000,1999.08,2000.00,1.99,-0.00,1962.10,2000.00,2.69,-0.00
00:08:23.715 [TUNER] 898,1000,1999.08,2000.00,1.99,-0.00,1962.10,2000.00,2.69,-0.00
00:08:23.716 [TUNER] 899,1000,2037.37,2000.00,1.48,-0.00,1983.73,2000.00,2.41,0.00
00:08:23.748 [TUNER] 900,1000,2037.37,2000.00,1.48,-0.00,1983.73,2000.00,2.41,0.00
00:08:23.749 [TUNER] 901,1000,2023.33,2000.00,1.64,-0.00,1964.96,2000.00,2.70,0.00
00:08:23.784 [TUNER] 902,1000,2023.33,2000.00,1.64,-0.00,1964.96,2000.00,2.70,0.00
00:08:23.818 [TUNER] 903,1000,1979.46,2000.00,2.20,-0.00,1998.05,2000.00,2.26,0.00
00:08:23.819 [TUNER] 904,1000,1979.46,2000.00,2.20,-0.00,1998.05,2000.00,2.26,0.00
00:08:23.853 [TUNER] 905,1000,1954.67,2000.00,2.55,-0.00,2005.62,2000.00,2.15,0.00
00:08:23.854 [TUNER] 906,1000,1954.67,2000.00,2.55,-0.00,2005.62,2000.00,2.15,0.00
00:08:23.888 [TUNER] 907,1000,1943.42,2000.00,2.74,-0.00,2037.44,2000.00,1.69,0.00
00:08:23.924 [TUNER] 908,1000,1943.42,2000.00,2.74,-0.00,2037.44,2000.00,1.69,0.00
00:08:23.924 [TUNER] 909,1000,1963.64,2000.00,2.52,-0.00,2050.88,2000.00,1.46,-0.00
00:08:23.959 [TUNER] 910,1000,1963.64,2000.00,2.52,-0.00,2050.88,2000.00,1.46,-0.00
00:08:23.959 [TUNER] 911,1000,1986.68,2000.00,2.25,-0.00,2053.04,2000.00,1.38,-0.00
00:08:23.994 [TUNER] 912,1000,1986.68,2000.00,2.25,-0.00,2053.04,2000.00,1.38,-0.00
00:08:24.032 [TUNER] 913,1000,2054.94,2000.00,1.35,-0.00,2053.05,2000.00,1.33,-0.00
00:08:24.033 [TUNER] 914,1000,2054.94,2000.00,1.35,-0.00,2053.05,2000.00,1.33,-0.00
00:08:24.064 [TUNER] 915,1000,2080.34,2000.00,0.96,-0.00,2035.87,2000.00,1.52,-0.00
00:08:24.065 [TUNER] 916,1000,2080.34,2000.00,0.96,-0.00,2035.87,2000.00,1.52,-0.00
00:08:24.098 [TUNER] 917,1000,2085.19,2000.00,0.83,-0.00,2011.82,2000.00,1.84,-0.00
00:08:24.134 [TUNER] 918,1000,2085.19,2000.00,0.83,-0.00,2011.82,2000.00,1.84,-0.00
00:08:24.135 [TUNER] 919,1000,1973.97,2000.00,2.23,-0.00,1965.10,2000.00,2.50,-0.00
00:08:24.169 [TUNER] 920,1000,1973.97,2000.00,2.23,-0.00,1965.10,2000.00,2.50,-0.00
00:08:24.169 [TUNER] 921,1000,1884.99,2000.00,3.43,-0.00,1974.10,2000.00,2.40,-0.00
00:08:24.206 [TUNER] 922,1000,1884.99,2000.00,3.43,-0.00,1974.10,2000.00,2.40,-0.00
00:08:24.237 [TUNER] 923,1000,1887.68,2000.00,3.50,0.00,1950.38,2000.00,2.77,-0.00
00:08:24.238 [TUNER] 924,1000,1887.68,2000.00,3.50,0.00,1950.38,2000.00,2.77,-0.00
00:08:24.273 [TUNER] 925,1000,1987.77,2000.00,2.27,0.00,1970.92,2000.00,2.52,-0.00
00:08:24.273 [TUNER] 926,1000,1987.77,2000.00,2.27,0.00,1970.92,2000.00,2.52,-0.00
00:08:24.309 [TUNER] 927,1000,2083.30,2000.00,1.01,-0.00,1977.05,2000.00,2.46,-0.00
00:08:24.344 [TUNER] 928,1000,2083.30,2000.00,1.01,-0.00,1977.05,2000.00,2.46,-0.00
00:08:24.348 [TUNER] 929,1000,2116.77,2000.00,0.50,-0.00,2011.15,2000.00,1.99,-0.00
00:08:24.379 [TUNER] 930,1000,2116.77,2000.00,0.50,-0.00,2011.15,2000.00,1.99,-0.00
00:08:24.380 [TUNER] 931,1000,2083.41,2000.00,0.83,-0.00,2021.26,2000.00,1.83,-0.00
00:08:24.413 [TUNER] 932,1000,2083.41,2000.00,0.83,-0.00,2021.26,2000.00,1.83,-0.00
00:08:24.448 [TUNER] 933,1000,2010.34,2000.00,1.73,-0.00,2036.21,2000.00,1.60,-0.00
00:08:24.450 [TUNER] 934,1000,2010.34,2000.00,1.73,-0.00,2036.21,2000.00,1.60,-0.00
00:08:24.484 [TUNER] 935,1000,1915.81,2000.00,2.98,-0.00,2041.30,2000.00,1.49,-0.00
00:08:24.485 [TUNER] 936,1000,1915.81,2000.00,2.98,-0.00,2041.30,2000.00,1.49,-0.00
00:08:24.518 [TUNER] 937,1000,1884.85,2000.00,3.46,-0.00,1988.68,2000.00,2.21,-0.00
00:08:24.553 [TUNER] 938,1000,1884.85,2000.00,3.46,-0.00,1988.68,2000.00,2.21,-0.00
00:08:24.589 [TUNER] 939,1000,1913.34,2000.00,3.19,0.00,1991.25,2000.00,2.18,-0.00
00:08:24.589 [TUNER] 940,1000,1913.34,2000.00,3.19,0.00,1991.25,2000.00,2.18,-0.00
00:08:24.590 [TUNER] 941,1000,1961.90,2000.00,2.62,0.00,1948.64,2000.00,2.80,-0.00
00:08:24.623 [TUNER] 942,1000,1961.90,2000.00,2.62,0.00,1948.64,2000.00,2.80,-0.00
00:08:24.663 [TUNER] 943,1000,2009.35,2000.00,2.02,0.00,1960.94,2000.00,2.67,-0.00
00:08:24.664 [TUNER] 944,1000,2009.35,2000.00,2.02,0.00,1960.94,2000.00,2.67,-0.00
00:08:24.694 [TUNER] 945,1000,2026.68,2000.00,1.79,0.00,1936.41,2000.00,3.06,0.00
00:08:24.695 [TUNER] 946,1000,2026.68,2000.00,1.79,0.00,1936.41,2000.00,3.06,0.00
00:08:24.728 [TUNER] 947,1000,1990.73,2000.00,2.24,0.00,1964.90,2000.00,2.72,0.00
00:08:24.762 [TUNER] 948,1000,1990.73,2000.00,2.24,0.00,1964.90,2000.00,2.72,0.00
00:08:24.762 [TUNER] 949,1000,1994.61,2000.00,2.20,0.00,2006.59,2000.00,2.15,0.00
00:08:24.797 [TUNER] 950,1000,1994.61,2000.00,2.20,0.00,2006.59,2000.00,2.15,0.00
00:08:24.798 [TUNER] 951,1000,1992.56,2000.00,2.23,0.00,2057.12,2000.00,1.42,0.00
00:08:24.832 [TUNER] 952,1000,1992.56,2000.00,2.23,0.00,2057.12,2000.00,1.42,0.00
00:08:24.869 [TUNER] 953,1000,2023.56,2000.00,1.82,0.00,2064.90,2000.00,1.25,-0.00
00:08:24.870 [TUNER] 954,1000,2023.56,2000.00,1.82,0.00,2064.90,2000.00,1.25,-0.00
00:08:24.903 [TUNER] 955,1000,1995.10,2000.00,2.18,0.00,2078.00,2000.00,1.00,-0.00
00:08:24.903 [TUNER] 956,1000,1995.10,2000.00,2.18,0.00,2078.00,2000.00,1.00,-0.00
00:08:24.940 [TUNER] 957,1000,2018.73,2000.00,1.87,0.00,2066.15,2000.00,1.10,-0.00
00:08:24.974 [TUNER] 958,1000,2018.73,2000.00,1.87,0.00,2066.15,2000.00,1.10,-0.00
00:08:24.975 [TUNER] 959,1000,2006.70,2000.00,2.01,0.00,2036.04,2000.00,1.47,-0.00
00:08:25.010 [TUNER] 960,1000,2006.70,2000.00,2.01,0.00,2036.04,2000.00,1.47,-0.00
00:08:25.010 [TUNER] 961,1000,2065.80,2000.00,1.22,-0.00,1991.34,2000.00,2.07,-0.00
00:08:25.043 [TUNER] 962,1000,2065.80,2000.00,1.22,-0.00,1991.34,2000.00,2.07,-0.00
00:08:25.081 [TUNER] 963,1000,2063.05,2000.00,1.20,-0.00,1929.65,2000.00,2.97,-0.00
00:08:25.082 [TUNER] 964,1000,2063.05,2000.00,1.20,-0.00,1929.65,2000.00,2.97,-0.00
00:08:25.113 [TUNER] 965,1000,2016.57,2000.00,1.76,-0.00,1947.66,2000.00,2.78,-0.00
00:08:25.115 [TUNER] 966,1000,2016.57,2000.00,1.76,-0.00,1947.66,2000.00,2.78,-0.00
00:08:25.149 [TUNER] 967,1000,1968.89,2000.00,2.38,-0.00,1939.54,2000.00,2.94,-0.00
00:08:25.183 [TUNER] 968,1000,1968.89,2000.00,2.38,-0.00,1939.54,2000.00,2.94,-0.00
00:08:25.184 [TUNER] 969,1000,1942.78,2000.00,2.75,-0.00,1963.97,2000.00,2.65,-0.00
00:08:25.220 [TUNER] 970,1000,1942.78,2000.00,2.75,-0.00,1963.97,2000.00,2.65,-0.00
00:08:25.221 [TUNER] 971,1000,1976.87,2000.00,2.35,-0.00,1961.17,2000.00,2.73,0.00
00:08:25.253 [TUNER] 972,1000,1976.87,2000.00,2.35,-0.00,1961.17,2000.00,2.73,0.00
00:08:25.289 [TUNER] 973,1000,1980.08,2000.00,2.33,-0.00,1988.14,2000.00,2.38,0.00
00:08:25.289 [TUNER] 974,1000,1980.08,2000.00,2.33,-0.00,1988.14,2000.00,2.38,0.00
00:08:25.323 [TUNER] 975,1000,2017.02,2000.00,1.86,-0.00,2014.88,2000.00,2.00,0.00
00:08:25.324 [TUNER] 976,1000,2017.02,2000.00,1.86,-0.00,2014.88,2000.00,2.00,0.00
00:08:25.359 [TUNER] 977,1000,2053.44,2000.00,1.36,-0.00,2032.82,2000.00,1.73,-0.00
00:08:25.396 [TUNER] 978,1000,2053.44,2000.00,1.36,-0.00,2032.82,2000.00,1.73,-0.00
00:08:25.397 [TUNER] 979,1000,2086.01,2000.00,0.88,-0.00,2047.18,2000.00,1.49,-0.00
00:08:25.429 [TUNER] 980,1000,2086.01,2000.00,0.88,-0.00,2047.18,2000.00,1.49,-0.00
00:08:25.432 [TUNER] 981,1000,2038.19,2000.00,1.44,-0.00,2003.69,2000.00,2.07,-0.00
00:08:25.468 [TUNER] 982,1000,2038.19,2000.00,1.44,-0.00,2003.69,2000.00,2.07,-0.00
00:08:25.500 [TUNER] 983,1000,2030.86,2000.00,1.50,-0.00,2004.98,2000.00,2.05,-0.00
00:08:25.500 [TUNER] 984,1000,2030.86,2000.00,1.50,-0.00,2004.98,2000.00,2.05,-0.00
00:08:25.533 [TUNER] 985,1000,2004.38,2000.00,1.82,-0.00,1959.62,2000.00,2.70,-0.00
00:08:25.534 [TUNER] 986,1000,2004.38,2000.00,1.82,-0.00,1959.62,2000.00,2.70,-0.00
00:08:25.568 [TUNER] 987,1000,1990.07,2000.00,2.01,-0.00,1976.60,2000.00,2.49,-0.00
00:08:25.603 [TUNER] 988,1000,1990.07,2000.00,2.01,-0.00,1976.60,2000.00,2.49,-0.00
00:08:25.604 [TUNER] 989,1000,1968.31,2000.00,2.31,-0.00,1957.53,2000.00,2.79,0.00
00:08:25.640 [TUNER] 990,1000,1968.31,2000.00,2.31,-0.00,1957.53,2000.00,2.79,0.00
00:08:25.642 [TUNER] 991,1000,1954.34,2000.00,2.52,-0.00,1986.95,2000.00,2.41,0.00
00:08:25.673 [TUNER] 992,1000,1954.34,2000.00,2.52,-0.00,1986.95,2000.00,2.41,0.00
00:08:25.711 [TUNER] 993,1000,1956.90,2000.00,2.53,-0.00,1995.02,2000.00,2.30,0.00
00:08:25.711 [TUNER] 994,1000,1956.90,2000.00,2.53,-0.00,1995.02,2000.00,2.30,0.00
00:08:25.748 [TUNER] 995,1000,1943.50,2000.00,2.74,-0.00,2027.25,2000.00,1.85,0.00
00:08:25.749 [TUNER] 996,1000,1943.50,2000.00,2.74,-0.00,2027.25,2000.00,1.85,0.00
00:08:25.778 [TUNER] 997,1000,1999.77,2000.00,2.05,-0.00,2061.62,2000.00,1.33,-0.00
00:08:25.815 [TUNER] 998,1000,1999.77,2000.00,2.05,-0.00,2061.62,2000.00,1.33,-0.00
00:08:25.815 [TUNER] 999,1000,2020.74,2000.00,1.77,-0.00,2075.38,2000.00,1.07,-0.00
00:08:25.848 [TUNER] 1000,1000,2065.83,1999.90,1.77,-0.00,2088.96,1999.90,1.07,-0.00
00:08:25.850 [TUNER] 1001,1000,2065.83,1999.70,1.15,-0.00,2088.96,1999.70,0.81,-0.00
00:08:25.883 [TUNER] 1002,1000,2086.05,1999.40,0.85,-0.00,2035.76,1999.40,1.49,-0.00
00:08:25.919 [TUNER] 1003,1000,2086.05,1999.00,0.85,-0.00,2035.76,1999.00,1.49,-0.00
00:08:25.919 [TUNER] 1004,1000,2027.91,1998.50,1.53,-0.00,2023.76,1998.50,1.62,-0.00
00:08:25.955 [TUNER] 1005,1000,2027.91,1997.90,1.53,-0.00,2023.76,1997.90,1.62,-0.00
00:08:25.956 [TUNER] 1006,1000,1953.91,1997.20,2.47,-0.00,1960.90,1997.20,2.48,-0.00
00:08:25.989 [TUNER] 1007,1000,1953.91,1996.40,2.47,-0.00,1960.90,1996.40,2.48,-0.00
00:08:26.024 [TUNER] 1008,1000,1865.51,1995.50,3.66,-0.00,1943.26,1995.50,2.74,-0.00
00:08:26.024 [TUNER] 1009,1000,1865.51,1994.50,3.66,-0.00,1943.26,1994.50,2.74,-0.00
00:08:26.058 [TUNER] 1010,1000,1887.56,1993.40,3.45,0.00,1954.91,1993.40,2.59,-0.00
00:08:26.058 [TUNER] 1011,1000,1887.56,1992.20,3.45,0.00,1954.91,1992.20,2.59,-0.00
00:08:26.095 [TUNER] 1012,1000,1980.80,1990.90,2.27,0.00,1960.80,1990.90,2.50,-0.00
00:08:26.129 [TUNER] 1013,1000,1980.80,1989.50,2.27,0.00,1960.80,1989.50,2.50,-0.00
00:08:26.131 [TUNER] 1014,1000,2086.31,1988.00,0.84,-0.00,1986.13,1988.00,2.12,-0.00
00:08:26.164 [TUNER] 1015,1000,2086.31,1986.40,0.84,-0.00,1986.13,1986.40,2.12,-0.00
00:08:26.166 [TUNER] 1016,1000,2108.87,1984.70,0.41,-0.00,1970.31,1984.70,2.30,-0.00
00:08:26.199 [TUNER] 1017,1000,2108.87,1982.90,0.41,-0.00,1970.31,1982.90,2.30,-0.00
00:08:26.234 [TUNER] 1018,1000,2078.81,1981.00,0.64,-0.00,1997.18,1981.00,1.87,-0.00
00:08:26.234 [TUNER] 1019,1000,2078.81,1979.00,0.64,-0.00,1997.18,1979.00,1.87,-0.00
00:08:26.269 [TUNER] 1020,1000,1980.89,1976.90,1.80,-0.00,1982.59,1976.90,2.00,-0.00
00:08:26.269 [TUNER] 1021,1000,1980.89,1974.70,1.80,-0.00,1982.59,1974.70,2.00,-0.00
00:08:26.304 [TUNER] 1022,1000,1883.66,1972.40,3.02,-0.00,2012.15,1972.40,1.51,-0.00
00:08:26.338 [TUNER] 1023,1000,1883.66,1970.00,3.02,-0.00,2012.15,1970.00,1.51,-0.00
00:08:26.339 [TUNER] 1024,1000,1821.33,1967.50,3.86,-0.00,1973.95,1967.50,1.94,-0.00
00:08:26.375 [TUNER] 1025,1000,1821.33,1964.90,3.86,-0.00,1973.95,1964.90,1.94,-0.00
00:08:26.376 [TUNER] 1026,1000,1874.55,1962.20,3.20,0.00,1955.41,1962.20,2.12,-0.00
00:08:26.408 [TUNER] 1027,1000,1874.55,1959.40,3.20,0.00,1955.41,1959.40,2.12,-0.00
00:08:26.443 [TUNER] 1028,1000,1937.75,1956.50,2.36,0.00,1945.74,1956.50,2.18,-0.00
00:08:26.445 [TUNER] 1029,1000,1937.75,1953.50,2.36,0.00,1945.74,1953.50,2.18,-0.00
00:08:26.481 [TUNER] 1030,1000,1960.81,1950.40,1.98,0.00,1929.41,1950.40,2.33,-0.00
00:08:26.481 [TUNER] 1031,1000,1960.81,1947.20,1.98,0.00,1929.41,1947.20,2.33,-0.00
00:08:26.513 [TUNER] 1032,1000,2037.68,1943.90,0.86,-0.00,1926.65,1943.90,2.29,-0.00
00:08:26.548 [TUNER] 1033,1000,2007.36,1940.50,1.16,-0.00,1894.54,1940.50,2.69,-0.00
00:08:26.550 [TUNER] 1034,1000,2007.36,1937.00,1.16,-0.00,1894.54,1937.00,2.69,-0.00
00:08:26.583 [TUNER] 1035,1000,1941.25,1933.40,1.88,-0.00,1900.86,1933.40,2.54,-0.00
00:08:26.584 [TUNER] 1036,1000,1941.25,1929.70,1.88,-0.00,1900.86,1929.70,2.54,-0.00
00:08:26.618 [TUNER] 1037,1000,1917.23,1925.90,2.08,-0.00,1938.18,1925.90,1.92,-0.00
00:08:26.654 [TUNER] 1038,1000,1917.23,1922.00,2.08,-0.00,1938.18,1922.00,1.92,-0.00
00:08:26.654 [TUNER] 1039,1000,1872.24,1918.00,2.57,-0.00,1964.59,1918.00,1.40,-0.00
00:08:26.691 [TUNER] 1040,1000,1872.24,1913.90,2.57,-0.00,1964.59,1913.90,1.40,-0.00
00:08:26.692 [TUNER] 1041,1000,1896.38,1909.70,2.18,0.00,2018.37,1909.70,0.46,-0.00
00:08:26.723 [TUNER] 1042,1000,1896.38,1905.40,2.18,0.00,2018.37,1905.40,0.46,-0.00
00:08:26.759 [TUNER] 1043,1000,1948.34,1901.00,1.37,-0.00,1978.92,1901.00,0.79,-0.00
00:08:26.759 [TUNER] 1044,1000,1948.34,1896.50,1.37,-0.00,1978.92,1896.50,0.79,-0.00
00:08:26.794 [TUNER] 1045,1000,1979.59,1891.90,0.79,-0.00,1943.93,1891.90,1.08,-0.00
00:08:26.794 [TUNER] 1046,1000,1979.59,1887.20,0.79,-0.00,1943.93,1887.20,1.08,-0.00
00:08:26.829 [TUNER] 1047,1000,2001.16,1882.40,0.29,-0.00,1862.68,1882.40,2.05,-0.00
00:08:26.864 [TUNER] 1048,1000,2001.16,1877.50,0.29,-0.00,1862.68,1877.50,2.05,-0.00
00:08:26.866 [TUNER] 1049,1000,1927.36,1872.50,1.02,-0.00,1820.01,1872.50,2.53,-0.00
00:08:26.899 [TUNER] 1050,1000,1927.36,1867.40,1.02,-0.00,1820.01,1867.40,2.53,-0.00
00:08:26.900 [TUNER] 1051,1000,1887.22,1862.20,1.36,-0.00,1830.54,1862.20,2.27,-0.00
00:08:26.933 [TUNER] 1052,1000,1887.22,1856.90,1.36,-0.00,1830.54,1856.90,2.27,-0.00
00:08:26.969 [TUNER] 1053,1000,1803.56,1851.50,2.29,-0.00,1825.23,1851.50,2.21,-0.00
00:08:26.969 [TUNER] 1054,1000,1803.56,1846.00,2.29,-0.00,1825.23,1846.00,2.21,-0.00
00:08:27.005 [TUNER] 1055,1000,1786.46,1840.40,2.40,-0.00,1869.08,1840.40,1.44,-0.00
00:08:27.006 [TUNER] 1056,1000,1786.46,1834.70,2.40,-0.00,1869.08,1834.70,1.44,-0.00
00:08:27.038 [TUNER] 1057,1000,1836.35,1828.90,1.62,-0.00,1852.62,1828.90,1.47,-0.00
00:08:27.074 [TUNER] 1058,1000,1836.35,1823.00,1.62,-0.00,1852.62,1823.00,1.47,-0.00
00:08:27.074 [TUNER] 1059,1000,1883.13,1817.00,0.83,-0.00,1873.81,1817.00,0.96,-0.00
00:08:27.109 [TUNER] 1060,1000,1883.13,1810.90,0.83,-0.00,1873.81,1810.90,0.96,-0.00
00:08:27.109 [TUNER] 1061,1000,1925.71,1804.70,0.03,-0.00,1852.97,1804.70,1.02,-0.00
00:08:27.143 [TUNER] 1062,1000,1925.71,1798.40,0.03,-0.00,1852.97,1798.40,1.02,-0.00
00:08:27.180 [TUNER] 1063,1000,1906.52,1792.00,-0.01,-0.00,1829.42,1792.00,1.11,-0.00
00:08:27.181 [TUNER] 1064,1000,1906.52,1785.50,-0.01,-0.00,1829.42,1785.50,1.11,-0.00
00:08:27.215 [TUNER] 1065,1000,1855.08,1778.90,0.39,-0.00,1812.31,1778.90,1.12,-0.00
00:08:27.216 [TUNER] 1066,1000,1772.41,1772.20,1.32,-0.00,1779.38,1772.20,1.46,-0.00
00:08:27.248 [TUNER] 1067,1000,1772.41,1765.40,1.32,-0.00,1779.38,1765.40,1.46,-0.00
00:08:27.283 [TUNER] 1068,1000,1665.45,1758.50,2.54,-0.00,1782.76,1758.50,1.20,-0.00
00:08:27.284 [TUNER] 1069,1000,1665.45,1751.50,2.54,-0.00,1782.76,1751.50,1.20,-0.00
00:08:27.319 [TUNER] 1070,1000,1578.04,1744.40,3.59,-0.00,1809.33,1744.40,0.58,-0.00
00:08:27.319 [TUNER] 1071,1000,1578.04,1737.20,3.59,-0.00,1809.33,1737.20,0.58,-0.00
00:08:27.354 [TUNER] 1072,1000,1623.23,1729.90,2.93,-0.00,1768.74,1729.90,0.87,-0.00
00:08:27.392 [TUNER] 1073,1000,1623.23,1722.50,2.93,-0.00,1768.74,1722.50,0.87,-0.00
00:08:27.394 [TUNER] 1074,1000,1712.63,1715.00,1.62,-0.00,1743.15,1715.00,0.98,-0.00
00:08:27.423 [TUNER] 1075,1000,1712.63,1707.40,1.62,-0.00,1743.15,1707.40,0.98,-0.00
00:08:27.423 [TUNER] 1076,1000,1825.39,1699.70,-0.09,-0.00,1693.46,1699.70,1.43,-0.00
00:08:27.458 [TUNER] 1077,1000,1825.39,1691.90,-0.09,-0.00,1693.46,1691.90,1.43,-0.00
00:08:27.493 [TUNER] 1078,1000,1807.36,1684.00,-0.19,-0.00,1679.48,1684.00,1.39,-0.00
00:08:27.496 [TUNER] 1079,1000,1807.36,1676.00,-0.19,-0.00,1679.48,1676.00,1.39,-0.00
00:08:27.528 [TUNER] 1080,1000,1741.40,1667.90,0.35,-0.00,1709.53,1667.90,0.72,-0.00
00:08:27.529 [TUNER] 1081,1000,1741.40,1659.70,0.35,-0.00,1709.53,1659.70,0.72,-0.00
00:08:27.563 [TUNER] 1082,1000,1649.11,1651.40,1.27,-0.00,1690.62,1651.40,0.70,-0.00
00:08:27.566 [TUNER] 1083,1000,1649.11,1643.00,1.27,-0.00,1690.62,1643.00,0.70,-0.00
00:08:27.598 [TUNER] 1084,1000,1558.10,1634.50,2.24,-0.00,1661.75,1634.50,0.82,-0.00
00:08:27.634 [TUNER] 1085,1000,1558.10,1625.90,2.24,-0.00,1661.75,1625.90,0.82,-0.00
00:08:27.634 [TUNER] 1086,1000,1524.80,1617.20,2.50,-0.00,1623.18,1617.20,1.08,-0.00
00:08:27.669 [TUNER] 1087,1000,1524.80,1608.40,2.50,-0.00,1623.18,1608.40,1.08,-0.00
00:08:27.670 [TUNER] 1088,1000,1575.48,1599.50,1.66,-0.00,1547.67,1599.50,1.89,-0.00
00:08:27.703 [TUNER] 1089,1000,1575.48,1590.50,1.66,-0.00,1547.67,1590.50,1.89,-0.00
00:08:27.739 [TUNER] 1090,1000,1667.56,1581.40,0.20,-0.00,1507.87,1581.40,2.23,-0.00
00:08:27.740 [TUNER] 1091,1000,1667.56,1572.20,0.20,-0.00,1507.87,1572.20,2.23,-0.00
00:08:27.774 [TUNER] 1092,1000,1777.31,1562.90,-1.60,-0.00,1517.26,1562.90,1.88,-0.00
00:08:27.776 [TUNER] 1093,1000,1777.31,1553.50,-1.60,-0.00,1517.26,1553.50,1.88,-0.00
00:08:27.809 [TUNER] 1094,1000,1724.23,1544.00,-1.35,-0.00,1516.19,1544.00,1.65,-0.00
00:08:27.809 [TUNER] 1095,1000,1724.23,1534.40,-1.35,-0.00,1516.19,1534.40,1.65,-0.00
00:08:27.844 [TUNER] 1096,1000,1609.60,1524.70,-0.27,-0.00,1517.05,1524.70,1.37,-0.00
00:08:27.879 [TUNER] 1097,1000,1609.60,1514.90,-0.27,-0.00,1517.05,1514.90,1.37,-0.00
00:08:27.881 [TUNER] 1098,1000,1500.72,1505.00,0.82,-0.00,1552.10,1505.00,0.57,-0.00
00:08:27.913 [TUNER] 1099,1000,1500.72,1495.00,0.82,-0.00,1552.10,1495.00,0.57,-0.00
00:08:27.913 [TUNER] 1100,1000,1399.87,1484.90,1.88,-0.00,1564.67,1484.90,0.04,-0.00
00:08:27.948 [TUNER] 1101,1000,1399.87,1474.70,1.88,-0.00,1564.67,1474.70,0.04,-0.00
00:08:27.983 [TUNER] 1102,1000,1305.45,1464.40,2.91,-0.00,1588.48,1464.40,-0.70,-0.00
00:08:27.984 [TUNER] 1103,1000,1305.45,1454.00,2.91,-0.00,1588.48,1454.00,-0.70,-0.00
00:08:28.055 [TUNER] 1104,1000,1305.50,1443.50,2.76,-0.00,1562.85,1443.50,-0.77,-0.00
00:08:28.055 [TUNER] 1105,1000,1305.50,1432.90,2.76,-0.00,1562.85,1432.90,-0.77,-0.00
00:08:28.055 [TUNER] 1106,1000,1408.63,1422.20,1.21,-0.00,1490.81,1422.20,-0.18,-0.00
00:08:28.056 [TUNER] 1107,1003,1507.56,1411.40,-0.21,-0.00,1427.16,1411.40,0.51,-0.00
00:08:28.089 [TUNER] 1108,997,1507.56,1400.50,-0.21,-0.00,1427.16,1400.50,0.51,-0.00
00:08:28.123 [TUNER] 1109,1000,1587.84,1389.50,-1.67,-0.00,1369.77,1389.50,0.99,-0.00
00:08:28.124 [TUNER] 1110,1000,1587.84,1378.40,-1.67,-0.00,1369.77,1378.40,0.99,-0.00
00:08:28.162 [TUNER] 1111,1000,1594.99,1367.20,-2.26,-0.00,1348.37,1367.20,0.97,-0.00
00:08:28.164 [TUNER] 1112,1000,1594.99,1355.90,-2.26,-0.00,1348.37,1355.90,0.97,-0.00
00:08:28.194 [TUNER] 1113,1000,1504.49,1344.50,-1.59,-0.00,1339.84,1344.50,0.76,-0.00
00:08:28.197 [TUNER] 1114,1000,1504.49,1333.00,-1.59,-0.00,1339.84,1333.00,0.76,-0.00
00:08:28.229 [TUNER] 1115,1000,1375.40,1321.40,-0.34,-0.00,1362.22,1321.40,0.09,-0.00
00:08:28.265 [TUNER] 1116,1000,1375.40,1309.70,-0.34,-0.00,1362.22,1309.70,0.09,-0.00
00:08:28.265 [TUNER] 1117,1000,1284.15,1297.90,0.48,-0.00,1411.06,1297.90,-1.01,-0.00
00:08:28.300 [TUNER] 1118,1000,1284.15,1286.00,0.48,-0.00,1411.06,1286.00,-1.01,-0.00
00:08:28.301 [TUNER] 1119,1000,1149.30,1274.00,1.94,-0.00,1376.24,1274.00,-0.98,-0.00
00:08:28.337 [TUNER] 1120,1000,1149.30,1262.00,1.94,-0.00,1376.24,1262.00,-0.98,-0.00
00:08:28.337 [TUNER] 1121,1000,1084.38,1250.00,2.58,-0.00,1320.91,1250.00,-0.66,-0.00
00:08:28.368 [TUNER] 1122,1000,1084.38,1238.00,2.58,-0.00,1320.91,1238.00,-0.66,-0.00
00:08:28.405 [TUNER] 1123,1000,1099.44,1226.00,2.18,-0.00,1247.43,1226.00,-0.04,-0.00
00:08:28.407 [TUNER] 1124,1000,1099.44,1214.00,2.18,-0.00,1247.43,1214.00,-0.04,-0.00
00:08:28.438 [TUNER] 1125,1000,1144.13,1202.00,1.36,-0.00,1162.88,1202.00,0.79,-0.00
00:08:28.439 [TUNER] 1126,1000,1144.13,1190.00,1.36,-0.00,1162.88,1190.00,0.79,-0.00
00:08:28.474 [TUNER] 1127,1000,1238.30,1178.00,-0.18,-0.00,1093.52,1178.00,1.45,-0.00
00:08:28.508 [TUNER] 1128,1000,1238.30,1166.00,-0.18,-0.00,1093.52,1166.00,1.45,-0.00
00:08:28.509 [TUNER] 1129,1000,1286.15,1154.00,-1.22,-0.00,1056.93,1154.00,1.69,-0.00
00:08:28.547 [TUNER] 1130,1000,1286.15,1142.00,-1.22,-0.00,1056.93,1142.00,1.69,-0.00
00:08:28.550 [TUNER] 1131,1000,1319.27,1130.00,-2.12,-0.00,1068.89,1130.00,1.25,-0.00
00:08:28.579 [TUNER] 1132,1000,1319.27,1118.00,-2.12,-0.00,1068.89,1118.00,1.25,-0.00
00:08:28.580 [TUNER] 1133,1000,1261.17,1106.00,-1.86,-0.00,1170.60,1106.00,-0.53,-0.00
00:08:28.613 [TUNER] 1134,1000,1261.17,1094.00,-1.86,-0.00,1170.60,1094.00,-0.53,-0.00
00:08:28.649 [TUNER] 1135,1000,1248.23,1082.00,-2.17,-0.00,1206.76,1082.00,-1.47,-0.00
00:08:28.649 [TUNER] 1136,1000,1248.23,1070.00,-2.17,-0.00,1206.76,1070.00,-1.47,-0.00
00:08:28.683 [TUNER] 1137,1002,1249.17,1058.00,-2.67,-0.00,1236.59,1058.00,-2.39,-0.00
00:08:28.684 [TUNER] 1138,998,1249.17,1046.00,-2.67,-0.00,1236.59,1046.00,-2.39,-0.00
00:08:28.719 [TUNER] 1139,1000,1228.06,1034.00,-2.90,-0.00,1204.24,1034.00,-2.47,-0.00
00:08:28.719 [TUNER] 1140,1000,1228.06,1022.00,-2.90,-0.00,1204.24,1022.00,-2.47,-0.00
00:08:28.753 [TUNER] 1141,1000,1149.10,1010.00,-2.37,-0.00,1150.66,1010.00,-2.23,-0.00
00:08:28.789 [TUNER] 1142,1000,1149.10,998.00,-2.37,-0.00,1150.66,998.00,-2.23,-0.00
00:08:28.789 [TUNER] 1143,1000,1001.75,986.00,-0.88,-0.00,1042.51,986.00,-1.18,-0.00
00:08:28.825 [TUNER] 1144,1000,1001.75,974.00,-0.88,-0.00,1042.51,974.00,-1.18,-0.00
00:08:28.825 [TUNER] 1145,1000,839.20,962.00,0.92,-0.00,895.86,962.00,0.51,-0.00
00:08:28.859 [TUNER] 1146,1000,839.20,950.00,0.92,-0.00,895.86,950.00,0.51,-0.00
00:08:28.859 [TUNER] 1147,1000,716.03,938.00,2.32,-0.00,745.90,938.00,2.36,-0.00
00:08:28.896 [TUNER] 1148,1000,716.03,926.00,2.32,-0.00,745.90,926.00,2.36,-0.00
00:08:28.929 [TUNER] 1149,1000,681.06,914.00,2.64,-0.00,653.41,914.00,3.50,-0.00
00:08:28.930 [TUNER] 1150,1000,681.06,902.00,2.64,-0.00,653.41,902.00,3.50,-0.00
00:08:28.962 [TUNER] 1151,1000,732.12,890.00,1.83,-0.00,651.58,890.00,3.41,-0.00
00:08:28.962 [TUNER] 1152,1000,732.12,878.00,1.83,-0.00,651.58,878.00,3.41,-0.00
00:08:28.997 [TUNER] 1153,1000,822.78,866.00,0.42,-0.00,708.54,866.00,2.45,-0.00
00:08:28.997 [TUNER] 1154,1000,822.78,854.00,0.42,-0.00,708.54,854.00,2.45,-0.00
00:08:29.032 [TUNER] 1155,1000,917.65,842.00,-1.14,-0.00,822.82,842.00,0.59,-0.00
00:08:29.068 [TUNER] 1156,1000,917.65,830.00,-1.14,-0.00,822.82,830.00,0.59,-0.00
00:08:29.069 [TUNER] 1157,1000,967.78,818.00,-2.22,-0.00,907.37,818.00,-0.97,-0.00
00:08:29.103 [TUNER] 1158,1000,967.78,806.00,-2.22,-0.00,907.37,806.00,-0.97,-0.00
00:08:29.103 [TUNER] 1159,1000,944.31,794.00,-2.38,-0.00,926.91,794.00,-1.71,-0.00
00:08:29.139 [TUNER] 1160,1000,944.31,782.00,-2.38,-0.00,926.91,782.00,-1.71,-0.00
00:08:29.139 [TUNER] 1161,1000,843.07,770.00,-1.51,-0.00,901.31,770.00,-1.84,-0.00
00:08:29.174 [TUNER] 1162,1000,843.07,758.00,-1.51,-0.00,901.31,758.00,-1.84,-0.00
00:08:29.209 [TUNER] 1163,1000,731.15,746.00,-0.44,-0.00,817.26,746.00,-1.12,-0.00
00:08:29.209 [TUNER] 1164,1000,731.15,734.00,-0.44,-0.00,817.26,734.00,-1.12,-0.00
00:08:29.243 [TUNER] 1165,1000,667.39,722.00,0.08,-0.00,701.91,722.00,0.10,-0.00
00:08:29.245 [TUNER] 1166,1000,667.39,710.00,0.08,-0.00,701.91,710.00,0.10,-0.00
00:08:29.280 [TUNER] 1167,1000,630.12,698.10,0.28,-0.00,759.11,698.10,-1.07,-0.00
00:08:29.284 [TUNER] 1168,1000,630.12,686.30,0.28,-0.00,759.11,686.30,-1.07,-0.00
00:08:29.315 [TUNER] 1169,1000,660.44,674.60,-0.39,-0.00,827.20,674.60,-2.47,-0.00
00:08:29.348 [TUNER] 1170,1000,660.44,663.00,-0.39,-0.00,827.20,663.00,-2.47,-0.00
00:08:29.349 [TUNER] 1171,1000,751.70,651.50,-1.92,-0.00,890.26,651.50,-3.88,-0.00
00:08:29.384 [TUNER] 1172,1000,751.70,640.10,-1.92,-0.00,890.26,640.10,-3.88,-0.00
00:08:29.385 [TUNER] 1173,1000,853.91,628.80,-3.70,-0.00,854.81,628.80,-3.95,-0.00
00:08:29.418 [TUNER] 1174,1000,853.91,617.60,-3.70,-0.00,854.81,617.60,-3.95,-0.00
00:08:29.418 [TUNER] 1175,1000,851.50,606.50,-4.18,-0.00,766.31,606.50,-3.23,-0.00
00:08:29.454 [TUNER] 1176,1000,851.50,595.50,-4.18,-0.00,766.31,595.50,-3.23,-0.00
00:08:29.488 [TUNER] 1177,1000,755.08,584.60,-3.43,-0.00,714.41,584.60,-2.98,-0.00
00:08:29.489 [TUNER] 1178,1000,755.08,573.80,-3.43,-0.00,714.41,573.80,-2.98,-0.00
00:08:29.524 [TUNER] 1179,1000,645.30,563.10,-2.43,-0.00,674.62,563.10,-2.86,-0.00
00:08:29.524 [TUNER] 1180,1000,645.30,552.50,-2.43,-0.00,674.62,552.50,-2.86,-0.00
00:08:29.559 [TUNER] 1181,1000,548.88,542.00,-1.53,-0.00,630.75,542.00,-2.66,-0.00
00:08:29.560 [TUNER] 1182,1000,548.88,531.60,-1.53,-0.00,630.75,531.60,-2.66,-0.00
00:08:29.597 [TUNER] 1183,1000,468.31,521.30,-0.76,-0.00,535.52,521.30,-1.69,-0.00
00:08:29.631 [TUNER] 1184,1000,468.31,511.10,-0.76,-0.00,535.52,511.10,-1.69,-0.00
00:08:29.631 [TUNER] 1185,1000,371.21,501.00,0.29,-0.00,394.06,501.00,0.01,-0.00
00:08:29.667 [TUNER] 1186,1000,371.21,491.00,0.29,-0.00,394.06,491.00,0.01,-0.00
00:08:29.699 [TUNER] 1187,1000,279.79,481.10,1.33,-0.00,246.52,481.10,1.93,-0.00
00:08:29.700 [TUNER] 1188,1000,279.79,471.30,1.33,-0.00,246.52,471.30,1.93,-0.00
00:08:29.700 [TUNER] 1189,1000,192.91,461.60,2.39,-0.00,143.96,461.60,3.33,-0.00
00:08:29.733 [TUNER] 1190,1000,192.91,452.00,2.39,-0.00,143.96,452.00,3.33,-0.00
00:08:29.769 [TUNER] 1191,1000,152.61,442.50,2.89,-0.00,118.60,442.50,3.70,-0.00
00:08:29.769 [TUNER] 1192,1000,152.61,433.10,2.89,-0.00,118.60,433.10,3.70,-0.00
00:08:29.804 [TUNER] 1193,1000,226.89,423.80,1.89,-0.00,208.28,423.80,2.44,-0.00
00:08:29.805 [TUNER] 1194,1000,226.89,414.60,1.89,-0.00,208.28,414.60,2.44,-0.00
00:08:29.849 [TUNER] 1195,1000,325.83,405.50,0.50,-0.00,317.81,405.50,0.79,-0.00
00:08:29.849 [TUNER] 1196,1000,325.83,396.50,0.50,-0.00,317.81,396.50,0.79,-0.00
00:08:29.872 [TUNER] 1197,1000,425.59,387.60,-1.01,-0.00,450.11,387.60,-1.30,-0.00
00:08:29.911 [TUNER] 1198,1000,425.59,378.80,-1.01,-0.00,450.11,378.80,-1.30,-0.00
00:08:29.914 [TUNER] 1199,1000,505.41,370.10,-2.36,-0.00,569.69,370.10,-3.35,-0.00
00:08:29.943 [TUNER] 1200,1000,505.41,361.50,-2.36,-0.00,569.69,361.50,-3.35,-0.00
00:08:29.946 [TUNER] 1201,1000,536.62,353.00,-3.14,-0.00,569.14,353.00,-3.79,-0.00
00:08:29.979 [TUNER] 1202,1000,536.62,344.60,-3.14,-0.00,569.14,344.60,-3.79,-0.00
00:08:29.979 [TUNER] 1203,1000,487.71,336.30,-2.89,-0.00,501.70,336.30,-3.29,-0.00
00:08:30.016 [TUNER] 1204,1000,487.71,328.10,-2.89,-0.00,501.70,328.10,-3.29,-0.00
00:08:30.048 [TUNER] 1205,1000,436.55,320.00,-2.58,-0.00,483.83,320.00,-3.44,-0.00
00:08:30.049 [TUNER] 1206,1000,436.55,312.00,-2.58,-0.00,483.83,312.00,-3.44,-0.00
00:08:30.084 [TUNER] 1207,1000,395.63,304.10,-2.37,-0.00,545.12,304.10,-4.72,-0.00
00:08:30.084 [TUNER] 1208,1000,395.63,296.30,-2.37,-0.00,545.12,296.30,-4.72,-0.00
00:08:30.118 [TUNER] 1209,1000,426.46,288.60,-3.08,-0.00,528.87,288.60,-4.96,-0.00
00:08:30.118 [TUNER] 1210,1000,426.46,281.00,-3.08,-0.00,528.87,281.00,-4.96,-0.00
00:08:30.153 [TUNER] 1211,1000,461.43,273.50,-3.88,-0.00,428.25,273.50,-3.97,-0.00
00:08:30.187 [TUNER] 1212,1000,461.43,266.10,-3.88,-0.00,428.25,266.10,-3.97,-0.00
00:08:30.188 [TUNER] 1213,1000,405.23,258.80,-3.51,-0.00,282.47,258.80,-2.25,-0.01
00:08:30.224 [TUNER] 1214,1000,405.23,251.60,-3.51,-0.00,282.47,251.60,-2.25,-0.01
00:08:30.225 [TUNER] 1215,1000,269.20,244.50,-2.04,-0.00,138.36,244.50,-0.42,-0.00
00:08:30.258 [TUNER] 1216,1000,269.20,237.50,-2.04,-0.00,138.36,237.50,-0.42,-0.00
00:08:30.293 [TUNER] 1217,1000,84.79,230.60,0.19,-0.00,53.99,230.60,0.68,-0.00
00:08:30.295 [TUNER] 1218,1000,84.79,223.80,0.19,-0.00,53.99,223.80,0.68,-0.00
00:08:30.332 [TUNER] 1219,1000,-88.51,217.10,2.42,-0.00,46.63,217.10,0.74,-0.00
00:08:30.332 [TUNER] 1220,1000,-88.51,210.50,2.42,-0.00,46.63,210.50,0.74,-0.00
00:08:30.364 [TUNER] 1221,1000,-199.66,204.00,3.99,-0.00,75.10,204.00,0.30,-0.00
00:08:30.366 [TUNER] 1222,1000,-199.66,197.60,3.99,-0.00,75.10,197.60,0.30,-0.00
00:08:30.400 [TUNER] 1223,1000,-133.96,191.30,3.29,-0.00,121.93,191.30,-0.45,-0.00
00:08:30.433 [TUNER] 1224,1000,-133.96,185.10,3.29,-0.00,121.93,185.10,-0.45,-0.00
00:08:30.434 [TUNER] 1225,1000,35.43,179.00,1.16,-0.00,155.96,179.00,-1.06,-0.00
00:08:30.469 [TUNER] 1226,1000,35.43,173.00,1.16,-0.00,155.96,173.00,-1.06,-0.00
00:08:30.470 [TUNER] 1227,1000,234.51,167.10,-1.53,-0.00,152.25,167.10,-1.16,-0.00
00:08:30.504 [TUNER] 1228,1000,234.51,161.30,-1.53,-0.00,152.25,161.30,-1.16,-0.00
00:08:30.505 [TUNER] 1229,1000,388.62,155.60,-3.80,-0.00,125.24,155.60,-0.94,-0.00
00:08:30.538 [TUNER] 1230,1000,388.62,150.00,-3.80,-0.00,125.24,150.00,-0.94,-0.00
00:08:30.574 [TUNER] 1231,1000,383.06,144.50,-4.09,-0.00,74.42,144.50,-0.35,-0.00
00:08:30.575 [TUNER] 1232,1000,383.06,139.10,-4.09,-0.00,74.42,139.10,-0.35,-0.00
00:08:30.609 [TUNER] 1233,1000,272.08,133.80,-2.98,-0.00,16.59,133.80,0.38,-0.00
00:08:30.610 [TUNER] 1234,1000,272.08,128.60,-2.98,-0.00,16.59,128.60,0.38,-0.00
00:08:30.645 [TUNER] 1235,1000,136.92,123.50,-1.46,-0.00,13.27,123.50,0.39,-0.00
00:08:30.645 [TUNER] 1236,1000,136.92,118.50,-1.46,-0.00,13.27,118.50,0.39,-0.00
00:08:30.680 [TUNER] 1237,1000,28.79,113.60,-0.18,-0.00,103.39,113.60,-0.95,-0.00
00:08:30.713 [TUNER] 1238,1000,28.79,108.80,-0.18,-0.00,103.39,108.80,-0.95,-0.00
00:08:30.750 [TUNER] 1239,1000,-2.74,104.10,0.18,-0.00,190.95,104.10,-2.35,-0.00
00:08:30.752 [TUNER] 1240,1000,-2.74,99.50,0.18,-0.00,190.95,99.50,-2.35,-0.00
00:08:30.753 [TUNER] 1241,1000,85.43,95.00,-1.02,-0.00,176.81,95.00,-2.37,-0.00
00:08:30.782 [TUNER] 1242,1000,85.43,90.60,-1.02,-0.00,176.81,90.60,-2.37,-0.00
00:08:30.783 [TUNER] 1243,1000,193.76,86.30,-2.58,-0.00,158.63,86.30,-2.32,-0.00
00:08:30.819 [TUNER] 1244,1000,193.76,82.10,-2.58,-0.00,158.63,82.10,-2.32,-0.00
00:08:30.853 [TUNER] 1245,1000,290.73,78.00,-4.08,-0.00,164.70,78.00,-2.60,-0.00
00:08:30.854 [TUNER] 1246,1000,290.73,74.00,-4.08,-0.00,164.70,74.00,-2.60,-0.00
00:08:30.888 [TUNER] 1247,1000,239.46,70.10,-3.70,-0.00,147.22,70.10,-2.56,-0.00
00:08:30.889 [TUNER] 1248,1000,239.46,66.30,-3.70,-0.00,147.22,66.30,-2.56,-0.00
00:08:30.923 [TUNER] 1249,1000,131.44,62.60,-2.52,-0.00,88.57,62.60,-1.90,-0.00
00:08:30.925 [TUNER] 1250,1000,131.44,59.00,-2.52,-0.00,88.57,59.00,-1.90,-0.00
00:08:30.959 [TUNER] 1251,1000,-3.09,55.50,-0.90,-0.00,43.37,55.50,-1.39,-0.00
00:08:30.992 [TUNER] 1252,1000,-3.09,52.10,-0.90,-0.00,43.37,52.10,-1.39,-0.00
00:08:30.994 [TUNER] 1253,1000,-110.71,48.80,0.49,-0.00,38.13,48.80,-1.40,-0.00
00:08:31.028 [TUNER] 1254,1000,-110.71,45.60,0.49,-0.00,38.13,45.60,-1.40,-0.00
00:08:31.029 [TUNER] 1255,1000,-186.50,42.50,1.54,-0.00,59.71,42.50,-1.80,-0.00
00:08:31.064 [TUNER] 1256,1000,-186.50,39.50,1.54,-0.00,59.71,39.50,-1.80,-0.00
00:08:31.064 [TUNER] 1257,1000,-211.05,36.60,1.99,-0.00,68.39,36.60,-2.03,-0.00
00:08:31.098 [TUNER] 1258,1000,-211.05,33.80,1.99,-0.00,68.39,33.80,-2.03,-0.00
00:08:31.133 [TUNER] 1259,1000,-132.76,31.10,1.09,-0.00,44.40,31.10,-1.80,-0.00
00:08:31.134 [TUNER] 1260,1000,-132.76,28.50,1.09,-0.00,44.40,28.50,-1.80,-0.00
00:08:31.168 [TUNER] 1261,1000,0.31,26.00,-0.60,-0.00,-19.46,26.00,-0.98,-0.00
00:08:31.169 [TUNER] 1262,1000,0.31,23.60,-0.60,-0.00,-19.46,23.60,-0.98,-0.00
00:08:31.204 [TUNER] 1263,1000,117.08,21.30,-2.19,-0.00,-92.88,21.30,0.05,-0.00
00:08:31.204 [TUNER] 1264,1000,117.08,19.10,-2.19,-0.00,-92.88,19.10,0.05,-0.00
00:08:31.239 [TUNER] 1265,1000,198.46,17.00,-3.42,-0.00,-153.33,17.00,0.96,-0.00
00:08:31.274 [TUNER] 1266,1000,198.46,15.00,-3.42,-0.00,-153.33,15.00,0.96,-0.00
00:08:31.275 [TUNER] 1267,1000,139.87,13.10,-2.86,-0.00,-184.52,13.10,1.51,-0.00
00:08:31.309 [TUNER] 1268,1000,139.87,11.30,-2.86,-0.00,-184.52,11.30,1.51,-0.00
00:08:31.310 [TUNER] 1269,1000,24.28,9.60,-1.49,-0.00,-156.20,9.60,1.24,-0.00
00:08:31.345 [TUNER] 1270,1000,24.28,8.00,-1.49,-0.00,-156.20,8.00,1.24,-0.00
00:08:31.347 [TUNER] 1271,1000,-116.30,6.50,0.32,-0.00,-92.32,6.50,0.44,-0.00
00:08:31.378 [TUNER] 1272,1000,-116.30,5.10,0.32,-0.00,-92.32,5.10,0.44,-0.00
00:08:31.415 [TUNER] 1273,1000,-230.49,3.80,1.91,-0.00,-30.90,3.80,-0.39,-0.00
00:08:31.416 [TUNER] 1274,1000,-230.49,2.60,1.91,-0.00,-30.90,2.60,-0.39,-0.00
00:08:31.449 [TUNER] 1275,1000,-189.55,1.50,1.54,-0.00,-23.01,1.50,-0.51,-0.00
00:08:31.449 [TUNER] 1276,1000,-189.55,0.50,1.54,-0.00,-23.01,0.50,-0.51,-0.00
00:08:31.485 [TUNER] 1277,1000,-60.58,-0.40,-0.20,-0.00,-13.25,-0.40,-1.10,-0.00
00:08:31.485 [TUNER] 1278,1000,-60.58,-1.20,-0.20,-0.00,-13.25,-1.20,-1.10,-0.00
00:08:31.518 [TUNER] 1279,1000,68.36,-1.90,-1.88,-0.00,-3.73,-1.90,-1.24,-0.00
00:08:31.554 [TUNER] 1280,1000,68.36,-2.50,-1.88,-0.00,-3.73,-2.50,-1.24,-0.00
00:08:31.554 [TUNER] 1281,1000,147.42,-3.00,-3.01,-0.00,0.45,-3.00,-1.32,-0.00
00:08:31.588 [TUNER] 1282,1000,147.42,-3.40,-3.01,-0.00,0.45,-3.40,-1.32,-0.00
00:08:31.588 [TUNER] 1283,1000,78.40,-3.70,-2.23,-0.00,2.08,-3.70,-1.36,-0.00
00:08:31.624 [TUNER] 1284,1000,78.40,-3.90,-2.23,-0.00,2.08,-3.90,-1.36,-0.00
00:08:31.624 [TUNER] 1285,1000,-0.85,-4.00,-1.26,-0.00,1.66,-4.00,-1.36,-0.00
00:08:31.658 [TUNER] 1286,1000,-0.85,0.00,-1.26,-0.00,1.66,0.00,-1.36,-0.00
00:08:31.695 [TUNER] 1287,1000,-48.78,0.00,-0.40,-0.00,1.33,0.00,-0.86,-0.00
00:08:31.696 [TUNER] 1288,1000,-48.78,0.00,-0.40,-0.00,1.33,0.00,-0.86,-0.00
00:08:31.730 [TUNER] 1289,1000,-69.95,0.00,-0.08,-0.00,-2.37,0.00,-0.80,-0.00
00:08:31.731 [TUNER] 1290,1000,-69.95,0.00,-0.08,-0.00,-2.37,0.00,-0.80,-0.00
00:08:31.764 [TUNER] 1291,1000,-49.09,0.00,-0.29,-0.00,-1.90,0.00,-0.81,-0.00
00:08:31.766 [TUNER] 1292,1000,-49.09,0.00,-0.29,-0.00,-1.90,0.00,-0.81,-0.00
00:08:31.799 [TUNER] 1293,1000,-10.06,0.00,-0.76,-0.00,-3.24,0.00,-0.79,-0.00
00:08:31.834 [TUNER] 1294,1000,-10.06,0.00,-0.76,-0.00,-3.24,0.00,-0.79,-0.00
00:08:31.835 [TUNER] 1295,1000,22.87,0.00,-1.19,-0.00,-9.46,0.00,-0.70,-0.00
00:08:31.870 [TUNER] 1296,1000,22.87,0.00,-1.19,-0.00,-9.46,0.00,-0.70,-0.00
00:08:31.871 [TUNER] 1297,1000,44.07,0.00,-1.49,-0.00,-16.16,0.00,-0.59,-0.00
00:08:31.904 [TUNER] 1298,1000,44.07,0.00,-1.49,-0.00,-16.16,0.00,-0.59,-0.00
00:08:31.906 [TUNER] 1299,1000,33.54,0.00,-1.39,-0.00,-19.80,0.00,-0.52,-0.00
00:08:31.939 [TUNER] 1300,1000,33.54,0.00,-1.39,-0.00,-19.80,0.00,-0.52,-0.00
00:08:31.975 [TUNER] 1301,1000,14.80,0.00,-1.17,-0.00,-17.56,0.00,-0.54,-0.00
00:08:31.975 [TUNER] 1302,1000,14.80,0.00,-1.17,-0.00,-17.56,0.00,-0.54,-0.00
00:08:32.008 [TUNER] 1303,1000,10.12,0.00,-1.13,-0.00,-14.05,0.00,-0.57,-0.00
00:08:32.010 [TUNER] 1304,1000,10.12,0.00,-1.13,-0.00,-14.05,0.00,-0.57,-0.00
00:08:32.043 [TUNER] 1305,1000,6.38,0.00,-1.09,-0.00,-14.67,0.00,-0.55,-0.00
00:08:32.079 [TUNER] 1306,1000,6.38,0.00,-1.09,-0.00,-14.67,0.00,-0.55,-0.00
00:08:32.114 [TUNER] 1307,1000,-1.77,0.00,-0.98,-0.00,-18.61,0.00,-0.48,-0.00
00:08:32.115 [TUNER] 1308,1000,-1.77,0.00,-0.98,-0.00,-18.61,0.00,-0.48,-0.00
00:08:32.116 [TUNER] 1309,1000,-13.44,0.00,-0.83,-0.00,-14.89,0.00,-0.51,-0.00
00:08:32.149 [TUNER] 1310,1000,-13.44,0.00,-0.83,-0.00,-14.89,0.00,-0.51,-0.00
00:08:32.149 [TUNER] 1311,1000,-22.78,0.00,-0.69,-0.00,-11.91,0.00,-0.54,-0.00
00:08:32.184 [TUNER] 1312,1000,-22.78,0.00,-0.69,-0.00,-11.91,0.00,-0.54,-0.00
00:08:32.184 [TUNER] 1313,1000,-30.25,0.00,-0.57,-0.00,-9.53,0.00,-0.56,-0.00
00:08:32.218 [TUNER] 1314,1000,-30.25,0.00,-0.57,-0.00,-9.53,0.00,-0.56,-0.00
00:08:32.253 [TUNER] 1315,1000,-39.66,0.00,-0.42,-0.00,-7.62,0.00,-0.58,-0.00
00:08:32.253 [TUNER] 1316,1000,-39.66,0.00,-0.42,-0.00,-7.62,0.00,-0.58,-0.00
00:08:32.289 [TUNER] 1317,1000,-45.47,0.00,-0.31,-0.00,-6.10,0.00,-0.60,-0.00
00:08:32.289 [TUNER] 1318,1000,-45.47,0.00,-0.31,-0.00,-6.10,0.00,-0.60,-0.00
00:08:32.337 [TUNER] 1319,1000,-46.69,0.00,-0.25,-0.00,-4.88,0.00,-0.61,-0.00
00:08:32.338 [TUNER] 1320,1000,-46.69,0.00,-0.25,-0.00,-4.88,0.00,-0.61,-0.00
00:08:32.360 [TUNER] 1321,1000,-47.66,0.00,-0.20,-0.00,-3.90,0.00,-0.62,-0.00
00:08:32.392 [TUNER] 1322,1000,-47.66,0.00,-0.20,-0.00,-3.90,0.00,-0.62,-0.00
00:08:32.392 [TUNER] 1323,1000,-46.72,0.00,-0.17,-0.00,-3.12,0.00,-0.62,-0.00
00:08:32.427 [TUNER] 1324,1000,-46.72,0.00,-0.17,-0.00,-3.12,0.00,-0.62,-0.00
00:08:32.428 [TUNER] 1325,1000,-44.25,0.00,-0.16,-0.00,-2.50,0.00,-0.63,-0.00
00:08:32.462 [TUNER] 1326,1000,-44.25,0.00,-0.16,-0.00,-2.50,0.00,-0.63,-0.00
00:08:32.498 [TUNER] 1327,1000,-45.70,0.00,-0.10,-0.00,-2.00,0.00,-0.63,-0.00
00:08:32.499 [TUNER] 1328,1000,-45.70,0.00,-0.10,-0.00,-2.00,0.00,-0.63,-0.00
00:08:32.533 [TUNER] 1329,1000,-52.03,0.00,0.03,-0.00,-1.60,0.00,-0.64,-0.00
00:08:32.533 [TUNER] 1330,1000,-52.03,0.00,0.03,-0.00,-1.60,0.00,-0.64,-0.00
00:08:32.567 [TUNER] 1331,1000,-60.52,0.00,0.19,-0.00,-3.00,0.00,-0.62,-0.00
00:08:32.568 [TUNER] 1332,1000,-60.52,0.00,0.19,-0.00,-3.00,0.00,-0.62,-0.00
00:08:32.643 [TUNER] 1333,1000,-63.88,0.00,0.29,-0.00,-5.83,0.00,-0.57,-0.00
00:08:32.643 [TUNER] 1334,1000,-63.88,0.00,0.29,-0.00,-5.83,0.00,-0.57,-0.00
00:08:32.644 [TUNER] 1335,1000,-66.57,0.00,0.38,-0.00,-9.82,0.00,-0.51,-0.00
00:08:32.674 [TUNER] 1336,1000,-66.57,0.00,0.38,-0.00,-9.82,0.00,-0.51,-0.00
00:08:32.674 [TUNER] 1337,1000,-63.56,0.00,0.40,-0.00,-13.01,0.00,-0.46,-0.00
00:08:32.713 [TUNER] 1338,1000,-63.56,0.00,0.40,-0.00,-13.01,0.00,-0.46,-0.00
00:08:32.714 [TUNER] 1339,1000,-59.44,0.00,0.40,-0.00,-12.13,0.00,-0.46,-0.00
00:08:32.742 [TUNER] 1340,1000,-59.44,0.00,0.40,-0.00,-12.13,0.00,-0.46,-0.00
00:08:32.778 [TUNER] 1341,1000,-56.14,0.00,0.41,-0.00,-11.42,0.00,-0.45,-0.00
00:08:32.780 [TUNER] 1342,1000,-56.14,0.00,0.41,-0.00,-11.42,0.00,-0.45,-0.00
00:08:32.832 [TUNER] 1343,1000,-53.50,0.00,0.42,-0.00,-10.85,0.00,-0.45,-0.00
00:08:32.832 [TUNER] 1344,1000,-53.50,0.00,0.42,-0.00,-10.85,0.00,-0.45,-0.00
00:08:32.846 [TUNER] 1345,1000,-59.98,0.00,0.56,-0.00,-12.12,0.00,-0.42,-0.00
00:08:32.885 [TUNER] 1346,1000,-59.98,0.00,0.56,-0.00,-12.12,0.00,-0.42,-0.00
00:08:32.887 [TUNER] 1347,1000,-65.17,0.00,0.68,-0.00,-13.13,0.00,-0.40,-0.00
00:08:32.920 [TUNER] 1348,1000,-65.17,0.00,0.68,-0.00,-13.13,0.00,-0.40,-0.00
00:08:32.920 [TUNER] 1349,1000,-64.16,0.00,0.73,-0.00,-10.51,0.00,-0.42,-0.00
00:08:32.952 [TUNER] 1350,1000,-64.16,0.00,0.73,-0.00,-10.51,0.00,-0.42,-0.00
00:08:32.988 [TUNER] 1351,1000,-56.48,0.00,0.68,-0.00,-10.12,0.00,-0.42,-0.00
00:08:32.988 [TUNER] 1352,1000,-56.48,0.00,0.68,-0.00,-10.12,0.00,-0.42,-0.00
00:08:33.024 [TUNER] 1353,1000,-46.90,0.00,0.60,-0.00,-11.53,0.00,-0.39,-0.00
00:08:33.025 [TUNER] 1354,1004,-37.52,0.00,0.51,-0.00,-9.23,0.00,-0.41,-0.00
00:08:33.061 [TUNER] 1355,998,-37.52,0.00,0.51,-0.00,-9.23,0.00,-0.41,-0.00
00:08:33.095 [TUNER] 1356,998,-31.75,0.00,0.46,-0.00,-10.84,0.00,-0.38,-0.00
00:08:33.096 [TUNER] 1357,1000,-31.75,0.00,0.46,-0.00,-10.84,0.00,-0.38,-0.00
00:08:33.130 [TUNER] 1358,1000,-28.84,0.00,0.45,0.00,-10.39,0.00,-0.38,-0.00
00:08:33.131 [TUNER] 1359,1000,-28.84,0.00,0.45,0.00,-10.39,0.00,-0.38,-0.00
00:08:33.163 [TUNER] 1360,1000,-24.79,0.00,0.42,0.00,-10.03,0.00,-0.37,-0.00
00:08:33.198 [TUNER] 1361,1000,-24.79,0.00,0.42,0.00,-10.03,0.00,-0.37,-0.00
00:08:33.199 [TUNER] 1362,1000,-19.83,0.00,0.38,0.00,-9.74,0.00,-0.37,-0.00
00:08:33.233 [TUNER] 1363,1000,-19.83,0.00,0.38,0.00,-9.74,0.00,-0.37,-0.00
00:08:33.233 [TUNER] 1364,1000,-15.86,0.00,0.34,0.00,-9.51,0.00,-0.36,-0.00
00:08:33.267 [TUNER] 1365,1000,-15.86,0.00,0.34,0.00,-9.51,0.00,-0.36,-0.00
00:08:33.304 [TUNER] 1366,1000,-12.69,0.00,0.32,0.00,-7.61,0.00,-0.38,-0.00
00:08:33.305 [TUNER] 1367,1000,-12.69,0.00,0.32,0.00,-7.61,0.00,-0.38,-0.00
00:08:33.338 [TUNER] 1368,1000,-10.15,0.00,0.29,0.00,-6.09,0.00,-0.39,-0.00
00:08:33.338 [TUNER] 1369,1000,-10.15,0.00,0.29,0.00,-6.09,0.00,-0.39,-0.00
00:08:33.372 [TUNER] 1370,1000,-8.12,0.00,0.28,0.00,-4.87,0.00,-0.41,-0.00
00:08:33.407 [TUNER] 1371,1000,-8.12,0.00,0.28,0.00,-4.87,0.00,-0.41,-0.00
00:08:33.408 [TUNER] 1372,1000,-6.50,0.00,0.26,0.00,-3.90,0.00,-0.41,-0.00
00:08:33.442 [TUNER] 1373,1000,-6.50,0.00,0.26,0.00,-3.90,0.00,-0.41,-0.00
00:08:33.444 [TUNER] 1374,1000,-5.20,0.00,0.25,0.00,-3.12,0.00,-0.42,-0.00
00:08:33.482 [TUNER] 1375,1000,-5.20,0.00,0.25,0.00,-3.12,0.00,-0.42,-0.00
00:08:33.484 [TUNER] 1376,1000,-4.16,0.00,0.24,0.00,-2.49,0.00,-0.43,-0.00
00:08:33.517 [TUNER] 1377,1000,-4.16,0.00,0.24,0.00,-2.49,0.00,-0.43,-0.00
00:08:33.549 [TUNER] 1378,1000,-3.33,0.00,0.23,0.00,-1.99,0.00,-0.43,-0.00
00:08:33.549 [TUNER] 1379,1000,-3.33,0.00,0.23,0.00,-1.99,0.00,-0.43,-0.00
00:08:33.584 [TUNER] 1380,1000,-2.66,0.00,0.23,0.00,-1.60,0.00,-0.44,-0.00
00:08:33.586 [TUNER] 1381,1000,-2.66,0.00,0.23,0.00,-1.60,0.00,-0.44,-0.00
00:08:33.617 [TUNER] 1382,1000,-2.13,0.00,0.22,0.00,-1.28,0.00,-0.44,-0.00
00:08:33.655 [TUNER] 1383,1000,-2.13,0.00,0.22,0.00,-1.28,0.00,-0.44,-0.00
00:08:33.656 [TUNER] 1384,1000,-1.70,0.00,0.22,0.00,-1.02,0.00,-0.44,-0.00
00:08:33.689 [TUNER] 1385,1000,-1.70,0.00,0.22,0.00,-1.02,0.00,-0.44,-0.00
00:08:33.689 [TUNER] 1386,1000,-3.08,0.00,0.24,0.00,-0.82,0.00,-0.44,-0.00
00:08:33.723 [TUNER] 1387,1000,-3.08,0.00,0.24,0.00,-0.82,0.00,-0.44,-0.00
00:08:33.760 [TUNER] 1388,1000,-2.46,0.00,0.23,0.00,-0.65,0.00,-0.45,-0.00
00:08:33.761 [TUNER] 1389,1000,-2.46,0.00,0.23,0.00,-0.65,0.00,-0.45,-0.00
00:08:33.797 [TUNER] 1390,1000,-1.97,0.00,0.23,0.00,-0.52,0.00,-0.45,-0.00
00:08:33.799 [TUNER] 1391,1000,-1.97,0.00,0.23,0.00,-0.52,0.00,-0.45,-0.00
00:08:33.836 [TUNER] 1392,1000,-1.58,0.00,0.23,0.00,-0.42,0.00,-0.45,-0.00
00:08:33.838 [TUNER] 1393,1000,-1.58,0.00,0.23,0.00,-0.42,0.00,-0.45,-0.00
00:08:33.862 [TUNER] 1394,1000,-1.26,0.00,0.22,0.00,-0.33,0.00,-0.45,-0.00
00:08:33.899 [TUNER] 1395,1000,-1.26,0.00,0.22,0.00,-0.33,0.00,-0.45,-0.00
00:08:33.900 [TUNER] 1396,1000,-1.01,0.00,0.22,0.00,-0.27,0.00,-0.45,-0.00
00:08:33.934 [TUNER] 1397,1000,-1.01,0.00,0.22,0.00,-0.27,0.00,-0.45,-0.00
00:08:33.935 [TUNER] 1398,1000,-0.81,0.00,0.22,0.00,-0.21,0.00,-0.45,-0.00
00:08:33.968 [TUNER] 1399,1000,-0.81,0.00,0.22,0.00,-0.21,0.00,-0.45,-0.00
00:08:34.004 [TUNER] 1400,1000,-0.65,0.00,0.22,0.00,-0.17,0.00,-0.45,-0.00
00:08:34.005 [TUNER] 1401,1000,-0.65,0.00,0.22,0.00,-0.17,0.00,-0.45,-0.00
00:08:34.038 [TUNER] 1402,1000,-0.52,0.00,0.22,0.00,-0.14,0.00,-0.45,-0.00
00:08:34.038 [TUNER] 1403,1000,-0.52,0.00,0.22,0.00,-0.14,0.00,-0.45,-0.00
00:08:34.076 [TUNER] 1404,1000,-0.41,0.00,0.22,0.00,-0.11,0.00,-0.45,-0.00
00:08:34.076 [TUNER] 1405,1000,-0.41,0.00,0.22,0.00,-0.11,0.00,-0.45,-0.00
00:08:34.109 [TUNER] 1406,1000,-0.33,0.00,0.22,0.00,-0.09,0.00,-0.45,-0.00
00:08:34.144 [TUNER] 1407,1000,-0.33,0.00,0.22,0.00,-0.09,0.00,-0.45,-0.00
00:08:34.180 [TUNER] 1408,1000,-0.26,0.00,0.21,0.00,-0.07,0.00,-0.45,-0.00
00:08:34.180 [TUNER] 1409,1000,-0.26,0.00,0.21,0.00,-0.07,0.00,-0.45,-0.00
00:08:34.181 [TUNER] 1410,1000,-0.21,0.00,0.21,0.00,-0.06,0.00,-0.45,-0.00
00:08:34.214 [TUNER] 1411,1000,-0.21,0.00,0.21,0.00,-0.06,0.00,-0.45,-0.00
00:08:34.252 [TUNER] 1412,1000,-0.17,0.00,0.21,0.00,-0.04,0.00,-0.45,-0.00
00:08:34.253 [TUNER] 1413,1000,-0.17,0.00,0.21,0.00,-0.04,0.00,-0.45,-0.00
00:08:34.283 [TUNER] 1414,1000,1.58,0.00,0.19,0.00,-0.04,0.00,-0.45,-0.00
00:08:34.283 [TUNER] 1415,1000,1.58,0.00,0.19,0.00,-0.04,0.00,-0.45,-0.00
00:08:34.318 [TUNER] 1416,1000,2.98,0.00,0.17,0.00,-0.03,0.00,-0.45,-0.00
00:08:34.318 [TUNER] 1417,1000,2.98,0.00,0.17,0.00,-0.03,0.00,-0.45,-0.00
00:08:34.354 [TUNER] 1418,1000,2.39,0.00,0.18,0.00,-0.02,0.00,-0.45,-0.00
00:08:34.389 [TUNER] 1419,1000,2.39,0.00,0.18,0.00,-0.02,0.00,-0.45,-0.00
00:08:34.389 [TUNER] 1420,1000,3.63,0.00,0.16,0.00,-0.02,0.00,-0.45,-0.00
00:08:34.424 [TUNER] 1421,1000,3.63,0.00,0.16,0.00,-0.02,0.00,-0.45,-0.00
00:08:34.425 [TUNER] 1422,1000,4.62,0.00,0.14,0.00,-0.01,0.00,-0.45,-0.00
00:08:34.459 [TUNER] 1423,1000,4.62,0.00,0.14,0.00,-0.01,0.00,-0.45,-0.00
00:08:34.496 [TUNER] 1424,1000,5.41,0.00,0.13,0.00,-0.01,0.00,-0.45,-0.00
00:08:34.497 [TUNER] 1425,1000,5.41,0.00,0.13,0.00,-0.01,0.00,-0.45,-0.00
00:08:34.529 [TUNER] 1426,1000,6.05,0.00,0.11,0.00,-0.01,0.00,-0.45,-0.00
00:08:34.530 [TUNER] 1427,1000,6.05,0.00,0.11,0.00,-0.01,0.00,-0.45,-0.00
00:08:34.562 [TUNER] 1428,1000,4.84,0.00,0.12,0.00,-0.01,0.00,-0.45,-0.00
00:08:34.597 [TUNER] 1429,1000,4.84,0.00,0.12,0.00,-0.01,0.00,-0.45,-0.00
00:08:34.597 [TUNER] 1430,1000,5.59,0.00,0.11,0.00,-0.01,0.00,-0.45,-0.00
00:08:34.634 [TUNER] 1431,1000,5.59,0.00,0.11,0.00,-0.01,0.00,-0.45,-0.00
00:08:34.636 [TUNER] 1432,1000,4.47,0.00,0.12,0.00,-0.00,0.00,-0.45,-0.00
00:08:34.668 [TUNER] 1433,1000,7.01,0.00,0.08,0.00,-0.00,0.00,-0.45,-0.00
00:08:34.706 [TUNER] 1434,1000,7.01,0.00,0.08,0.00,-0.00,0.00,-0.45,-0.00
00:08:34.706 [TUNER] 1435,1000,5.61,0.00,0.10,0.00,-0.00,0.00,-0.45,-0.00
00:08:34.739 [TUNER] 1436,1000,5.61,0.00,0.10,0.00,-0.00,0.00,-0.45,-0.00
00:08:34.739 [TUNER] 1437,1000,4.49,0.00,0.11,0.00,-0.00,0.00,-0.45,-0.00
00:08:34.774 [TUNER] 1438,1000,4.49,0.00,0.11,0.00,-0.00,0.00,-0.45,-0.00
00:08:34.809 [TUNER] 1439,1000,3.59,0.00,0.11,0.00,-0.00,0.00,-0.45,-0.00
00:08:34.809 [TUNER] 1440,1000,3.59,0.00,0.11,0.00,-0.00,0.00,-0.45,-0.00
00:08:34.845 [TUNER] 1441,1000,2.87,0.00,0.12,0.00,-0.00,0.00,-0.45,-0.00
00:08:34.845 [TUNER] 1442,1000,2.87,0.00,0.12,0.00,-0.00,0.00,-0.45,-0.00
00:08:34.878 [TUNER] 1443,1000,2.30,0.00,0.13,0.00,-0.00,0.00,-0.45,-0.00
00:08:34.915 [TUNER] 1444,1000,2.30,0.00,0.13,0.00,-0.00,0.00,-0.45,-0.00
00:08:34.915 [TUNER] 1445,1000,1.84,0.00,0.13,0.00,-0.00,0.00,-0.45,-0.00
00:08:34.949 [TUNER] 1446,1000,1.84,0.00,0.13,0.00,-0.00,0.00,-0.45,-0.00
00:08:34.949 [TUNER] 1447,1000,3.19,0.00,0.11,0.00,-0.00,0.00,-0.45,-0.00
00:08:34.983 [TUNER] 1448,1000,3.19,0.00,0.11,0.00,-0.00,0.00,-0.45,-0.00
00:08:34.983 [TUNER] 1449,1000,2.55,0.00,0.12,0.00,-0.00,0.00,-0.45,-0.00
00:08:35.021 [TUNER] 1450,1000,2.55,0.00,0.12,0.00,-0.00,0.00,-0.45,-0.00
00:08:35.057 [TUNER] 1451,1000,3.76,0.00,0.10,0.00,-0.00,0.00,-0.45,-0.00
00:08:35.062 [TUNER] 1452,1000,3.76,0.00,0.10,0.00,-0.00,0.00,-0.45,-0.00
00:08:35.087 [TUNER] 1453,1000,3.01,0.00,0.10,0.00,-0.00,0.00,-0.45,-0.00
00:08:35.087 [TUNER] 1454,1000,3.01,0.00,0.10,0.00,-0.00,0.00,-0.45,-0.00
00:08:35.123 [TUNER] 1455,1000,2.41,0.00,0.11,0.00,-0.00,0.00,-0.45,-0.00
00:08:35.160 [TUNER] 1456,1000,2.41,0.00,0.11,0.00,-0.00,0.00,-0.45,-0.00
00:08:35.160 [TUNER] 1457,1000,3.64,0.00,0.09,0.00,-0.00,0.00,-0.45,-0.00
00:08:35.193 [TUNER] 1458,1000,3.64,0.00,0.09,0.00,-0.00,0.00,-0.45,-0.00
00:08:35.195 [TUNER] 1459,1000,2.91,0.00,0.10,0.00,-0.00,0.00,-0.45,-0.00
00:08:35.228 [TUNER] 1460,1000,2.91,0.00,0.10,0.00,-0.00,0.00,-0.45,-0.00
00:08:35.265 [TUNER] 1461,1000,2.33,0.00,0.10,0.00,-0.00,0.00,-0.45,-0.00
00:08:35.267 [TUNER] 1462,1000,2.33,0.00,0.10,0.00,-0.00,0.00,-0.45,-0.00
00:08:35.298 [TUNER] 1463,1000,1.86,0.00,0.11,0.00,-0.00,0.00,-0.45,-0.00
00:08:35.299 [TUNER] 1464,1000,1.86,0.00,0.11,0.00,-0.00,0.00,-0.45,-0.00
00:08:35.333 [TUNER] 1465,1000,1.49,0.00,0.11,0.00,-0.00,0.00,-0.45,-0.00
00:08:35.369 [TUNER] 1466,1000,1.49,0.00,0.11,0.00,-0.00,0.00,-0.45,-0.00
00:08:35.369 [TUNER] 1467,1000,1.19,0.00,0.11,0.00,-0.00,0.00,-0.45,-0.00
00:08:35.407 [TUNER] 1468,1000,1.19,0.00,0.11,0.00,-0.00,0.00,-0.45,-0.00
00:08:35.409 [TUNER] 1469,1000,0.95,0.00,0.11,0.00,-0.00,0.00,-0.45,-0.00
00:08:35.439 [TUNER] 1470,1000,0.95,0.00,0.11,0.00,-0.00,0.00,-0.45,-0.00
00:08:35.474 [TUNER] 1471,1000,0.76,0.00,0.12,0.00,-0.00,0.00,-0.45,-0.00
00:08:35.474 [TUNER] 1472,1000,0.76,0.00,0.12,0.00,-0.00,0.00,-0.45,-0.00
00:08:35.510 [TUNER] 1473,1000,0.61,0.00,0.12,0.00,-0.00,0.00,-0.45,-0.00
00:08:35.510 [TUNER] 1474,1000,0.61,0.00,0.12,0.00,-0.00,0.00,-0.45,-0.00
00:08:35.545 [TUNER] 1475,1000,0.49,0.00,0.12,0.00,-0.00,0.00,-0.45,-0.00
00:08:35.546 [TUNER] 1476,1000,0.49,0.00,0.12,0.00,-0.00,0.00,-0.45,-0.00
00:08:35.578 [TUNER] 1477,1000,0.39,0.00,0.12,0.00,-0.00,0.00,-0.45,-0.00
00:08:35.615 [TUNER] 1478,1000,0.39,0.00,0.12,0.00,-0.00,0.00,-0.45,-0.00
00:08:35.615 [TUNER] 1479,1000,0.31,0.00,0.12,0.00,-0.00,0.00,-0.45,-0.00
00:08:35.648 [TUNER] 1480,1000,0.31,0.00,0.12,0.00,-0.00,0.00,-0.45,-0.00
00:08:35.650 [TUNER] 1481,1000,0.25,0.00,0.12,0.00,-0.00,0.00,-0.45,-0.00
00:08:35.683 [TUNER] 1482,1000,0.25,0.00,0.12,0.00,-0.00,0.00,-0.45,-0.00
00:08:35.683 [TUNER] 1483,1000,0.20,0.00,0.12,0.00,-0.00,0.00,-0.45,-0.00
00:08:35.721 [TUNER] 1484,1000,0.20,0.00,0.12,0.00,-0.00,0.00,-0.45,-0.00
00:08:35.754 [TUNER] 1485,1000,0.16,0.00,0.12,0.00,-0.00,0.00,-0.45,-0.00
00:08:35.756 [TUNER] 1486,1000,0.16,0.00,0.12,0.00,-0.00,0.00,-0.45,-0.00
00:08:35.790 [TUNER] 1487,1000,0.13,0.00,0.12,0.00,-0.00,0.00,-0.45,-0.00
00:08:35.791 [TUNER] 1488,1000,0.13,0.00,0.12,0.00,-0.00,0.00,-0.45,-0.00
00:08:35.823 [TUNER] 1489,1000,0.10,0.00,0.12,0.00,-0.00,0.00,-0.45,-0.00
00:08:35.858 [TUNER] 1490,1000,0.10,0.00,0.12,0.00,-0.00,0.00,-0.45,-0.00
00:08:35.859 [TUNER] 1491,1000,0.08,0.00,0.12,0.00,-0.00,0.00,-0.45,-0.00
00:08:35.896 [TUNER] 1492,1000,0.08,0.00,0.12,0.00,-0.00,0.00,-0.45,-0.00
00:08:35.896 [TUNER] 1493,1000,0.07,0.00,0.12,0.00,-0.00,0.00,-0.45,-0.00
00:08:35.930 [TUNER] 1494,1000,0.07,0.00,0.12,0.00,-0.00,0.00,-0.45,-0.00
00:08:35.931 [TUNER] 1495,1000,0.05,0.00,0.12,0.00,-0.00,0.00,-0.45,-0.00
00:08:35.965 [TUNER] 1496,1000,0.05,0.00,0.12,0.00,-0.00,0.00,-0.45,-0.00
00:08:35.998 [TUNER] 1497,1000,0.04,0.00,0.12,0.00,-0.00,0.00,-0.45,-0.00
00:08:36.000 [TUNER] 1498,1000,0.04,0.00,0.12,0.00,-0.00,0.00,-0.45,-0.00
00:08:36.034 [TUNER] 1499,1000,0.03,0.00,0.12,0.00,-0.00,0.00,-0.45,-0.00
00:08:36.036 [TUNER] 1500,1000,0.03,0.00,0.12,0.00,-0.00,0.00,-0.45,-0.00
00:08:36.068 [TUNER] 1501,1000,0.03,0.00,0.12,0.00,-0.00,0.00,-0.45,-0.00
00:08:36.104 [TUNER] 1502,1000,0.03,0.00,0.12,0.00,-0.00,0.00,-0.45,-0.00
00:08:36.105 [TUNER] 1503,1000,0.02,0.00,0.12,0.00,-0.00,0.00,-0.45,-0.00
00:08:36.139 [TUNER] 1504,1000,0.02,0.00,0.12,0.00,-0.00,0.00,-0.45,-0.00
00:08:36.139 [TUNER] 1505,1000,0.02,0.00,0.12,0.00,-0.00,0.00,-0.45,-0.00
00:08:36.174 [TUNER] 1506,1000,0.02,0.00,0.12,0.00,-0.00,0.00,-0.45,-0.00
00:08:36.209 [TUNER] 1507,1000,0.01,0.00,0.12,0.00,-0.00,0.00,-0.45,-0.00
00:08:36.209 [TUNER] 1508,1000,0.01,0.00,0.12,0.00,-0.00,0.00,-0.45,-0.00
00:08:36.245 [TUNER] 1509,1000,0.01,0.00,0.12,0.00,-0.00,0.00,-0.45,-0.00
00:08:36.246 [TUNER] 1510,1000,0.01,0.00,0.12,0.00,-0.00,0.00,-0.45,-0.00
00:08:36.279 [TUNER] 1511,1000,0.01,0.00,0.12,0.00,-0.00,0.00,-0.45,-0.00
00:08:36.280 [TUNER] 1512,1000,0.01,0.00,0.12,0.00,-0.00,0.00,-0.45,-0.00
00:08:36.313 [TUNER] 1513,1000,0.01,0.00,0.12,0.00,-0.00,0.00,-0.45,-0.00
00:08:36.348 [TUNER] 1514,1000,0.01,0.00,0.12,0.00,-0.00,0.00,-0.45,-0.00
00:08:36.348 [TUNER] 1515,1000,0.01,0.00,0.12,0.00,-0.00,0.00,-0.45,-0.00
00:08:36.384 [TUNER] 1516,1000,0.01,0.00,0.12,0.00,-0.00,0.00,-0.45,-0.00
00:08:36.384 [TUNER] 1517,1000,0.00,0.00,0.12,0.00,-0.00,0.00,-0.45,-0.00
00:08:36.419 [TUNER] 1518,1000,0.00,0.00,0.12,0.00,-0.00,0.00,-0.45,-0.00
00:08:36.455 [TUNER] 1519,1000,0.00,0.00,0.12,0.00,-0.00,0.00,-0.45,-0.00
00:08:36.455 [TUNER] 1520,1000,0.00,0.00,0.12,0.00,-0.00,0.00,-0.45,-0.00
00:08:36.489 [TUNER] 1521,1000,0.00,0.00,0.12,0.00,-0.00,0.00,-0.45,-0.00
00:08:36.489 [TUNER] 1522,1000,0.00,0.00,0.12,0.00,-0.00,0.00,-0.45,-0.00
00:08:36.525 [TUNER] 1523,1000,0.00,0.00,0.12,0.00,-0.00,0.00,-0.45,-0.00
00:08:36.525 [TUNER] 1524,1000,0.00,0.00,0.12,0.00,-0.00,0.00,-0.45,-0.00
00:08:36.560 [TUNER] 1525,1000,0.00,0.00,0.12,0.00,-0.00,0.00,-0.45,-0.00
00:08:36.594 [TUNER] 1526,1000,0.00,0.00,0.12,0.00,-0.00,0.00,-0.45,-0.00
00:08:36.595 [TUNER] 1527,1000,0.00,0.00,0.12,0.00,-0.00,0.00,-0.45,-0.00
00:08:36.630 [TUNER] 1528,1000,0.00,0.00,0.12,0.00,-0.00,0.00,-0.45,-0.00
00:08:36.631 [TUNER] 1529,1000,0.00,0.00,0.12,0.00,-0.00,0.00,-0.45,-0.00
00:08:36.663 [TUNER] 1530,1000,0.00,0.00,0.12,0.00,-0.00,0.00,-0.45,-0.00
00:08:36.700 [TUNER] 1531,1000,0.00,0.00,0.12,0.00,-0.00,0.00,-0.45,-0.00
00:08:36.700 [TUNER] 1532,1000,0.00,0.00,0.12,0.00,-0.00,0.00,-0.45,-0.00
00:08:36.734 [TUNER] 1533,1000,0.00,0.00,0.12,0.00,-0.00,0.00,-0.45,-0.00
00:08:36.735 [TUNER] 1534,1000,0.00,0.00,0.12,0.00,-0.00,0.00,-0.45,-0.00
00:08:36.768 [TUNER] 1535,1000,0.00,0.00,0.12,0.00,-0.00,0.00,-0.45,-0.00
00:08:36.803 [TUNER] 1536,1000,0.00,0.00,0.12,0.00,-0.00,0.00,-0.45,-0.00
00:08:36.803 [TUNER] 1537,1000,0.00,0.00,0.12,0.00,-0.00,0.00,-0.45,-0.00
00:08:36.838 [TUNER] 1538,1000,0.00,0.00,0.12,0.00,-0.00,0.00,-0.45,-0.00
00:08:36.839 [TUNER] 1539,1000,0.00,0.00,0.12,0.00,-0.00,0.00,-0.45,-0.00
00:08:36.874 [TUNER] 1540,1000,0.00,0.00,0.12,0.00,-0.00,0.00,-0.45,-0.00
00:08:36.875 [TUNER] 1541,1000,0.00,0.00,0.12,0.00,-0.00,0.00,-0.45,-0.00
00:08:36.909 [TUNER] 1542,1000,0.00,0.00,0.12,0.00,-0.00,0.00,-0.45,-0.00
00:08:36.942 [TUNER] 1543,1000,0.00,0.00,0.12,0.00,-0.00,0.00,-0.45,-0.00
00:08:36.944 [TUNER] 1544,1000,0.00,0.00,0.12,0.00,-0.00,0.00,-0.45,-0.00
00:08:36.980 [TUNER] 1545,1000,0.00,0.00,0.12,0.00,-0.00,0.00,-0.45,-0.00
00:08:36.982 [TUNER] 1546,1000,0.00,0.00,0.12,0.00,-0.00,0.00,-0.45,-0.00
00:08:37.014 [TUNER] 1547,1000,0.00,0.00,0.12,0.00,-0.00,0.00,-0.45,-0.00
00:08:37.049 [TUNER] 1548,1000,0.00,0.00,0.12,0.00,-0.00,0.00,-0.45,-0.00
00:08:37.049 [TUNER] 1549,1000,0.00,0.00,0.12,0.00,-0.00,0.00,-0.45,-0.00
00:08:37.083 [TUNER] 1550,1000,0.00,0.00,0.12,0.00,-0.00,0.00,-0.45,-0.00
00:08:37.084 [TUNER] 1551,1000,0.00,0.00,0.12,0.00,-0.00,0.00,-0.45,-0.00
00:08:37.118 [TUNER] 1552,1000,0.00,0.00,0.12,0.00,-0.00,0.00,-0.45,-0.00
00:08:37.155 [TUNER] 1553,1000,0.00,0.00,0.12,0.00,-0.00,0.00,-0.45,-0.00
00:08:37.155 [TUNER] 1554,1000,0.00,0.00,0.12,0.00,-0.00,0.00,-0.45,-0.00
00:08:37.190 [TUNER] 1555,1000,0.00,0.00,0.12,0.00,-0.00,0.00,-0.45,-0.00
00:08:37.190 [TUNER] 1556,1000,0.00,0.00,0.12,0.00,-0.00,0.00,-0.45,-0.00
00:08:37.223 [TUNER] 1557,1000,0.00,0.00,0.12,0.00,-0.00,0.00,-0.45,-0.00
00:08:37.258 [TUNER] 1558,1000,0.00,0.00,0.12,0.00,-0.00,0.00,-0.45,-0.00
00:08:37.260 [TUNER] 1559,1000,0.00,0.00,0.12,0.00,-0.00,0.00,-0.45,-0.00
00:08:37.294 [TUNER] 1560,1000,0.00,0.00,0.12,0.00,-0.00,0.00,-0.45,-0.00
00:08:37.295 [TUNER] 1561,1000,0.00,0.00,0.12,0.00,-0.00,0.00,-0.45,-0.00
00:08:37.327 [TUNER] 1562,1000,0.00,0.00,0.12,0.00,-0.00,0.00,-0.45,-0.00
00:08:37.329 [TUNER] 1563,1000,0.00,0.00,0.12,0.00,-0.00,0.00,-0.45,-0.00
00:08:37.363 [TUNER] 1564,1000,0.00,0.00,0.12,0.00,-0.00,0.00,-0.45,-0.00
00:08:37.400 [TUNER] 1565,1000,0.00,0.00,0.12,0.00,-0.00,0.00,-0.45,-0.00
00:08:37.401 [TUNER] 1566,1000,0.00,0.00,0.12,0.00,-0.00,0.00,-0.45,-0.00
00:08:37.433 [TUNER] 1567,1000,0.00,0.00,0.12,0.00,-0.00,0.00,-0.45,-0.00
00:08:37.433 [TUNER] 1568,1000,0.00,0.00,0.12,0.00,-0.00,0.00,-0.45,-0.00
00:08:37.472 [TUNER] 1569,1000,0.00,0.00,0.12,0.00,-0.00,0.00,-0.45,-0.00
00:08:37.542 [TUNER] 1570,1000,0.00,0.00,0.12,0.00,-0.00,0.00,-0.45,-0.00
00:08:37.543 [TUNER] 1571,1000,0.00,0.00,0.12,0.00,-0.00,0.00,-0.45,-0.00
00:08:37.544 [TUNER] 1572,1000,0.00,0.00,0.12,0.00,-0.00,0.00,-0.45,-0.00
00:08:37.544 [TUNER] 1573,1000,0.00,0.00,0.12,0.00,-0.00,0.00,-0.45,-0.00
00:08:37.573 [TUNER] 1574,1000,0.00,0.00,0.12,0.00,-0.00,0.00,-0.45,-0.00
00:08:37.609 [TUNER] 1575,1000,0.00,0.00,0.12,0.00,-0.00,0.00,-0.45,-0.00
00:08:37.610 [TUNER] 1576,1000,0.00,0.00,0.12,0.00,-0.00,0.00,-0.45,-0.00
00:08:37.647 [TUNER] 1577,1000,0.00,0.00,0.12,0.00,-0.00,0.00,-0.45,-0.00
00:08:37.650 [TUNER] 1578,1000,0.00,0.00,0.12,0.00,-0.00,0.00,-0.45,-0.00
00:08:37.679 [TUNER] 1579,1000,0.00,0.00,0.12,0.00,-0.00,0.00,-0.45,-0.00
00:08:37.679 [TUNER] 1580,1000,0.00,0.00,0.12,0.00,-0.00,0.00,-0.45,-0.00
00:08:37.714 [TUNER] 1581,1000,0.00,0.00,0.12,0.00,-0.00,0.00,-0.45,-0.00
00:08:37.748 [TUNER] 1582,1000,0.00,0.00,0.12,0.00,-0.00,0.00,-0.45,-0.00
00:08:37.750 [TUNER] 1583,1000,0.00,0.00,0.12,0.00,-0.00,0.00,-0.45,-0.00
00:08:37.783 [TUNER] 1584,1000,0.00,0.00,0.12,0.00,-0.00,0.00,-0.45,-0.00
00:08:37.783 [TUNER] 1585,1000,0.00,0.00,0.12,0.00,-0.00,0.00,-0.45,-0.00
00:08:37.818 [TUNER] 1586,1000,0.00,0.00,0.12,0.00,-0.00,0.00,-0.45,-0.00
00:08:37.854 [TUNER] 1587,1000,0.00,0.00,0.12,0.00,-0.00,0.00,-0.45,-0.00
00:08:37.854 [TUNER] 1588,1000,0.00,0.00,0.12,0.00,-0.00,0.00,-0.45,-0.00
00:08:37.889 [TUNER] 1589,1000,0.00,0.00,0.12,0.00,-0.00,0.00,-0.45,-0.00
00:08:37.890 [TUNER] 1590,1000,0.00,0.00,0.12,0.00,-0.00,0.00,-0.45,-0.00
00:08:37.924 [TUNER] 1591,1000,0.00,0.00,0.12,0.00,-0.00,0.00,-0.45,-0.00
00:08:37.925 [TUNER] 1592,1000,0.00,0.00,0.12,0.00,-0.00,0.00,-0.45,-0.00
00:08:37.960 [TUNER] 1593,1000,0.00,0.00,0.12,0.00,-0.00,0.00,-0.45,-0.00
00:08:37.997 [TUNER] 1594,1000,0.00,0.00,0.12,0.00,-0.00,0.00,-0.45,-0.00
00:08:37.998 [TUNER] 1595,1000,0.00,0.00,0.12,0.00,-0.00,0.00,-0.45,-0.00
00:08:38.031 [TUNER] 1596,1000,0.00,0.00,0.12,0.00,-0.00,0.00,-0.45,-0.00
00:08:38.031 [TUNER] 1597,1000,0.00,0.00,0.12,0.00,-0.00,0.00,-0.45,-0.00
00:08:38.066 [TUNER] 1598,1000,0.00,0.00,0.12,0.00,-0.00,0.00,-0.45,-0.00
00:08:38.098 [TUNER] 1599,1000,0.00,0.00,0.12,0.00,-0.00,0.00,-0.45,-0.00
00:08:38.099 [TUNER] 1600,1000,0.00,0.00,0.12,0.00,-0.00,0.00,-0.45,-0.00
00:08:38.133 [TUNER] 1601,1000,0.00,0.00,0.12,0.00,-0.00,0.00,-0.45,-0.00
00:08:38.134 [TUNER] 1602,1000,0.00,0.00,0.12,0.00,-0.00,0.00,-0.45,-0.00
00:08:38.168 [TUNER] 1603,1000,0.00,0.00,0.12,0.00,-0.00,0.00,-0.45,-0.00
00:08:38.203 [TUNER] 1604,1000,0.00,0.00,0.12,0.00,-0.00,0.00,-0.45,-0.00
00:08:38.206 [TUNER] 1605,1000,0.00,0.00,0.12,0.00,-0.00,0.00,-0.45,-0.00
00:08:38.239 [TUNER] 1606,1000,0.00,0.00,0.12,0.00,-0.00,0.00,-0.45,-0.00
00:08:38.239 [TUNER] 1607,1000,0.00,0.00,0.12,0.00,-0.00,0.00,-0.45,-0.00
00:08:38.274 [TUNER] 1608,1000,0.00,0.00,0.12,0.00,-0.00,0.00,-0.45,-0.00
00:08:38.309 [TUNER] 1609,1000,0.00,0.00,0.12,0.00,-0.00,0.00,-0.45,-0.00
00:08:38.309 [TUNER] 1610,1000,0.00,0.00,0.12,0.00,-0.00,0.00,-0.45,-0.00
00:08:38.347 [TUNER] 1611,1000,0.00,0.00,0.12,0.00,-0.00,0.00,-0.45,-0.00
00:08:38.347 [TUNER] 1612,1000,0.00,0.00,0.12,0.00,-0.00,0.00,-0.45,-0.00
00:08:38.380 [TUNER] 1613,1000,0.00,0.00,0.12,0.00,-0.00,0.00,-0.45,-0.00
00:08:38.380 [TUNER] 1614,1000,0.00,0.00,0.12,0.00,-0.00,0.00,-0.45,-0.00
00:08:38.413 [TUNER] 1615,1000,0.00,0.00,0.12,0.00,-0.00,0.00,-0.45,-0.00
00:08:38.448 [TUNER] 1616,1000,0.00,0.00,0.12,0.00,-0.00,0.00,-0.45,-0.00
00:08:38.449 [TUNER] 1617,1000,0.00,0.00,0.12,0.00,-0.00,0.00,-0.45,-0.00
00:08:38.484 [TUNER] 1618,1000,0.00,0.00,0.12,0.00,-0.00,0.00,-0.45,-0.00
00:08:38.485 [TUNER] 1619,1000,0.00,0.00,0.12,0.00,-0.00,0.00,-0.45,-0.00
00:08:38.517 [TUNER] 1620,1000,0.00,0.00,0.12,0.00,-0.00,0.00,-0.45,-0.00
00:08:38.554 [TUNER] 1621,1000,0.00,0.00,0.12,0.00,-0.00,0.00,-0.45,-0.00
00:08:38.554 [TUNER] 1622,1000,0.00,0.00,0.12,0.00,-0.00,0.00,-0.45,-0.00
00:08:38.588 [TUNER] 1623,1000,0.00,0.00,0.12,0.00,-0.00,0.00,-0.45,-0.00
00:08:38.589 [TUNER] 1624,1000,0.00,0.00,0.12,0.00,-0.00,0.00,-0.45,-0.00
00:08:38.624 [TUNER] 1625,1000,0.00,0.00,0.12,0.00,-0.00,0.00,-0.45,-0.00
00:08:38.664 [TUNER] 1626,1000,0.00,0.00,0.12,0.00,-0.00,0.00,-0.45,-0.00
00:08:38.666 [TUNER] 1627,1000,0.00,0.00,0.12,0.00,-0.00,0.00,-0.45,-0.00
00:08:38.696 [TUNER] 1628,1000,0.00,0.00,0.12,0.00,-0.00,0.00,-0.45,-0.00
00:08:38.697 [TUNER] 1629,1000,0.00,0.00,0.12,0.00,-0.00,0.00,-0.45,-0.00
00:08:38.727 [TUNER] 1630,1000,0.00,0.00,0.12,0.00,-0.00,0.00,-0.45,-0.00
00:08:38.763 [TUNER] 1631,1000,0.00,0.00,0.12,0.00,-0.00,0.00,-0.45,-0.00
00:08:38.764 [TUNER] 1632,1000,0.00,0.00,0.12,0.00,-0.00,0.00,-0.45,-0.00
00:08:38.799 [TUNER] 1633,1000,0.00,0.00,0.12,0.00,-0.00,0.00,-0.45,-0.00
00:08:38.799 [TUNER] 1634,1000,0.00,0.00,0.12,0.00,-0.00,0.00,-0.45,-0.00
00:08:38.832 [TUNER] 1635,1000,0.00,0.00,0.12,0.00,-0.00,0.00,-0.45,-0.00
00:08:38.833 [TUNER] 1636,1000,0.00,0.00,0.12,0.00,-0.00,0.00,-0.45,-0.00
00:08:38.870 [TUNER] 1637,1000,0.00,0.00,0.12,0.00,-0.00,0.00,-0.45,-0.00
00:08:38.903 [TUNER] 1638,1000,0.00,0.00,0.12,0.00,-0.00,0.00,-0.45,-0.00
00:08:38.904 [TUNER] 1639,1000,0.00,0.00,0.12,0.00,-0.00,0.00,-0.45,-0.00
00:08:38.941 [TUNER] 1640,1000,0.00,0.00,0.12,0.00,-0.00,0.00,-0.45,-0.00
00:08:38.941 [TUNER] 1641,1000,0.00,0.00,0.12,0.00,-0.00,0.00,-0.45,-0.00
00:08:38.973 [TUNER] 1642,1000,0.00,0.00,0.12,0.00,-0.00,0.00,-0.45,-0.00
00:08:39.012 [TUNER] 1643,1000,0.00,0.00,0.12,0.00,-0.00,0.00,-0.45,-0.00
00:08:39.016 [TUNER] 1644,1000,0.00,0.00,0.12,0.00,-0.00,0.00,-0.45,-0.00
00:08:39.052 [TUNER] 1645,1000,0.00,0.00,0.12,0.00,-0.00,0.00,-0.45,-0.00
00:08:39.056 [TUNER] 1646,1000,0.00,0.00,0.12,0.00,-0.00,0.00,-0.45,-0.00
00:08:39.076 [TUNER] 1647,1000,0.00,0.00,0.12,0.00,-0.00,0.00,-0.45,-0.00
00:08:39.114 [TUNER] 1648,1000,0.00,0.00,0.12,0.00,-0.00,0.00,-0.45,-0.00
00:08:39.114 [TUNER] 1649,1000,0.00,0.00,0.12,0.00,-0.00,0.00,-0.45,-0.00
00:08:39.146 [TUNER] 1650,1000,0.00,0.00,0.12,0.00,-0.00,0.00,-0.45,-0.00
00:08:39.148 [TUNER] 1651,1000,0.00,0.00,0.12,0.00,-0.00,0.00,-0.45,-0.00
00:08:39.183 [TUNER] 1652,1000,0.00,0.00,0.12,0.00,-0.00,0.00,-0.45,-0.00
00:08:39.218 [TUNER] 1653,1000,0.00,0.00,0.12,0.00,-0.00,0.00,-0.45,-0.00
00:08:39.219 [TUNER] 1654,1000,0.00,0.00,0.12,0.00,-0.00,0.00,-0.45,-0.00
00:08:39.254 [TUNER] 1655,1000,0.00,0.00,0.12,0.00,-0.00,0.00,-0.45,-0.00
00:08:39.254 [TUNER] 1656,1000,0.00,0.00,0.12,0.00,-0.00,0.00,-0.45,-0.00
00:08:39.288 [TUNER] 1657,1000,0.00,0.00,0.12,0.00,-0.00,0.00,-0.45,-0.00
00:08:39.324 [TUNER] 1658,1000,0.00,0.00,0.12,0.00,-0.00,0.00,-0.45,-0.00
00:08:39.325 [TUNER] 1659,1000,0.00,0.00,0.12,0.00,-0.00,0.00,-0.45,-0.00
00:08:39.361 [TUNER] 1660,1000,0.00,0.00,0.12,0.00,-0.00,0.00,-0.45,-0.00
00:08:39.361 [TUNER] 1661,1000,0.00,0.00,0.12,0.00,-0.00,0.00,-0.45,-0.00
00:08:39.393 [TUNER] 1662,1000,0.00,0.00,0.12,0.00,-0.00,0.00,-0.45,-0.00
00:08:39.397 [TUNER] 1663,1000,0.00,0.00,0.12,0.00,-0.00,0.00,-0.45,-0.00
00:08:39.428 [TUNER] 1664,1000,0.00,0.00,0.12,0.00,-0.00,0.00,-0.45,-0.00
00:08:39.463 [TUNER] 1665,1000,0.00,0.00,0.12,0.00,-0.00,0.00,-0.45,-0.00
00:08:39.465 [TUNER] 1666,1000,0.00,0.00,0.12,0.00,-0.00,0.00,-0.45,-0.00
00:08:39.498 [TUNER] 1667,1000,0.00,0.00,0.12,0.00,-0.00,0.00,-0.45,-0.00
00:08:39.498 [TUNER] 1668,1000,0.00,0.00,0.12,0.00,-0.00,0.00,-0.45,-0.00
00:08:39.534 [TUNER] 1669,1000,0.00,0.00,0.12,0.00,-0.00,0.00,-0.45,-0.00
00:08:39.568 [TUNER] 1670,1000,0.00,0.00,0.12,0.00,-0.00,0.00,-0.45,-0.00
00:08:39.569 [TUNER] 1671,1000,0.00,0.00,0.12,0.00,-0.00,0.00,-0.45,-0.00
00:08:39.602 [TUNER] 1672,1000,0.00,0.00,0.12,0.00,-0.00,0.00,-0.45,-0.00
00:08:39.602 [TUNER] 1673,1000,0.00,0.00,0.12,0.00,-0.00,0.00,-0.45,-0.00
00:08:39.637 [TUNER] 1674,1000,0.00,0.00,0.12,0.00,-0.00,0.00,-0.45,-0.00
00:08:39.672 [TUNER] 1675,1000,0.00,0.00,0.12,0.00,-0.00,0.00,-0.45,-0.00
00:08:39.672 [TUNER] 1676,1000,0.00,0.00,0.12,0.00,-0.00,0.00,-0.45,-0.00
00:08:39.707 [TUNER] 1677,1000,0.00,0.00,0.12,0.00,-0.00,0.00,-0.45,-0.00
00:08:39.708 [TUNER] 1678,1000,0.00,0.00,0.12,0.00,-0.00,0.00,-0.45,-0.00
00:08:39.742 [TUNER] 1679,1000,0.00,0.00,0.12,0.00,-0.00,0.00,-0.45,-0.00
00:08:39.777 [TUNER] 1680,1000,0.00,0.00,0.12,0.00,-0.00,0.00,-0.45,-0.00
00:08:39.777 [TUNER] 1681,1000,0.00,0.00,0.12,0.00,-0.00,0.00,-0.45,-0.00
00:08:39.811 [TUNER] 1682,1000,0.00,0.00,0.12,0.00,-0.00,0.00,-0.45,-0.00
00:08:39.849 [TUNER] 1683,1000,0.00,0.00,0.12,0.00,-0.00,0.00,-0.45,-0.00
00:08:39.850 [TUNER] 1684,1000,0.00,0.00,0.12,0.00,-0.00,0.00,-0.45,-0.00
00:08:39.851 [TUNER] 1685,1000,0.00,0.00,0.12,0.00,-0.00,0.00,-0.45,-0.00
00:08:39.882 [TUNER] 1686,1000,0.00,0.00,0.12,0.00,-0.00,0.00,-0.45,-0.00
00:08:39.922 [TUNER] 1687,1000,0.00,0.00,0.12,0.00,-0.00,0.00,-0.45,-0.00
00:08:39.923 [TUNER] 1688,1000,0.00,0.00,0.12,0.00,-0.00,0.00,-0.45,-0.00
00:08:39.955 [TUNER] 1689,1000,0.00,0.00,0.12,0.00,-0.00,0.00,-0.45,-0.00
00:08:39.955 [TUNER] 1690,1000,0.00,0.00,0.12,0.00,-0.00,0.00,-0.45,-0.00
00:08:39.988 [TUNER] 1691,1000,0.00,0.00,0.12,0.00,-0.00,0.00,-0.45,-0.00
00:08:40.024 [TUNER] 1692,1000,0.00,0.00,0.12,0.00,-0.00,0.00,-0.45,-0.00
00:08:40.025 [TUNER] 1693,1000,0.00,0.00,0.12,0.00,-0.00,0.00,-0.45,-0.00
00:08:40.058 [TUNER] 1694,1000,0.00,0.00,0.12,0.00,-0.00,0.00,-0.45,-0.00
00:08:40.059 [TUNER] 1695,1000,0.00,0.00,0.12,0.00,-0.00,0.00,-0.45,-0.00
00:08:40.094 [TUNER] 1696,1000,0.00,0.00,0.12,0.00,-0.00,0.00,-0.45,-0.00
00:08:40.129 [TUNER] 1697,1000,0.00,0.00,0.12,0.00,-0.00,0.00,-0.45,-0.00
00:08:40.129 [TUNER] 1698,1000,0.00,0.00,0.12,0.00,-0.00,0.00,-0.45,-0.00
00:08:40.165 [TUNER] 1699,1000,0.00,0.00,0.12,0.00,-0.00,0.00,-0.45,-0.00
00:08:40.167 [TUNER] 1700,1000,0.00,0.00,0.12,0.00,-0.00,0.00,-0.45,-0.00
00:08:40.199 [TUNER] 1701,1000,0.00,0.00,0.12,0.00,-0.00,0.00,-0.45,-0.00
00:08:40.200 [TUNER] 1702,1000,0.00,0.00,0.12,0.00,-0.00,0.00,-0.45,-0.00
00:08:40.233 [TUNER] 1703,1000,0.00,0.00,0.12,0.00,-0.00,0.00,-0.45,-0.00
00:08:40.269 [TUNER] 1704,1000,0.00,0.00,0.12,0.00,-0.00,0.00,-0.45,-0.00
00:08:40.269 [TUNER] 1705,1000,0.00,0.00,0.12,0.00,-0.00,0.00,-0.45,-0.00
00:08:40.303 [TUNER] 1706,1000,0.00,0.00,0.12,0.00,-0.00,0.00,-0.45,-0.00
00:08:40.304 [TUNER] 1707,1000,0.00,0.00,0.12,0.00,-0.00,0.00,-0.45,-0.00
00:08:40.339 [TUNER] 1708,1000,0.00,0.00,0.12,0.00,-0.00,0.00,-0.45,-0.00
00:08:40.374 [TUNER] 1709,1000,0.00,0.00,0.12,0.00,-0.00,0.00,-0.45,-0.00
00:08:40.375 [TUNER] 1710,1000,0.00,0.00,0.12,0.00,-0.00,0.00,-0.45,-0.00
00:08:40.407 [TUNER] 1711,1000,0.00,0.00,0.12,0.00,-0.00,0.00,-0.45,-0.00
00:08:40.410 [TUNER] 1712,1000,0.00,0.00,0.12,0.00,-0.00,0.00,-0.45,-0.00
00:08:40.444 [TUNER] 1713,1000,0.00,0.00,0.12,0.00,-0.00,0.00,-0.45,-0.00
00:08:40.479 [TUNER] 1714,1000,0.00,0.00,0.12,0.00,-0.00,0.00,-0.45,-0.00
00:08:40.479 [TUNER] 1715,1000,0.00,0.00,0.12,0.00,-0.00,0.00,-0.45,-0.00
00:08:40.513 [TUNER] 1716,1000,0.00,0.00,0.12,0.00,-0.00,0.00,-0.45,-0.00
00:08:40.514 [TUNER] 1717,1000,0.00,0.00,0.12,0.00,-0.00,0.00,-0.45,-0.00
00:08:40.549 [TUNER] 1718,1000,0.00,0.00,0.12,0.00,-0.00,0.00,-0.45,-0.00
00:08:40.583 [TUNER] 1719,1000,0.00,0.00,0.12,0.00,-0.00,0.00,-0.45,-0.00
00:08:40.584 [TUNER] 1720,1000,0.00,0.00,0.12,0.00,-0.00,0.00,-0.45,-0.00
00:08:40.618 [TUNER] 1721,1000,0.00,0.00,0.12,0.00,-0.00,0.00,-0.45,-0.00
00:08:40.619 [TUNER] 1722,1000,0.00,0.00,0.12,0.00,-0.00,0.00,-0.45,-0.00
00:08:40.654 [TUNER] 1723,1000,0.00,0.00,0.12,0.00,-0.00,0.00,-0.45,-0.00
00:08:40.655 [TUNER] 1724,1000,0.00,0.00,0.12,0.00,-0.00,0.00,-0.45,-0.00
00:08:40.689 [TUNER] 1725,1000,0.00,0.00,0.12,0.00,-0.00,0.00,-0.45,-0.00
00:08:40.725 [TUNER] 1726,1000,0.00,0.00,0.12,0.00,-0.00,0.00,-0.45,-0.00
00:08:40.726 [TUNER] 1727,1000,0.00,0.00,0.12,0.00,-0.00,0.00,-0.45,-0.00
00:08:40.759 [TUNER] 1728,1000,0.00,0.00,0.12,0.00,-0.00,0.00,-0.45,-0.00
00:08:40.760 [TUNER] 1729,1000,0.00,0.00,0.12,0.00,-0.00,0.00,-0.45,-0.00
00:08:40.794 [TUNER] 1730,1000,0.00,0.00,0.12,0.00,-0.00,0.00,-0.45,-0.00
00:08:40.829 [TUNER] 1731,1000,0.00,0.00,0.12,0.00,-0.00,0.00,-0.45,-0.00
00:08:40.829 [TUNER] 1732,1000,0.00,0.00,0.12,0.00,-0.00,0.00,-0.45,-0.00
00:08:40.865 [TUNER] 1733,1000,0.00,0.00,0.12,0.00,-0.00,0.00,-0.45,-0.00
00:08:40.865 [TUNER] 1734,1000,0.00,0.00,0.12,0.00,-0.00,0.00,-0.45,-0.00
00:08:40.899 [TUNER] 1735,1000,0.00,0.00,0.12,0.00,-0.00,0.00,-0.45,-0.00
00:08:40.934 [TUNER] 1736,1000,0.00,0.00,0.12,0.00,-0.00,0.00,-0.45,-0.00
00:08:40.934 [TUNER] 1737,1000,0.00,0.00,0.12,0.00,-0.00,0.00,-0.45,-0.00
00:08:40.969 [TUNER] 1738,1000,0.00,0.00,0.12,0.00,-0.00,0.00,-0.45,-0.00
00:08:40.969 [TUNER] 1739,1000,0.00,0.00,0.12,0.00,-0.00,0.00,-0.45,-0.00
00:08:41.004 [TUNER] 1740,1000,0.00,0.00,0.12,0.00,-0.00,0.00,-0.45,-0.00
00:08:41.005 [TUNER] 1741,1000,0.00,0.00,0.12,0.00,-0.00,0.00,-0.45,-0.00
00:08:41.038 [TUNER] 1742,1000,0.00,0.00,0.12,0.00,-0.00,0.00,-0.45,-0.00
00:08:41.074 [TUNER] 1743,1000,0.00,0.00,0.12,0.00,-0.00,0.00,-0.45,-0.00
00:08:41.074 [TUNER] 1744,1000,0.00,0.00,0.12,0.00,-0.00,0.00,-0.45,-0.00
00:08:41.108 [TUNER] 1745,1000,0.00,0.00,0.12,0.00,-0.00,0.00,-0.45,-0.00
00:08:41.109 [TUNER] 1746,1000,0.00,0.00,0.12,0.00,-0.00,0.00,-0.45,-0.00
00:08:41.144 [TUNER] 1747,1000,0.00,0.00,0.12,0.00,-0.00,0.00,-0.45,-0.00
00:08:41.178 [TUNER] 1748,1000,0.00,0.00,0.12,0.00,-0.00,0.00,-0.45,-0.00
00:08:41.179 [TUNER] 1749,1000,0.00,0.00,0.12,0.00,-0.00,0.00,-0.45,-0.00
00:08:41.215 [TUNER] 1750,1000,0.00,0.00,0.12,0.00,-0.00,0.00,-0.45,-0.00
00:08:41.216 [TUNER] 1751,1000,0.00,0.00,0.12,0.00,-0.00,0.00,-0.45,-0.00
00:08:41.250 [TUNER] 1752,1000,0.00,0.00,0.12,0.00,-0.00,0.00,-0.45,-0.00
00:08:41.283 [TUNER] 1753,1000,0.00,0.00,0.12,0.00,-0.00,0.00,-0.45,-0.00
00:08:41.284 [TUNER] 1754,1000,0.00,0.00,0.12,0.00,-0.00,0.00,-0.45,-0.00
00:08:41.318 [TUNER] 1755,1000,0.00,0.00,0.12,0.00,-0.00,0.00,-0.45,-0.00
00:08:41.318 [TUNER] 1756,1000,0.00,0.00,0.12,0.00,-0.00,0.00,-0.45,-0.00
00:08:41.354 [TUNER] 1757,1000,0.00,0.00,0.12,0.00,-0.00,0.00,-0.45,-0.00
00:08:41.354 [TUNER] 1758,1000,0.00,0.00,0.12,0.00,-0.00,0.00,-0.45,-0.00
00:08:41.387 [TUNER] 1759,1000,0.00,0.00,0.12,0.00,-0.00,0.00,-0.45,-0.00
00:08:41.422 [TUNER] 1760,1000,0.00,0.00,0.12,0.00,-0.00,0.00,-0.45,-0.00
00:08:41.459 [TUNER] 1761,1000,0.00,0.00,0.12,0.00,-0.00,0.00,-0.45,-0.00
00:08:41.461 [TUNER] 1762,1000,0.00,0.00,0.12,0.00,-0.00,0.00,-0.45,-0.00
00:08:41.463 [TUNER] 1763,1000,0.00,0.00,0.12,0.00,-0.00,0.00,-0.45,-0.00
00:08:41.495 [TUNER] 1764,1000,0.00,0.00,0.12,0.00,-0.00,0.00,-0.45,-0.00
00:08:41.528 [TUNER] 1765,1000,0.00,0.00,0.12,0.00,-0.00,0.00,-0.45,-0.00
00:08:41.529 [TUNER] 1766,1000,0.00,0.00,0.12,0.00,-0.00,0.00,-0.45,-0.00
00:08:41.564 [TUNER] 1767,1000,0.00,0.00,0.12,0.00,-0.00,0.00,-0.45,-0.00
00:08:41.564 [TUNER] 1768,1000,0.00,0.00,0.12,0.00,-0.00,0.00,-0.45,-0.00
00:08:41.599 [TUNER] 1769,1000,0.00,0.00,0.12,0.00,-0.00,0.00,-0.45,-0.00
00:08:41.600 [TUNER] 1770,1000,0.00,0.00,0.12,0.00,-0.00,0.00,-0.45,-0.00
00:08:41.634 [TUNER] 1771,1000,0.00,0.00,0.12,0.00,-0.00,0.00,-0.45,-0.00
00:08:41.668 [TUNER] 1772,1000,0.00,0.00,0.12,0.00,-0.00,0.00,-0.45,-0.00
00:08:41.668 [TUNER] 1773,1000,0.00,0.00,0.12,0.00,-0.00,0.00,-0.45,-0.00
00:08:41.703 [TUNER] 1774,1000,0.00,0.00,0.12,0.00,-0.00,0.00,-0.45,-0.00
00:08:41.704 [TUNER] 1775,1000,0.00,0.00,0.12,0.00,-0.00,0.00,-0.45,-0.00
00:08:41.738 [TUNER] 1776,1000,0.00,0.00,0.12,0.00,-0.00,0.00,-0.45,-0.00
00:08:41.774 [TUNER] 1777,1000,0.00,0.00,0.12,0.00,-0.00,0.00,-0.45,-0.00
00:08:41.775 [TUNER] 1778,1000,0.00,0.00,0.12,0.00,-0.00,0.00,-0.45,-0.00
00:08:41.809 [TUNER] 1779,1000,0.00,0.00,0.12,0.00,-0.00,0.00,-0.45,-0.00
00:08:41.809 [TUNER] 1780,1000,0.00,0.00,0.12,0.00,-0.00,0.00,-0.45,-0.00
00:08:41.842 [TUNER] 1781,1000,0.00,0.00,0.12,0.00,-0.00,0.00,-0.45,-0.00
00:08:41.844 [TUNER] 1782,1000,0.00,0.00,0.12,0.00,-0.00,0.00,-0.45,-0.00
00:08:41.877 [TUNER] 1783,1000,0.00,0.00,0.12,0.00,-0.00,0.00,-0.45,-0.00
00:08:41.915 [TUNER] 1784,1000,0.00,0.00,0.12,0.00,-0.00,0.00,-0.45,-0.00
00:08:41.917 [TUNER] 1785,1000,0.00,0.00,0.12,0.00,-0.00,0.00,-0.45,-0.00
00:08:41.948 [TUNER] 1786,1000,0.00,0.00,0.12,0.00,-0.00,0.00,-0.45,-0.00
00:08:41.950 [TUNER] 1787,1000,0.00,0.00,0.12,0.00,-0.00,0.00,-0.45,-0.00
00:08:41.984 [TUNER] 1788,1000,0.00,0.00,0.12,0.00,-0.00,0.00,-0.45,-0.00
00:08:42.018 [TUNER] 1789,1000,0.00,0.00,0.12,0.00,-0.00,0.00,-0.45,-0.00
00:08:42.018 [TUNER] 1790,1000,0.00,0.00,0.12,0.00,-0.00,0.00,-0.45,-0.00
00:08:42.053 [TUNER] 1791,1000,0.00,0.00,0.12,0.00,-0.00,0.00,-0.45,-0.00
00:08:42.054 [TUNER] 1792,1000,0.00,0.00,0.12,0.00,-0.00,0.00,-0.45,-0.00
00:08:42.126 [TUNER] 1793,1000,0.00,0.00,0.12,0.00,-0.00,0.00,-0.45,-0.00
00:08:42.126 [TUNER] 1794,1000,0.00,0.00,0.12,0.00,-0.00,0.00,-0.45,-0.00
00:08:42.126 [TUNER] 1795,1000,0.00,0.00,0.12,0.00,-0.00,0.00,-0.45,-0.00
00:08:42.159 [TUNER] 1796,1000,0.00,0.00,0.12,0.00,-0.00,0.00,-0.45,-0.00
00:08:42.159 [TUNER] 1797,1000,0.00,0.00,0.12,0.00,-0.00,0.00,-0.45,-0.00
00:08:42.194 [TUNER] 1798,1000,0.00,0.00,0.12,0.00,-0.00,0.00,-0.45,-0.00
00:08:42.196 [TUNER] 1799,1000,0.00,0.00,0.12,0.00,-0.00,0.00,-0.45,-0.00
00:08:42.229 [TUNER] 1800,1000,0.00,0.00,0.12,0.00,-0.00,0.00,-0.45,-0.00
00:08:42.263 [TUNER] 1801,1000,0.00,0.00,0.12,0.00,-0.00,0.00,-0.45,-0.00
00:08:42.265 [TUNER] 1802,1000,0.00,0.00,0.12,0.00,-0.00,0.00,-0.45,-0.00
00:08:42.300 [TUNER] 1803,1000,0.00,0.00,0.12,0.00,-0.00,0.00,-0.45,-0.00
00:08:42.301 [TUNER] 1804,1000,0.00,0.00,0.12,0.00,-0.00,0.00,-0.45,-0.00
00:08:42.333 [TUNER] 1805,1000,0.00,0.00,0.12,0.00,-0.00,0.00,-0.45,-0.00
00:08:42.368 [TUNER] 1806,1000,0.00,0.00,0.12,0.00,-0.00,0.00,-0.45,-0.00
00:08:42.369 [TUNER] 1807,1000,0.00,0.00,0.12,0.00,-0.00,0.00,-0.45,-0.00
00:08:42.404 [TUNER] 1808,1000,0.00,0.00,0.12,0.00,-0.00,0.00,-0.45,-0.00
00:08:42.405 [TUNER] 1809,1000,0.00,0.00,0.12,0.00,-0.00,0.00,-0.45,-0.00
00:08:42.438 [TUNER] 1810,1000,0.00,0.00,0.12,0.00,-0.00,0.00,-0.45,-0.00
00:08:42.475 [TUNER] 1811,1000,0.00,0.00,0.12,0.00,-0.00,0.00,-0.45,-0.00
00:08:42.475 [TUNER] 1812,1000,0.00,0.00,0.12,0.00,-0.00,0.00,-0.45,-0.00
00:08:42.509 [TUNER] 1813,1000,0.00,0.00,0.12,0.00,-0.00,0.00,-0.45,-0.00
00:08:42.510 [TUNER] 1814,1000,0.00,0.00,0.12,0.00,-0.00,0.00,-0.45,-0.00
00:08:42.544 [TUNER] 1815,1000,0.00,0.00,0.12,0.00,-0.00,0.00,-0.45,-0.00
00:08:42.544 [TUNER] 1816,1000,0.00,0.00,0.12,0.00,-0.00,0.00,-0.45,-0.00
00:08:42.579 [TUNER] 1817,1000,0.00,0.00,0.12,0.00,-0.00,0.00,-0.45,-0.00
00:08:42.614 [TUNER] 1818,1000,0.00,0.00,0.12,0.00,-0.00,0.00,-0.45,-0.00
00:08:42.616 [TUNER] 1819,1000,0.00,0.00,0.12,0.00,-0.00,0.00,-0.45,-0.00
00:08:42.650 [TUNER] 1820,1000,0.00,0.00,0.12,0.00,-0.00,0.00,-0.45,-0.00
00:08:42.651 [TUNER] 1821,1000,0.00,0.00,0.12,0.00,-0.00,0.00,-0.45,-0.00
00:08:42.682 [TUNER] 1822,1000,0.00,0.00,0.12,0.00,-0.00,0.00,-0.45,-0.00
00:08:42.718 [TUNER] 1823,1000,0.00,0.00,0.12,0.00,-0.00,0.00,-0.45,-0.00
00:08:42.721 [TUNER] 1824,1000,0.00,0.00,0.12,0.00,-0.00,0.00,-0.45,-0.00
00:08:42.753 [TUNER] 1825,1000,0.00,0.00,0.12,0.00,-0.00,0.00,-0.45,-0.00
00:08:42.753 [TUNER] 1826,1000,0.00,0.00,0.12,0.00,-0.00,0.00,-0.45,-0.00
00:08:42.787 [TUNER] 1827,1000,0.00,0.00,0.12,0.00,-0.00,0.00,-0.45,-0.00
00:08:42.823 [TUNER] 1828,1000,0.00,0.00,0.12,0.00,-0.00,0.00,-0.45,-0.00
00:08:42.824 [TUNER] 1829,1000,0.00,0.00,0.12,0.00,-0.00,0.00,-0.45,-0.00
00:08:42.863 [TUNER] 1830,1000,0.00,0.00,0.12,0.00,-0.00,0.00,-0.45,-0.00
00:08:42.893 [TUNER] 1831,1000,0.00,0.00,0.12,0.00,-0.00,0.00,-0.45,-0.00
00:08:42.893 [TUNER] 1832,1000,0.00,0.00,0.12,0.00,-0.00,0.00,-0.45,-0.00
00:08:42.894 [TUNER] 1833,1000,0.00,0.00,0.12,0.00,-0.00,0.00,-0.45,-0.00
00:08:42.927 [TUNER] 1834,1000,0.00,0.00,0.12,0.00,-0.00,0.00,-0.45,-0.00
00:08:42.965 [TUNER] 1835,1000,0.00,0.00,0.12,0.00,-0.00,0.00,-0.45,-0.00
00:08:42.968 [TUNER] 1836,1000,0.00,0.00,0.12,0.00,-0.00,0.00,-0.45,-0.00
00:08:43.000 [TUNER] 1837,1000,0.00,0.00,0.12,0.00,-0.00,0.00,-0.45,-0.00
00:08:43.002 [TUNER] 1838,1000,0.00,0.00,0.12,0.00,-0.00,0.00,-0.45,-0.00
00:08:43.033 [TUNER] 1839,1000,0.00,0.00,0.12,0.00,-0.00,0.00,-0.45,-0.00
00:08:43.069 [TUNER] 1840,1000,0.00,0.00,0.12,0.00,-0.00,0.00,-0.45,-0.00
00:08:43.069 [TUNER] 1841,1000,0.00,0.00,0.12,0.00,-0.00,0.00,-0.45,-0.00
00:08:43.103 [TUNER] 1842,1000,0.00,0.00,0.12,0.00,-0.00,0.00,-0.45,-0.00
00:08:43.103 [TUNER] 1843,1000,0.00,0.00,0.12,0.00,-0.00,0.00,-0.45,-0.00
00:08:43.139 [TUNER] 1844,1000,0.00,0.00,0.12,0.00,-0.00,0.00,-0.45,-0.00
00:08:43.174 [TUNER] 1845,1000,0.00,0.00,0.12,0.00,-0.00,0.00,-0.45,-0.00
00:08:43.174 [TUNER] 1846,1000,0.00,0.00,0.12,0.00,-0.00,0.00,-0.45,-0.00
00:08:43.209 [TUNER] 1847,1000,0.00,0.00,0.12,0.00,-0.00,0.00,-0.45,-0.00
00:08:43.209 [TUNER] 1848,1000,0.00,0.00,0.12,0.00,-0.00,0.00,-0.45,-0.00
00:08:43.243 [TUNER] 1849,1000,0.00,0.00,0.12,0.00,-0.00,0.00,-0.45,-0.00
00:08:43.278 [TUNER] 1850,1000,0.00,0.00,0.12,0.00,-0.00,0.00,-0.45,-0.00
00:08:43.280 [TUNER] 1851,1000,0.00,0.00,0.12,0.00,-0.00,0.00,-0.45,-0.00
00:08:43.312 [TUNER] 1852,1000,0.00,0.00,0.12,0.00,-0.00,0.00,-0.45,-0.00
00:08:43.314 [TUNER] 1853,1000,0.00,0.00,0.12,0.00,-0.00,0.00,-0.45,-0.00
00:08:43.350 [TUNER] 1854,1000,0.00,0.00,0.12,0.00,-0.00,0.00,-0.45,-0.00
00:08:43.384 [TUNER] 1855,1000,0.00,0.00,0.12,0.00,-0.00,0.00,-0.45,-0.00
00:08:43.384 [TUNER] 1856,1000,0.00,0.00,0.12,0.00,-0.00,0.00,-0.45,-0.00
00:08:43.418 [TUNER] 1857,1000,0.00,0.00,0.12,0.00,-0.00,0.00,-0.45,-0.00
00:08:43.419 [TUNER] 1858,1000,0.00,0.00,0.12,0.00,-0.00,0.00,-0.45,-0.00
00:08:43.453 [TUNER] 1859,1000,0.00,0.00,0.12,0.00,-0.00,0.00,-0.45,-0.00
00:08:43.453 [TUNER] 1860,1000,0.00,0.00,0.12,0.00,-0.00,0.00,-0.45,-0.00
00:08:43.491 [TUNER] 1861,1000,0.00,0.00,0.12,0.00,-0.00,0.00,-0.45,-0.00
00:08:43.525 [TUNER] 1862,1000,0.00,0.00,0.12,0.00,-0.00,0.00,-0.45,-0.00
00:08:43.529 [TUNER] 1863,1000,0.00,0.00,0.12,0.00,-0.00,0.00,-0.45,-0.00
00:08:43.560 [TUNER] 1864,1000,0.00,0.00,0.12,0.00,-0.00,0.00,-0.45,-0.00
00:08:43.564 [TUNER] 1865,1000,0.00,0.00,0.12,0.00,-0.00,0.00,-0.45,-0.00
00:08:43.594 [TUNER] 1866,1000,0.00,0.00,0.12,0.00,-0.00,0.00,-0.45,-0.00
00:08:43.630 [TUNER] 1867,1000,0.00,0.00,0.12,0.00,-0.00,0.00,-0.45,-0.00
00:08:43.630 [TUNER] 1868,1000,0.00,0.00,0.12,0.00,-0.00,0.00,-0.45,-0.00
00:08:43.664 [TUNER] 1869,1000,0.00,0.00,0.12,0.00,-0.00,0.00,-0.45,-0.00
00:08:43.665 [TUNER] 1870,1000,0.00,0.00,0.12,0.00,-0.00,0.00,-0.45,-0.00
00:08:43.701 [TUNER] 1871,1000,0.00,0.00,0.12,0.00,-0.00,0.00,-0.45,-0.00
00:08:43.735 [TUNER] 1872,1000,0.00,0.00,0.12,0.00,-0.00,0.00,-0.45,-0.00
00:08:43.736 [TUNER] 1873,1000,0.00,0.00,0.12,0.00,-0.00,0.00,-0.45,-0.00
00:08:43.768 [TUNER] 1874,1000,0.00,0.00,0.12,0.00,-0.00,0.00,-0.45,-0.00
00:08:43.768 [TUNER] 1875,1000,0.00,0.00,0.12,0.00,-0.00,0.00,-0.45,-0.00
00:08:43.802 [TUNER] 1876,1000,0.00,0.00,0.12,0.00,-0.00,0.00,-0.45,-0.00
00:08:43.839 [TUNER] 1877,1000,0.00,0.00,0.12,0.00,-0.00,0.00,-0.45,-0.00
00:08:43.840 [TUNER] 1878,1000,0.00,0.00,0.12,0.00,-0.00,0.00,-0.45,-0.00
00:08:43.872 [TUNER] 1879,1000,0.00,0.00,0.12,0.00,-0.00,0.00,-0.45,-0.00
00:08:43.873 [TUNER] 1880,1000,0.00,0.00,0.12,0.00,-0.00,0.00,-0.45,-0.00
00:08:43.909 [TUNER] 1881,1000,0.00,0.00,0.12,0.00,-0.00,0.00,-0.45,-0.00
00:08:43.910 [TUNER] 1882,1000,0.00,0.00,0.12,0.00,-0.00,0.00,-0.45,-0.00
00:08:43.943 [TUNER] 1883,1000,0.00,0.00,0.12,0.00,-0.00,0.00,-0.45,-0.00
00:08:43.978 [TUNER] 1884,1000,0.00,0.00,0.12,0.00,-0.00,0.00,-0.45,-0.00
00:08:43.980 [TUNER] 1885,1000,0.00,0.00,0.12,0.00,-0.00,0.00,-0.45,-0.00
00:08:44.015 [TUNER] 1886,1000,0.00,0.00,0.12,0.00,-0.00,0.00,-0.45,-0.00
00:08:44.016 [TUNER] 1887,1000,0.00,0.00,0.12,0.00,-0.00,0.00,-0.45,-0.00
00:08:44.049 [TUNER] 1888,1000,0.00,0.00,0.12,0.00,-0.00,0.00,-0.45,-0.00
00:08:44.087 [TUNER] 1889,1000,0.00,0.00,0.12,0.00,-0.00,0.00,-0.45,-0.00
00:08:44.088 [TUNER] 1890,1000,0.00,0.00,0.12,0.00,-0.00,0.00,-0.45,-0.00
00:08:44.117 [TUNER] 1891,1000,0.00,0.00,0.12,0.00,-0.00,0.00,-0.45,-0.00
00:08:44.118 [TUNER] 1892,1000,0.00,0.00,0.12,0.00,-0.00,0.00,-0.45,-0.00
00:08:44.153 [TUNER] 1893,1000,0.00,0.00,0.12,0.00,-0.00,0.00,-0.45,-0.00
00:08:44.187 [TUNER] 1894,1000,0.00,0.00,0.12,0.00,-0.00,0.00,-0.45,-0.00
00:08:44.188 [TUNER] 1895,1000,0.00,0.00,0.12,0.00,-0.00,0.00,-0.45,-0.00
00:08:44.223 [TUNER] 1896,1000,0.00,0.00,0.12,0.00,-0.00,0.00,-0.45,-0.00
00:08:44.224 [TUNER] 1897,1000,0.00,0.00,0.12,0.00,-0.00,0.00,-0.45,-0.00
00:08:44.258 [TUNER] 1898,1000,0.00,0.00,0.12,0.00,-0.00,0.00,-0.45,-0.00
00:08:44.294 [TUNER] 1899,1000,0.00,0.00,0.12,0.00,-0.00,0.00,-0.45,-0.00
00:08:44.294 [TUNER] 1900,1000,0.00,0.00,0.12,0.00,-0.00,0.00,-0.45,-0.00
00:08:44.335 [TUNER] 1901,1000,0.00,0.00,0.12,0.00,-0.00,0.00,-0.45,-0.00
00:08:44.345 [TUNER] 1902,1000,0.00,0.00,0.12,0.00,-0.00,0.00,-0.45,-0.00
00:08:44.361 [TUNER] 1903,1000,0.00,0.00,0.12,0.00,-0.00,0.00,-0.45,-0.00
00:08:44.362 [TUNER] 1904,1000,0.00,0.00,0.12,0.00,-0.00,0.00,-0.45,-0.00
00:08:44.399 [TUNER] 1905,1000,0.00,0.00,0.12,0.00,-0.00,0.00,-0.45,-0.00
00:08:44.434 [TUNER] 1906,1000,0.00,0.00,0.12,0.00,-0.00,0.00,-0.45,-0.00
00:08:44.436 [TUNER] 1907,1000,0.00,0.00,0.12,0.00,-0.00,0.00,-0.45,-0.00
00:08:44.470 [TUNER] 1908,1000,0.00,0.00,0.12,0.00,-0.00,0.00,-0.45,-0.00
00:08:44.471 [TUNER] 1909,1000,0.00,0.00,0.12,0.00,-0.00,0.00,-0.45,-0.00
00:08:44.503 [TUNER] 1910,1000,0.00,0.00,0.12,0.00,-0.00,0.00,-0.45,-0.00
00:08:44.538 [TUNER] 1911,1000,0.00,0.00,0.12,0.00,-0.00,0.00,-0.45,-0.00
00:08:44.540 [TUNER] 1912,1000,0.00,0.00,0.12,0.00,-0.00,0.00,-0.45,-0.00
00:08:44.574 [TUNER] 1913,1000,0.00,0.00,0.12,0.00,-0.00,0.00,-0.45,-0.00
00:08:44.574 [TUNER] 1914,1000,0.00,0.00,0.12,0.00,-0.00,0.00,-0.45,-0.00
00:08:44.608 [TUNER] 1915,1000,0.00,0.00,0.12,0.00,-0.00,0.00,-0.45,-0.00
00:08:44.644 [TUNER] 1916,1000,0.00,0.00,0.12,0.00,-0.00,0.00,-0.45,-0.00
00:08:44.644 [TUNER] 1917,1000,0.00,0.00,0.12,0.00,-0.00,0.00,-0.45,-0.00
00:08:44.677 [TUNER] 1918,1000,0.00,0.00,0.12,0.00,-0.00,0.00,-0.45,-0.00
00:08:44.713 [TUNER] 1919,1000,0.00,0.00,0.12,0.00,-0.00,0.00,-0.45,-0.00
00:08:44.714 [TUNER] 1920,1000,0.00,0.00,0.12,0.00,-0.00,0.00,-0.45,-0.00
00:08:44.715 [TUNER] 1921,1000,0.00,0.00,0.12,0.00,-0.00,0.00,-0.45,-0.00
00:08:44.748 [TUNER] 1922,1000,0.00,0.00,0.12,0.00,-0.00,0.00,-0.45,-0.00
00:08:44.784 [TUNER] 1923,1000,0.00,0.00,0.12,0.00,-0.00,0.00,-0.45,-0.00
00:08:44.784 [TUNER] 1924,1000,0.00,0.00,0.12,0.00,-0.00,0.00,-0.45,-0.00
00:08:44.821 [TUNER] 1925,1000,0.00,0.00,0.12,0.00,-0.00,0.00,-0.45,-0.00
00:08:44.822 [TUNER] 1926,1000,0.00,0.00,0.12,0.00,-0.00,0.00,-0.45,-0.00
00:08:44.852 [TUNER] 1927,1000,0.00,0.00,0.12,0.00,-0.00,0.00,-0.45,-0.00
00:08:44.891 [TUNER] 1928,1000,0.00,0.00,0.12,0.00,-0.00,0.00,-0.45,-0.00
00:08:44.891 [TUNER] 1929,1000,0.00,0.00,0.12,0.00,-0.00,0.00,-0.45,-0.00
00:08:44.925 [TUNER] 1930,1000,0.00,0.00,0.12,0.00,-0.00,0.00,-0.45,-0.00
00:08:44.925 [TUNER] 1931,1000,0.00,0.00,0.12,0.00,-0.00,0.00,-0.45,-0.00
00:08:44.957 [TUNER] 1932,1000,0.00,0.00,0.12,0.00,-0.00,0.00,-0.45,-0.00
00:08:44.992 [TUNER] 1933,1000,0.00,0.00,0.12,0.00,-0.00,0.00,-0.45,-0.00
00:08:44.992 [TUNER] 1934,1000,0.00,0.00,0.12,0.00,-0.00,0.00,-0.45,-0.00
00:08:45.029 [TUNER] 1935,1000,0.00,0.00,0.12,0.00,-0.00,0.00,-0.45,-0.00
00:08:45.029 [TUNER] 1936,1000,0.00,0.00,0.12,0.00,-0.00,0.00,-0.45,-0.00
00:08:45.062 [TUNER] 1937,1000,0.00,0.00,0.12,0.00,-0.00,0.00,-0.45,-0.00
00:08:45.100 [TUNER] 1938,1000,0.00,0.00,0.12,0.00,-0.00,0.00,-0.45,-0.00
00:08:45.102 [TUNER] 1939,1000,0.00,0.00,0.12,0.00,-0.00,0.00,-0.45,-0.00
00:08:45.133 [TUNER] 1940,1000,0.00,0.00,0.12,0.00,-0.00,0.00,-0.45,-0.00
00:08:45.134 [TUNER] 1941,1000,0.00,0.00,0.12,0.00,-0.00,0.00,-0.45,-0.00
00:08:45.167 [TUNER] 1942,1000,0.00,0.00,0.12,0.00,-0.00,0.00,-0.45,-0.00
00:08:45.205 [TUNER] 1943,1000,0.00,0.00,0.12,0.00,-0.00,0.00,-0.45,-0.00
00:08:45.205 [TUNER] 1944,1000,0.00,0.00,0.12,0.00,-0.00,0.00,-0.45,-0.00
00:08:45.241 [TUNER] 1945,1000,0.00,0.00,0.12,0.00,-0.00,0.00,-0.45,-0.00
00:08:45.242 [TUNER] 1946,1000,0.00,0.00,0.12,0.00,-0.00,0.00,-0.45,-0.00
00:08:45.273 [TUNER] 1947,1000,0.00,0.00,0.12,0.00,-0.00,0.00,-0.45,-0.00
00:08:45.273 [TUNER] 1948,1000,0.00,0.00,0.12,0.00,-0.00,0.00,-0.45,-0.00
00:08:45.310 [TUNER] 1949,1000,0.00,0.00,0.12,0.00,-0.00,0.00,-0.45,-0.00
00:08:45.344 [TUNER] 1950,1000,0.00,0.00,0.12,0.00,-0.00,0.00,-0.45,-0.00
00:08:45.378 [TUNER] 1951,1000,0.00,0.00,0.12,0.00,-0.00,0.00,-0.45,-0.00
00:08:45.379 [TUNER] 1952,1000,0.00,0.00,0.12,0.00,-0.00,0.00,-0.45,-0.00
00:08:45.383 [TUNER] 1953,1000,0.00,0.00,0.12,0.00,-0.00,0.00,-0.45,-0.00
00:08:45.413 [TUNER] 1954,1000,0.00,0.00,0.12,0.00,-0.00,0.00,-0.45,-0.00
00:08:45.449 [TUNER] 1955,1000,0.00,0.00,0.12,0.00,-0.00,0.00,-0.45,-0.00
00:08:45.451 [TUNER] 1956,1000,0.00,0.00,0.12,0.00,-0.00,0.00,-0.45,-0.00
00:08:45.483 [TUNER] 1957,1000,0.00,0.00,0.12,0.00,-0.00,0.00,-0.45,-0.00
00:08:45.484 [TUNER] 1958,1000,0.00,0.00,0.12,0.00,-0.00,0.00,-0.45,-0.00
00:08:45.518 [TUNER] 1959,1000,0.00,0.00,0.12,0.00,-0.00,0.00,-0.45,-0.00
00:08:45.554 [TUNER] 1960,1000,0.00,0.00,0.12,0.00,-0.00,0.00,-0.45,-0.00
00:08:45.555 [TUNER] 1961,1000,0.00,0.00,0.12,0.00,-0.00,0.00,-0.45,-0.00
00:08:45.587 [TUNER] 1962,1000,0.00,0.00,0.12,0.00,-0.00,0.00,-0.45,-0.00
00:08:45.587 [TUNER] 1963,1000,0.00,0.00,0.12,0.00,-0.00,0.00,-0.45,-0.00
00:08:45.623 [TUNER] 1964,1000,0.00,0.00,0.12,0.00,-0.00,0.00,-0.45,-0.00
00:08:45.659 [TUNER] 1965,1000,0.00,0.00,0.12,0.00,-0.00,0.00,-0.45,-0.00
00:08:45.660 [TUNER] 1966,1000,0.00,0.00,0.12,0.00,-0.00,0.00,-0.45,-0.00
00:08:45.693 [TUNER] 1967,1000,0.00,0.00,0.12,0.00,-0.00,0.00,-0.45,-0.00
00:08:45.694 [TUNER] 1968,1000,0.00,0.00,0.12,0.00,-0.00,0.00,-0.45,-0.00
00:08:45.731 [TUNER] 1969,1000,0.00,0.00,0.12,0.00,-0.00,0.00,-0.45,-0.00
00:08:45.732 [TUNER] 1970,1000,0.00,0.00,0.12,0.00,-0.00,0.00,-0.45,-0.00
00:08:45.764 [TUNER] 1971,1000,0.00,0.00,0.12,0.00,-0.00,0.00,-0.45,-0.00
00:08:45.798 [TUNER] 1972,1000,0.00,0.00,0.12,0.00,-0.00,0.00,-0.45,-0.00
00:08:45.798 [TUNER] 1973,1000,0.00,0.00,0.12,0.00,-0.00,0.00,-0.45,-0.00
00:08:45.833 [TUNER] 1974,1000,0.00,0.00,0.12,0.00,-0.00,0.00,-0.45,-0.00
00:08:45.834 [TUNER] 1975,1000,0.00,0.00,0.12,0.00,-0.00,0.00,-0.45,-0.00
00:08:45.868 [TUNER] 1976,1000,0.00,0.00,0.12,0.00,-0.00,0.00,-0.45,-0.00
00:08:45.903 [TUNER] 1977,1000,0.00,0.00,0.12,0.00,-0.00,0.00,-0.45,-0.00
00:08:45.903 [TUNER] 1978,1000,0.00,0.00,0.12,0.00,-0.00,0.00,-0.45,-0.00
00:08:45.940 [TUNER] 1979,1000,0.00,0.00,0.12,0.00,-0.00,0.00,-0.45,-0.00
00:08:45.940 [TUNER] 1980,1000,0.00,0.00,0.12,0.00,-0.00,0.00,-0.45,-0.00
00:08:45.974 [TUNER] 1981,1000,0.00,0.00,0.12,0.00,-0.00,0.00,-0.45,-0.00
00:08:46.010 [TUNER] 1982,1000,0.00,0.00,0.12,0.00,-0.00,0.00,-0.45,-0.00
00:08:46.010 [TUNER] 1983,1000,0.00,0.00,0.12,0.00,-0.00,0.00,-0.45,-0.00
00:08:46.047 [TUNER] 1984,1000,0.00,0.00,0.12,0.00,-0.00,0.00,-0.45,-0.00
00:08:46.050 [TUNER] 1985,1000,0.00,0.00,0.12,0.00,-0.00,0.00,-0.45,-0.00
00:08:46.079 [TUNER] 1986,1000,0.00,0.00,0.12,0.00,-0.00,0.00,-0.45,-0.00
00:08:46.112 [TUNER] 1987,1000,0.00,0.00,0.12,0.00,-0.00,0.00,-0.45,-0.00
00:08:46.114 [TUNER] 1988,1000,0.00,0.00,0.12,0.00,-0.00,0.00,-0.45,-0.00
00:08:46.153 [TUNER] 1989,1000,0.00,0.00,0.12,0.00,-0.00,0.00,-0.45,-0.00
00:08:46.153 [TUNER] 1990,1000,0.00,0.00,0.12,0.00,-0.00,0.00,-0.45,-0.00
00:08:46.183 [TUNER] 1991,1000,0.00,0.00,0.12,0.00,-0.00,0.00,-0.45,-0.00
00:08:46.218 [TUNER] 1992,1000,0.00,0.00,0.12,0.00,-0.00,0.00,-0.45,-0.00
00:08:46.218 [TUNER] 1993,1000,0.00,0.00,0.12,0.00,-0.00,0.00,-0.45,-0.00
00:08:46.254 [TUNER] 1994,1000,0.00,0.00,0.12,0.00,-0.00,0.00,-0.45,-0.00
00:08:46.254 [TUNER] 1995,1000,0.00,0.00,0.12,0.00,-0.00,0.00,-0.45,-0.00
00:08:46.288 [TUNER] 1996,1000,0.00,0.00,0.12,0.00,-0.00,0.00,-0.45,-0.00
00:08:46.323 [TUNER] 1997,1000,0.00,0.00,0.12,0.00,-0.00,0.00,-0.45,-0.00
00:08:46.324 [TUNER] 1998,1000,0.00,0.00,0.12,0.00,-0.00,0.00,-0.45,-0.00
00:08:46.359 [TUNER] 1999,1000,0.00,0.00,0.12,0.00,-0.00,0.00,-0.45,-0.00
00:08:46.360 [TUNER] --- CSV END ---