00:04:21.932 [TUNER] --- CSV START ---
00:04:21.934 [TUNER] Metadata,Profile(Accel:12.0 Jerk:100.0),PID_0(P:16.84489 I:793.53180 D:0.00000),PID_1(P:18.20300 I:852.88855 D:0.00000)
00:04:21.935 [TUNER] Tick,DeltaTime_us,Reading_0,Setpoint_0,Output_0,int_0,Reading_1,Setpoint_1,Output_1,int_1
00:04:21.936 [TUNER] 0,0,0.00,0.10,0.09,0.00,0.00,0.10,0.22,0.00
00:04:21.968 [TUNER] 1,975,0.00,0.30,0.09,0.00,0.00,0.30,0.22,0.00
00:04:21.968 [TUNER] 2,1000,0.00,0.60,0.10,0.00,0.00,0.60,0.23,0.00
00:04:22.003 [TUNER] 3,1000,0.00,1.00,0.10,0.00,0.00,1.00,0.23,0.00
00:04:22.004 [TUNER] 4,1000,0.00,1.50,0.12,0.00,0.00,1.50,0.25,0.00
00:04:22.039 [TUNER] 5,1000,0.00,2.10,0.12,0.00,0.00,2.10,0.25,0.00
00:04:22.072 [TUNER] 6,1000,0.00,2.80,0.14,0.00,0.00,2.80,0.28,0.00
00:04:22.073 [TUNER] 7,1000,0.00,3.60,0.14,0.00,0.00,3.60,0.28,0.00
00:04:22.109 [TUNER] 8,1000,0.00,4.50,0.18,0.00,0.00,4.50,0.32,0.00
00:04:22.111 [TUNER] 9,1000,0.00,5.50,0.18,0.00,0.00,5.50,0.32,0.00
00:04:22.142 [TUNER] 10,1000,0.00,6.60,0.23,0.00,0.00,6.60,0.38,0.00
00:04:22.178 [TUNER] 11,1000,0.00,7.80,0.23,0.00,0.00,7.80,0.38,0.00
00:04:22.178 [TUNER] 12,1000,0.00,9.10,0.29,0.00,0.00,9.10,0.44,0.00
00:04:22.212 [TUNER] 13,1004,0.00,10.50,0.32,0.00,0.00,10.50,0.48,0.00
00:04:22.213 [TUNER] 14,996,0.00,12.00,0.32,0.00,0.00,12.00,0.48,0.00
00:04:22.247 [TUNER] 15,1000,0.00,13.60,0.40,0.00,0.00,13.60,0.56,0.00
00:04:22.282 [TUNER] 16,1000,0.00,15.30,0.40,0.00,0.00,15.30,0.56,0.00
00:04:22.283 [TUNER] 17,1000,0.00,17.10,0.49,0.00,0.00,17.10,0.65,0.00
00:04:22.319 [TUNER] 18,1000,0.00,19.00,0.49,0.00,0.00,19.00,0.65,0.00
00:04:22.319 [TUNER] 19,1000,0.00,21.00,0.59,0.00,1.72,21.00,0.73,0.00
00:04:22.352 [TUNER] 20,1000,0.00,23.10,0.59,0.00,1.72,23.10,0.73,0.00
00:04:22.388 [TUNER] 21,1000,3.44,25.30,0.64,0.00,4.81,25.30,0.79,0.00
00:04:22.389 [TUNER] 22,1000,3.44,27.60,0.64,0.00,4.81,27.60,0.79,0.00
00:04:22.422 [TUNER] 23,1000,18.21,30.00,0.50,0.00,9.00,30.00,0.84,0.00
00:04:22.424 [TUNER] 24,1000,18.21,32.50,0.50,0.00,9.00,32.50,0.84,0.00
00:04:22.457 [TUNER] 25,1000,28.32,35.10,0.43,0.00,10.64,35.10,0.95,0.00
00:04:22.492 [TUNER] 26,1000,28.32,37.80,0.43,0.00,10.64,37.80,0.95,0.00
00:04:22.493 [TUNER] 27,1000,24.37,40.60,0.62,0.00,15.38,40.60,1.01,0.00
00:04:22.527 [TUNER] 28,1000,24.37,43.50,0.62,0.00,15.38,43.50,1.01,0.00
00:04:22.527 [TUNER] 29,1000,19.50,46.50,0.85,0.00,20.90,46.50,1.07,0.00
00:04:22.562 [TUNER] 30,1000,19.50,49.60,0.85,0.00,20.90,49.60,1.07,0.00
00:04:22.563 [TUNER] 31,1002,22.45,52.80,0.96,0.00,28.71,52.80,1.09,0.00
00:04:22.597 [TUNER] 32,998,22.45,56.10,0.96,0.00,28.71,56.10,1.09,0.00
00:04:22.633 [TUNER] 33,1000,36.91,59.50,0.87,0.00,35.03,59.50,1.14,0.00
00:04:22.633 [TUNER] 34,1000,36.91,63.00,0.87,0.00,35.03,63.00,1.14,0.00
00:04:22.669 [TUNER] 35,1000,44.99,66.60,0.90,0.00,43.48,66.60,1.17,0.00
00:04:22.670 [TUNER] 36,1000,44.99,70.30,0.90,0.00,43.48,70.30,1.17,0.00
00:04:22.702 [TUNER] 37,1000,44.58,74.10,1.08,0.00,50.25,74.10,1.23,0.00
00:04:22.736 [TUNER] 38,1000,44.58,78.00,1.08,0.00,50.25,78.00,1.23,0.00
00:04:22.737 [TUNER] 39,1000,47.69,82.00,1.23,0.00,55.66,82.00,1.33,0.00
00:04:22.772 [TUNER] 40,1000,47.69,86.10,1.23,0.00,55.66,86.10,1.33,0.00
00:04:22.773 [TUNER] 41,1000,58.78,90.30,1.24,0.00,66.87,90.30,1.32,0.00
00:04:22.807 [TUNER] 42,1000,58.78,94.60,1.24,0.00,66.87,94.60,1.32,0.00
00:04:22.843 [TUNER] 43,1000,69.36,99.00,1.26,0.00,77.55,99.00,1.33,0.00
00:04:22.877 [TUNER] 44,1000,69.36,103.50,1.26,0.00,77.55,103.50,1.33,0.00
00:04:22.878 [TUNER] 45,1000,79.54,108.10,1.30,0.00,89.53,108.10,1.32,0.00
00:04:22.879 [TUNER] 46,1000,79.54,112.80,1.30,0.00,89.53,112.80,1.32,0.00
00:04:22.912 [TUNER] 47,1000,91.12,117.60,1.32,0.00,104.27,117.60,1.25,0.00
00:04:22.947 [TUNER] 48,1000,91.12,122.50,1.32,0.00,104.27,122.50,1.25,0.00
00:04:22.948 [TUNER] 49,1000,108.97,127.50,1.22,0.00,121.21,127.50,1.15,0.00
00:04:22.982 [TUNER] 50,1000,108.97,132.60,1.22,0.00,121.21,132.60,1.15,0.00
00:04:22.984 [TUNER] 51,1000,123.26,137.80,1.19,0.00,126.17,137.80,1.27,0.00
00:04:23.017 [TUNER] 52,1000,123.26,143.10,1.19,0.00,126.17,143.10,1.27,0.00
00:04:23.053 [TUNER] 53,1000,132.97,148.50,1.24,0.00,131.86,148.50,1.40,0.00
00:04:23.054 [TUNER] 54,1000,132.97,154.00,1.24,0.00,131.86,154.00,1.40,0.00
00:04:23.088 [TUNER] 55,1000,147.61,159.60,1.21,0.00,145.01,159.60,1.40,0.00
00:04:23.089 [TUNER] 56,1000,147.61,165.30,1.21,0.00,145.01,165.30,1.40,0.00
00:04:23.121 [TUNER] 57,1000,166.19,171.10,1.11,0.00,157.24,171.10,1.42,0.00
00:04:23.158 [TUNER] 58,1000,166.19,177.00,1.11,0.00,157.24,177.00,1.42,0.00
00:04:23.159 [TUNER] 59,1000,179.34,183.00,1.11,0.00,167.02,183.00,1.50,0.00
00:04:23.193 [TUNER] 60,1000,179.34,189.10,1.11,0.00,167.02,189.10,1.50,0.00
00:04:23.194 [TUNER] 61,1000,189.86,195.30,1.16,0.00,178.29,195.30,1.56,0.00
00:04:23.228 [TUNER] 62,1000,189.86,201.60,1.16,0.00,178.29,201.60,1.56,0.00
00:04:23.228 [TUNER] 63,1000,199.99,208.00,1.23,0.00,189.02,208.00,1.64,0.00
00:04:23.262 [TUNER] 64,1000,199.99,214.50,1.23,0.00,189.02,214.50,1.64,0.00
00:04:23.297 [TUNER] 65,1000,211.54,221.10,1.28,0.00,204.48,221.10,1.64,0.00
00:04:23.298 [TUNER] 66,1000,211.54,227.80,1.28,0.00,204.48,227.80,1.64,0.00
00:04:23.332 [TUNER] 67,1000,224.21,234.60,1.33,0.00,211.69,234.60,1.81,0.00
00:04:23.333 [TUNER] 68,1000,224.21,241.50,1.33,0.00,211.69,241.50,1.81,0.00
00:04:23.368 [TUNER] 69,1000,239.50,248.50,1.33,0.00,212.30,248.50,2.12,0.00
00:04:23.368 [TUNER] 70,1000,239.50,255.60,1.33,0.00,212.30,255.60,2.12,0.00
00:04:23.401 [TUNER] 71,1000,256.88,262.80,1.30,0.00,214.51,262.80,2.44,0.00
00:04:23.440 [TUNER] 72,1000,256.88,270.10,1.30,0.00,214.51,270.10,2.44,0.00
00:04:23.440 [TUNER] 73,1000,272.51,277.50,1.31,0.00,228.30,277.50,2.56,0.00
00:04:23.473 [TUNER] 74,1000,272.51,285.00,1.31,0.00,228.30,285.00,2.56,0.00
00:04:23.473 [TUNER] 75,1000,288.45,292.60,1.32,0.00,242.77,292.60,2.67,0.00
00:04:23.507 [TUNER] 76,1000,288.45,300.30,1.32,0.00,242.77,300.30,2.67,0.00
00:04:23.508 [TUNER] 77,1000,296.05,308.10,1.48,0.00,235.45,308.10,3.22,0.00
00:04:23.542 [TUNER] 78,1000,296.05,316.00,1.48,0.00,235.45,316.00,3.22,0.00
00:04:23.578 [TUNER] 79,1000,293.53,324.00,1.86,0.00,277.70,324.00,2.84,0.00
00:04:23.578 [TUNER] 80,1000,293.53,332.10,1.86,0.00,277.70,332.10,2.84,0.00
00:04:23.613 [TUNER] 81,1002,293.18,340.30,2.23,0.00,330.29,340.30,2.21,0.00
00:04:23.613 [TUNER] 82,1000,293.18,348.60,2.23,0.00,330.29,348.60,2.21,0.00
00:04:23.647 [TUNER] 83,998,317.09,357.00,2.19,0.00,370.86,357.00,1.77,0.00
00:04:23.682 [TUNER] 84,1000,317.09,365.50,2.19,0.00,370.86,365.50,1.77,0.00
00:04:23.683 [TUNER] 85,1000,351.61,374.10,1.95,0.00,384.31,374.10,1.83,0.00
00:04:23.720 [TUNER] 86,1000,351.61,382.80,1.95,0.00,384.31,382.80,1.83,0.00
00:04:23.720 [TUNER] 87,1000,362.03,391.60,2.13,0.00,377.89,391.60,2.31,0.00
00:04:23.752 [TUNER] 88,1000,362.03,400.50,2.13,0.00,377.89,400.50,2.31,0.00
00:04:23.754 [TUNER] 89,1000,377.25,409.50,2.25,0.00,393.37,409.50,2.40,0.00
00:04:23.789 [TUNER] 90,1000,377.25,418.60,2.25,0.00,393.37,418.60,2.40,0.00
00:04:23.789 [TUNER] 91,1000,408.32,427.80,2.08,0.00,426.37,427.80,2.15,0.00
00:04:23.822 [TUNER] 92,1000,408.32,437.10,2.08,0.00,426.37,437.10,2.15,0.00
00:04:23.863 [TUNER] 93,1000,428.02,446.50,2.11,0.00,445.90,446.50,2.16,0.00
00:04:23.863 [TUNER] 94,1000,428.02,456.00,2.11,0.00,445.90,456.00,2.16,0.00
00:04:23.893 [TUNER] 95,1000,447.22,465.60,2.16,0.00,466.67,465.60,2.14,0.00
00:04:23.896 [TUNER] 96,1000,447.22,475.30,2.16,0.00,466.67,475.30,2.14,0.00
00:04:23.930 [TUNER] 97,1000,460.86,485.10,2.32,0.00,485.01,485.10,2.18,0.00
00:04:23.931 [TUNER] 98,1000,460.86,495.00,2.32,0.00,485.01,495.00,2.18,0.00
00:04:23.963 [TUNER] 99,1000,482.08,505.00,2.35,0.00,509.99,505.00,2.10,0.00
00:04:23.998 [TUNER] 100,1000,482.08,515.10,2.35,0.00,509.99,515.10,2.10,0.00
00:04:23.999 [TUNER] 101,1002,510.89,525.30,2.25,0.00,534.94,525.30,2.02,0.00
00:04:24.032 [TUNER] 102,998,510.89,535.60,2.25,0.00,534.94,535.60,2.02,0.00
00:04:24.033 [TUNER] 103,1000,532.60,546.00,2.27,0.00,555.28,546.00,2.03,0.00
00:04:24.068 [TUNER] 104,1000,532.60,556.50,2.27,0.00,555.28,556.50,2.03,0.00
00:04:24.068 [TUNER] 105,1000,554.93,567.10,2.29,0.00,571.36,567.10,2.14,0.00
00:04:24.103 [TUNER] 106,1000,554.93,577.80,2.29,0.00,571.36,577.80,2.14,0.00
00:04:24.174 [TUNER] 107,1000,576.24,588.60,2.34,0.00,570.48,588.60,2.60,0.00
00:04:24.174 [TUNER] 108,1000,576.24,599.50,2.34,0.00,570.48,599.50,2.60,0.00
00:04:24.174 [TUNER] 109,1000,600.15,610.50,2.34,0.00,581.80,610.50,2.86,0.00
00:04:24.175 [TUNER] 110,1000,600.15,621.60,2.34,0.00,581.80,621.60,2.86,0.00
00:04:24.208 [TUNER] 111,1000,626.16,632.80,2.31,0.00,589.14,632.80,3.23,0.00
00:04:24.243 [TUNER] 112,1000,626.16,644.10,2.31,0.00,589.14,644.10,3.23,0.00
00:04:24.245 [TUNER] 113,1000,653.83,655.50,2.26,0.00,615.63,655.50,3.25,0.00
00:04:24.278 [TUNER] 114,1000,653.83,667.00,2.26,0.00,615.63,667.00,3.25,0.00
00:04:24.314 [TUNER] 115,1000,674.26,678.60,2.33,0.00,657.44,678.60,2.97,0.00
00:04:24.315 [TUNER] 116,1000,674.26,690.30,2.33,0.00,657.44,690.30,2.97,0.00
00:04:24.316 [TUNER] 117,1000,699.18,702.10,2.34,0.00,702.91,702.10,2.59,0.00
00:04:24.348 [TUNER] 118,1000,699.18,714.00,2.34,0.00,702.91,714.00,2.59,0.00
00:04:24.382 [TUNER] 119,1000,715.61,726.00,2.50,0.00,732.33,726.00,2.50,0.00
00:04:24.382 [TUNER] 120,1000,715.61,738.00,2.50,0.00,732.33,738.00,2.50,0.00
00:04:24.417 [TUNER] 121,1000,732.35,750.00,2.68,0.00,764.63,750.00,2.35,0.00
00:04:24.417 [TUNER] 122,1000,732.35,762.00,2.68,0.00,764.63,762.00,2.35,0.00
00:04:24.452 [TUNER] 123,1000,745.66,774.00,2.92,0.00,804.13,774.00,2.04,0.00
00:04:24.453 [TUNER] 124,1000,745.66,786.00,2.92,0.00,804.13,786.00,2.04,0.00
00:04:24.488 [TUNER] 125,1000,780.36,798.00,2.80,0.00,834.01,798.00,1.89,0.00
00:04:24.521 [TUNER] 126,1000,780.36,810.00,2.80,0.00,834.01,810.00,1.89,0.00
00:04:24.522 [TUNER] 127,1000,842.48,822.00,2.15,0.00,820.11,822.00,2.61,0.00
00:04:24.558 [TUNER] 128,1000,842.48,834.00,2.15,0.00,820.11,834.00,2.61,0.00
00:04:24.558 [TUNER] 129,1000,895.61,846.00,1.60,0.00,817.59,846.00,3.16,0.00
00:04:24.592 [TUNER] 130,1000,895.61,858.00,1.60,0.00,817.59,858.00,3.16,0.00
00:04:24.594 [TUNER] 131,1000,893.45,870.00,2.03,0.00,791.51,870.00,4.23,0.00
00:04:24.627 [TUNER] 132,1000,893.45,882.00,2.03,0.00,791.51,882.00,4.23,0.00
00:04:24.663 [TUNER] 133,1000,874.54,894.00,2.81,0.00,805.02,894.00,4.60,0.00
00:04:24.665 [TUNER] 134,1000,874.54,906.00,2.81,0.00,805.02,906.00,4.60,0.00
00:04:24.698 [TUNER] 135,1000,881.75,918.00,3.17,0.00,862.21,918.00,4.11,0.00
00:04:24.698 [TUNER] 136,1000,881.75,930.00,3.17,0.00,862.21,930.00,4.11,0.00
00:04:24.735 [TUNER] 137,1000,920.15,942.00,2.99,0.00,950.91,942.00,2.94,0.00
00:04:24.735 [TUNER] 138,1000,920.15,954.00,2.99,0.00,950.91,954.00,2.94,0.00
00:04:24.766 [TUNER] 139,1000,935.42,966.00,3.21,0.00,978.92,966.00,2.87,0.00
00:04:24.804 [TUNER] 140,1000,935.42,978.00,3.21,0.00,978.92,978.00,2.87,0.00
00:04:24.804 [TUNER] 141,1000,945.91,990.00,3.53,0.00,960.10,990.00,3.73,0.00
00:04:24.838 [TUNER] 142,1000,945.91,1002.00,3.53,0.00,960.10,1002.00,3.73,0.00
00:04:24.838 [TUNER] 143,1000,988.67,1014.00,3.28,0.00,974.25,1014.00,4.00,0.00
00:04:24.873 [TUNER] 144,1000,988.67,1026.00,3.28,0.00,974.25,1026.00,4.00,0.00
00:04:24.874 [TUNER] 145,1000,1058.95,1038.00,2.49,0.00,1023.36,1038.00,3.59,0.00
00:04:24.908 [TUNER] 146,1000,1058.95,1050.00,2.49,0.00,1023.36,1050.00,3.59,0.00
00:04:24.942 [TUNER] 147,1000,1125.49,1062.00,1.69,0.00,1055.78,1062.00,3.47,0.00
00:04:24.943 [TUNER] 148,1000,1125.49,1074.00,1.69,0.00,1055.78,1074.00,3.47,0.00
00:04:24.977 [TUNER] 149,1000,1170.12,1086.00,1.24,0.00,1140.13,1086.00,2.30,0.00
00:04:24.980 [TUNER] 150,1000,1170.12,1098.00,1.24,0.00,1140.13,1098.00,2.30,0.00
00:04:25.013 [TUNER] 151,1002,1171.24,1110.00,1.55,0.00,1221.05,1110.00,1.10,0.00
00:04:25.047 [TUNER] 152,1000,1171.24,1122.00,1.55,0.00,1221.05,1122.00,1.10,0.00
00:04:25.048 [TUNER] 153,998,1114.13,1134.00,2.97,0.00,1193.53,1134.00,1.96,0.00
00:04:25.082 [TUNER] 154,1000,1114.13,1146.00,2.97,0.00,1193.53,1146.00,1.96,0.00
00:04:25.082 [TUNER] 155,1000,1087.16,1158.00,3.97,0.00,1135.22,1158.00,3.52,0.00
00:04:25.119 [TUNER] 156,1000,1087.16,1170.00,3.97,0.00,1135.22,1170.00,3.52,0.00
00:04:25.120 [TUNER] 157,1000,1093.08,1182.00,4.44,0.00,1121.21,1182.00,4.34,0.00
00:04:25.152 [TUNER] 158,1000,1093.08,1194.00,4.44,0.00,1121.21,1194.00,4.34,0.00
00:04:25.153 [TUNER] 159,1000,1152.79,1206.00,3.94,0.00,1152.96,1206.00,4.31,0.00
00:04:25.188 [TUNER] 160,1000,1152.79,1218.00,3.94,0.00,1152.96,1218.00,4.31,0.00
00:04:25.223 [TUNER] 161,1000,1198.84,1230.00,3.64,0.00,1186.95,1230.00,4.23,0.00
00:04:25.223 [TUNER] 162,1000,1198.84,1242.00,3.64,0.00,1186.95,1242.00,4.23,0.00
00:04:25.258 [TUNER] 163,1000,1220.21,1254.00,3.77,0.00,1196.96,1254.00,4.60,0.00
00:04:25.258 [TUNER] 164,1000,1220.21,1266.00,3.77,0.00,1196.96,1266.00,4.60,0.00
00:04:25.292 [TUNER] 165,1000,1263.09,1278.00,3.50,0.00,1265.10,1278.00,3.84,0.00
00:04:25.294 [TUNER] 166,1000,1263.09,1290.00,3.50,0.00,1265.10,1290.00,3.84,0.00
00:04:25.327 [TUNER] 167,1000,1343.77,1301.90,2.50,0.00,1341.95,1301.90,2.84,0.00
00:04:25.364 [TUNER] 168,1000,1343.77,1313.70,2.50,0.00,1341.95,1313.70,2.84,0.00
00:04:25.366 [TUNER] 169,1000,1416.91,1325.40,1.54,0.00,1425.76,1325.40,1.59,0.00
00:04:25.397 [TUNER] 170,1000,1416.91,1337.00,1.54,0.00,1425.76,1337.00,1.59,0.00
00:04:25.399 [TUNER] 171,1002,1569.26,1348.50,-0.97,0.00,1535.17,1348.50,-0.28,0.00
00:04:25.432 [TUNER] 172,998,1569.26,1359.90,-0.97,0.00,1535.17,1359.90,-0.28,0.00
00:04:25.433 [TUNER] 173,1000,1656.32,1371.20,-2.48,0.00,1570.54,1371.20,-0.82,0.00
00:04:25.466 [TUNER] 174,1000,1656.32,1382.40,-2.48,0.00,1570.54,1382.40,-0.82,0.00
00:04:25.505 [TUNER] 175,1000,1596.51,1393.50,-1.39,0.00,1560.53,1393.50,-0.50,0.00
00:04:25.505 [TUNER] 176,1000,1596.51,1404.50,-1.39,0.00,1560.53,1404.50,-0.50,0.00
00:04:25.539 [TUNER] 177,1000,1424.96,1415.40,1.87,0.00,1509.57,1415.40,0.69,0.00
00:04:25.539 [TUNER] 178,1000,1424.96,1426.20,1.87,0.00,1509.57,1426.20,0.69,0.00
00:04:25.572 [TUNER] 179,1000,1285.93,1436.90,4.84,0.00,1406.85,1436.90,3.02,0.00
00:04:25.608 [TUNER] 180,1000,1285.93,1447.50,4.84,0.00,1406.85,1447.50,3.02,0.00
00:04:25.609 [TUNER] 181,1000,1260.80,1458.00,5.95,0.00,1364.41,1458.00,4.36,0.00
00:04:25.644 [TUNER] 182,1000,1260.80,1468.40,5.95,0.00,1364.41,1468.40,4.36,0.00
00:04:25.646 [TUNER] 183,1000,1321.33,1478.70,5.55,0.00,1399.06,1478.70,4.26,0.00
00:04:25.679 [TUNER] 184,1000,1321.33,1488.90,5.55,0.00,1399.06,1488.90,4.26,0.00
00:04:25.680 [TUNER] 185,1000,1421.29,1499.00,4.35,0.00,1371.80,1499.00,5.36,0.00
00:04:25.713 [TUNER] 186,1000,1421.29,1509.00,4.35,0.00,1371.80,1509.00,5.36,0.00
00:04:25.750 [TUNER] 187,1000,1396.46,1518.90,5.32,0.00,1307.05,1518.90,7.29,0.00
00:04:25.751 [TUNER] 188,1000,1396.46,1528.70,5.32,0.00,1307.05,1528.70,7.29,0.00
00:04:25.782 [TUNER] 189,1000,1416.11,1538.40,5.53,0.00,1402.99,1538.40,6.14,0.00
00:04:25.782 [TUNER] 190,1000,1416.11,1548.00,5.53,0.00,1402.99,1548.00,6.14,0.00
00:04:25.817 [TUNER] 191,1000,1474.78,1557.50,5.01,0.00,1536.45,1557.50,4.12,0.00
00:04:25.818 [TUNER] 192,1000,1474.78,1566.90,5.01,0.00,1536.45,1566.90,4.12,0.00
00:04:25.852 [TUNER] 193,1000,1593.88,1576.20,3.31,0.00,1751.45,1576.20,0.26,0.00
00:04:25.888 [TUNER] 194,1000,1593.88,1585.40,3.31,0.00,1751.45,1585.40,0.26,0.00
00:04:25.888 [TUNER] 195,1000,1785.36,1594.50,0.11,0.00,1849.57,1594.50,-1.61,0.00
00:04:25.922 [TUNER] 196,1000,1785.36,1603.50,0.11,0.00,1849.57,1603.50,-1.61,0.00
00:04:25.922 [TUNER] 197,1000,1986.66,1612.40,-3.55,0.00,1862.78,1612.40,-1.93,0.00
00:04:25.957 [TUNER] 198,1000,1986.66,1621.20,-3.55,0.00,1862.78,1621.20,-1.93,0.00
00:04:25.959 [TUNER] 199,1000,1924.35,1629.90,-2.66,0.00,1771.99,1629.90,-0.19,0.00
00:04:25.994 [TUNER] 200,1000,1924.35,1638.50,-2.66,0.00,1771.99,1638.50,-0.19,0.00
00:04:26.031 [TUNER] 201,1000,1661.46,1647.00,2.05,0.00,1618.60,1647.00,2.98,0.00
00:04:26.032 [TUNER] 202,1000,1661.46,1655.40,2.05,0.00,1618.60,1655.40,2.98,0.00
00:04:26.064 [TUNER] 203,1000,1416.79,1663.70,6.86,0.00,1513.08,1663.70,5.48,0.00
00:04:26.064 [TUNER] 204,1000,1416.79,1671.90,6.86,0.00,1513.08,1671.90,5.48,0.00
00:04:26.098 [TUNER] 205,1000,1281.19,1680.00,10.07,0.00,1505.97,1680.00,6.22,0.00
00:04:26.132 [TUNER] 206,1000,1281.19,1688.00,10.07,0.00,1505.97,1688.00,6.22,0.00
00:04:26.168 [TUNER] 207,1000,1423.54,1695.90,8.39,0.00,1569.00,1695.90,5.59,0.00
00:04:26.202 [TUNER] 208,1000,1423.54,1703.70,8.39,0.00,1569.00,1703.70,5.59,0.00
00:04:26.203 [TUNER] 209,1000,1705.79,1711.40,3.92,0.00,1672.69,1711.40,4.07,0.00
00:04:26.204 [TUNER] 210,1000,1705.79,1719.00,3.92,0.00,1672.69,1719.00,4.07,0.00
00:04:26.205 [TUNER] 211,1000,2003.75,1726.50,-1.27,0.00,1760.79,1726.50,2.70,0.00
00:04:26.237 [TUNER] 212,1000,2003.75,1733.90,-1.27,0.00,1760.79,1733.90,2.70,0.00
00:04:26.274 [TUNER] 213,1000,2278.20,1741.20,-6.48,0.00,1845.02,1741.20,1.27,0.00
00:04:26.274 [TUNER] 214,1000,2278.20,1748.40,-6.48,0.00,1845.02,1748.40,1.27,0.00
00:04:26.309 [TUNER] 215,1000,2291.59,1755.50,-7.30,-0.00,1773.24,1755.50,2.82,0.00
00:04:26.309 [TUNER] 216,1000,2291.59,1762.50,-7.30,-0.00,1773.24,1762.50,2.82,0.00
00:04:26.342 [TUNER] 217,1000,2034.28,1769.40,-3.14,-0.00,1647.10,1769.40,5.59,0.00
00:04:26.379 [TUNER] 218,1000,2034.28,1776.20,-3.14,-0.00,1647.10,1776.20,5.59,0.00
00:04:26.380 [TUNER] 219,1000,1701.30,1782.90,2.84,-0.00,1647.54,1782.90,6.07,0.00
00:04:26.412 [TUNER] 220,1000,1701.30,1789.50,2.84,-0.00,1647.54,1789.50,6.07,0.00
00:04:26.413 [TUNER] 221,1002,1539.54,1796.00,6.21,-0.00,1678.47,1796.00,5.96,0.00
00:04:26.448 [TUNER] 222,1000,1539.54,1802.40,6.21,-0.00,1678.47,1802.40,5.96,0.00
00:04:26.482 [TUNER] 223,998,1568.71,1808.70,6.32,0.00,1728.00,1808.70,5.44,0.00
00:04:26.483 [TUNER] 224,1000,1568.71,1814.90,6.32,0.00,1728.00,1814.90,5.44,0.00
00:04:26.519 [TUNER] 225,1000,1672.46,1821.00,5.03,0.00,1796.46,1821.00,4.47,0.00
00:04:26.522 [TUNER] 226,1000,1672.46,1827.00,5.03,0.00,1796.46,1827.00,4.47,0.00
00:04:26.551 [TUNER] 227,1000,1770.92,1832.90,3.68,0.00,1823.73,1832.90,4.22,0.00
00:04:26.587 [TUNER] 228,1000,1770.92,1838.70,3.68,0.00,1823.73,1838.70,4.22,0.00
00:04:26.588 [TUNER] 229,1000,1813.60,1844.40,3.22,0.00,1924.58,1844.40,2.47,0.00
00:04:26.624 [TUNER] 230,1000,1813.60,1850.00,3.22,0.00,1924.58,1850.00,2.47,0.00
00:04:26.624 [TUNER] 231,1000,1729.21,1855.50,5.04,0.00,2027.59,1855.50,0.51,0.00
00:04:26.657 [TUNER] 232,1000,1729.21,1860.90,5.04,0.00,2027.59,1860.90,0.51,0.00
00:04:26.693 [TUNER] 233,1000,1678.87,1866.20,6.37,0.00,2130.62,1866.20,-1.61,0.00
00:04:26.694 [TUNER] 234,1000,1678.87,1871.40,6.37,0.00,2130.62,1871.40,-1.61,0.00
00:04:26.729 [TUNER] 235,1000,1729.66,1876.50,5.93,0.00,2108.24,1876.50,-1.40,0.00
00:04:26.730 [TUNER] 236,1000,1729.66,1881.50,5.93,0.00,2108.24,1881.50,-1.40,0.00
00:04:26.763 [TUNER] 237,1000,1892.27,1886.40,3.36,0.00,2000.99,1886.40,0.55,0.00
00:04:26.764 [TUNER] 238,1000,1892.27,1891.20,3.36,0.00,2000.99,1891.20,0.55,0.00
00:04:26.797 [TUNER] 239,1000,2077.34,1895.90,0.13,0.00,1839.61,1895.90,3.77,0.00
00:04:26.832 [TUNER] 240,1000,2077.34,1900.50,0.13,0.00,1839.61,1900.50,3.77,0.00
00:04:26.833 [TUNER] 241,1002,2243.42,1905.00,-3.05,0.00,1790.76,1905.00,5.03,0.00
00:04:26.867 [TUNER] 242,998,2243.42,1909.40,-3.05,0.00,1790.76,1909.40,5.03,0.00
00:04:26.867 [TUNER] 243,1000,2252.43,1913.70,-3.58,0.00,1795.67,1913.70,5.30,0.00
00:04:26.904 [TUNER] 244,1000,2252.43,1917.90,-3.58,0.00,1795.67,1917.90,5.30,0.00
00:04:26.938 [TUNER] 245,1000,2119.78,1922.00,-1.51,-0.00,1783.58,1922.00,5.92,0.00
00:04:26.939 [TUNER] 246,1000,2119.78,1926.00,-1.51,-0.00,1783.58,1926.00,5.92,0.00
00:04:26.973 [TUNER] 247,1000,1860.76,1929.90,3.10,-0.00,1902.77,1929.90,3.95,0.00
00:04:26.973 [TUNER] 248,1000,1860.76,1933.70,3.10,-0.00,1902.77,1933.70,3.95,0.00
00:04:27.007 [TUNER] 249,1000,1660.41,1937.40,7.05,0.00,2013.58,1937.40,1.94,0.00
00:04:27.043 [TUNER] 250,1000,1660.41,1941.00,7.05,0.00,2013.58,1941.00,1.94,0.00
00:04:27.044 [TUNER] 251,1000,1622.12,1944.50,8.33,0.00,2153.77,1944.50,-0.83,0.00
00:04:27.078 [TUNER] 252,1000,1622.12,1947.90,8.33,0.00,2153.77,1947.90,-0.83,0.00
00:04:27.079 [TUNER] 253,1000,1752.98,1951.20,6.56,0.00,2209.23,1951.20,-2.15,0.00
00:04:27.112 [TUNER] 254,1000,1752.98,1954.40,6.56,0.00,2209.23,1954.40,-2.15,0.00
00:04:27.147 [TUNER] 255,1000,1866.26,1957.50,4.91,0.00,2165.97,1957.50,-1.60,0.00
00:04:27.148 [TUNER] 256,1000,1866.26,1960.50,4.91,0.00,2165.97,1960.50,-1.60,0.00
00:04:27.182 [TUNER] 257,1000,2042.79,1963.40,1.92,0.00,2002.51,1963.40,1.42,-0.00
00:04:27.182 [TUNER] 258,1000,2042.79,1966.20,1.92,0.00,2002.51,1966.20,1.42,-0.00
00:04:27.217 [TUNER] 259,1000,2194.04,1968.90,-0.89,0.00,1868.18,1968.90,4.15,0.00
00:04:27.252 [TUNER] 260,1003,2338.66,1971.50,-3.58,0.00,1793.04,1971.50,5.72,0.00
00:04:27.253 [TUNER] 261,997,2338.66,1974.00,-3.58,0.00,1793.04,1974.00,5.72,0.00
00:04:27.289 [TUNER] 262,1000,2386.52,1976.40,-4.94,-0.00,1747.59,1976.40,7.02,0.00
00:04:27.293 [TUNER] 263,1000,2386.52,1978.70,-4.94,-0.00,1747.59,1978.70,7.02,0.00
00:04:27.322 [TUNER] 264,1000,2132.56,1980.90,-0.82,-0.00,1784.64,1980.90,6.77,0.00
00:04:27.359 [TUNER] 265,1000,2132.56,1983.00,-0.82,-0.00,1784.64,1983.00,6.77,0.00
00:04:27.361 [TUNER] 266,1000,1814.29,1985.00,4.89,-0.00,1869.25,1985.00,5.51,0.00
00:04:27.392 [TUNER] 267,1000,1814.29,1986.90,4.89,-0.00,1869.25,1986.90,5.51,0.00
00:04:27.430 [TUNER] 268,1000,1599.18,1988.70,9.19,0.00,2033.15,1988.70,2.52,0.00
00:04:27.430 [TUNER] 269,1000,1599.18,1990.40,9.19,0.00,2033.15,1990.40,2.52,0.00
00:04:27.463 [TUNER] 270,1000,1636.70,1992.00,9.19,0.00,2160.84,1992.00,-0.03,0.00
00:04:27.464 [TUNER] 271,1000,1636.70,1993.50,9.19,0.00,2160.84,1993.50,-0.03,0.00
00:04:27.497 [TUNER] 272,1000,1831.65,1994.90,6.21,0.00,2204.57,1994.90,-1.13,0.00
00:04:27.498 [TUNER] 273,1000,1831.65,1996.20,6.21,0.00,2204.57,1996.20,-1.13,0.00
00:04:27.532 [TUNER] 274,1000,2140.52,1997.40,0.83,0.00,2069.47,1997.40,1.25,0.00
00:04:27.569 [TUNER] 275,1000,2140.52,1998.50,0.83,0.00,2069.47,1998.50,1.25,0.00
00:04:27.570 [TUNER] 276,1000,2435.72,1999.50,-4.80,0.00,1913.29,1999.50,4.29,0.00
00:04:27.602 [TUNER] 277,1000,2435.72,2000.40,-4.80,0.00,1913.29,2000.40,4.29,0.00
00:04:27.602 [TUNER] 278,1000,2386.68,2001.20,-4.56,-0.00,1848.47,2001.20,5.76,0.00
00:04:27.638 [TUNER] 279,1000,2386.68,2001.90,-4.56,-0.00,1848.47,2001.90,5.76,0.00
00:04:27.674 [TUNER] 280,1000,2089.74,2002.50,0.33,-0.00,1839.57,2002.50,6.22,0.00
00:04:27.674 [TUNER] 281,1000,2089.74,2003.00,0.33,-0.00,1839.57,2003.00,6.22,0.00
00:04:27.711 [TUNER] 282,1000,1771.44,2003.40,6.08,0.00,1892.58,2003.40,5.46,0.00
00:04:27.711 [TUNER] 283,1000,1771.44,2003.70,6.08,0.00,1892.58,2003.70,5.46,0.00
00:04:27.743 [TUNER] 284,1000,1635.34,2003.90,8.96,0.00,1933.27,2003.90,4.85,0.00
00:04:27.781 [TUNER] 285,1000,1635.34,2004.00,8.96,0.00,1933.27,2004.00,4.85,0.00
00:04:27.781 [TUNER] 286,1000,1681.09,2000.00,8.63,0.00,1977.85,2000.00,4.01,0.00
00:04:27.813 [TUNER] 287,1000,1681.09,2000.00,8.63,0.00,1977.85,2000.00,4.01,0.00
00:04:27.814 [TUNER] 288,1000,1855.14,2000.00,5.93,0.00,2027.26,2000.00,3.06,0.00
00:04:27.848 [TUNER] 289,1000,1855.14,2000.00,5.93,0.00,2027.26,2000.00,3.06,0.00
00:04:27.848 [TUNER] 290,1000,2056.22,2000.00,2.45,0.00,2068.50,2000.00,2.19,0.00
00:04:27.883 [TUNER] 291,1000,2056.22,2000.00,2.45,0.00,2068.50,2000.00,2.19,0.00
00:04:27.917 [TUNER] 292,1000,2270.35,2000.00,-1.59,0.00,2051.67,2000.00,2.41,0.00
00:04:27.917 [TUNER] 293,1000,2270.35,2000.00,-1.59,0.00,2051.67,2000.00,2.41,0.00
00:04:27.954 [TUNER] 294,1000,2429.63,2000.00,-4.95,0.00,2041.64,2000.00,2.52,0.00
00:04:27.954 [TUNER] 295,1000,2429.63,2000.00,-4.95,0.00,2041.64,2000.00,2.52,0.00
00:04:27.987 [TUNER] 296,1000,2354.32,2000.00,-4.24,-0.00,2011.29,2000.00,3.05,0.00
00:04:27.987 [TUNER] 297,1000,2354.32,2000.00,-4.24,-0.00,2011.29,2000.00,3.05,0.00
00:04:28.022 [TUNER] 298,1000,2103.37,2000.00,-0.18,-0.00,1968.11,2000.00,3.90,0.00
00:04:28.058 [TUNER] 299,1000,2103.37,2000.00,-0.18,-0.00,1968.11,2000.00,3.90,0.00
00:04:28.059 [TUNER] 300,1000,1806.39,2000.00,5.13,-0.00,1986.82,2000.00,3.58,0.00
00:04:28.093 [TUNER] 301,1000,1806.39,2000.00,5.13,-0.00,1986.82,2000.00,3.58,0.00
00:04:28.096 [TUNER] 302,1000,1635.82,2000.00,8.58,0.00,2022.41,2000.00,2.89,0.00
00:04:28.128 [TUNER] 303,1000,1635.82,2000.00,8.58,0.00,2022.41,2000.00,2.89,0.00
00:04:28.164 [TUNER] 304,1000,1643.68,2000.00,9.02,0.00,2059.47,2000.00,2.11,0.00
00:04:28.164 [TUNER] 305,1000,1643.68,2000.00,9.02,0.00,2059.47,2000.00,2.11,0.00
00:04:28.198 [TUNER] 306,1000,1783.97,2000.00,7.00,0.00,2020.39,2000.00,2.79,0.00
00:04:28.200 [TUNER] 307,1000,1783.97,2000.00,7.00,0.00,2020.39,2000.00,2.79,0.00
00:04:28.231 [TUNER] 308,1000,1915.11,2000.00,4.92,0.00,1965.08,2000.00,3.86,0.00
00:04:28.268 [TUNER] 309,1000,1915.11,2000.00,4.92,0.00,1965.08,2000.00,3.86,0.00
00:04:28.269 [TUNER] 310,1000,1951.29,2000.00,4.39,0.00,1931.14,2000.00,4.59,0.00
00:04:28.303 [TUNER] 311,1000,1975.15,2000.00,4.01,0.00,1955.60,2000.00,4.19,0.00
00:04:28.303 [TUNER] 312,1000,1975.15,2000.00,4.01,0.00,1955.60,2000.00,4.19,0.00
00:04:28.338 [TUNER] 313,1000,2058.69,2000.00,2.51,0.00,2022.40,2000.00,2.93,0.00
00:04:28.339 [TUNER] 314,1000,2058.69,2000.00,2.51,0.00,2022.40,2000.00,2.93,0.00
00:04:28.373 [TUNER] 315,1000,2162.37,2000.00,0.50,0.00,2088.67,2000.00,1.58,0.00
00:04:28.408 [TUNER] 316,1000,2162.37,2000.00,0.50,0.00,2088.67,2000.00,1.58,0.00
00:04:28.408 [TUNER] 317,1000,2274.52,2000.00,-1.82,0.00,2143.40,2000.00,0.34,0.00
00:04:28.443 [TUNER] 318,1000,2274.52,2000.00,-1.82,0.00,2143.40,2000.00,0.34,0.00
00:04:28.444 [TUNER] 319,1000,2247.42,2000.00,-1.76,0.00,2145.95,2000.00,0.04,0.00
00:04:28.477 [TUNER] 320,1000,2247.42,2000.00,-1.76,0.00,2145.95,2000.00,0.04,0.00
00:04:28.513 [TUNER] 321,1000,2115.77,2000.00,0.28,0.00,2123.94,2000.00,0.23,0.00
00:04:28.514 [TUNER] 322,1000,2115.77,2000.00,0.28,0.00,2123.94,2000.00,0.23,0.00
00:04:28.549 [TUNER] 323,1000,1907.38,2000.00,3.94,0.00,2039.33,2000.00,1.70,0.00
00:04:28.550 [TUNER] 324,1000,1907.38,2000.00,3.94,0.00,2039.33,2000.00,1.70,0.00
00:04:28.582 [TUNER] 325,1000,1726.91,2000.00,7.41,0.00,1985.38,2000.00,2.71,0.00
00:04:28.616 [TUNER] 326,1000,1726.91,2000.00,7.41,0.00,1985.38,2000.00,2.71,0.00
00:04:28.617 [TUNER] 327,1000,1711.40,2000.00,8.13,0.00,1947.38,2000.00,3.49,0.00
00:04:28.652 [TUNER] 328,1000,1711.40,2000.00,8.13,0.00,1947.38,2000.00,3.49,0.00
00:04:28.653 [TUNER] 329,1000,1779.73,2000.00,7.33,0.00,1961.65,2000.00,3.30,0.00
00:04:28.687 [TUNER] 330,1000,1779.73,2000.00,7.33,0.00,1961.65,2000.00,3.30,0.00
00:04:28.688 [TUNER] 331,1000,1867.05,2000.00,6.07,0.00,1974.78,2000.00,3.10,0.00
00:04:28.721 [TUNER] 332,1000,1867.05,2000.00,6.07,0.00,1974.78,2000.00,3.10,0.00
00:04:28.758 [TUNER] 333,1000,1914.56,2000.00,5.40,0.00,1959.52,2000.00,3.45,0.00
00:04:28.760 [TUNER] 334,1000,1914.56,2000.00,5.40,0.00,1959.52,2000.00,3.45,0.00
00:04:28.794 [TUNER] 335,1000,2079.71,2000.00,2.49,0.00,1912.94,2000.00,4.44,0.00
00:04:28.795 [TUNER] 336,1000,2079.71,2000.00,2.49,0.00,1912.94,2000.00,4.44,0.00
00:04:28.828 [TUNER] 337,1000,2213.55,2000.00,-0.10,0.00,1894.58,2000.00,4.96,0.00
00:04:28.863 [TUNER] 338,1000,2213.55,2000.00,-0.10,0.00,1894.58,2000.00,4.96,0.00
00:04:28.864 [TUNER] 339,1000,2286.25,2000.00,-1.78,0.00,1940.03,2000.00,4.23,0.00
00:04:28.898 [TUNER] 340,1000,2286.25,2000.00,-1.78,0.00,1940.03,2000.00,4.23,0.00
00:04:28.898 [TUNER] 341,1000,2220.72,2000.00,-1.03,0.00,2000.43,2000.00,3.13,0.00
00:04:28.934 [TUNER] 342,1000,2220.72,2000.00,-1.03,0.00,2000.43,2000.00,3.13,0.00
00:04:28.967 [TUNER] 343,1000,2030.85,2000.00,2.12,0.00,2141.54,2000.00,0.32,0.00
00:04:28.967 [TUNER] 344,1000,2030.85,2000.00,2.12,0.00,2141.54,2000.00,0.32,0.00
00:04:29.002 [TUNER] 345,1000,1823.97,2000.00,5.89,0.00,2180.54,2000.00,-0.70,0.00
00:04:29.002 [TUNER] 346,1000,1823.97,2000.00,5.89,0.00,2180.54,2000.00,-0.70,0.00
00:04:29.037 [TUNER] 347,1000,1718.61,2000.00,8.11,0.00,2139.59,2000.00,-0.19,0.00
00:04:29.072 [TUNER] 348,1000,1718.61,2000.00,8.11,0.00,2139.59,2000.00,-0.19,0.00
00:04:29.073 [TUNER] 349,1000,1807.84,2000.00,6.91,0.00,2027.79,2000.00,1.80,0.00
00:04:29.108 [TUNER] 350,1000,1807.84,2000.00,6.91,0.00,2027.79,2000.00,1.80,0.00
00:04:29.111 [TUNER] 351,1000,1999.48,2000.00,3.68,0.00,1953.82,2000.00,3.23,0.00
00:04:29.142 [TUNER] 352,1000,1999.48,2000.00,3.68,0.00,1953.82,2000.00,3.23,0.00
00:04:29.179 [TUNER] 353,1000,2230.11,2000.00,-0.57,0.00,1903.23,2000.00,4.31,0.00
00:04:29.180 [TUNER] 354,1000,2230.11,2000.00,-0.57,0.00,1903.23,2000.00,4.31,0.00
00:04:29.213 [TUNER] 355,1000,2234.22,2000.00,-1.01,0.00,1902.28,2000.00,4.50,0.00
00:04:29.214 [TUNER] 356,1000,2234.22,2000.00,-1.01,0.00,1902.28,2000.00,4.50,0.00
00:04:29.248 [TUNER] 357,1000,2132.71,2000.00,0.49,0.00,1951.33,2000.00,3.69,0.00
00:04:29.282 [TUNER] 358,1000,2132.71,2000.00,0.49,0.00,1951.33,2000.00,3.69,0.00
00:04:29.282 [TUNER] 359,1000,2027.44,2000.00,2.22,0.00,1966.53,2000.00,3.47,0.00
00:04:29.317 [TUNER] 360,1000,2027.44,2000.00,2.22,0.00,1966.53,2000.00,3.47,0.00
00:04:29.317 [TUNER] 361,1002,1999.55,2000.00,2.69,0.00,1993.73,2000.00,2.98,0.00
00:04:29.354 [TUNER] 362,1000,1999.55,2000.00,2.69,0.00,1993.73,2000.00,2.98,0.00
00:04:29.387 [TUNER] 363,998,1945.32,2000.00,3.69,0.00,1985.37,2000.00,3.16,0.00
00:04:29.388 [TUNER] 364,1000,1945.32,2000.00,3.69,0.00,1985.37,2000.00,3.16,0.00
00:04:29.424 [TUNER] 365,1000,1977.18,2000.00,3.19,0.00,2026.40,2000.00,2.37,0.00
00:04:29.424 [TUNER] 366,1000,1977.18,2000.00,3.19,0.00,2026.40,2000.00,2.37,0.00
00:04:29.457 [TUNER] 367,1000,2023.28,2000.00,2.38,0.00,2007.69,2000.00,2.69,0.00
00:04:29.495 [TUNER] 368,1000,2023.28,2000.00,2.38,0.00,2007.69,2000.00,2.69,0.00
00:04:29.495 [TUNER] 369,1000,2072.19,2000.00,1.44,0.00,2030.51,2000.00,2.23,0.00
00:04:29.527 [TUNER] 370,1000,2072.19,2000.00,1.44,0.00,2030.51,2000.00,2.23,0.00
00:04:29.529 [TUNER] 371,1000,2054.63,2000.00,1.65,0.00,1995.51,2000.00,2.87,0.00
00:04:29.563 [TUNER] 372,1000,2054.63,2000.00,1.65,0.00,1995.51,2000.00,2.87,0.00
00:04:29.564 [TUNER] 373,1000,1990.75,2000.00,2.74,0.00,1986.41,2000.00,3.06,0.00
00:04:29.597 [TUNER] 374,1000,1990.75,2000.00,2.74,0.00,1986.41,2000.00,3.06,0.00
00:04:29.632 [TUNER] 375,1000,1953.39,2000.00,3.44,0.00,1979.12,2000.00,3.23,0.00
00:04:29.633 [TUNER] 376,1000,1953.39,2000.00,3.44,0.00,1979.12,2000.00,3.23,0.00
00:04:29.667 [TUNER] 377,1000,1933.81,2000.00,3.88,0.00,1990.48,2000.00,3.04,0.00
00:04:29.667 [TUNER] 378,1000,1933.81,2000.00,3.88,0.00,1990.48,2000.00,3.04,0.00
00:04:29.702 [TUNER] 379,1000,2017.80,2000.00,2.44,0.00,2025.33,2000.00,2.36,0.00
00:04:29.737 [TUNER] 380,1000,2017.80,2000.00,2.44,0.00,2025.33,2000.00,2.36,0.00
00:04:29.738 [TUNER] 381,1000,2062.65,2000.00,1.58,0.00,2051.50,2000.00,1.80,0.00
00:04:29.775 [TUNER] 382,1000,2062.65,2000.00,1.58,0.00,2051.50,2000.00,1.80,0.00
00:04:29.776 [TUNER] 383,1000,2110.56,2000.00,0.60,0.00,2105.08,2000.00,0.64,0.00
00:04:29.807 [TUNER] 384,1000,2110.56,2000.00,0.60,0.00,2105.08,2000.00,0.64,0.00
00:04:29.842 [TUNER] 385,1000,2052.68,2000.00,1.49,0.00,2074.06,2000.00,1.08,0.00
00:04:29.845 [TUNER] 386,1000,2052.68,2000.00,1.49,0.00,2074.06,2000.00,1.08,0.00
00:04:29.879 [TUNER] 387,1000,1973.73,2000.00,2.86,0.00,2026.91,2000.00,1.89,0.00
00:04:29.880 [TUNER] 388,1000,1973.73,2000.00,2.86,0.00,2026.91,2000.00,1.89,0.00
00:04:29.914 [TUNER] 389,1000,1898.54,2000.00,4.29,0.00,1961.71,2000.00,3.14,0.00
00:04:29.948 [TUNER] 390,1000,1898.54,2000.00,4.29,0.00,1961.71,2000.00,3.14,0.00
00:04:29.948 [TUNER] 391,1000,1901.96,2000.00,4.39,0.00,1979.98,2000.00,2.85,0.00
00:04:29.982 [TUNER] 392,1000,1901.96,2000.00,4.39,0.00,1979.98,2000.00,2.85,0.00
00:04:29.983 [TUNER] 393,1000,1968.26,2000.00,3.32,0.00,1975.70,2000.00,2.97,0.00
00:04:30.017 [TUNER] 394,1000,1968.26,2000.00,3.32,0.00,1975.70,2000.00,2.97,0.00
00:04:30.054 [TUNER] 395,1000,2095.18,2000.00,1.03,0.00,2028.97,2000.00,1.95,0.00
00:04:30.054 [TUNER] 396,1000,2095.18,2000.00,1.03,0.00,2028.97,2000.00,1.95,0.00
00:04:30.089 [TUNER] 397,1000,2157.20,2000.00,-0.26,0.00,2008.02,2000.00,2.31,0.00
00:04:30.089 [TUNER] 398,1000,2157.20,2000.00,-0.26,0.00,2008.02,2000.00,2.31,0.00
00:04:30.122 [TUNER] 399,1000,2129.51,2000.00,-0.00,0.00,1987.83,2000.00,2.70,0.00
00:04:30.160 [TUNER] 400,1000,2129.51,2000.00,-0.00,0.00,1987.83,2000.00,2.70,0.00
00:04:30.163 [TUNER] 401,1000,2072.99,2000.00,0.83,-0.00,1975.11,2000.00,2.98,0.00
00:04:30.193 [TUNER] 402,1000,2072.99,2000.00,0.83,-0.00,1975.11,2000.00,2.98,0.00
00:04:30.194 [TUNER] 403,1000,2015.75,2000.00,1.77,-0.00,1959.78,2000.00,3.32,0.00
00:04:30.227 [TUNER] 404,1000,2015.75,2000.00,1.77,-0.00,1959.78,2000.00,3.32,0.00
00:04:30.264 [TUNER] 405,1000,1992.29,2000.00,2.18,-0.00,1981.87,2000.00,2.95,0.00
00:04:30.264 [TUNER] 406,1000,1992.29,2000.00,2.18,-0.00,1981.87,2000.00,2.95,0.00
00:04:30.297 [TUNER] 407,1000,1971.80,2000.00,2.57,0.00,1996.12,2000.00,2.70,0.00
00:04:30.298 [TUNER] 408,1000,1971.80,2000.00,2.57,0.00,1996.12,2000.00,2.70,0.00
00:04:30.332 [TUNER] 409,1000,1984.62,2000.00,2.38,0.00,2043.59,2000.00,1.76,0.00
00:04:30.367 [TUNER] 410,1000,1984.62,2000.00,2.38,0.00,2043.59,2000.00,1.76,0.00
00:04:30.367 [TUNER] 411,1002,2003.94,2000.00,2.05,0.00,2018.56,2000.00,2.18,0.00
00:04:30.402 [TUNER] 412,998,2003.94,2000.00,2.05,0.00,2018.56,2000.00,2.18,0.00
00:04:30.403 [TUNER] 413,1000,2030.51,2000.00,1.55,-0.00,2030.15,2000.00,1.92,0.00
00:04:30.437 [TUNER] 414,1000,2030.51,2000.00,1.55,-0.00,2030.15,2000.00,1.92,0.00
00:04:30.473 [TUNER] 415,1000,1998.95,2000.00,2.09,-0.00,1988.35,2000.00,2.70,0.00
00:04:30.473 [TUNER] 416,1000,1998.95,2000.00,2.09,-0.00,1988.35,2000.00,2.70,0.00
00:04:30.509 [TUNER] 417,1000,1987.44,2000.00,2.30,-0.00,2003.01,2000.00,2.43,0.00
00:04:30.513 [TUNER] 418,1000,1987.44,2000.00,2.30,-0.00,2003.01,2000.00,2.43,0.00
00:04:30.544 [TUNER] 419,1000,1978.23,2000.00,2.49,0.00,1987.25,2000.00,2.74,0.00
00:04:30.579 [TUNER] 420,1000,1978.23,2000.00,2.49,0.00,1987.25,2000.00,2.74,0.00
00:04:30.579 [TUNER] 421,1000,1984.61,2000.00,2.41,0.00,1984.96,2000.00,2.81,0.00
00:04:30.613 [TUNER] 422,1000,1984.61,2000.00,2.41,0.00,1984.96,2000.00,2.81,0.00
00:04:30.614 [TUNER] 423,1000,2013.77,2000.00,1.89,0.00,2000.30,2000.00,2.53,0.00
00:04:30.648 [TUNER] 424,1000,2013.77,2000.00,1.89,0.00,2000.30,2000.00,2.53,0.00
00:04:30.682 [TUNER] 425,1000,1990.70,2000.00,2.30,0.00,2034.91,2000.00,1.84,0.00
00:04:30.682 [TUNER] 426,1000,1990.70,2000.00,2.30,0.00,2034.91,2000.00,1.84,0.00
00:04:30.718 [TUNER] 427,1000,2010.05,2000.00,1.95,0.00,2069.47,2000.00,1.09,0.00
00:04:30.718 [TUNER] 428,1000,2010.05,2000.00,1.95,0.00,2069.47,2000.00,1.09,0.00
00:04:30.752 [TUNER] 429,1000,1989.45,2000.00,2.32,0.00,2061.04,2000.00,1.14,0.00
00:04:30.789 [TUNER] 430,1000,1989.45,2000.00,2.32,0.00,2061.04,2000.00,1.14,0.00
00:04:30.789 [TUNER] 431,1002,2013.78,2000.00,1.89,0.00,2036.72,2000.00,1.52,0.00
00:04:30.824 [TUNER] 432,1000,2013.78,2000.00,1.89,0.00,2036.72,2000.00,1.52,0.00
00:04:30.824 [TUNER] 433,998,2010.01,2000.00,1.93,0.00,1968.17,2000.00,2.82,0.00
00:04:30.858 [TUNER] 434,1000,2010.01,2000.00,1.93,0.00,1968.17,2000.00,2.82,0.00
00:04:30.894 [TUNER] 435,1000,2037.52,2000.00,1.41,-0.00,1967.97,2000.00,2.88,0.00
00:04:30.897 [TUNER] 436,1000,2037.52,2000.00,1.41,-0.00,1967.97,2000.00,2.88,0.00
00:04:30.929 [TUNER] 437,1000,2042.35,2000.00,1.26,-0.00,1990.15,2000.00,2.49,0.00
00:04:30.930 [TUNER] 438,1000,2042.35,2000.00,1.26,-0.00,1990.15,2000.00,2.49,0.00
00:04:30.965 [TUNER] 439,1000,2010.14,2000.00,1.79,-0.00,2028.51,2000.00,1.75,0.00
00:04:30.965 [TUNER] 440,1000,2010.14,2000.00,1.79,-0.00,2028.51,2000.00,1.75,0.00
00:04:30.997 [TUNER] 441,1000,1956.88,2000.00,2.75,-0.00,1997.34,2000.00,2.32,0.00
00:04:31.032 [TUNER] 442,1000,1956.88,2000.00,2.75,-0.00,1997.34,2000.00,2.32,0.00
00:04:31.033 [TUNER] 443,1000,1936.60,2000.00,3.20,0.00,2013.64,2000.00,2.00,0.00
00:04:31.068 [TUNER] 444,1000,1936.60,2000.00,3.20,0.00,2013.64,2000.00,2.00,0.00
00:04:31.069 [TUNER] 445,1000,1985.67,2000.00,2.39,0.00,1987.17,2000.00,2.50,0.00
00:04:31.102 [TUNER] 446,1000,1985.67,2000.00,2.39,0.00,1987.17,2000.00,2.50,0.00
00:04:31.138 [TUNER] 447,1000,2066.16,2000.00,0.93,-0.00,1998.63,2000.00,2.30,0.00
00:04:31.138 [TUNER] 448,1000,2066.16,2000.00,0.93,-0.00,1998.63,2000.00,2.30,0.00
00:04:31.173 [TUNER] 449,1000,2111.65,2000.00,-0.01,-0.00,2007.81,2000.00,2.12,0.00
00:04:31.174 [TUNER] 450,1000,2111.65,2000.00,-0.01,-0.00,2007.81,2000.00,2.12,0.00
00:04:31.211 [TUNER] 451,1000,2039.80,2000.00,1.14,-0.00,2009.99,2000.00,2.06,0.00
00:04:31.245 [TUNER] 452,1000,2039.80,2000.00,1.14,-0.00,2009.99,2000.00,2.06,0.00
00:04:31.245 [TUNER] 453,1000,1978.89,2000.00,2.20,-0.00,2042.66,2000.00,1.39,-0.00
00:04:31.278 [TUNER] 454,1000,1978.89,2000.00,2.20,-0.00,2042.66,2000.00,1.39,-0.00
00:04:31.280 [TUNER] 455,1000,1943.90,2000.00,2.87,-0.00,1989.77,2000.00,2.37,0.00
00:04:31.314 [TUNER] 456,1000,1943.90,2000.00,2.87,-0.00,1989.77,2000.00,2.37,0.00
00:04:31.346 [TUNER] 457,1000,1972.61,2000.00,2.43,-0.00,2002.43,2000.00,2.14,-0.00
00:04:31.347 [TUNER] 458,1000,1972.61,2000.00,2.43,-0.00,2002.43,2000.00,2.14,-0.00
00:04:31.382 [TUNER] 459,1000,1968.09,2000.00,2.56,-0.00,1991.94,2000.00,2.34,0.00
00:04:31.382 [TUNER] 460,1000,1968.09,2000.00,2.56,-0.00,1991.94,2000.00,2.34,0.00
00:04:31.417 [TUNER] 461,1000,1971.34,2000.00,2.55,-0.00,2019.63,2000.00,1.80,-0.00
00:04:31.453 [TUNER] 462,1000,1971.34,2000.00,2.55,-0.00,2019.63,2000.00,1.80,-0.00
00:04:31.453 [TUNER] 463,1000,1979.10,2000.00,2.45,0.00,1993.68,2000.00,2.29,-0.00
00:04:31.489 [TUNER] 464,1000,1979.10,2000.00,2.45,0.00,1993.68,2000.00,2.29,-0.00
00:04:31.490 [TUNER] 465,1000,1997.33,2000.00,2.15,0.00,1995.25,2000.00,2.27,-0.00
00:04:31.523 [TUNER] 466,1000,1997.33,2000.00,2.15,0.00,1995.25,2000.00,2.27,-0.00
00:04:31.557 [TUNER] 467,1000,2030.82,2000.00,1.54,-0.00,2015.41,2000.00,1.87,-0.00
00:04:31.559 [TUNER] 468,1000,2030.82,2000.00,1.54,-0.00,2015.41,2000.00,1.87,-0.00
00:04:31.595 [TUNER] 469,1000,2012.93,2000.00,1.82,-0.00,2033.25,2000.00,1.49,-0.00
00:04:31.595 [TUNER] 470,1000,2012.93,2000.00,1.82,-0.00,2033.25,2000.00,1.49,-0.00
00:04:31.629 [TUNER] 471,1000,2015.81,2000.00,1.74,-0.00,2026.91,2000.00,1.56,-0.00
00:04:31.663 [TUNER] 472,1000,2015.81,2000.00,1.74,-0.00,2026.91,2000.00,1.56,-0.00
00:04:31.664 [TUNER] 473,1000,1973.44,2000.00,2.50,-0.00,1949.67,2000.00,3.05,-0.00
00:04:31.698 [TUNER] 474,1000,1973.44,2000.00,2.50,-0.00,1949.67,2000.00,3.05,-0.00
00:04:31.698 [TUNER] 475,1000,1970.47,2000.00,2.60,0.00,1961.77,2000.00,2.90,0.00
00:04:31.732 [TUNER] 476,1000,1970.47,2000.00,2.60,0.00,1961.77,2000.00,2.90,0.00
00:04:31.767 [TUNER] 477,1000,1969.81,2000.00,2.66,0.00,1974.87,2000.00,2.70,0.00
00:04:31.768 [TUNER] 478,1000,1969.81,2000.00,2.66,0.00,1974.87,2000.00,2.70,0.00
00:04:31.802 [TUNER] 479,1000,1998.49,2000.00,2.18,0.00,2035.19,2000.00,1.54,0.00
00:04:31.803 [TUNER] 480,1000,1998.49,2000.00,2.18,0.00,2035.19,2000.00,1.54,0.00
00:04:31.836 [TUNER] 481,1000,2018.00,2000.00,1.82,0.00,2037.05,2000.00,1.45,-0.00
00:04:31.872 [TUNER] 482,1000,2018.00,2000.00,1.82,0.00,2037.05,2000.00,1.45,-0.00
00:04:31.873 [TUNER] 483,1000,2050.79,2000.00,1.19,-0.00,2005.89,2000.00,2.00,-0.00
00:04:31.908 [TUNER] 484,1000,2050.79,2000.00,1.19,-0.00,2005.89,2000.00,2.00,-0.00
00:04:31.909 [TUNER] 485,1000,2028.91,2000.00,1.51,-0.00,1975.81,2000.00,2.59,-0.00
00:04:31.942 [TUNER] 486,1000,2028.91,2000.00,1.51,-0.00,1975.81,2000.00,2.59,-0.00
00:04:31.980 [TUNER] 487,1000,1959.87,2000.00,2.73,-0.00,1972.37,2000.00,2.70,0.00
00:04:31.982 [TUNER] 488,1000,1959.87,2000.00,2.73,-0.00,1972.37,2000.00,2.70,0.00
00:04:32.012 [TUNER] 489,1000,1926.97,2000.00,3.40,0.00,1974.77,2000.00,2.70,0.00
00:04:32.013 [TUNER] 490,1000,1926.97,2000.00,3.40,0.00,1974.77,2000.00,2.70,0.00
00:04:32.048 [TUNER] 491,1000,1969.37,2000.00,2.74,0.00,1976.68,2000.00,2.71,0.00
00:04:32.082 [TUNER] 492,1000,1969.37,2000.00,2.74,0.00,1976.68,2000.00,2.71,0.00
00:04:32.083 [TUNER] 493,1000,2053.12,2000.00,1.24,0.00,1997.12,2000.00,2.34,0.00
00:04:32.117 [TUNER] 494,1000,2053.12,2000.00,1.24,0.00,1997.12,2000.00,2.34,0.00
00:04:32.118 [TUNER] 495,1000,2041.08,2000.00,1.38,-0.00,2015.18,2000.00,1.99,0.00
00:04:32.152 [TUNER] 496,1000,2041.08,2000.00,1.38,-0.00,2015.18,2000.00,1.99,0.00
00:04:32.189 [TUNER] 497,1000,2014.28,2000.00,1.81,-0.00,2039.94,2000.00,1.47,0.00
00:04:32.189 [TUNER] 498,1000,2014.28,2000.00,1.81,-0.00,2039.94,2000.00,1.47,0.00
00:04:32.223 [TUNER] 499,1000,1970.49,2000.00,2.60,0.00,2006.49,2000.00,2.06,-0.00
00:04:32.224 [TUNER] 500,1000,1970.49,2000.00,2.60,0.00,2006.49,2000.00,2.06,-0.00
00:04:32.258 [TUNER] 501,1002,1978.02,2000.00,2.50,0.00,2005.10,2000.00,2.08,-0.00
00:04:32.294 [TUNER] 502,1000,1978.02,2000.00,2.50,0.00,2005.10,2000.00,2.08,-0.00
00:04:32.294 [TUNER] 503,998,1967.65,2000.00,2.73,0.00,1963.51,2000.00,2.90,0.00
00:04:32.327 [TUNER] 504,1000,1967.65,2000.00,2.73,0.00,1963.51,2000.00,2.90,0.00
00:04:32.329 [TUNER] 505,1000,1969.27,2000.00,2.75,0.00,1995.17,2000.00,2.33,0.00
00:04:32.362 [TUNER] 506,1000,1969.27,2000.00,2.75,0.00,1995.17,2000.00,2.33,0.00
00:04:32.400 [TUNER] 507,1002,1998.32,2000.00,2.26,0.00,1983.23,2000.00,2.58,0.00
00:04:32.401 [TUNER] 508,1000,1998.32,2000.00,2.26,0.00,1983.23,2000.00,2.58,0.00
00:04:32.432 [TUNER] 509,998,2053.92,2000.00,1.25,0.00,1998.57,2000.00,2.30,0.00
00:04:32.433 [TUNER] 510,1000,2053.92,2000.00,1.25,0.00,1998.57,2000.00,2.30,0.00
00:04:32.471 [TUNER] 511,1002,2077.37,2000.00,0.73,-0.00,2014.21,2000.00,2.00,0.00
00:04:32.502 [TUNER] 512,998,2077.37,2000.00,0.73,-0.00,2014.21,2000.00,2.00,0.00
00:04:32.502 [TUNER] 513,1000,2017.89,2000.00,1.71,-0.00,2036.16,2000.00,1.53,0.00
00:04:32.538 [TUNER] 514,1000,2017.89,2000.00,1.71,-0.00,2036.16,2000.00,1.53,0.00
00:04:32.538 [TUNER] 515,1000,1975.11,2000.00,2.47,-0.00,2029.23,2000.00,1.61,-0.00
00:04:32.573 [TUNER] 516,1000,1975.11,2000.00,2.47,-0.00,2029.23,2000.00,1.61,-0.00
00:04:32.608 [TUNER] 517,1000,1908.23,2000.00,3.74,0.00,2003.08,2000.00,2.08,-0.00
00:04:32.609 [TUNER] 518,1000,1908.23,2000.00,3.74,0.00,2003.08,2000.00,2.08,-0.00
00:04:32.643 [TUNER] 519,1000,1950.52,2000.00,3.10,0.00,2014.38,2000.00,1.85,-0.00
00:04:32.644 [TUNER] 520,1000,1950.52,2000.00,3.10,0.00,2014.38,2000.00,1.85,-0.00
00:04:32.678 [TUNER] 521,1000,2036.80,2000.00,1.59,0.00,1989.86,2000.00,2.31,-0.00
00:04:32.711 [TUNER] 522,1000,2036.80,2000.00,1.59,0.00,1989.86,2000.00,2.31,-0.00
00:04:32.712 [TUNER] 523,1000,2125.96,2000.00,-0.11,-0.00,1999.07,2000.00,2.15,-0.00
00:04:32.749 [TUNER] 524,1000,2125.96,2000.00,-0.11,-0.00,1999.07,2000.00,2.15,-0.00
00:04:32.750 [TUNER] 525,1000,2092.48,2000.00,0.31,-0.00,1994.41,2000.00,2.24,-0.00
00:04:32.782 [TUNER] 526,1000,2092.48,2000.00,0.31,-0.00,1994.41,2000.00,2.24,-0.00
00:04:32.818 [TUNER] 527,1000,1996.98,2000.00,1.92,-0.00,2018.17,2000.00,1.78,-0.00
00:04:32.819 [TUNER] 528,1000,1996.98,2000.00,1.92,-0.00,2018.17,2000.00,1.78,-0.00
00:04:32.852 [TUNER] 529,1000,1896.53,2000.00,3.78,-0.00,1982.20,2000.00,2.46,-0.00
00:04:32.853 [TUNER] 530,1000,1896.53,2000.00,3.78,-0.00,1982.20,2000.00,2.46,-0.00
00:04:32.887 [TUNER] 531,1000,1847.09,2000.00,4.85,0.00,1998.09,2000.00,2.18,-0.00
00:04:32.924 [TUNER] 532,1000,1847.09,2000.00,4.85,0.00,1998.09,2000.00,2.18,-0.00
00:04:32.924 [TUNER] 533,1000,1944.98,2000.00,3.29,0.00,1993.63,2000.00,2.27,-0.00
00:04:32.959 [TUNER] 534,1000,1944.98,2000.00,3.29,0.00,1993.63,2000.00,2.27,-0.00
00:04:32.959 [TUNER] 535,1000,2055.94,2000.00,1.33,0.00,2000.36,2000.00,2.15,-0.00
00:04:32.994 [TUNER] 536,1000,2055.94,2000.00,1.33,0.00,2000.36,2000.00,2.15,-0.00
00:04:33.031 [TUNER] 537,1000,2148.14,2000.00,-0.46,-0.00,2002.32,2000.00,2.11,-0.00
00:04:33.032 [TUNER] 538,1000,2148.14,2000.00,-0.46,-0.00,2002.32,2000.00,2.11,-0.00
00:04:33.063 [TUNER] 539,1000,2125.70,2000.00,-0.28,-0.00,1998.73,2000.00,2.18,-0.00
00:04:33.063 [TUNER] 540,1000,2125.70,2000.00,-0.28,-0.00,1998.73,2000.00,2.18,-0.00
00:04:33.098 [TUNER] 541,1000,2042.45,2000.00,1.06,-0.00,2026.78,2000.00,1.62,-0.00
00:04:33.133 [TUNER] 542,1000,2042.45,2000.00,1.06,-0.00,2026.78,2000.00,1.62,-0.00
00:04:33.133 [TUNER] 543,1000,1948.36,2000.00,2.73,-0.00,1971.91,2000.00,2.67,-0.00
00:04:33.168 [TUNER] 544,1000,1948.36,2000.00,2.73,-0.00,1971.91,2000.00,2.67,-0.00
00:04:33.168 [TUNER] 545,1000,1914.33,2000.00,3.44,-0.00,1984.70,2000.00,2.46,-0.00
00:04:33.204 [TUNER] 546,1000,1914.33,2000.00,3.44,-0.00,1984.70,2000.00,2.46,-0.00
00:04:33.237 [TUNER] 547,1000,1907.72,2000.00,3.69,0.00,1970.89,2000.00,2.76,0.00
00:04:33.237 [TUNER] 548,1000,1907.72,2000.00,3.69,0.00,1970.89,2000.00,2.76,0.00
00:04:33.273 [TUNER] 549,1000,1929.92,2000.00,3.43,0.00,2025.13,2000.00,1.73,0.00
00:04:33.273 [TUNER] 550,1000,1929.92,2000.00,3.43,0.00,2025.13,2000.00,1.73,0.00
00:04:33.308 [TUNER] 551,1000,1980.32,2000.00,2.61,0.00,2034.15,2000.00,1.51,-0.00
00:04:33.344 [TUNER] 552,1000,1980.32,2000.00,2.61,0.00,2034.15,2000.00,1.51,-0.00
00:04:33.344 [TUNER] 553,1000,2046.42,2000.00,1.43,0.00,2037.94,2000.00,1.37,-0.00
00:04:33.379 [TUNER] 554,1000,2046.42,2000.00,1.43,0.00,2037.94,2000.00,1.37,-0.00
00:04:33.380 [TUNER] 555,1000,2106.16,2000.00,0.25,-0.00,2025.50,2000.00,1.56,-0.00
00:04:33.413 [TUNER] 556,1000,2106.16,2000.00,0.25,-0.00,2025.50,2000.00,1.56,-0.00
00:04:33.448 [TUNER] 557,1000,2085.24,2000.00,0.47,-0.00,2006.97,2000.00,1.88,-0.00
00:04:33.449 [TUNER] 558,1000,2085.24,2000.00,0.47,-0.00,2006.97,2000.00,1.88,-0.00
00:04:33.483 [TUNER] 559,1000,2004.93,2000.00,1.81,-0.00,2002.44,2000.00,1.96,-0.00
00:04:33.484 [TUNER] 560,1000,2004.93,2000.00,1.81,-0.00,2002.44,2000.00,1.96,-0.00
00:04:33.516 [TUNER] 561,1000,1904.60,2000.00,3.65,-0.00,1969.62,2000.00,2.61,-0.00
00:04:33.590 [TUNER] 562,1000,1904.60,2000.00,3.65,-0.00,1969.62,2000.00,2.61,-0.00
00:04:33.591 [TUNER] 563,1000,1843.24,2000.00,4.94,0.00,1981.16,2000.00,2.43,-0.00
00:04:33.591 [TUNER] 564,1000,1843.24,2000.00,4.94,0.00,1981.16,2000.00,2.43,-0.00
00:04:33.591 [TUNER] 565,1000,1883.49,2000.00,4.44,0.00,1980.08,2000.00,2.49,-0.00
00:04:33.625 [TUNER] 566,1000,1883.49,2000.00,4.44,0.00,1980.08,2000.00,2.49,-0.00
00:04:33.658 [TUNER] 567,1000,1939.74,2000.00,3.59,0.00,2010.14,2000.00,1.92,-0.00
00:04:33.660 [TUNER] 568,1000,1939.74,2000.00,3.59,0.00,2010.14,2000.00,1.92,-0.00
00:04:33.694 [TUNER] 569,1000,2084.39,2000.00,1.02,0.00,2010.14,2000.00,1.90,-0.00
00:04:33.695 [TUNER] 570,1000,2084.39,2000.00,1.02,0.00,2010.14,2000.00,1.90,-0.00
00:04:33.728 [TUNER] 571,1002,2230.47,2000.00,-1.81,-0.00,2014.88,2000.00,1.79,-0.00
00:04:33.763 [TUNER] 572,1000,2230.47,2000.00,-1.81,-0.00,2014.88,2000.00,1.79,-0.00
00:04:33.763 [TUNER] 573,998,2205.73,2000.00,-1.72,-0.00,1973.06,2000.00,2.60,-0.00
00:04:33.798 [TUNER] 574,1000,2205.73,2000.00,-1.72,-0.00,1973.06,2000.00,2.60,-0.00
00:04:33.799 [TUNER] 575,1000,2092.73,2000.00,0.04,-0.00,1983.91,2000.00,2.43,-0.00
00:04:33.833 [TUNER] 576,1000,2092.73,2000.00,0.04,-0.00,1983.91,2000.00,2.43,-0.00
00:04:33.868 [TUNER] 577,1000,1973.13,2000.00,2.10,-0.00,1970.26,2000.00,2.73,0.00
00:04:33.868 [TUNER] 578,1000,1973.13,2000.00,2.10,-0.00,1970.26,2000.00,2.73,0.00
00:04:33.903 [TUNER] 579,1000,1860.26,2000.00,4.22,-0.00,1964.49,2000.00,2.89,0.00
00:04:33.904 [TUNER] 580,1000,1860.26,2000.00,4.22,-0.00,1964.49,2000.00,2.89,0.00
00:04:33.938 [TUNER] 581,1000,1824.95,2000.00,5.09,0.00,1978.77,2000.00,2.67,0.00
00:04:33.973 [TUNER] 582,1000,1824.95,2000.00,5.09,0.00,1978.77,2000.00,2.67,0.00
00:04:33.974 [TUNER] 583,1000,1858.55,2000.00,4.75,0.00,1986.76,2000.00,2.55,0.00
00:04:34.010 [TUNER] 584,1000,1858.55,2000.00,4.75,0.00,1986.76,2000.00,2.55,0.00
00:04:34.012 [TUNER] 585,1000,1950.72,2000.00,3.28,0.00,2044.69,2000.00,1.42,0.00
00:04:34.043 [TUNER] 586,1000,1950.72,2000.00,3.28,0.00,2044.69,2000.00,1.42,0.00
00:04:34.079 [TUNER] 587,1000,2014.14,2000.00,2.19,0.00,2024.04,2000.00,1.75,0.00
00:04:34.080 [TUNER] 588,1000,2014.14,2000.00,2.19,0.00,2024.04,2000.00,1.75,0.00
00:04:34.114 [TUNER] 589,1000,2107.83,2000.00,0.44,0.00,2016.10,2000.00,1.87,-0.00
00:04:34.115 [TUNER] 590,1000,2107.83,2000.00,0.44,0.00,2016.10,2000.00,1.87,-0.00
00:04:34.148 [TUNER] 591,1000,2108.91,2000.00,0.25,-0.00,1961.65,2000.00,2.93,0.00
00:04:34.183 [TUNER] 592,1000,2108.91,2000.00,0.25,-0.00,1961.65,2000.00,2.93,0.00
00:04:34.183 [TUNER] 593,1000,2051.35,2000.00,1.13,-0.00,1978.21,2000.00,2.66,0.00
00:04:34.218 [TUNER] 594,1000,2051.35,2000.00,1.13,-0.00,1978.21,2000.00,2.66,0.00
00:04:34.218 [TUNER] 595,1000,1950.33,2000.00,2.91,-0.00,1970.85,2000.00,2.84,0.00
00:04:34.253 [TUNER] 596,1000,1950.33,2000.00,2.91,-0.00,1970.85,2000.00,2.84,0.00
00:04:34.289 [TUNER] 597,1000,1895.29,2000.00,4.01,0.00,1978.71,2000.00,2.74,0.00
00:04:34.291 [TUNER] 598,1000,1895.29,2000.00,4.01,0.00,1978.71,2000.00,2.74,0.00
00:04:34.323 [TUNER] 599,1000,1969.34,2000.00,2.81,0.00,2020.63,2000.00,1.94,0.00
00:04:34.324 [TUNER] 600,1000,1969.34,2000.00,2.81,0.00,2020.63,2000.00,1.94,0.00
00:04:34.358 [TUNER] 601,1000,2014.02,2000.00,2.03,0.00,2043.01,2000.00,1.46,0.00
00:04:34.360 [TUNER] 602,1000,2014.02,2000.00,2.03,0.00,2043.01,2000.00,1.46,0.00
00:04:34.397 [TUNER] 603,1000,2071.66,2000.00,0.95,0.00,2051.90,2000.00,1.21,-0.00
00:04:34.427 [TUNER] 604,1000,2071.66,2000.00,0.95,0.00,2051.90,2000.00,1.21,-0.00
00:04:34.427 [TUNER] 605,1000,2066.22,2000.00,0.94,-0.00,2055.57,2000.00,1.05,-0.00
00:04:34.463 [TUNER] 606,1000,2066.22,2000.00,0.94,-0.00,2055.57,2000.00,1.05,-0.00
00:04:34.464 [TUNER] 607,1000,2049.85,2000.00,1.13,-0.00,2043.05,2000.00,1.20,-0.00
00:04:34.498 [TUNER] 608,1000,2049.85,2000.00,1.13,-0.00,2043.05,2000.00,1.20,-0.00
00:04:34.533 [TUNER] 609,1000,1952.57,2000.00,2.85,-0.00,2007.26,2000.00,1.84,-0.00
00:04:34.533 [TUNER] 610,1000,1952.57,2000.00,2.85,-0.00,2007.26,2000.00,1.84,-0.00
00:04:34.567 [TUNER] 611,1002,1898.29,2000.00,3.92,0.00,1991.79,2000.00,2.14,-0.00
00:04:34.567 [TUNER] 612,998,1898.29,2000.00,3.92,0.00,1991.79,2000.00,2.14,-0.00
00:04:34.602 [TUNER] 613,1000,1941.91,2000.00,3.28,0.00,1966.81,2000.00,2.65,-0.00
00:04:34.638 [TUNER] 614,1000,1941.91,2000.00,3.28,0.00,1966.81,2000.00,2.65,-0.00
00:04:34.638 [TUNER] 615,1000,2070.66,2000.00,1.00,0.00,1987.50,2000.00,2.29,-0.00
00:04:34.674 [TUNER] 616,1000,2070.66,2000.00,1.00,0.00,1987.50,2000.00,2.29,-0.00
00:04:34.674 [TUNER] 617,1000,2101.51,2000.00,0.32,-0.00,1978.28,2000.00,2.50,-0.00
00:04:34.708 [TUNER] 618,1000,2101.51,2000.00,0.32,-0.00,1978.28,2000.00,2.50,-0.00
00:04:34.745 [TUNER] 619,1000,2118.87,2000.00,-0.16,-0.00,2001.41,2000.00,2.07,-0.00
00:04:34.746 [TUNER] 620,1000,2118.87,2000.00,-0.16,-0.00,2001.41,2000.00,2.07,-0.00
00:04:34.782 [TUNER] 621,1000,2040.77,2000.00,1.09,-0.00,1984.64,2000.00,2.40,-0.00
00:04:34.785 [TUNER] 622,1000,2040.77,2000.00,1.09,-0.00,1984.64,2000.00,2.40,-0.00
00:04:34.813 [TUNER] 623,1000,1986.54,2000.00,2.02,-0.00,1972.56,2000.00,2.67,-0.00
00:04:34.848 [TUNER] 624,1000,1986.54,2000.00,2.02,-0.00,1972.56,2000.00,2.67,-0.00
00:04:34.848 [TUNER] 625,1000,1992.97,2000.00,1.93,-0.00,1985.23,2000.00,2.47,0.00
00:04:34.882 [TUNER] 626,1000,1992.97,2000.00,1.93,-0.00,1985.23,2000.00,2.47,0.00
00:04:34.883 [TUNER] 627,1000,1965.48,2000.00,2.44,-0.00,1993.64,2000.00,2.32,0.00
00:04:34.917 [TUNER] 628,1000,1965.48,2000.00,2.44,-0.00,1993.64,2000.00,2.32,0.00
00:04:34.953 [TUNER] 629,1000,1996.74,2000.00,1.92,-0.00,2019.27,2000.00,1.82,-0.00
00:04:34.953 [TUNER] 630,1000,1996.74,2000.00,1.92,-0.00,2019.27,2000.00,1.82,-0.00
00:04:34.989 [TUNER] 631,1000,2013.17,2000.00,1.62,-0.00,1971.06,2000.00,2.75,0.00
00:04:34.989 [TUNER] 632,1000,2013.17,2000.00,1.62,-0.00,1971.06,2000.00,2.75,0.00
00:04:35.023 [TUNER] 633,1000,2034.89,2000.00,1.20,-0.00,1999.49,2000.00,2.23,0.00
00:04:35.058 [TUNER] 634,1000,2034.89,2000.00,1.20,-0.00,1999.49,2000.00,2.23,0.00
00:04:35.058 [TUNER] 635,1000,1985.27,2000.00,2.06,-0.00,1977.56,2000.00,2.67,0.00
00:04:35.093 [TUNER] 636,1000,1985.27,2000.00,2.06,-0.00,1977.56,2000.00,2.67,0.00
00:04:35.096 [TUNER] 637,1000,1931.83,2000.00,3.07,-0.00,2015.00,2000.00,1.96,0.00
00:04:35.126 [TUNER] 638,1000,1931.83,2000.00,3.07,-0.00,2015.00,2000.00,1.96,0.00
00:04:35.165 [TUNER] 639,1000,1895.95,2000.00,3.84,-0.00,2012.31,2000.00,1.99,0.00
00:04:35.166 [TUNER] 640,1000,1895.95,2000.00,3.84,-0.00,2012.31,2000.00,1.99,0.00
00:04:35.197 [TUNER] 641,1002,1933.83,2000.00,3.31,0.00,2018.34,2000.00,1.85,0.00
00:04:35.199 [TUNER] 642,1000,1933.83,2000.00,3.31,0.00,2018.34,2000.00,1.85,0.00
00:04:35.233 [TUNER] 643,998,2023.44,2000.00,1.76,0.00,2008.50,2000.00,2.02,-0.00
00:04:35.266 [TUNER] 644,1000,2023.44,2000.00,1.76,0.00,2008.50,2000.00,2.02,-0.00
00:04:35.267 [TUNER] 645,1000,2048.27,2000.00,1.27,-0.00,1993.36,2000.00,2.30,-0.00
00:04:35.303 [TUNER] 646,1000,2048.27,2000.00,1.27,-0.00,1993.36,2000.00,2.30,-0.00
00:04:35.304 [TUNER] 647,1000,2073.28,2000.00,0.73,-0.00,2013.90,2000.00,1.91,-0.00
00:04:35.337 [TUNER] 648,1000,2073.28,2000.00,0.73,-0.00,2013.90,2000.00,1.91,-0.00
00:04:35.374 [TUNER] 649,1000,2012.55,2000.00,1.73,-0.00,1980.50,2000.00,2.55,0.00
00:04:35.374 [TUNER] 650,1000,2012.55,2000.00,1.73,-0.00,1980.50,2000.00,2.55,0.00
00:04:35.408 [TUNER] 651,1000,1975.98,2000.00,2.39,-0.00,2000.17,2000.00,2.19,0.00
00:04:35.445 [TUNER] 652,1000,1975.98,2000.00,2.39,-0.00,2000.17,2000.00,2.19,0.00
00:04:35.446 [TUNER] 653,1000,1903.78,2000.00,3.76,0.00,1986.70,2000.00,2.46,0.00
00:04:35.479 [TUNER] 654,1000,1903.78,2000.00,3.76,0.00,1986.70,2000.00,2.46,0.00
00:04:35.480 [TUNER] 655,1000,1916.46,2000.00,3.67,0.00,2006.85,2000.00,2.08,0.00
00:04:35.513 [TUNER] 656,1000,1916.46,2000.00,3.67,0.00,2006.85,2000.00,2.08,0.00
00:04:35.514 [TUNER] 657,1000,2007.35,2000.00,2.13,0.00,1997.20,2000.00,2.26,0.00
00:04:35.549 [TUNER] 658,1000,2007.35,2000.00,2.13,0.00,1997.20,2000.00,2.26,0.00
00:04:35.584 [TUNER] 659,1000,2102.40,2000.00,0.37,-0.00,2022.12,2000.00,1.77,-0.00
00:04:35.585 [TUNER] 660,1000,2102.40,2000.00,0.37,-0.00,2022.12,2000.00,1.77,-0.00
00:04:35.618 [TUNER] 661,1000,2133.77,2000.00,-0.37,-0.00,2004.26,2000.00,2.08,-0.00
00:04:35.618 [TUNER] 662,1000,2133.77,2000.00,-0.37,-0.00,2004.26,2000.00,2.08,-0.00
00:04:35.652 [TUNER] 663,1000,2050.63,2000.00,0.95,-0.00,2000.28,2000.00,2.16,-0.00
00:04:35.688 [TUNER] 664,1000,2050.63,2000.00,0.95,-0.00,2000.28,2000.00,2.16,-0.00
00:04:35.689 [TUNER] 665,1000,1973.81,2000.00,2.28,-0.00,1983.35,2000.00,2.49,0.00
00:04:35.723 [TUNER] 666,1000,1973.81,2000.00,2.28,-0.00,1983.35,2000.00,2.49,0.00
00:04:35.723 [TUNER] 667,1000,1914.07,2000.00,3.43,-0.00,1974.96,2000.00,2.69,0.00
00:04:35.758 [TUNER] 668,1000,1914.07,2000.00,3.43,-0.00,1974.96,2000.00,2.69,0.00
00:04:35.794 [TUNER] 669,1000,1907.51,2000.00,3.68,0.00,1988.87,2000.00,2.45,0.00
00:04:35.794 [TUNER] 670,1000,1907.51,2000.00,3.68,0.00,1988.87,2000.00,2.45,0.00
00:04:35.828 [TUNER] 671,1000,1938.34,2000.00,3.26,0.00,1994.84,2000.00,2.35,0.00
00:04:35.829 [TUNER] 672,1000,1938.34,2000.00,3.26,0.00,1994.84,2000.00,2.35,0.00
00:04:35.863 [TUNER] 673,1000,1976.75,2000.00,2.65,0.00,2039.13,2000.00,1.48,0.00
00:04:35.898 [TUNER] 674,1000,1976.75,2000.00,2.65,0.00,2039.13,2000.00,1.48,0.00
00:04:35.898 [TUNER] 675,1000,2012.63,2000.00,2.03,0.00,2014.43,2000.00,1.91,-0.00
00:04:35.935 [TUNER] 676,1000,2012.63,2000.00,2.03,0.00,2014.43,2000.00,1.91,-0.00
00:04:35.936 [TUNER] 677,1000,2073.98,2000.00,0.88,0.00,2006.70,2000.00,2.04,-0.00
00:04:35.968 [TUNER] 678,1000,2073.98,2000.00,0.88,0.00,2006.70,2000.00,2.04,-0.00
00:04:36.003 [TUNER] 679,1000,2009.67,2000.00,1.94,0.00,1948.97,2000.00,3.17,0.00
00:04:36.039 [TUNER] 680,1000,2009.67,2000.00,1.94,0.00,1948.97,2000.00,3.17,0.00
00:04:36.039 [TUNER] 681,1000,1947.91,2000.00,3.07,0.00,1978.38,2000.00,2.67,0.00
00:04:36.039 [TUNER] 682,1000,1947.91,2000.00,3.07,0.00,1978.38,2000.00,2.67,0.00
00:04:36.072 [TUNER] 683,1000,1931.15,2000.00,3.46,0.00,1988.17,2000.00,2.52,0.00
00:04:36.109 [TUNER] 684,1000,1931.15,2000.00,3.46,0.00,1988.17,2000.00,2.52,0.00
00:04:36.110 [TUNER] 685,1000,1981.31,2000.00,2.64,0.00,2020.05,2000.00,1.90,0.00
00:04:36.142 [TUNER] 686,1000,1981.31,2000.00,2.64,0.00,2020.05,2000.00,1.90,0.00
00:04:36.144 [TUNER] 687,1000,2060.95,2000.00,1.20,0.00,2016.35,2000.00,1.94,0.00
00:04:36.178 [TUNER] 688,1000,2060.95,2000.00,1.20,0.00,2016.35,2000.00,1.94,0.00
00:04:36.214 [TUNER] 689,1000,2083.43,2000.00,0.69,0.00,2027.13,2000.00,1.70,0.00
00:04:36.215 [TUNER] 690,1000,2083.43,2000.00,0.69,0.00,2027.13,2000.00,1.70,0.00
00:04:36.248 [TUNER] 691,1000,2097.97,2000.00,0.29,-0.00,2035.76,2000.00,1.48,-0.00
00:04:36.249 [TUNER] 692,1000,2097.97,2000.00,0.29,-0.00,2035.76,2000.00,1.48,-0.00
00:04:36.284 [TUNER] 693,1000,2018.55,2000.00,1.60,-0.00,2052.96,2000.00,1.08,-0.00
00:04:36.318 [TUNER] 694,1000,2018.55,2000.00,1.60,-0.00,2052.96,2000.00,1.08,-0.00
00:04:36.320 [TUNER] 695,1000,1979.07,2000.00,2.30,-0.00,2032.37,2000.00,1.40,-0.00
00:04:36.353 [TUNER] 696,1000,1979.07,2000.00,2.30,-0.00,2032.37,2000.00,1.40,-0.00
00:04:36.353 [TUNER] 697,1000,1875.33,2000.00,4.25,0.00,1962.64,2000.00,2.73,-0.00
00:04:36.388 [TUNER] 698,1000,1875.33,2000.00,4.25,0.00,1962.64,2000.00,2.73,-0.00
00:04:36.423 [TUNER] 699,1000,1878.23,2000.00,4.39,0.00,1951.52,2000.00,3.02,-0.00
00:04:36.424 [TUNER] 700,1000,1878.23,2000.00,4.39,0.00,1951.52,2000.00,3.02,-0.00
00:04:36.458 [TUNER] 701,1000,1987.08,2000.00,2.58,0.00,1973.55,2000.00,2.66,-0.00
00:04:36.458 [TUNER] 702,1000,1987.08,2000.00,2.58,0.00,1973.55,2000.00,2.66,-0.00
00:04:36.493 [TUNER] 703,1000,2105.08,2000.00,0.42,0.00,2034.12,2000.00,1.50,-0.00
00:04:36.528 [TUNER] 704,1000,2105.08,2000.00,0.42,0.00,2034.12,2000.00,1.50,-0.00
00:04:36.529 [TUNER] 705,1000,2137.63,2000.00,-0.34,-0.00,2001.84,2000.00,2.08,-0.00
00:04:36.563 [TUNER] 706,1000,2137.63,2000.00,-0.34,-0.00,2001.84,2000.00,2.08,-0.00
00:04:36.565 [TUNER] 707,1000,2043.41,2000.00,1.17,-0.00,2030.98,2000.00,1.50,-0.00
00:04:36.598 [TUNER] 708,1000,2043.41,2000.00,1.17,-0.00,2030.98,2000.00,1.50,-0.00
00:04:36.632 [TUNER] 709,1000,1954.29,2000.00,2.75,-0.00,2002.76,2000.00,2.01,-0.00
00:04:36.633 [TUNER] 710,1000,1954.29,2000.00,2.75,-0.00,2002.76,2000.00,2.01,-0.00
00:04:36.667 [TUNER] 711,1002,1874.09,2000.00,4.30,0.00,1995.25,2000.00,2.15,-0.00
00:04:36.669 [TUNER] 712,1000,1874.09,2000.00,4.30,0.00,1995.25,2000.00,2.15,-0.00
00:04:36.704 [TUNER] 713,998,1927.49,2000.00,3.51,0.00,1979.71,2000.00,2.47,-0.00
00:04:36.739 [TUNER] 714,1000,1927.49,2000.00,3.51,0.00,1979.71,2000.00,2.47,-0.00
00:04:36.740 [TUNER] 715,1000,2019.62,2000.00,1.93,0.00,1985.79,2000.00,2.38,-0.00
00:04:36.774 [TUNER] 716,1000,2019.62,2000.00,1.93,0.00,1985.79,2000.00,2.38,-0.00
00:04:36.774 [TUNER] 717,1000,2053.80,2000.00,1.27,0.00,2021.59,2000.00,1.70,-0.00
00:04:36.808 [TUNER] 718,1000,2053.80,2000.00,1.27,0.00,2021.59,2000.00,1.70,-0.00
00:04:36.842 [TUNER] 719,1000,2044.66,2000.00,1.35,0.00,1969.12,2000.00,2.70,-0.00
00:04:36.843 [TUNER] 720,1000,2044.66,2000.00,1.35,0.00,1969.12,2000.00,2.70,-0.00
00:04:36.880 [TUNER] 721,1000,2036.44,2000.00,1.43,-0.00,1981.16,2000.00,2.52,-0.00
00:04:36.881 [TUNER] 722,1000,2036.44,2000.00,1.43,-0.00,1981.16,2000.00,2.52,-0.00
00:04:36.914 [TUNER] 723,1000,1957.30,2000.00,2.84,0.00,1945.72,2000.00,3.25,0.00
00:04:36.949 [TUNER] 724,1000,1957.30,2000.00,2.84,0.00,1945.72,2000.00,3.25,0.00
00:04:36.950 [TUNER] 725,1000,1914.61,2000.00,3.69,0.00,2013.58,2000.00,2.00,0.00
00:04:36.982 [TUNER] 726,1000,1914.61,2000.00,3.69,0.00,2013.58,2000.00,2.00,0.00
00:04:36.983 [TUNER] 727,1000,1913.09,2000.00,3.85,0.00,2031.79,2000.00,1.61,0.00
00:04:37.018 [TUNER] 728,1000,1913.09,2000.00,3.85,0.00,2031.79,2000.00,1.61,0.00
00:04:37.053 [TUNER] 729,1000,1999.50,2000.00,2.40,0.00,2058.38,2000.00,1.03,-0.00
00:04:37.054 [TUNER] 730,1000,1999.50,2000.00,2.40,0.00,2058.38,2000.00,1.03,-0.00
00:04:37.091 [TUNER] 731,1000,2102.99,2000.00,0.49,0.00,2047.01,2000.00,1.15,-0.00
00:04:37.092 [TUNER] 732,1000,2102.99,2000.00,0.49,0.00,2047.01,2000.00,1.15,-0.00
00:04:37.123 [TUNER] 733,1000,2141.12,2000.00,-0.37,-0.00,2036.20,2000.00,1.29,-0.00
00:04:37.159 [TUNER] 734,1000,2141.12,2000.00,-0.37,-0.00,2036.20,2000.00,1.29,-0.00
00:04:37.162 [TUNER] 735,1000,2144.13,2000.00,-0.65,-0.00,2018.96,2000.00,1.57,-0.00
00:04:37.192 [TUNER] 736,1000,2144.13,2000.00,-0.65,-0.00,2018.96,2000.00,1.57,-0.00
00:04:37.194 [TUNER] 737,1000,2040.01,2000.00,1.04,-0.00,1936.44,2000.00,3.18,-0.00
00:04:37.229 [TUNER] 738,1000,2040.01,2000.00,1.04,-0.00,1936.44,2000.00,3.18,-0.00
00:04:37.261 [TUNER] 739,1000,1932.67,2000.00,2.95,-0.00,1911.67,2000.00,3.78,-0.00
00:04:37.262 [TUNER] 740,1000,1932.67,2000.00,2.95,-0.00,1911.67,2000.00,3.78,-0.00
00:04:37.298 [TUNER] 741,1000,1870.85,2000.00,4.20,-0.00,1917.61,2000.00,3.81,0.00
00:04:37.299 [TUNER] 742,1000,1870.85,2000.00,4.20,-0.00,1917.61,2000.00,3.81,0.00
00:04:37.331 [TUNER] 743,1000,1872.94,2000.00,4.36,0.00,1994.53,2000.00,2.42,0.00
00:04:37.367 [TUNER] 744,1000,1872.94,2000.00,4.36,0.00,1994.53,2000.00,2.42,0.00
00:04:37.368 [TUNER] 745,1000,1936.45,2000.00,3.40,0.00,2004.52,2000.00,2.23,0.00
00:04:37.402 [TUNER] 746,1000,1936.45,2000.00,3.40,0.00,2004.52,2000.00,2.23,0.00
00:04:37.403 [TUNER] 747,1000,2105.81,2000.00,0.37,0.00,1979.87,2000.00,2.72,0.00
00:04:37.438 [TUNER] 748,1000,2105.81,2000.00,0.37,0.00,1979.87,2000.00,2.72,0.00
00:04:37.474 [TUNER] 749,1000,2174.30,2000.00,-1.06,-0.00,1972.18,2000.00,2.90,0.00
00:04:37.474 [TUNER] 750,1000,2174.30,2000.00,-1.06,-0.00,1972.18,2000.00,2.90,0.00
00:04:37.510 [TUNER] 751,1000,2096.79,2000.00,0.10,-0.00,1996.95,2000.00,2.46,0.00
00:04:37.510 [TUNER] 752,1000,2096.79,2000.00,0.10,-0.00,1996.95,2000.00,2.46,0.00
00:04:37.542 [TUNER] 753,1000,1971.22,2000.00,2.26,-0.00,2015.05,2000.00,2.10,0.00
00:04:37.581 [TUNER] 754,1000,1971.22,2000.00,2.26,-0.00,2015.05,2000.00,2.10,0.00
00:04:37.583 [TUNER] 755,1000,1853.59,2000.00,4.47,-0.00,1991.73,2000.00,2.54,0.00
00:04:37.615 [TUNER] 756,1000,1853.59,2000.00,4.47,-0.00,1991.73,2000.00,2.54,0.00
00:04:37.616 [TUNER] 757,1000,1857.41,2000.00,4.63,0.00,2017.74,2000.00,2.04,0.00
00:04:37.648 [TUNER] 758,1000,1857.41,2000.00,4.63,0.00,2017.74,2000.00,2.04,0.00
00:04:37.683 [TUNER] 759,1000,1915.44,2000.00,3.79,0.00,2019.66,2000.00,1.97,0.00
00:04:37.683 [TUNER] 760,1000,1915.44,2000.00,3.79,0.00,2019.66,2000.00,1.97,0.00
00:04:37.718 [TUNER] 761,1000,2013.41,2000.00,2.12,0.00,2046.96,2000.00,1.39,0.00
00:04:37.719 [TUNER] 762,1000,2013.41,2000.00,2.12,0.00,2046.96,2000.00,1.39,0.00
00:04:37.752 [TUNER] 763,1000,2060.86,2000.00,1.22,0.00,2015.54,2000.00,1.94,0.00
00:04:37.789 [TUNER] 764,1000,2060.86,2000.00,1.22,0.00,2015.54,2000.00,1.94,0.00
00:04:37.789 [TUNER] 765,1000,2083.35,2000.00,0.71,0.00,2016.18,2000.00,1.90,0.00
00:04:37.823 [TUNER] 766,1000,2083.35,2000.00,0.71,0.00,2016.18,2000.00,1.90,0.00
00:04:37.824 [TUNER] 767,1000,2061.84,2000.00,0.98,-0.00,1972.01,2000.00,2.75,0.00
00:04:37.857 [TUNER] 768,1000,2061.84,2000.00,0.98,-0.00,1972.01,2000.00,2.75,0.00
00:04:37.895 [TUNER] 769,1000,1953.57,2000.00,2.87,-0.00,1993.38,2000.00,2.37,0.00
00:04:37.896 [TUNER] 770,1000,1953.57,2000.00,2.87,-0.00,1993.38,2000.00,2.37,0.00
00:04:37.928 [TUNER] 771,1000,1885.85,2000.00,4.20,0.00,1979.55,2000.00,2.66,0.00
00:04:37.929 [TUNER] 772,1000,1885.85,2000.00,4.20,0.00,1979.55,2000.00,2.66,0.00
00:04:37.965 [TUNER] 773,1000,1960.53,2000.00,3.00,0.00,1985.67,2000.00,2.57,0.00
00:04:37.999 [TUNER] 774,1000,1960.53,2000.00,3.00,0.00,1985.67,2000.00,2.57,0.00
00:04:38.000 [TUNER] 775,1000,2078.69,2000.00,0.88,0.00,2009.46,2000.00,2.12,0.00
00:04:38.033 [TUNER] 776,1000,2078.69,2000.00,0.88,0.00,2009.46,2000.00,2.12,0.00
00:04:38.034 [TUNER] 777,1000,2147.44,2000.00,-0.51,-0.00,2049.11,2000.00,1.32,0.00
00:04:38.068 [TUNER] 778,1000,2147.44,2000.00,-0.51,-0.00,2049.11,2000.00,1.32,0.00
00:04:38.068 [TUNER] 779,1000,2118.26,2000.00,-0.20,-0.00,2053.34,2000.00,1.15,-0.00
00:04:38.103 [TUNER] 780,1000,2118.26,2000.00,-0.20,-0.00,2053.34,2000.00,1.15,-0.00
00:04:38.138 [TUNER] 781,1002,2022.43,2000.00,1.37,-0.00,2015.12,2000.00,1.82,-0.00
00:04:38.139 [TUNER] 782,1000,2022.43,2000.00,1.37,-0.00,2015.12,2000.00,1.82,-0.00
00:04:38.174 [TUNER] 783,998,1961.90,2000.00,2.45,-0.00,1983.57,2000.00,2.42,-0.00
00:04:38.174 [TUNER] 784,1000,1961.90,2000.00,2.45,-0.00,1983.57,2000.00,2.42,-0.00
00:04:38.208 [TUNER] 785,1000,1825.51,2000.00,5.03,-0.00,1940.77,2000.00,3.30,0.00
00:04:38.243 [TUNER] 786,1000,1825.51,2000.00,5.03,-0.00,1940.77,2000.00,3.30,0.00
00:04:38.247 [TUNER] 787,1000,1822.92,2000.00,5.35,0.00,1980.41,2000.00,2.61,0.00
00:04:38.280 [TUNER] 788,1000,1822.92,2000.00,5.35,0.00,1980.41,2000.00,2.61,0.00
00:04:38.281 [TUNER] 789,1000,1982.34,2000.00,2.70,0.00,2019.00,2000.00,1.88,0.00
00:04:38.314 [TUNER] 790,1000,1982.34,2000.00,2.70,0.00,2019.00,2000.00,1.88,0.00
00:04:38.348 [TUNER] 791,1000,2097.86,2000.00,0.59,0.00,2084.23,2000.00,0.55,-0.00
00:04:38.348 [TUNER] 792,1000,2097.86,2000.00,0.59,0.00,2084.23,2000.00,0.55,-0.00
00:04:38.383 [TUNER] 793,1000,2142.16,2000.00,-0.38,-0.00,2021.30,2000.00,1.66,-0.00
00:04:38.383 [TUNER] 794,1000,2142.16,2000.00,-0.38,-0.00,2021.30,2000.00,1.66,-0.00
00:04:38.417 [TUNER] 795,1000,2062.49,2000.00,0.86,-0.00,1995.02,2000.00,2.14,-0.00
00:04:38.453 [TUNER] 796,1000,2062.49,2000.00,0.86,-0.00,1995.02,2000.00,2.14,-0.00
00:04:38.488 [TUNER] 797,1000,1988.45,2000.00,2.13,-0.00,1956.81,2000.00,2.91,-0.00
00:04:38.489 [TUNER] 798,1000,1988.45,2000.00,2.13,-0.00,1956.81,2000.00,2.91,-0.00
00:04:38.489 [TUNER] 799,1000,1972.17,2000.00,2.45,-0.00,1945.14,2000.00,3.22,0.00
00:04:38.522 [TUNER] 800,1000,1972.17,2000.00,2.45,-0.00,1945.14,2000.00,3.22,0.00
00:04:38.560 [TUNER] 801,1000,2026.15,2000.00,1.50,-0.00,1978.75,2000.00,2.64,0.00
00:04:38.561 [TUNER] 802,1000,2026.15,2000.00,1.50,-0.00,1978.75,2000.00,2.64,0.00
00:04:38.594 [TUNER] 803,1000,2034.97,2000.00,1.29,-0.00,1995.33,2000.00,2.35,0.00
00:04:38.598 [TUNER] 804,1000,2034.97,2000.00,1.29,-0.00,1995.33,2000.00,2.35,0.00
00:04:38.629 [TUNER] 805,1000,2072.96,2000.00,0.54,-0.00,2030.94,2000.00,1.65,0.00
00:04:38.663 [TUNER] 806,1000,2072.96,2000.00,0.54,-0.00,2030.94,2000.00,1.65,0.00
00:04:38.664 [TUNER] 807,1000,2012.28,2000.00,1.54,-0.00,2002.72,2000.00,2.16,0.00
00:04:38.699 [TUNER] 808,1000,2012.28,2000.00,1.54,-0.00,2002.72,2000.00,2.16,0.00
00:04:38.700 [TUNER] 809,1000,1943.13,2000.00,2.80,-0.00,2014.51,2000.00,1.92,-0.00
00:04:38.733 [TUNER] 810,1000,1943.13,2000.00,2.80,-0.00,2014.51,2000.00,1.92,-0.00
00:04:38.768 [TUNER] 811,1002,1894.34,2000.00,3.79,-0.00,1978.91,2000.00,2.60,0.00
00:04:38.769 [TUNER] 812,998,1894.34,2000.00,3.79,-0.00,1978.91,2000.00,2.60,0.00
00:04:38.803 [TUNER] 813,1000,1873.19,2000.00,4.34,0.00,2013.07,2000.00,1.96,0.00
00:04:38.803 [TUNER] 814,1000,1873.19,2000.00,4.34,0.00,2013.07,2000.00,1.96,0.00
00:04:38.840 [TUNER] 815,1000,1950.40,2000.00,3.12,0.00,2000.45,2000.00,2.19,0.00
00:04:38.874 [TUNER] 816,1000,1950.40,2000.00,3.12,0.00,2000.45,2000.00,2.19,0.00
00:04:38.874 [TUNER] 817,1000,2032.78,2000.00,1.68,0.00,2004.11,2000.00,2.11,0.00
00:04:38.908 [TUNER] 818,1000,2032.78,2000.00,1.68,0.00,2004.11,2000.00,2.11,0.00
00:04:38.910 [TUNER] 819,1000,2113.67,2000.00,0.14,-0.00,2016.92,2000.00,1.85,-0.00
00:04:38.943 [TUNER] 820,1000,2113.67,2000.00,0.14,-0.00,2016.92,2000.00,1.85,-0.00
00:04:38.979 [TUNER] 821,1000,2101.96,2000.00,0.17,-0.00,2031.45,2000.00,1.53,-0.00
00:04:38.980 [TUNER] 822,1000,2101.96,2000.00,0.17,-0.00,2031.45,2000.00,1.53,-0.00
00:04:39.014 [TUNER] 823,1000,2008.00,2000.00,1.74,-0.00,2027.18,2000.00,1.57,-0.00
00:04:39.014 [TUNER] 824,1000,2008.00,2000.00,1.74,-0.00,2027.18,2000.00,1.57,-0.00
00:04:39.047 [TUNER] 825,1000,1903.62,2000.00,3.66,-0.00,2022.05,2000.00,1.62,-0.00
00:04:39.085 [TUNER] 826,1000,1903.62,2000.00,3.66,-0.00,2022.05,2000.00,1.62,-0.00
00:04:39.086 [TUNER] 827,1000,1852.77,2000.00,4.75,0.00,2019.67,2000.00,1.63,-0.00
00:04:39.118 [TUNER] 828,1000,1852.77,2000.00,4.75,0.00,2019.67,2000.00,1.63,-0.00
00:04:39.118 [TUNER] 829,1000,1899.70,2000.00,4.11,0.00,1993.71,2000.00,2.11,-0.00
00:04:39.152 [TUNER] 830,1000,1899.70,2000.00,4.11,0.00,1993.71,2000.00,2.11,-0.00
00:04:39.188 [TUNER] 831,1000,1968.17,2000.00,3.01,0.00,2002.15,2000.00,1.96,-0.00
00:04:39.189 [TUNER] 832,1000,1968.17,2000.00,3.01,0.00,2002.15,2000.00,1.96,-0.00
00:04:39.222 [TUNER] 833,1000,2062.47,2000.00,1.32,0.00,1971.10,2000.00,2.57,-0.00
00:04:39.224 [TUNER] 834,1000,2062.47,2000.00,1.32,0.00,1971.10,2000.00,2.57,-0.00
00:04:39.258 [TUNER] 835,1000,2179.14,2000.00,-0.93,-0.00,2008.11,2000.00,1.88,-0.00
00:04:39.293 [TUNER] 836,1000,2179.14,2000.00,-0.93,-0.00,2008.11,2000.00,1.88,-0.00
00:04:39.295 [TUNER] 837,1000,2135.03,2000.00,-0.40,-0.00,1987.90,2000.00,2.27,-0.00
00:04:39.327 [TUNER] 838,1000,2135.03,2000.00,-0.40,-0.00,1987.90,2000.00,2.27,-0.00
00:04:39.329 [TUNER] 839,1000,2031.02,2000.00,1.31,-0.00,2004.37,2000.00,1.97,-0.00
00:04:39.364 [TUNER] 840,1000,2031.02,2000.00,1.31,-0.00,2004.37,2000.00,1.97,-0.00
00:04:39.398 [TUNER] 841,1000,1964.99,2000.00,2.47,-0.00,1983.19,2000.00,2.38,-0.00
00:04:39.398 [TUNER] 842,1000,1964.99,2000.00,2.47,-0.00,1983.19,2000.00,2.38,-0.00
00:04:39.436 [TUNER] 843,1000,1886.40,2000.00,3.98,-0.00,1993.73,2000.00,2.20,-0.00
00:04:39.438 [TUNER] 844,1000,1886.40,2000.00,3.98,-0.00,1993.73,2000.00,2.20,-0.00
00:04:39.466 [TUNER] 845,1000,1940.35,2000.00,3.16,0.00,2000.45,2000.00,2.08,-0.00
00:04:39.503 [TUNER] 846,1000,1940.35,2000.00,3.16,0.00,2000.45,2000.00,2.08,-0.00
00:04:39.504 [TUNER] 847,1000,1993.82,2000.00,2.27,0.00,2010.97,2000.00,1.86,-0.00
00:04:39.538 [TUNER] 848,1000,1993.82,2000.00,2.27,0.00,2010.97,2000.00,1.86,-0.00
00:04:39.538 [TUNER] 849,1000,2033.16,2000.00,1.56,0.00,2029.70,2000.00,1.47,-0.00
00:04:39.573 [TUNER] 850,1000,2033.16,2000.00,1.56,0.00,2029.70,2000.00,1.47,-0.00
00:04:39.608 [TUNER] 851,1002,2031.59,2000.00,1.53,-0.00,1997.92,2000.00,2.06,-0.00
00:04:39.609 [TUNER] 852,1000,2031.59,2000.00,1.53,-0.00,1997.92,2000.00,2.06,-0.00
00:04:39.642 [TUNER] 853,998,2041.45,2000.00,1.30,-0.00,1988.73,2000.00,2.24,-0.00
00:04:39.643 [TUNER] 854,1000,2041.45,2000.00,1.30,-0.00,1988.73,2000.00,2.24,-0.00
00:04:39.678 [TUNER] 855,1000,1959.59,2000.00,2.74,-0.00,1946.62,2000.00,3.10,-0.00
00:04:39.713 [TUNER] 856,1000,1959.59,2000.00,2.74,-0.00,1946.62,2000.00,3.10,-0.00
00:04:39.714 [TUNER] 857,1000,1937.06,2000.00,3.22,0.00,1986.81,2000.00,2.39,-0.00
00:04:39.748 [TUNER] 858,1000,1937.06,2000.00,3.22,0.00,1986.81,2000.00,2.39,-0.00
00:04:39.749 [TUNER] 859,1000,1972.29,2000.00,2.67,0.00,1994.91,2000.00,2.25,-0.00
00:04:39.782 [TUNER] 860,1000,1972.29,2000.00,2.67,0.00,1994.91,2000.00,2.25,-0.00
00:04:39.819 [TUNER] 861,1000,2007.35,2000.00,2.07,0.00,2035.75,2000.00,1.45,-0.00
00:04:39.820 [TUNER] 862,1000,2007.35,2000.00,2.07,0.00,2035.75,2000.00,1.45,-0.00
00:04:39.852 [TUNER] 863,1000,2021.65,2000.00,1.80,0.00,2044.37,2000.00,1.21,-0.00
00:04:39.854 [TUNER] 864,1000,2021.65,2000.00,1.80,0.00,2044.37,2000.00,1.21,-0.00
00:04:39.889 [TUNER] 865,1000,2029.65,2000.00,1.62,0.00,2068.45,2000.00,0.66,-0.00
00:04:39.923 [TUNER] 866,1000,2029.65,2000.00,1.62,0.00,2068.45,2000.00,0.66,-0.00
00:04:39.924 [TUNER] 867,1000,2051.52,2000.00,1.17,-0.00,2032.73,2000.00,1.25,-0.00
00:04:39.959 [TUNER] 868,1000,2051.52,2000.00,1.17,-0.00,2032.73,2000.00,1.25,-0.00
00:04:39.959 [TUNER] 869,1000,2039.80,2000.00,1.30,-0.00,1974.95,2000.00,2.35,-0.00
00:04:39.994 [TUNER] 870,1000,2039.80,2000.00,1.30,-0.00,1974.95,2000.00,2.35,-0.00
00:04:40.029 [TUNER] 871,1000,2037.30,2000.00,1.28,-0.00,1949.34,2000.00,2.90,-0.00
00:04:40.030 [TUNER] 872,1000,2037.30,2000.00,1.28,-0.00,1949.34,2000.00,2.90,-0.00
00:04:40.064 [TUNER] 873,1000,1961.43,2000.00,2.62,-0.00,1942.60,2000.00,3.12,-0.00
00:04:40.064 [TUNER] 874,1000,1961.43,2000.00,2.62,-0.00,1942.60,2000.00,3.12,-0.00
00:04:40.097 [TUNER] 875,1000,1940.24,2000.00,3.07,-0.00,1992.19,2000.00,2.23,-0.00
00:04:40.133 [TUNER] 876,1000,1940.24,2000.00,3.07,-0.00,1992.19,2000.00,2.23,-0.00
00:04:40.133 [TUNER] 877,1000,1942.19,2000.00,3.13,0.00,2004.36,2000.00,2.00,-0.00
00:04:40.168 [TUNER] 878,1000,1942.19,2000.00,3.13,0.00,2004.36,2000.00,2.00,-0.00
00:04:40.168 [TUNER] 879,1000,2034.81,2000.00,1.52,0.00,2050.19,2000.00,1.08,-0.00
00:04:40.205 [TUNER] 880,1000,2034.81,2000.00,1.52,0.00,2050.19,2000.00,1.08,-0.00
00:04:40.238 [TUNER] 881,1000,2093.44,2000.00,0.38,-0.00,2004.38,2000.00,1.91,-0.00
00:04:40.239 [TUNER] 882,1000,2093.44,2000.00,0.38,-0.00,2004.38,2000.00,1.91,-0.00
00:04:40.274 [TUNER] 883,1000,2150.66,2000.00,-0.82,-0.00,2015.84,2000.00,1.67,-0.00
00:04:40.274 [TUNER] 884,1000,2150.66,2000.00,-0.82,-0.00,2015.84,2000.00,1.67,-0.00
00:04:40.308 [TUNER] 885,1000,2038.37,2000.00,1.01,-0.00,1968.31,2000.00,2.59,-0.00
00:04:40.344 [TUNER] 886,1000,2038.37,2000.00,1.01,-0.00,1968.31,2000.00,2.59,-0.00
00:04:40.345 [TUNER] 887,1000,1965.71,2000.00,2.29,-0.00,1980.11,2000.00,2.41,-0.00
00:04:40.378 [TUNER] 888,1000,1965.71,2000.00,2.29,-0.00,1980.11,2000.00,2.41,-0.00
00:04:40.378 [TUNER] 889,1000,1914.47,2000.00,3.29,-0.00,1980.96,2000.00,2.43,-0.00
00:04:40.414 [TUNER] 890,1000,1914.47,2000.00,3.29,-0.00,1980.96,2000.00,2.43,-0.00
00:04:40.450 [TUNER] 891,1000,1926.73,2000.00,3.20,-0.00,1990.23,2000.00,2.28,-0.00
00:04:40.452 [TUNER] 892,1000,1926.73,2000.00,3.20,-0.00,1990.23,2000.00,2.28,-0.00
00:04:40.487 [TUNER] 893,1000,2027.59,2000.00,1.45,-0.00,2009.67,2000.00,1.91,-0.00
00:04:40.488 [TUNER] 894,1000,2027.59,2000.00,1.45,-0.00,2009.67,2000.00,1.91,-0.00
00:04:40.517 [TUNER] 895,1000,2046.43,2000.00,1.06,-0.00,1989.15,2000.00,2.30,-0.00
00:04:40.554 [TUNER] 896,1000,2046.43,2000.00,1.06,-0.00,1989.15,2000.00,2.30,-0.00
00:04:40.557 [TUNER] 897,1000,2032.30,2000.00,1.25,-0.00,2005.37,2000.00,1.99,-0.00
00:04:40.587 [TUNER] 898,1000,2032.30,2000.00,1.25,-0.00,2005.37,2000.00,1.99,-0.00
00:04:40.587 [TUNER] 899,1000,1936.81,2000.00,2.96,-0.00,1966.81,2000.00,2.75,-0.00
00:04:40.625 [TUNER] 900,1000,1936.81,2000.00,2.96,-0.00,1966.81,2000.00,2.75,-0.00
00:04:40.625 [TUNER] 901,1000,1898.21,2000.00,3.77,-0.00,1999.52,2000.00,2.16,-0.00
00:04:40.657 [TUNER] 902,1000,1898.21,2000.00,3.77,-0.00,1999.52,2000.00,2.16,-0.00
00:04:40.693 [TUNER] 903,1000,1882.80,2000.00,4.21,0.00,1998.21,2000.00,2.19,-0.00
00:04:40.694 [TUNER] 904,1000,1882.80,2000.00,4.21,0.00,1998.21,2000.00,2.19,-0.00
00:04:40.728 [TUNER] 905,1000,1961.52,2000.00,2.95,0.00,2024.64,2000.00,1.66,-0.00
00:04:40.729 [TUNER] 906,1000,1961.52,2000.00,2.95,0.00,2024.64,2000.00,1.66,-0.00
00:04:40.763 [TUNER] 907,1000,2060.58,2000.00,1.18,0.00,2026.90,2000.00,1.58,-0.00
00:04:40.798 [TUNER] 908,1000,2060.58,2000.00,1.18,0.00,2026.90,2000.00,1.58,-0.00
00:04:40.799 [TUNER] 909,1000,2096.88,2000.00,0.42,-0.00,2033.85,2000.00,1.39,-0.00
00:04:40.833 [TUNER] 910,1000,2096.88,2000.00,0.42,-0.00,2033.85,2000.00,1.39,-0.00
00:04:40.834 [TUNER] 911,1002,2120.32,2000.00,-0.17,-0.00,2020.12,2000.00,1.61,-0.00
00:04:40.867 [TUNER] 912,998,2120.32,2000.00,-0.17,-0.00,2020.12,2000.00,1.61,-0.00
00:04:40.903 [TUNER] 913,1000,2024.73,2000.00,1.40,-0.00,2006.49,2000.00,1.84,-0.00
00:04:40.904 [TUNER] 914,1000,2024.73,2000.00,1.40,-0.00,2006.49,2000.00,1.84,-0.00
00:04:40.938 [TUNER] 915,1000,1939.35,2000.00,2.94,-0.00,2002.06,2000.00,1.92,-0.00
00:04:40.939 [TUNER] 916,1000,1939.35,2000.00,2.94,-0.00,2002.06,2000.00,1.92,-0.00
00:04:40.972 [TUNER] 917,1000,1843.55,2000.00,4.80,0.00,1991.65,2000.00,2.12,-0.00
00:04:41.010 [TUNER] 918,1000,1843.55,2000.00,4.80,0.00,1991.65,2000.00,2.12,-0.00
00:04:41.013 [TUNER] 919,1000,1857.58,2000.00,4.79,0.00,2000.09,2000.00,1.97,-0.00
00:04:41.043 [TUNER] 920,1000,1857.58,2000.00,4.79,0.00,2000.09,2000.00,1.97,-0.00
00:04:41.043 [TUNER] 921,1002,1960.25,2000.00,3.12,0.00,1976.33,2000.00,2.44,-0.00
00:04:41.079 [TUNER] 922,1000,1960.25,2000.00,3.12,0.00,1976.33,2000.00,2.44,-0.00
00:04:41.114 [TUNER] 923,998,2118.53,2000.00,0.27,0.00,2002.41,2000.00,1.96,-0.00
00:04:41.114 [TUNER] 924,1000,2118.53,2000.00,0.27,0.00,2002.41,2000.00,1.96,-0.00
00:04:41.147 [TUNER] 925,1000,2169.01,2000.00,-0.85,-0.00,1988.49,2000.00,2.24,-0.00
00:04:41.149 [TUNER] 926,1000,2169.01,2000.00,-0.85,-0.00,1988.49,2000.00,2.24,-0.00
00:04:41.183 [TUNER] 927,1000,2116.61,2000.00,-0.15,-0.00,1992.82,2000.00,2.17,-0.00
00:04:41.218 [TUNER] 928,1000,2116.61,2000.00,-0.15,-0.00,1992.82,2000.00,2.17,-0.00
00:04:41.218 [TUNER] 929,1000,2007.70,2000.00,1.67,-0.00,1968.79,2000.00,2.66,-0.00
00:04:41.253 [TUNER] 930,1000,2007.70,2000.00,1.67,-0.00,1968.79,2000.00,2.66,-0.00
00:04:41.253 [TUNER] 931,1000,1908.54,2000.00,3.49,-0.00,1982.21,2000.00,2.45,-0.00
00:04:41.288 [TUNER] 932,1000,1908.54,2000.00,3.49,-0.00,1982.21,2000.00,2.45,-0.00
00:04:41.323 [TUNER] 933,1000,1908.24,2000.00,3.64,0.00,1998.10,2000.00,2.16,-0.00
00:04:41.323 [TUNER] 934,1000,1908.24,2000.00,3.64,0.00,1998.10,2000.00,2.16,-0.00
00:04:41.359 [TUNER] 935,1000,1950.95,2000.00,3.00,0.00,2003.95,2000.00,2.05,-0.00
00:04:41.360 [TUNER] 936,1000,1950.95,2000.00,3.00,0.00,2003.95,2000.00,2.05,-0.00
00:04:41.392 [TUNER] 937,1000,2007.46,2000.00,2.03,0.00,2018.93,2000.00,1.74,-0.00
00:04:41.429 [TUNER] 938,1000,2007.46,2000.00,2.03,0.00,2018.93,2000.00,1.74,-0.00
00:04:41.431 [TUNER] 939,1000,2025.17,2000.00,1.70,0.00,1999.99,2000.00,2.09,-0.00
00:04:41.462 [TUNER] 940,1000,2025.17,2000.00,1.70,0.00,1999.99,2000.00,2.09,-0.00
00:04:41.464 [TUNER] 941,1000,2065.11,2000.00,0.92,-0.00,1993.42,2000.00,2.22,-0.00
00:04:41.498 [TUNER] 942,1000,2065.11,2000.00,0.92,-0.00,1993.42,2000.00,2.22,-0.00
00:04:41.533 [TUNER] 943,1000,2012.88,2000.00,1.78,-0.00,1952.10,2000.00,3.05,-0.00
00:04:41.533 [TUNER] 944,1000,2012.88,2000.00,1.78,-0.00,1952.10,2000.00,3.05,-0.00
00:04:41.568 [TUNER] 945,1000,1976.25,2000.00,2.43,-0.00,1986.04,2000.00,2.46,0.00
00:04:41.569 [TUNER] 946,1000,1976.25,2000.00,2.43,-0.00,1986.04,2000.00,2.46,0.00
00:04:41.603 [TUNER] 947,1000,1926.33,2000.00,3.39,0.00,1997.73,2000.00,2.25,0.00
00:04:41.637 [TUNER] 948,1000,1926.33,2000.00,3.39,0.00,1997.73,2000.00,2.25,0.00
00:04:41.638 [TUNER] 949,1000,1912.17,2000.00,3.77,0.00,2036.29,2000.00,1.49,-0.00
00:04:41.673 [TUNER] 950,1000,1912.17,2000.00,3.77,0.00,2036.29,2000.00,1.49,-0.00
00:04:41.675 [TUNER] 951,1000,2009.07,2000.00,2.12,0.00,2044.80,2000.00,1.25,-0.00
00:04:41.708 [TUNER] 952,1000,2009.07,2000.00,2.12,0.00,2044.80,2000.00,1.25,-0.00
00:04:41.746 [TUNER] 953,1000,2065.98,2000.00,1.06,0.00,2075.66,2000.00,0.56,-0.00
00:04:41.750 [TUNER] 954,1000,2065.98,2000.00,1.06,0.00,2075.66,2000.00,0.56,-0.00
00:04:41.781 [TUNER] 955,1000,2123.53,2000.00,-0.11,-0.00,2026.48,2000.00,1.41,-0.00
00:04:41.784 [TUNER] 956,1000,2123.53,2000.00,-0.11,-0.00,2026.48,2000.00,1.41,-0.00
00:04:41.813 [TUNER] 957,1000,2057.90,2000.00,0.91,-0.00,1969.95,2000.00,2.49,-0.00
00:04:41.848 [TUNER] 958,1000,2057.90,2000.00,0.91,-0.00,1969.95,2000.00,2.49,-0.00
00:04:41.849 [TUNER] 959,1000,2008.83,2000.00,1.72,-0.00,1948.78,2000.00,2.97,-0.00
00:04:41.883 [TUNER] 960,1000,2008.83,2000.00,1.72,-0.00,1948.78,2000.00,2.97,-0.00
00:04:41.884 [TUNER] 961,1000,1880.23,2000.00,4.08,-0.00,1952.46,2000.00,2.98,-0.00
00:04:41.918 [TUNER] 962,1000,1880.23,2000.00,4.08,-0.00,1952.46,2000.00,2.98,-0.00
00:04:41.955 [TUNER] 963,1000,1859.83,2000.00,4.64,0.00,1998.35,2000.00,2.15,-0.00
00:04:41.955 [TUNER] 964,1000,1859.83,2000.00,4.64,0.00,1998.35,2000.00,2.15,-0.00
00:04:41.989 [TUNER] 965,1000,1958.61,2000.00,3.04,0.00,1997.27,2000.00,2.17,-0.00
00:04:41.989 [TUNER] 966,1000,1958.61,2000.00,3.04,0.00,1997.27,2000.00,2.17,-0.00
00:04:42.024 [TUNER] 967,1000,2099.49,2000.00,0.51,0.00,2018.74,2000.00,1.75,-0.00
00:04:42.057 [TUNER] 968,1000,2099.49,2000.00,0.51,0.00,2018.74,2000.00,1.75,-0.00
00:04:42.059 [TUNER] 969,1000,2150.34,2000.00,-0.58,-0.00,1996.40,2000.00,2.16,-0.00
00:04:42.096 [TUNER] 970,1000,2150.34,2000.00,-0.58,-0.00,1996.40,2000.00,2.16,-0.00
00:04:42.096 [TUNER] 971,1000,2072.47,2000.00,0.61,-0.00,2011.17,2000.00,1.87,-0.00
00:04:42.128 [TUNER] 972,1000,2072.47,2000.00,0.61,-0.00,2011.17,2000.00,1.87,-0.00
00:04:42.164 [TUNER] 973,1000,1960.36,2000.00,2.57,-0.00,1983.48,2000.00,2.41,-0.00
00:04:42.166 [TUNER] 974,1000,1960.36,2000.00,2.57,-0.00,1983.48,2000.00,2.41,-0.00
00:04:42.198 [TUNER] 975,1000,1875.82,2000.00,4.19,0.00,1985.37,2000.00,2.40,-0.00
00:04:42.198 [TUNER] 976,1000,1875.82,2000.00,4.19,0.00,1985.37,2000.00,2.40,-0.00
00:04:42.232 [TUNER] 977,1000,1887.22,2000.00,4.17,0.00,1992.04,2000.00,2.29,-0.00
00:04:42.268 [TUNER] 978,1000,1887.22,2000.00,4.17,0.00,1992.04,2000.00,2.29,-0.00
00:04:42.269 [TUNER] 979,1000,1951.31,2000.00,3.17,0.00,1999.09,2000.00,2.16,-0.00
00:04:42.303 [TUNER] 980,1000,1951.31,2000.00,3.17,0.00,1999.09,2000.00,2.16,-0.00
00:04:42.303 [TUNER] 981,1000,2050.70,2000.00,1.42,0.00,2018.48,2000.00,1.78,-0.00
00:04:42.337 [TUNER] 982,1000,2050.70,2000.00,1.42,0.00,2018.48,2000.00,1.78,-0.00
00:04:42.373 [TUNER] 983,1000,2061.48,2000.00,1.14,0.00,1989.32,2000.00,2.33,-0.00
00:04:42.374 [TUNER] 984,1000,2061.48,2000.00,1.14,0.00,1989.32,2000.00,2.33,-0.00
00:04:42.408 [TUNER] 985,1000,2071.83,2000.00,0.85,-0.00,1995.20,2000.00,2.23,-0.00
00:04:42.409 [TUNER] 986,1000,2071.83,2000.00,0.85,-0.00,1995.20,2000.00,2.23,-0.00
00:04:42.444 [TUNER] 987,1000,1999.36,2000.00,2.07,-0.00,1960.39,2000.00,2.93,0.00
00:04:42.478 [TUNER] 988,1000,1999.36,2000.00,2.07,-0.00,1960.39,2000.00,2.93,0.00
00:04:42.480 [TUNER] 989,1000,1898.43,2000.00,3.93,0.00,1999.54,2000.00,2.22,0.00
00:04:42.514 [TUNER] 990,1000,1898.43,2000.00,3.93,0.00,1999.54,2000.00,2.22,0.00
00:04:42.515 [TUNER] 991,1002,1862.01,2000.00,4.77,0.00,2006.41,2000.00,2.08,0.00
00:04:42.548 [TUNER] 992,1000,1862.01,2000.00,4.77,0.00,2006.41,2000.00,2.08,0.00
00:04:42.585 [TUNER] 993,998,1940.19,2000.00,3.54,0.00,2029.91,2000.00,1.60,-0.00
00:04:42.585 [TUNER] 994,1000,1940.19,2000.00,3.54,0.00,2029.91,2000.00,1.60,-0.00
00:04:42.620 [TUNER] 995,1000,2064.13,2000.00,1.35,0.00,2024.24,2000.00,1.67,-0.00
00:04:42.621 [TUNER] 996,1000,2064.13,2000.00,1.35,0.00,2024.24,2000.00,1.67,-0.00
00:04:42.653 [TUNER] 997,1000,2180.47,2000.00,-0.89,0.00,2036.88,2000.00,1.37,-0.00
00:04:42.688 [TUNER] 998,1000,2180.47,2000.00,-0.89,0.00,2036.88,2000.00,1.37,-0.00
00:04:42.688 [TUNER] 999,1000,2172.17,2000.00,-1.02,-0.00,2031.53,2000.00,1.42,-0.00
00:04:42.724 [TUNER] 1000,1000,2052.60,1999.90,0.95,-0.00,2001.69,1999.90,1.96,-0.00
00:04:42.724 [TUNER] 1001,1000,2052.60,1999.70,0.95,-0.00,2001.69,1999.70,1.96,-0.00
00:04:42.757 [TUNER] 1002,1000,1934.74,1999.40,3.02,-0.00,2017.96,1999.40,1.62,-0.00
00:04:42.793 [TUNER] 1003,1000,1934.74,1999.00,3.02,-0.00,2017.96,1999.00,1.62,-0.00
00:04:42.796 [TUNER] 1004,1000,1832.99,1998.50,4.98,0.00,1983.75,1998.50,2.25,-0.00
00:04:42.829 [TUNER] 1005,1000,1832.99,1997.90,4.98,0.00,1983.75,1997.90,2.25,-0.00
00:04:42.829 [TUNER] 1006,1000,1840.93,1997.20,5.08,0.00,1987.31,1997.20,2.18,-0.00
00:04:42.863 [TUNER] 1007,1000,1840.93,1996.40,5.08,0.00,1987.31,1996.40,2.18,-0.00
00:04:42.898 [TUNER] 1008,1000,1926.31,1995.50,3.72,0.00,1969.54,1995.50,2.51,-0.00
00:04:42.899 [TUNER] 1009,1000,1926.31,1994.50,3.72,0.00,1969.54,1994.50,2.51,-0.00
00:04:42.933 [TUNER] 1010,1000,2071.93,1993.40,1.10,0.00,1993.12,1993.40,2.04,-0.00
00:04:42.933 [TUNER] 1011,1000,2071.93,1992.20,1.10,0.00,1993.12,1992.20,2.04,-0.00
00:04:42.968 [TUNER] 1012,1000,2210.76,1990.90,-1.63,-0.00,2001.67,1990.90,1.82,-0.00
00:04:43.006 [TUNER] 1013,1000,2210.76,1989.50,-1.63,-0.00,2001.67,1989.50,1.82,-0.00
00:04:43.007 [TUNER] 1014,1000,2189.53,1988.00,-1.64,-0.00,1987.90,1988.00,2.02,-0.00
00:04:43.039 [TUNER] 1015,1000,2189.53,1986.40,-1.64,-0.00,1987.90,1986.40,2.02,-0.00
00:04:43.039 [TUNER] 1016,1000,2076.34,1984.70,0.06,-0.00,1992.35,1984.70,1.86,-0.00
00:04:43.073 [TUNER] 1017,1000,2076.34,1982.90,0.06,-0.00,1992.35,1982.90,1.86,-0.00
00:04:43.109 [TUNER] 1018,1000,1982.35,1981.00,1.57,-0.00,1963.26,1981.00,2.35,-0.00
00:04:43.109 [TUNER] 1019,1000,1928.80,1979.00,2.48,-0.00,1992.41,1979.00,1.77,-0.00
00:04:43.143 [TUNER] 1020,1000,1928.80,1976.90,2.48,-0.00,1992.41,1976.90,1.77,-0.00
00:04:43.179 [TUNER] 1021,1000,1885.28,1974.70,3.28,-0.00,1980.88,1974.70,1.88,-0.00
00:04:43.180 [TUNER] 1022,1000,1885.28,1972.40,3.28,-0.00,1980.88,1972.40,1.88,-0.00
00:04:43.213 [TUNER] 1023,1000,1913.68,1970.00,2.80,-0.00,1978.14,1970.00,1.83,-0.00
00:04:43.214 [TUNER] 1024,1000,1913.68,1967.50,2.80,-0.00,1978.14,1967.50,1.83,-0.00
00:04:43.248 [TUNER] 1025,1000,1970.77,1964.90,1.74,-0.00,1989.69,1964.90,1.48,-0.00
00:04:43.249 [TUNER] 1026,1000,1970.77,1962.20,1.74,-0.00,1989.69,1962.20,1.48,-0.00
00:04:43.283 [TUNER] 1027,1000,2016.44,1959.40,0.78,-0.00,1973.16,1959.40,1.65,-0.00
00:04:43.318 [TUNER] 1028,1000,2016.44,1956.50,0.78,-0.00,1973.16,1956.50,1.65,-0.00
00:04:43.318 [TUNER] 1029,1000,2066.72,1953.50,-0.35,-0.00,1973.68,1953.50,1.49,-0.00
00:04:43.353 [TUNER] 1030,1000,2066.72,1950.40,-0.35,-0.00,1973.68,1950.40,1.49,-0.00
00:04:43.353 [TUNER] 1031,1000,1998.70,1947.20,0.60,-0.00,1925.99,1947.20,2.28,-0.00
00:04:43.390 [TUNER] 1032,1000,1998.70,1943.90,0.60,-0.00,1925.99,1943.90,2.28,-0.00
00:04:43.423 [TUNER] 1033,1000,1892.75,1940.50,2.34,-0.00,1937.67,1940.50,1.94,-0.00
00:04:43.460 [TUNER] 1034,1000,1892.75,1937.00,2.34,-0.00,1937.67,1937.00,1.94,-0.00
00:04:43.460 [TUNER] 1035,1000,1763.32,1933.40,4.67,-0.00,1922.95,1933.40,2.09,-0.00
00:04:43.461 [TUNER] 1036,1000,1763.32,1929.70,4.67,-0.00,1922.95,1929.70,2.09,-0.00
00:04:43.493 [TUNER] 1037,1000,1755.99,1925.90,4.93,0.00,1921.49,1925.90,1.98,-0.00
00:04:43.494 [TUNER] 1038,1000,1755.99,1922.00,4.93,0.00,1921.49,1922.00,1.98,-0.00
00:04:43.528 [TUNER] 1039,1000,1899.59,1918.00,2.40,0.00,1932.34,1918.00,1.61,-0.00
00:04:43.566 [TUNER] 1040,1000,1899.59,1913.90,2.40,0.00,1932.34,1913.90,1.61,-0.00
00:04:43.568 [TUNER] 1041,1000,1995.57,1909.70,0.50,-0.00,1941.03,1909.70,1.24,-0.00
00:04:43.598 [TUNER] 1042,1000,1995.57,1905.40,0.50,-0.00,1941.03,1905.40,1.24,-0.00
00:04:43.598 [TUNER] 1043,1000,2068.93,1901.00,-1.16,-0.00,1960.00,1901.00,0.62,-0.00
00:04:43.632 [TUNER] 1044,1000,2068.93,1896.50,-1.16,-0.00,1960.00,1896.50,0.62,-0.00
00:04:43.668 [TUNER] 1045,1000,1995.32,1891.90,-0.25,-0.00,1894.43,1891.90,1.64,-0.00
00:04:43.669 [TUNER] 1046,1000,1995.32,1887.20,-0.25,-0.00,1894.43,1887.20,1.64,-0.00
00:04:43.702 [TUNER] 1047,1000,1891.76,1882.40,1.31,-0.00,1890.08,1882.40,1.52,-0.00
00:04:43.741 [TUNER] 1048,1000,1891.76,1877.50,1.31,-0.00,1890.08,1877.50,1.52,-0.00
00:04:43.741 [TUNER] 1049,1000,1776.27,1872.50,3.23,-0.00,1857.40,1872.50,1.95,-0.00
00:04:43.774 [TUNER] 1050,1000,1776.27,1867.40,3.23,-0.00,1857.40,1867.40,1.95,-0.00
00:04:43.774 [TUNER] 1051,1000,1685.60,1862.20,4.86,-0.00,1875.92,1862.20,1.39,-0.00
00:04:43.809 [TUNER] 1052,1000,1685.60,1856.90,4.86,-0.00,1875.92,1856.90,1.39,-0.00
00:04:43.809 [TUNER] 1053,1000,1791.74,1851.50,2.97,0.00,1892.45,1851.50,0.82,-0.00
00:04:43.843 [TUNER] 1054,1000,1791.74,1846.00,2.97,0.00,1892.45,1846.00,0.82,-0.00
00:04:43.878 [TUNER] 1055,1000,1909.29,1840.40,0.69,-0.00,1873.03,1840.40,0.90,-0.00
00:04:43.878 [TUNER] 1056,1000,1909.29,1834.70,0.69,-0.00,1873.03,1834.70,0.90,-0.00
00:04:43.914 [TUNER] 1057,1000,2041.13,1828.90,-2.08,-0.00,1854.07,1828.90,0.99,-0.00
00:04:43.949 [TUNER] 1058,1000,2041.13,1823.00,-2.08,-0.00,1854.07,1823.00,0.99,-0.00
00:04:43.950 [TUNER] 1059,1000,1962.77,1817.00,-1.20,-0.00,1802.81,1817.00,1.71,-0.00
00:04:43.983 [TUNER] 1060,1000,1962.77,1810.90,-1.20,-0.00,1802.81,1810.90,1.71,-0.00
00:04:43.984 [TUNER] 1061,1002,1825.95,1804.70,0.85,-0.00,1788.95,1804.70,1.76,-0.00
00:04:44.018 [TUNER] 1062,1000,1825.95,1798.40,0.85,-0.00,1788.95,1798.40,1.76,-0.00
00:04:44.018 [TUNER] 1063,998,1692.93,1792.00,3.02,-0.00,1802.63,1792.00,1.25,-0.00
00:04:44.053 [TUNER] 1064,1000,1692.93,1785.50,3.02,-0.00,1802.63,1785.50,1.25,-0.00
00:04:44.089 [TUNER] 1065,1000,1570.82,1778.90,5.17,-0.00,1785.72,1778.90,1.29,-0.00
00:04:44.093 [TUNER] 1066,1000,1570.82,1772.20,5.17,-0.00,1785.72,1772.20,1.29,-0.00
00:04:44.122 [TUNER] 1067,1000,1545.29,1765.40,5.71,0.00,1797.96,1765.40,0.75,-0.00
00:04:44.122 [TUNER] 1068,1000,1545.29,1758.50,5.71,0.00,1797.96,1758.50,0.75,-0.00
00:04:44.157 [TUNER] 1069,1000,1693.24,1751.50,3.06,0.00,1780.26,1751.50,0.76,-0.00
00:04:44.197 [TUNER] 1070,1000,1693.24,1744.40,3.06,0.00,1780.26,1744.40,0.76,-0.00
00:04:44.198 [TUNER] 1071,1000,1830.49,1737.20,0.35,0.00,1760.95,1737.20,0.80,-0.00
00:04:44.230 [TUNER] 1072,1000,1830.49,1729.90,0.35,0.00,1760.95,1729.90,0.80,-0.00
00:04:44.232 [TUNER] 1073,1000,1899.06,1722.50,-1.35,-0.00,1757.52,1722.50,0.52,-0.00
00:04:44.262 [TUNER] 1074,1000,1899.06,1715.00,-1.35,-0.00,1757.52,1715.00,0.52,-0.00
00:04:44.300 [TUNER] 1075,1000,1807.88,1707.40,-0.24,-0.00,1730.73,1707.40,0.68,-0.00
00:04:44.301 [TUNER] 1076,1000,1807.88,1699.70,-0.24,-0.00,1730.73,1699.70,0.68,-0.00
00:04:44.333 [TUNER] 1077,1000,1683.40,1691.90,1.59,-0.00,1711.02,1691.90,0.71,-0.00
00:04:44.368 [TUNER] 1078,1000,1683.40,1684.00,1.59,-0.00,1711.02,1684.00,0.71,-0.00
00:04:44.369 [TUNER] 1079,1000,1582.09,1676.00,3.16,-0.00,1662.60,1676.00,1.30,-0.00
00:04:44.403 [TUNER] 1080,1000,1582.09,1667.90,3.16,-0.00,1662.60,1667.90,1.30,-0.00
00:04:44.403 [TUNER] 1081,1000,1528.54,1659.70,3.98,0.00,1635.90,1659.70,1.52,-0.00
00:04:44.437 [TUNER] 1082,1000,1528.54,1651.40,3.98,0.00,1635.90,1651.40,1.52,-0.00
00:04:44.438 [TUNER] 1083,1000,1581.90,1643.00,2.88,0.00,1621.40,1643.00,1.50,-0.00
00:04:44.474 [TUNER] 1084,1000,1581.90,1634.50,2.88,0.00,1621.40,1634.50,1.50,-0.00
00:04:44.508 [TUNER] 1085,1000,1722.53,1625.90,0.05,-0.00,1565.14,1625.90,2.30,-0.00
00:04:44.509 [TUNER] 1086,1000,1722.53,1617.20,0.05,-0.00,1565.14,1617.20,2.30,-0.00
00:04:44.544 [TUNER] 1087,1000,1838.46,1608.40,-2.58,-0.00,1544.18,1608.40,2.45,-0.00
00:04:44.545 [TUNER] 1088,1000,1838.46,1599.50,-2.58,-0.00,1544.18,1599.50,2.45,-0.00
00:04:44.577 [TUNER] 1089,1000,1822.97,1590.50,-3.00,-0.00,1566.93,1590.50,1.74,-0.00
00:04:44.613 [TUNER] 1090,1000,1822.97,1581.40,-3.00,-0.00,1566.93,1581.40,1.74,-0.00
00:04:44.614 [TUNER] 1091,1000,1659.39,1572.20,-0.71,-0.00,1574.82,1572.20,1.24,-0.00
00:04:44.648 [TUNER] 1092,1000,1659.39,1562.90,-0.71,-0.00,1574.82,1562.90,1.24,-0.00
00:04:44.649 [TUNER] 1093,1000,1449.49,1553.50,2.65,-0.00,1584.57,1553.50,0.65,-0.00
00:04:44.682 [TUNER] 1094,1000,1449.49,1544.00,2.65,-0.00,1584.57,1544.00,0.65,-0.00
00:04:44.717 [TUNER] 1095,1000,1252.37,1534.40,6.08,-0.00,1611.27,1534.40,-0.34,-0.00
00:04:44.718 [TUNER] 1096,1000,1252.37,1524.70,6.08,-0.00,1611.27,1524.70,-0.34,-0.00
00:04:44.754 [TUNER] 1097,1000,1170.27,1514.90,7.67,0.00,1572.49,1514.90,-0.10,-0.00
00:04:44.754 [TUNER] 1098,1000,1170.27,1505.00,7.67,0.00,1572.49,1505.00,-0.10,-0.00
00:04:44.788 [TUNER] 1099,1000,1297.00,1495.00,5.49,0.00,1551.78,1495.00,-0.20,-0.00
00:04:44.824 [TUNER] 1100,1000,1297.00,1484.90,5.49,0.00,1551.78,1484.90,-0.20,-0.00
00:04:44.825 [TUNER] 1101,1000,1527.25,1474.70,1.16,0.00,1509.44,1474.70,0.12,-0.00
00:04:44.860 [TUNER] 1102,1000,1527.25,1464.40,1.16,0.00,1509.44,1464.40,0.12,-0.00
00:04:44.864 [TUNER] 1103,1000,1750.96,1454.00,-3.45,0.00,1456.67,1454.00,0.68,-0.00
00:04:44.893 [TUNER] 1104,1000,1750.96,1443.50,-3.45,0.00,1456.67,1443.50,0.68,-0.00
00:04:44.928 [TUNER] 1105,1000,1886.98,1432.90,-6.83,-0.00,1472.87,1432.90,-0.09,-0.00
00:04:44.929 [TUNER] 1106,1000,1886.98,1422.20,-6.83,-0.00,1472.87,1422.20,-0.09,-0.00
00:04:44.963 [TUNER] 1107,1000,1779.32,1411.40,-5.99,-0.00,1490.98,1411.40,-0.97,-0.00
00:04:44.965 [TUNER] 1108,1000,1779.32,1400.50,-5.99,-0.00,1490.98,1400.50,-0.97,-0.00
00:04:44.999 [TUNER] 1109,1000,1545.44,1389.50,-2.69,-0.00,1455.65,1389.50,-0.86,-0.00
00:04:45.033 [TUNER] 1110,1000,1545.44,1378.40,-2.69,-0.00,1455.65,1378.40,-0.86,-0.00
00:04:45.033 [TUNER] 1111,1002,1353.06,1367.20,0.18,-0.00,1415.11,1367.20,-0.63,-0.00
00:04:45.068 [TUNER] 1112,998,1353.06,1355.90,0.18,-0.00,1415.11,1355.90,-0.63,-0.00
00:04:45.068 [TUNER] 1113,1000,1314.62,1344.50,0.47,-0.00,1396.93,1344.50,-0.82,-0.00
00:04:45.103 [TUNER] 1114,1000,1314.62,1333.00,0.47,-0.00,1396.93,1333.00,-0.82,-0.00
00:04:45.104 [TUNER] 1115,1000,1278.48,1321.40,0.73,-0.00,1376.97,1321.40,-1.00,-0.00
00:04:45.138 [TUNER] 1116,1000,1278.48,1309.70,0.73,-0.00,1376.97,1309.70,-1.00,-0.00
00:04:45.175 [TUNER] 1117,1000,1206.62,1297.90,1.67,-0.00,1328.36,1297.90,-0.62,-0.00
00:04:45.178 [TUNER] 1118,1000,1206.62,1286.00,1.67,-0.00,1328.36,1286.00,-0.62,-0.00
00:04:45.212 [TUNER] 1119,1000,1097.45,1274.00,3.36,-0.00,1260.07,1274.00,0.19,-0.00
00:04:45.212 [TUNER] 1120,1000,1097.45,1262.00,3.36,-0.00,1260.07,1262.00,0.19,-0.00
00:04:45.242 [TUNER] 1121,1000,1048.22,1250.00,4.08,-0.00,1185.19,1250.00,1.20,-0.00
00:04:45.278 [TUNER] 1122,1000,1048.22,1238.00,4.08,-0.00,1185.19,1238.00,1.20,-0.00
00:04:45.280 [TUNER] 1123,1000,1177.03,1226.00,1.56,-0.00,1119.96,1226.00,2.11,-0.00
00:04:45.313 [TUNER] 1124,1000,1177.03,1214.00,1.56,-0.00,1119.96,1214.00,2.11,-0.00
00:04:45.314 [TUNER] 1125,1000,1302.42,1202.00,-1.14,-0.00,1071.21,1202.00,2.76,-0.00
00:04:45.347 [TUNER] 1126,1000,1302.42,1190.00,-1.14,-0.00,1071.21,1190.00,2.76,-0.00
00:04:45.382 [TUNER] 1127,1000,1452.55,1178.00,-4.53,-0.00,1073.44,1178.00,2.44,-0.00
00:04:45.383 [TUNER] 1128,1000,1452.55,1166.00,-4.53,-0.00,1073.44,1166.00,2.44,-0.00
00:04:45.418 [TUNER] 1129,1000,1376.80,1154.00,-4.04,-0.00,1140.52,1154.00,0.78,-0.00
00:04:45.418 [TUNER] 1130,1000,1376.80,1142.00,-4.04,-0.00,1140.52,1142.00,0.78,-0.00
00:04:45.453 [TUNER] 1131,1002,1219.87,1130.00,-1.97,-0.00,1195.61,1130.00,-0.79,-0.00
00:04:45.453 [TUNER] 1132,1000,1219.87,1118.00,-1.97,-0.00,1195.61,1118.00,-0.79,-0.00
00:04:45.488 [TUNER] 1133,998,1037.80,1106.00,0.78,-0.00,1211.01,1106.00,-1.71,-0.00
00:04:45.525 [TUNER] 1134,1000,1037.80,1094.00,0.78,-0.00,1211.01,1094.00,-1.71,-0.00
00:04:45.525 [TUNER] 1135,1000,885.22,1082.00,3.23,-0.00,1207.62,1082.00,-2.33,-0.00
00:04:45.558 [TUNER] 1136,1000,885.22,1070.00,3.23,-0.00,1207.62,1070.00,-2.33,-0.00
00:04:45.559 [TUNER] 1137,1000,800.95,1058.00,4.63,-0.00,1172.26,1058.00,-2.34,-0.00
00:04:45.595 [TUNER] 1138,1000,800.95,1046.00,4.63,-0.00,1172.26,1046.00,-2.34,-0.00
00:04:45.597 [TUNER] 1139,1000,977.50,1034.00,1.32,-0.00,1089.00,1034.00,-1.38,-0.00
00:04:45.631 [TUNER] 1140,1000,977.50,1022.00,1.32,-0.00,1089.00,1022.00,-1.38,-0.00
00:04:45.664 [TUNER] 1141,1000,1173.72,1010.00,-2.67,-0.00,955.39,1010.00,0.69,-0.00
00:04:45.666 [TUNER] 1142,1000,1173.72,998.00,-2.67,-0.00,955.39,998.00,0.69,-0.00
00:04:45.697 [TUNER] 1143,1000,1227.61,986.00,-4.39,-0.00,901.75,986.00,1.35,-0.00
00:04:45.698 [TUNER] 1144,1000,1227.61,974.00,-4.39,-0.00,901.75,974.00,1.35,-0.00
00:04:45.733 [TUNER] 1145,1000,1143.58,962.00,-3.69,-0.00,932.72,962.00,0.37,-0.00
00:04:45.768 [TUNER] 1146,1000,1143.58,950.00,-3.69,-0.00,932.72,950.00,0.37,-0.00
00:04:45.769 [TUNER] 1147,1000,932.05,938.00,-0.55,-0.00,1024.50,938.00,-1.90,-0.00
00:04:45.803 [TUNER] 1148,1000,932.05,926.00,-0.55,-0.00,1024.50,926.00,-1.90,-0.00
00:04:45.804 [TUNER] 1149,1000,690.66,914.00,3.44,-0.00,1037.80,914.00,-2.82,-0.00
00:04:45.838 [TUNER] 1150,1000,690.66,902.00,3.44,-0.00,1037.80,902.00,-2.82,-0.00
00:04:45.839 [TUNER] 1151,1000,494.11,890.00,6.95,-0.00,928.17,890.00,-1.35,-0.00
00:04:45.871 [TUNER] 1152,1000,494.11,878.00,6.95,-0.00,928.17,878.00,-1.35,-0.00
00:04:45.908 [TUNER] 1153,1000,445.12,866.00,8.02,-0.00,782.05,866.00,0.99,-0.00
00:04:45.945 [TUNER] 1154,1000,445.12,854.00,8.02,-0.00,782.05,854.00,0.99,-0.00
00:04:45.948 [TUNER] 1155,1000,641.29,842.00,4.60,0.00,632.51,842.00,3.61,-0.00
00:04:45.949 [TUNER] 1156,1000,641.29,830.00,4.60,0.00,632.51,830.00,3.61,-0.00
00:04:45.980 [TUNER] 1157,1000,892.72,818.00,-0.18,0.00,567.86,818.00,4.76,-0.00
00:04:46.015 [TUNER] 1158,1000,892.72,806.00,-0.18,0.00,567.86,806.00,4.76,-0.00
00:04:46.015 [TUNER] 1159,1000,1136.82,794.00,-5.26,-0.00,608.91,794.00,3.86,-0.00
00:04:46.048 [TUNER] 1160,1000,1136.82,782.00,-5.26,-0.00,608.91,782.00,3.86,-0.00
00:04:46.048 [TUNER] 1161,1000,1125.93,770.00,-6.07,-0.00,751.71,770.00,0.84,-0.00
00:04:46.084 [TUNER] 1162,1000,1125.93,758.00,-6.07,-0.00,751.71,758.00,0.84,-0.00
00:04:46.119 [TUNER] 1163,1000,990.08,746.00,-4.60,-0.00,872.82,746.00,-2.05,-0.00
00:04:46.119 [TUNER] 1164,1000,990.08,734.00,-4.60,-0.00,872.82,734.00,-2.05,-0.00
00:04:46.152 [TUNER] 1165,1000,730.22,722.00,-0.66,-0.00,900.99,722.00,-3.32,-0.00
00:04:46.153 [TUNER] 1166,1000,730.22,710.00,-0.66,-0.00,900.99,710.00,-3.32,-0.00
00:04:46.189 [TUNER] 1167,1000,446.73,698.10,4.09,-0.00,846.21,698.10,-3.04,-0.00
00:04:46.189 [TUNER] 1168,1000,446.73,686.30,4.09,-0.00,846.21,686.30,-3.04,-0.00
00:04:46.225 [TUNER] 1169,1000,242.27,674.60,7.79,-0.00,785.21,674.60,-2.57,-0.00
00:04:46.257 [TUNER] 1170,1000,242.27,663.00,7.79,-0.00,785.21,663.00,-2.57,-0.00
00:04:46.257 [TUNER] 1171,1000,336.42,651.50,6.30,0.00,710.63,651.50,-1.75,-0.00
00:04:46.296 [TUNER] 1172,1000,336.42,640.10,6.30,0.00,710.63,640.10,-1.75,-0.00
00:04:46.296 [TUNER] 1173,1000,688.34,628.80,-0.13,0.00,554.76,628.80,0.77,-0.00
00:04:46.327 [TUNER] 1174,1000,688.34,617.60,-0.13,0.00,554.76,617.60,0.77,-0.00
00:04:46.363 [TUNER] 1175,1000,1042.04,606.50,-7.18,-0.00,383.68,606.50,3.84,-0.00
00:04:46.364 [TUNER] 1176,1000,1042.04,595.50,-7.18,-0.00,383.68,595.50,3.84,-0.00
00:04:46.398 [TUNER] 1177,1000,1065.57,584.60,-8.73,-0.00,300.07,584.60,5.43,-0.00
00:04:46.399 [TUNER] 1178,1000,1065.57,573.80,-8.73,-0.00,300.07,573.80,5.43,-0.00
00:04:46.434 [TUNER] 1179,1000,881.66,563.10,-6.52,-0.00,368.91,563.10,4.09,-0.00
00:04:46.468 [TUNER] 1180,1000,881.66,552.50,-6.52,-0.00,368.91,552.50,4.09,-0.00
00:04:46.468 [TUNER] 1181,1000,538.68,542.00,-1.12,-0.00,530.50,542.00,0.77,-0.00
00:04:46.503 [TUNER] 1182,1000,538.68,531.60,-1.12,-0.00,530.50,531.60,0.77,-0.00
00:04:46.503 [TUNER] 1183,1000,137.15,521.30,5.89,-0.00,649.47,521.30,-2.01,-0.00
00:04:46.538 [TUNER] 1184,1000,137.15,511.10,5.89,-0.00,649.47,511.10,-2.01,-0.00
00:04:46.575 [TUNER] 1185,1000,-165.17,501.00,11.68,-0.00,693.10,501.00,-3.53,-0.00
00:04:46.580 [TUNER] 1186,1000,-165.17,491.00,11.68,-0.00,693.10,491.00,-3.53,-0.00
00:04:46.609 [TUNER] 1187,1000,-97.77,481.10,11.10,0.00,647.25,481.10,-3.36,-0.00
00:04:46.613 [TUNER] 1188,1000,-97.77,471.30,11.10,0.00,647.25,471.30,-3.36,-0.00
00:04:46.641 [TUNER] 1189,1000,246.50,461.60,5.30,0.00,516.08,461.60,-1.44,-0.00
00:04:46.678 [TUNER] 1190,1000,246.50,452.00,5.30,0.00,516.08,452.00,-1.44,-0.00
00:04:46.680 [TUNER] 1191,1000,642.17,442.50,-2.02,0.00,352.74,442.50,1.32,-0.00
00:04:46.713 [TUNER] 1192,1000,642.17,433.10,-2.02,0.00,352.74,433.10,1.32,-0.00
00:04:46.713 [TUNER] 1193,1000,886.56,423.80,-7.21,0.00,290.78,423.80,2.32,-0.00
00:04:46.748 [TUNER] 1194,1000,886.56,414.60,-7.21,0.00,290.78,414.60,2.32,-0.00
00:04:46.782 [TUNER] 1195,1000,858.72,405.50,-7.79,-0.00,392.40,405.50,0.14,-0.00
00:04:46.783 [TUNER] 1196,1000,858.72,396.50,-7.79,-0.00,392.40,396.50,0.14,-0.00
00:04:46.819 [TUNER] 1197,1000,657.77,387.60,-5.15,-0.00,552.73,387.60,-3.40,-0.00
00:04:46.820 [TUNER] 1198,1000,657.77,378.80,-5.15,-0.00,552.73,378.80,-3.40,-0.00
00:04:46.853 [TUNER] 1199,1000,430.00,370.10,-1.72,-0.00,550.42,370.10,-4.00,-0.00
00:04:46.853 [TUNER] 1200,1000,430.00,361.50,-1.72,-0.00,550.42,361.50,-4.00,-0.00
00:04:46.888 [TUNER] 1201,1002,220.43,353.00,1.72,-0.00,459.22,353.00,-2.85,-0.00
00:04:46.924 [TUNER] 1202,1000,220.43,344.60,1.72,-0.00,459.22,344.60,-2.85,-0.00
00:04:46.925 [TUNER] 1203,998,64.55,336.30,4.47,-0.00,334.70,336.30,-0.90,-0.00
00:04:46.960 [TUNER] 1204,1000,64.55,328.10,4.47,-0.00,334.70,328.10,-0.90,-0.00
00:04:46.963 [TUNER] 1205,1000,12.13,320.00,5.55,-0.00,157.80,320.00,2.28,-0.00
00:04:46.993 [TUNER] 1206,1000,12.13,312.00,5.55,-0.00,157.80,312.00,2.28,-0.00
00:04:47.028 [TUNER] 1207,1000,126.53,304.10,3.62,0.00,35.19,304.10,4.66,-0.00
00:04:47.028 [TUNER] 1208,1000,126.53,296.30,3.62,0.00,35.19,296.30,4.66,-0.00
00:04:47.061 [TUNER] 1209,1000,331.44,288.60,-0.17,0.00,40.17,288.60,4.70,-0.00
00:04:47.062 [TUNER] 1210,1000,331.44,281.00,-0.17,0.00,40.17,281.00,4.70,-0.00
00:04:47.097 [TUNER] 1211,1002,526.04,273.50,-4.12,-0.00,152.28,273.50,2.58,-0.00
00:04:47.097 [TUNER] 1212,998,526.04,266.10,-4.12,-0.00,152.28,266.10,2.58,-0.00
00:04:47.133 [TUNER] 1213,1000,694.28,258.80,-7.91,-0.00,336.80,258.80,-1.20,-0.00
00:04:47.167 [TUNER] 1214,1000,694.28,251.60,-7.91,-0.00,336.80,251.60,-1.20,-0.00
00:04:47.168 [TUNER] 1215,1000,648.20,244.50,-8.03,-0.00,501.38,244.50,-4.90,-0.00
00:04:47.204 [TUNER] 1216,1000,648.20,237.50,-8.03,-0.00,501.38,237.50,-4.90,-0.00
00:04:47.204 [TUNER] 1217,1000,521.99,230.60,-6.61,-0.00,473.26,230.60,-5.07,-0.00
00:04:47.239 [TUNER] 1218,1000,521.99,223.80,-6.61,-0.00,473.26,223.80,-5.07,-0.00
00:04:47.274 [TUNER] 1219,1000,366.05,217.10,-4.46,-0.00,382.04,217.10,-3.95,-0.00
00:04:47.274 [TUNER] 1220,1000,366.05,210.50,-4.46,-0.00,382.04,210.50,-3.95,-0.00
00:04:47.310 [TUNER] 1221,1000,210.38,204.00,-2.08,-0.00,345.15,204.00,-3.77,-0.00
00:04:47.314 [TUNER] 1222,1000,210.38,197.60,-2.08,-0.00,345.15,197.60,-3.77,-0.00
00:04:47.342 [TUNER] 1223,1000,73.81,191.30,0.18,-0.00,276.12,191.30,-2.90,-0.00
00:04:47.344 [TUNER] 1224,1000,73.81,185.10,0.18,-0.00,276.12,185.10,-2.90,-0.00
00:04:47.378 [TUNER] 1225,1000,36.71,179.00,0.81,-0.00,92.04,179.00,0.36,-0.00
00:04:47.414 [TUNER] 1226,1000,36.71,173.00,0.81,-0.00,92.04,173.00,0.36,-0.00
00:04:47.414 [TUNER] 1227,1000,32.80,167.10,0.87,-0.00,-89.58,167.10,3.87,-0.00
00:04:47.448 [TUNER] 1228,1000,32.80,161.30,0.87,-0.00,-89.58,161.30,3.87,-0.00
00:04:47.449 [TUNER] 1229,1000,81.22,155.60,-0.03,-0.00,-157.57,155.60,5.43,-0.00
00:04:47.483 [TUNER] 1230,1000,81.22,150.00,-0.03,-0.00,-157.57,150.00,5.43,-0.00
00:04:47.519 [TUNER] 1231,1000,154.32,144.50,-1.47,-0.00,-83.10,144.50,4.25,-0.00
00:04:47.520 [TUNER] 1232,1000,154.32,139.10,-1.47,-0.00,-83.10,139.10,4.25,-0.00
00:04:47.553 [TUNER] 1233,1000,216.23,133.80,-2.84,-0.00,91.58,133.80,0.93,-0.00
00:04:47.554 [TUNER] 1234,1000,216.23,128.60,-2.84,-0.00,91.58,128.60,0.93,-0.00
00:04:47.588 [TUNER] 1235,1000,221.09,123.50,-3.26,-0.00,322.38,123.50,-3.80,-0.00
00:04:47.623 [TUNER] 1236,1000,221.09,118.50,-3.26,-0.00,322.38,118.50,-3.80,-0.00
00:04:47.659 [TUNER] 1237,1000,101.28,113.60,-1.40,-0.00,457.20,113.60,-7.04,-0.00
00:04:47.660 [TUNER] 1238,1000,101.28,108.80,-1.40,-0.00,457.20,108.80,-7.04,-0.00
00:04:47.661 [TUNER] 1239,1000,-40.96,104.10,1.06,-0.00,388.09,104.10,-6.44,-0.00
00:04:47.731 [TUNER] 1240,1000,-40.96,99.50,1.06,-0.00,388.09,99.50,-6.44,-0.00
00:04:47.733 [TUNER] 1241,1000,-156.47,95.00,3.24,-0.00,152.41,95.00,-2.43,-0.00
00:04:47.734 [TUNER] 1242,1000,-156.47,90.60,3.24,-0.00,152.41,90.60,-2.43,-0.00
00:04:47.763 [TUNER] 1243,1000,-27.25,86.30,1.09,-0.00,-111.72,86.30,2.55,-0.00
00:04:47.765 [TUNER] 1244,1000,-27.25,82.10,1.09,-0.00,-111.72,82.10,2.55,-0.00
00:04:47.797 [TUNER] 1245,1000,210.14,78.00,-3.27,-0.00,-235.41,78.00,5.18,-0.00
00:04:47.797 [TUNER] 1246,1000,210.14,74.00,-3.27,-0.00,-235.41,74.00,5.18,-0.00
00:04:47.834 [TUNER] 1247,1000,382.87,70.10,-6.81,-0.00,-126.48,70.10,3.38,-0.00
00:04:47.835 [TUNER] 1248,1000,382.87,66.30,-6.81,-0.00,-126.48,66.30,3.38,-0.00
00:04:47.867 [TUNER] 1249,1000,388.76,62.60,-7.56,-0.00,147.93,62.60,-1.90,-0.00
00:04:47.906 [TUNER] 1250,1000,388.76,59.00,-7.56,-0.00,147.93,59.00,-1.90,-0.00
00:04:47.906 [TUNER] 1251,1000,223.39,55.50,-5.17,-0.00,369.18,55.50,-6.60,-0.00
00:04:47.939 [TUNER] 1252,1000,223.39,52.10,-5.17,-0.00,369.18,52.10,-6.60,-0.00
00:04:47.940 [TUNER] 1253,1000,-10.27,48.80,-1.26,-0.00,329.71,48.80,-6.49,-0.00
00:04:47.974 [TUNER] 1254,1000,-10.27,45.60,-1.26,-0.00,329.71,45.60,-6.49,-0.00
00:04:48.009 [TUNER] 1255,1000,-202.36,42.50,2.25,-0.00,200.20,42.50,-4.52,-0.00
00:04:48.009 [TUNER] 1256,1000,-202.36,39.50,2.25,-0.00,200.20,39.50,-4.52,-0.00
00:04:48.044 [TUNER] 1257,1000,-62.24,36.60,-0.06,-0.00,74.26,36.60,-2.41,-0.00
00:04:48.046 [TUNER] 1258,1000,-62.24,33.80,-0.06,-0.00,74.26,33.80,-2.41,-0.00
00:04:48.081 [TUNER] 1259,1000,146.07,31.10,-3.85,-0.00,-19.63,31.10,-0.72,-0.00
00:04:48.083 [TUNER] 1260,1001,310.77,28.50,-6.91,-0.00,-87.15,28.50,0.57,-0.00
00:04:48.113 [TUNER] 1261,999,310.77,26.00,-6.91,-0.00,-87.15,26.00,0.57,-0.00
00:04:48.148 [TUNER] 1262,1000,359.13,23.60,-8.32,-0.00,-175.04,23.60,2.40,-0.00
00:04:48.148 [TUNER] 1263,1000,359.13,21.30,-8.32,-0.00,-175.04,21.30,2.40,-0.00
00:04:48.182 [TUNER] 1264,1000,161.88,19.10,-5.31,-0.00,-236.25,19.10,3.86,-0.00
00:04:48.183 [TUNER] 1265,1000,161.88,17.00,-5.31,-0.00,-236.25,17.00,3.86,-0.00
00:04:48.219 [TUNER] 1266,1000,-188.33,15.00,0.84,-0.00,-189.00,15.00,3.27,-0.00
00:04:48.219 [TUNER] 1267,1000,-188.33,13.10,0.84,-0.00,-189.00,13.10,3.27,-0.00
00:04:48.253 [TUNER] 1268,1000,-547.54,11.30,7.71,-0.00,-29.22,11.30,0.36,-0.00
00:04:48.289 [TUNER] 1269,1000,-547.54,9.60,7.71,-0.00,-29.22,9.60,0.36,-0.00
00:04:48.289 [TUNER] 1270,1000,-654.51,8.00,10.51,-0.00,160.46,8.00,-3.42,-0.00
00:04:48.323 [TUNER] 1271,1000,-654.51,6.50,10.51,-0.00,160.46,6.50,-3.42,-0.00
00:04:48.323 [TUNER] 1272,1000,-511.58,5.10,8.87,0.00,241.76,5.10,-5.36,-0.00
00:04:48.359 [TUNER] 1273,1000,-511.58,3.80,8.87,0.00,241.76,3.80,-5.36,-0.00
00:04:48.393 [TUNER] 1274,1000,-156.71,2.60,3.10,0.00,186.54,2.60,-4.71,-0.00
00:04:48.395 [TUNER] 1275,1000,-156.71,1.50,3.10,0.00,186.54,1.50,-4.71,-0.00
00:04:48.429 [TUNER] 1276,1000,312.74,0.50,-5.34,-0.00,58.17,0.50,-2.51,-0.00
00:04:48.432 [TUNER] 1277,1000,312.74,-0.40,-5.34,-0.00,58.17,-0.40,-2.51,-0.00
00:04:48.464 [TUNER] 1278,1000,597.24,-1.20,-11.28,-0.00,-84.04,-1.20,-0.26,-0.00
00:04:48.498 [TUNER] 1279,1000,597.24,-1.90,-11.28,-0.00,-84.04,-1.90,-0.26,-0.00
00:04:48.499 [TUNER] 1280,1000,434.84,-2.50,-9.26,-0.00,-48.33,-2.50,-0.86,-0.00
00:04:48.533 [TUNER] 1281,1000,155.64,-3.00,-4.70,-0.00,88.35,-3.00,-3.43,-0.00
00:04:48.534 [TUNER] 1282,1000,155.64,-3.40,-4.70,-0.00,88.35,-3.40,-3.43,-0.00
00:04:48.567 [TUNER] 1283,1000,-86.91,-3.70,-0.49,-0.00,187.56,-3.70,-5.58,-0.00
00:04:48.602 [TUNER] 1284,1000,-86.91,-3.90,-0.49,-0.00,187.56,-3.90,-5.58,-0.00
00:04:48.603 [TUNER] 1285,1000,-261.95,-4.00,2.86,-0.00,146.61,-4.00,-5.09,-0.00
00:04:48.639 [TUNER] 1286,1000,-261.95,0.00,2.86,-0.00,146.61,0.00,-5.09,-0.00
00:04:48.639 [TUNER] 1287,1000,-359.03,0.00,5.31,-0.00,22.80,0.00,-2.36,-0.00
00:04:48.674 [TUNER] 1288,1000,-359.03,0.00,5.31,-0.00,22.80,0.00,-2.36,-0.00
00:04:48.674 [TUNER] 1289,1000,-319.87,0.00,5.15,-0.00,-143.26,0.00,0.91,-0.00
00:04:48.708 [TUNER] 1290,1000,-319.87,0.00,5.15,-0.00,-143.26,0.00,0.91,-0.00
00:04:48.743 [TUNER] 1291,1000,-135.63,0.00,2.27,-0.00,-312.18,0.00,4.52,-0.00
00:04:48.745 [TUNER] 1292,1000,-135.63,0.00,2.27,-0.00,-312.18,0.00,4.52,-0.00
00:04:48.778 [TUNER] 1293,1000,116.56,0.00,-2.17,-0.00,-333.93,0.00,5.48,-0.00
00:04:48.779 [TUNER] 1294,1000,116.56,0.00,-2.17,-0.00,-333.93,0.00,5.48,-0.00
00:04:48.813 [TUNER] 1295,1000,352.67,0.00,-6.70,-0.00,-236.22,0.00,4.11,-0.00
00:04:48.848 [TUNER] 1296,1000,352.67,0.00,-6.70,-0.00,-236.22,0.00,4.11,-0.00
00:04:48.850 [TUNER] 1297,1000,404.12,0.00,-8.21,-0.00,-29.20,0.00,0.39,-0.00
00:04:48.883 [TUNER] 1298,1000,404.12,0.00,-8.21,-0.00,-29.20,0.00,0.39,-0.00
00:04:48.884 [TUNER] 1299,1000,239.11,0.00,-5.81,-0.00,210.30,0.00,-4.33,-0.00
00:04:48.918 [TUNER] 1300,1000,239.11,0.00,-5.81,-0.00,210.30,0.00,-4.33,-0.00
00:04:48.953 [TUNER] 1301,1000,-44.08,0.00,-0.97,-0.00,314.27,0.00,-6.76,-0.00
00:04:48.953 [TUNER] 1302,1000,-44.08,0.00,-0.97,-0.00,314.27,0.00,-6.76,-0.00
00:04:48.990 [TUNER] 1303,1000,-284.39,0.00,3.53,-0.00,241.11,0.00,-5.84,-0.00
00:04:48.990 [TUNER] 1304,1000,-284.39,0.00,3.53,-0.00,241.11,0.00,-5.84,-0.00
00:04:49.022 [TUNER] 1305,1000,-230.94,0.00,2.99,-0.00,81.21,0.00,-3.07,-0.00
00:04:49.023 [TUNER] 1306,1000,-230.94,0.00,2.99,-0.00,81.21,0.00,-3.07,-0.00
00:04:49.058 [TUNER] 1307,1000,-19.82,0.00,-0.53,-0.00,-22.65,0.00,-1.14,-0.00
00:04:49.093 [TUNER] 1308,1000,-19.82,0.00,-0.53,-0.00,-22.65,0.00,-1.14,-0.00
00:04:49.094 [TUNER] 1309,1000,192.03,0.00,-4.40,-0.00,66.07,0.00,-2.86,-0.00
00:04:49.129 [TUNER] 1310,1000,192.03,0.00,-4.40,-0.00,66.07,0.00,-2.86,-0.00
00:04:49.130 [TUNER] 1311,1002,296.01,0.00,-6.63,-0.00,111.18,0.00,-3.88,-0.00
00:04:49.164 [TUNER] 1312,998,296.01,0.00,-6.63,-0.00,111.18,0.00,-3.88,-0.00
00:04:49.165 [TUNER] 1313,1000,176.58,0.00,-4.89,-0.00,13.23,0.00,-2.12,-0.00
00:04:49.200 [TUNER] 1314,1000,176.58,0.00,-4.89,-0.00,13.23,0.00,-2.12,-0.00
00:04:49.233 [TUNER] 1315,1000,8.98,0.00,-2.09,-0.00,-133.73,0.00,0.79,-0.00
00:04:49.233 [TUNER] 1316,1000,8.98,0.00,-2.09,-0.00,-133.73,0.00,0.79,-0.00
00:04:49.268 [TUNER] 1317,1000,-104.49,0.00,-0.01,-0.00,-215.22,0.00,2.64,-0.00
00:04:49.268 [TUNER] 1318,1000,-104.49,0.00,-0.01,-0.00,-215.22,0.00,2.64,-0.00
00:04:49.303 [TUNER] 1319,1000,-124.79,0.00,0.53,-0.00,-93.22,0.00,0.58,-0.00
00:04:49.303 [TUNER] 1320,1000,-124.79,0.00,0.53,-0.00,-93.22,0.00,0.58,-0.00
00:04:49.337 [TUNER] 1321,1000,-108.43,0.00,0.43,-0.00,61.28,0.00,-2.34,-0.00
00:04:49.373 [TUNER] 1322,1000,-108.43,0.00,0.43,-0.00,61.28,0.00,-2.34,-0.00
00:04:49.374 [TUNER] 1323,1000,-88.46,0.00,0.23,-0.00,150.39,0.00,-4.22,-0.00
00:04:49.408 [TUNER] 1324,1000,-88.46,0.00,0.23,-0.00,150.39,0.00,-4.22,-0.00
00:04:49.409 [TUNER] 1325,1000,-70.77,0.00,0.05,-0.00,65.34,0.00,-2.78,-0.00
00:04:49.443 [TUNER] 1326,1000,-70.77,0.00,0.05,-0.00,65.34,0.00,-2.78,-0.00
00:04:49.444 [TUNER] 1327,1000,-61.77,0.00,-0.01,-0.00,-76.59,0.00,-0.07,-0.00
00:04:49.477 [TUNER] 1328,1000,-61.77,0.00,-0.01,-0.00,-76.59,0.00,-0.07,-0.00
00:04:49.513 [TUNER] 1329,1000,-59.72,0.00,0.05,-0.00,-243.38,0.00,3.38,-0.00
00:04:49.514 [TUNER] 1330,1000,-59.72,0.00,0.05,-0.00,-243.38,0.00,3.38,-0.00
00:04:49.550 [TUNER] 1331,1000,-58.09,0.00,0.12,-0.00,-327.00,0.00,5.46,-0.00
00:04:49.553 [TUNER] 1332,1000,-58.09,0.00,0.12,-0.00,-327.00,0.00,5.46,-0.00
00:04:49.583 [TUNER] 1333,1000,-34.44,0.00,-0.23,-0.00,-249.57,0.00,4.48,-0.00
00:04:49.583 [TUNER] 1334,1000,-34.44,0.00,-0.23,-0.00,-249.57,0.00,4.48,-0.00
00:04:49.617 [TUNER] 1335,1000,32.58,0.00,-1.41,-0.00,-60.49,0.00,1.14,-0.00
00:04:49.655 [TUNER] 1336,1000,32.58,0.00,-1.41,-0.00,-60.49,0.00,1.14,-0.00
00:04:49.655 [TUNER] 1337,1000,98.22,0.00,-2.67,-0.00,174.95,0.00,-3.44,-0.00
00:04:49.688 [TUNER] 1338,1000,98.22,0.00,-2.67,-0.00,174.95,0.00,-3.44,-0.00
00:04:49.688 [TUNER] 1339,1000,128.40,0.00,-3.38,-0.00,244.76,0.00,-5.13,-0.00
00:04:49.724 [TUNER] 1340,1000,128.40,0.00,-3.38,-0.00,244.76,0.00,-5.13,-0.00
00:04:49.758 [TUNER] 1341,1002,85.56,0.00,-2.79,-0.00,44.77,0.00,-1.57,-0.00
00:04:49.760 [TUNER] 1342,1000,85.56,0.00,-2.79,-0.00,44.77,0.00,-1.57,-0.00
00:04:49.794 [TUNER] 1343,998,30.61,0.00,-1.92,-0.00,-179.15,0.00,2.81,-0.00
00:04:49.794 [TUNER] 1344,1000,30.61,0.00,-1.92,-0.00,-179.15,0.00,2.81,-0.00
00:04:49.829 [TUNER] 1345,1000,10.74,0.00,-1.60,-0.00,-127.86,0.00,2.10,-0.00
00:04:49.864 [TUNER] 1346,1000,10.74,0.00,-1.60,-0.00,-127.86,0.00,2.10,-0.00
00:04:49.865 [TUNER] 1347,1000,24.06,0.00,-1.86,-0.00,40.31,0.00,-1.03,-0.00
00:04:49.898 [TUNER] 1348,1000,24.06,0.00,-1.86,-0.00,40.31,0.00,-1.03,-0.00
00:04:49.899 [TUNER] 1349,1000,20.96,0.00,-1.84,-0.00,116.43,0.00,-2.62,-0.00
00:04:49.932 [TUNER] 1350,1000,20.96,0.00,-1.84,-0.00,116.43,0.00,-2.62,-0.00
00:04:49.968 [TUNER] 1351,1000,-14.15,0.00,-1.23,-0.00,100.02,0.00,-2.49,-0.00
00:04:49.968 [TUNER] 1352,1000,-14.15,0.00,-1.23,-0.00,100.02,0.00,-2.49,-0.00
00:04:50.004 [TUNER] 1353,1000,-86.92,0.00,0.13,-0.00,-11.04,0.00,-0.45,-0.00
00:04:50.007 [TUNER] 1354,1000,-86.92,0.00,0.13,-0.00,-11.04,0.00,-0.45,-0.00
00:04:50.038 [TUNER] 1355,1000,-188.08,0.00,2.14,-0.00,-110.20,0.00,1.54,-0.00
00:04:50.038 [TUNER] 1356,1000,-188.08,0.00,2.14,-0.00,-110.20,0.00,1.54,-0.00
00:04:50.074 [TUNER] 1357,1000,-269.01,0.00,3.93,-0.00,-153.45,0.00,2.59,-0.00
00:04:50.108 [TUNER] 1358,1000,-269.01,0.00,3.93,-0.00,-153.45,0.00,2.59,-0.00
00:04:50.109 [TUNER] 1359,1000,-218.64,0.00,3.43,-0.00,-109.01,0.00,1.97,-0.00
00:04:50.145 [TUNER] 1360,1000,-218.64,0.00,3.43,-0.00,-109.01,0.00,1.97,-0.00
00:04:50.146 [TUNER] 1361,1000,-92.45,0.00,1.45,-0.00,-37.39,0.00,0.73,-0.00
00:04:50.180 [TUNER] 1362,1000,-92.45,0.00,1.45,-0.00,-37.39,0.00,0.73,-0.00
00:04:50.212 [TUNER] 1363,1000,-6.95,0.00,0.02,-0.00,23.35,0.00,-0.42,-0.00
00:04:50.212 [TUNER] 1364,1000,-6.95,0.00,0.02,-0.00,23.35,0.00,-0.42,-0.00
00:04:50.249 [TUNER] 1365,1000,-14.15,0.00,0.16,-0.00,22.12,0.00,-0.43,-0.00
00:04:50.250 [TUNER] 1366,1000,-14.15,0.00,0.16,-0.00,22.12,0.00,-0.43,-0.00
00:04:50.282 [TUNER] 1367,1000,-49.12,0.00,0.83,-0.00,-13.23,0.00,0.24,-0.00
00:04:50.318 [TUNER] 1368,1000,-49.12,0.00,0.83,-0.00,-13.23,0.00,0.24,-0.00
00:04:50.319 [TUNER] 1369,1000,-47.89,0.00,0.88,-0.00,-32.92,0.00,0.65,-0.00
00:04:50.354 [TUNER] 1370,1000,-47.89,0.00,0.88,-0.00,-32.92,0.00,0.65,-0.00
00:04:50.354 [TUNER] 1371,1000,-41.75,0.00,0.85,0.00,-36.64,0.00,0.78,-0.00
00:04:50.387 [TUNER] 1372,1000,-41.75,0.00,0.85,0.00,-36.64,0.00,0.78,-0.00
00:04:50.460 [TUNER] 1373,1000,-16.22,0.00,0.44,0.00,-29.32,0.00,0.70,-0.00
00:04:50.460 [TUNER] 1374,1000,-16.22,0.00,0.44,0.00,-29.32,0.00,0.70,-0.00
00:04:50.461 [TUNER] 1375,1000,7.64,0.00,0.03,0.00,-1.12,0.00,0.19,-0.00
00:04:50.462 [TUNER] 1376,1000,7.64,0.00,0.03,0.00,-1.12,0.00,0.19,-0.00
00:04:50.493 [TUNER] 1377,1000,42.19,0.00,-0.62,0.00,21.44,0.00,-0.26,-0.00
00:04:50.528 [TUNER] 1378,1000,42.19,0.00,-0.62,0.00,21.44,0.00,-0.26,-0.00
00:04:50.529 [TUNER] 1379,1000,68.12,0.00,-1.17,-0.00,22.31,0.00,-0.32,-0.00
00:04:50.563 [TUNER] 1380,1000,68.12,0.00,-1.17,-0.00,22.31,0.00,-0.32,-0.00
00:04:50.564 [TUNER] 1381,1000,59.65,0.00,-1.12,-0.00,17.85,0.00,-0.27,-0.00
00:04:50.598 [TUNER] 1382,1000,59.65,0.00,-1.12,-0.00,17.85,0.00,-0.27,-0.00
00:04:50.598 [TUNER] 1383,1000,37.41,0.00,-0.80,-0.00,14.28,0.00,-0.22,-0.00
00:04:50.633 [TUNER] 1384,1000,37.41,0.00,-0.80,-0.00,14.28,0.00,-0.22,-0.00
00:04:50.670 [TUNER] 1385,1000,29.93,0.00,-0.72,-0.00,11.42,0.00,-0.19,-0.00
00:04:50.671 [TUNER] 1386,1000,29.93,0.00,-0.72,-0.00,11.42,0.00,-0.19,-0.00
00:04:50.702 [TUNER] 1387,1000,32.53,0.00,-0.82,-0.00,9.14,0.00,-0.17,-0.00
00:04:50.702 [TUNER] 1388,1000,32.53,0.00,-0.82,-0.00,9.14,0.00,-0.17,-0.00
00:04:50.738 [TUNER] 1389,1000,32.90,0.00,-0.88,-0.00,9.03,0.00,-0.18,-0.00
00:04:50.774 [TUNER] 1390,1000,32.90,0.00,-0.88,-0.00,9.03,0.00,-0.18,-0.00
00:04:50.774 [TUNER] 1391,1000,24.60,0.00,-0.78,-0.00,8.94,0.00,-0.19,-0.00
00:04:50.808 [TUNER] 1392,1000,24.60,0.00,-0.78,-0.00,8.94,0.00,-0.19,-0.00
00:04:50.808 [TUNER] 1393,1000,11.09,0.00,-0.57,-0.00,12.31,0.00,-0.28,-0.00
00:04:50.843 [TUNER] 1394,1000,11.09,0.00,-0.57,-0.00,12.31,0.00,-0.28,-0.00
00:04:50.877 [TUNER] 1395,1000,-1.44,0.00,-0.35,-0.00,16.72,0.00,-0.38,-0.00
00:04:50.877 [TUNER] 1396,1000,-1.44,0.00,-0.35,-0.00,16.72,0.00,-0.38,-0.00
00:04:50.915 [TUNER] 1397,1000,-9.74,0.00,-0.20,-0.00,20.25,0.00,-0.48,-0.00
00:04:50.915 [TUNER] 1398,1000,-9.74,0.00,-0.20,-0.00,20.25,0.00,-0.48,-0.00
00:04:50.947 [TUNER] 1399,1000,-11.23,0.00,-0.16,-0.00,24.79,0.00,-0.61,-0.00
00:04:50.987 [TUNER] 1400,1000,-11.23,0.00,-0.16,-0.00,24.79,0.00,-0.61,-0.00
00:04:50.988 [TUNER] 1401,1000,-5.55,0.00,-0.24,-0.00,30.14,0.00,-0.76,-0.00
00:04:51.023 [TUNER] 1402,1000,-5.55,0.00,-0.24,-0.00,30.14,0.00,-0.76,-0.00
00:04:51.026 [TUNER] 1403,1000,-2.72,0.00,-0.29,-0.00,36.14,0.00,-0.93,-0.00
00:04:51.052 [TUNER] 1404,1000,-2.72,0.00,-0.29,-0.00,36.14,0.00,-0.93,-0.00
00:04:51.088 [TUNER] 1405,1000,-2.17,0.00,-0.29,-0.00,35.78,0.00,-0.98,-0.00
00:04:51.089 [TUNER] 1406,1000,-2.17,0.00,-0.29,-0.00,35.78,0.00,-0.98,-0.00
00:04:51.123 [TUNER] 1407,1000,-1.74,0.00,-0.30,-0.00,30.34,0.00,-0.93,-0.00
00:04:51.124 [TUNER] 1408,1000,-1.74,0.00,-0.30,-0.00,30.34,0.00,-0.93,-0.00
00:04:51.158 [TUNER] 1409,1000,-1.39,0.00,-0.30,-0.00,24.27,0.00,-0.87,-0.00
00:04:51.194 [TUNER] 1410,1000,-1.39,0.00,-0.30,-0.00,24.27,0.00,-0.87,-0.00
00:04:51.194 [TUNER] 1411,1002,-1.11,0.00,-0.30,-0.00,19.42,0.00,-0.81,-0.00
00:04:51.228 [TUNER] 1412,1000,-1.11,0.00,-0.30,-0.00,19.42,0.00,-0.81,-0.00
00:04:51.230 [TUNER] 1413,998,2.55,0.00,-0.37,-0.00,15.54,0.00,-0.77,-0.00
00:04:51.264 [TUNER] 1414,1000,2.55,0.00,-0.37,-0.00,15.54,0.00,-0.77,-0.00
00:04:51.298 [TUNER] 1415,1000,7.19,0.00,-0.46,-0.00,12.43,0.00,-0.73,-0.00
00:04:51.298 [TUNER] 1416,1000,7.19,0.00,-0.46,-0.00,12.43,0.00,-0.73,-0.00
00:04:51.332 [TUNER] 1417,1000,9.19,0.00,-0.51,-0.00,3.07,0.00,-0.57,-0.00
00:04:51.333 [TUNER] 1418,1000,9.19,0.00,-0.51,-0.00,3.07,0.00,-0.57,-0.00
00:04:51.367 [TUNER] 1419,1000,7.35,0.00,-0.49,-0.00,-9.57,0.00,-0.32,-0.00
00:04:51.403 [TUNER] 1420,1000,7.35,0.00,-0.49,-0.00,-9.57,0.00,-0.32,-0.00
00:04:51.403 [TUNER] 1421,1000,5.88,0.00,-0.47,-0.00,-11.09,0.00,-0.27,-0.00
00:04:51.440 [TUNER] 1422,1000,5.88,0.00,-0.47,-0.00,-11.09,0.00,-0.27,-0.00
00:04:51.442 [TUNER] 1423,1000,4.71,0.00,-0.46,-0.00,-10.59,0.00,-0.26,-0.00
00:04:51.472 [TUNER] 1424,1000,4.71,0.00,-0.46,-0.00,-10.59,0.00,-0.26,-0.00
00:04:51.473 [TUNER] 1425,1000,3.76,0.00,-0.45,-0.00,-20.50,0.00,-0.05,-0.00
00:04:51.508 [TUNER] 1426,1000,3.76,0.00,-0.45,-0.00,-20.50,0.00,-0.05,-0.00
00:04:51.543 [TUNER] 1427,1000,3.01,0.00,-0.44,-0.00,-30.14,0.00,0.18,-0.00
00:04:51.543 [TUNER] 1428,1000,3.01,0.00,-0.44,-0.00,-30.14,0.00,0.18,-0.00
00:04:51.577 [TUNER] 1429,1000,2.41,0.00,-0.44,-0.00,-30.99,0.00,0.25,-0.00
00:04:51.578 [TUNER] 1430,1000,2.41,0.00,-0.44,-0.00,-30.99,0.00,0.25,-0.00
00:04:51.614 [TUNER] 1431,1000,1.93,0.00,-0.43,-0.00,-31.66,0.00,0.31,-0.00
00:04:51.647 [TUNER] 1432,1000,1.93,0.00,-0.43,-0.00,-31.66,0.00,0.31,-0.00
00:04:51.648 [TUNER] 1433,1000,1.54,0.00,-0.43,-0.00,-30.48,0.00,0.34,-0.00
00:04:51.683 [TUNER] 1434,1000,1.54,0.00,-0.43,-0.00,-30.48,0.00,0.34,-0.00
00:04:51.683 [TUNER] 1435,1000,1.23,0.00,-0.42,-0.00,-29.54,0.00,0.38,-0.00
00:04:51.717 [TUNER] 1436,1000,1.23,0.00,-0.42,-0.00,-29.54,0.00,0.38,-0.00
00:04:51.754 [TUNER] 1437,1000,0.99,0.00,-0.42,-0.00,-27.07,0.00,0.38,-0.00
00:04:51.754 [TUNER] 1438,1000,0.99,0.00,-0.42,-0.00,-27.07,0.00,0.38,-0.00
00:04:51.787 [TUNER] 1439,1000,0.79,0.00,-0.42,-0.00,-26.81,0.00,0.42,-0.00
00:04:51.788 [TUNER] 1440,1000,0.79,0.00,-0.42,-0.00,-26.81,0.00,0.42,-0.00
00:04:51.824 [TUNER] 1441,1000,-1.09,0.00,-0.39,-0.00,-24.88,0.00,0.43,-0.00
00:04:51.858 [TUNER] 1442,1000,-1.09,0.00,-0.39,-0.00,-24.88,0.00,0.43,-0.00
00:04:51.858 [TUNER] 1443,1000,-4.31,0.00,-0.32,-0.00,-21.63,0.00,0.40,-0.00
00:04:51.893 [TUNER] 1444,1000,-4.31,0.00,-0.32,-0.00,-21.63,0.00,0.40,-0.00
00:04:51.894 [TUNER] 1445,1000,-6.88,0.00,-0.27,-0.00,-19.02,0.00,0.39,-0.00
00:04:51.928 [TUNER] 1446,1000,-6.88,0.00,-0.27,-0.00,-19.02,0.00,0.39,-0.00
00:04:51.929 [TUNER] 1447,1000,-7.22,0.00,-0.25,-0.00,-16.93,0.00,0.38,-0.00
00:04:51.962 [TUNER] 1448,1000,-7.22,0.00,-0.25,-0.00,-16.93,0.00,0.38,-0.00
00:04:52.000 [TUNER] 1449,1000,-7.50,0.00,-0.24,-0.00,-13.55,0.00,0.34,-0.00
00:04:52.001 [TUNER] 1450,1000,-7.50,0.00,-0.24,-0.00,-13.55,0.00,0.34,-0.00
00:04:52.032 [TUNER] 1451,1000,-7.71,0.00,-0.22,-0.00,-12.55,0.00,0.34,-0.00
00:04:52.033 [TUNER] 1452,1000,-7.71,0.00,-0.22,-0.00,-12.55,0.00,0.34,-0.00
00:04:52.066 [TUNER] 1453,1000,-9.61,0.00,-0.17,-0.00,-10.04,0.00,0.32,-0.00
00:04:52.104 [TUNER] 1454,1000,-9.61,0.00,-0.17,-0.00,-10.04,0.00,0.32,-0.00
00:04:52.104 [TUNER] 1455,1000,-9.40,0.00,-0.16,-0.00,-8.04,0.00,0.29,-0.00
00:04:52.139 [TUNER] 1456,1000,-9.40,0.00,-0.16,-0.00,-8.04,0.00,0.29,-0.00
00:04:52.139 [TUNER] 1457,1000,-9.24,0.00,-0.15,-0.00,-6.43,0.00,0.27,-0.00
00:04:52.174 [TUNER] 1458,1000,-9.24,0.00,-0.15,-0.00,-6.43,0.00,0.27,-0.00
00:04:52.212 [TUNER] 1459,1000,-9.11,0.00,-0.14,-0.00,-5.14,0.00,0.26,-0.00
00:04:52.213 [TUNER] 1460,1000,-9.11,0.00,-0.14,-0.00,-5.14,0.00,0.26,-0.00
00:04:52.243 [TUNER] 1461,1000,-7.29,0.00,-0.16,-0.00,-4.11,0.00,0.25,-0.00
00:04:52.246 [TUNER] 1462,1000,-7.29,0.00,-0.16,-0.00,-4.11,0.00,0.25,-0.00
00:04:52.278 [TUNER] 1463,1000,-9.27,0.00,-0.11,-0.00,-3.29,0.00,0.24,-0.00
00:04:52.313 [TUNER] 1464,1000,-9.27,0.00,-0.11,-0.00,-3.29,0.00,0.24,-0.00
00:04:52.313 [TUNER] 1465,1000,-7.41,0.00,-0.13,-0.00,-2.63,0.00,0.23,-0.00
00:04:52.347 [TUNER] 1466,1000,-7.41,0.00,-0.13,-0.00,-2.63,0.00,0.23,-0.00
00:04:52.349 [TUNER] 1467,1000,-5.93,0.00,-0.14,-0.00,-2.11,0.00,0.23,-0.00
00:04:52.382 [TUNER] 1468,1000,-5.93,0.00,-0.14,-0.00,-2.11,0.00,0.23,-0.00
00:04:52.418 [TUNER] 1469,1000,-6.46,0.00,-0.12,-0.00,-1.69,0.00,0.22,-0.00
00:04:52.419 [TUNER] 1470,1000,-6.46,0.00,-0.12,-0.00,-1.69,0.00,0.22,-0.00
00:04:52.454 [TUNER] 1471,1000,-5.17,0.00,-0.14,-0.00,-1.35,0.00,0.22,-0.00
00:04:52.455 [TUNER] 1472,1000,-5.17,0.00,-0.14,-0.00,-1.35,0.00,0.22,-0.00
00:04:52.488 [TUNER] 1473,1000,-4.14,0.00,-0.15,-0.00,-1.08,0.00,0.21,-0.00
00:04:52.488 [TUNER] 1474,1000,-4.14,0.00,-0.15,-0.00,-1.08,0.00,0.21,-0.00
00:04:52.524 [TUNER] 1475,1000,-3.31,0.00,-0.16,-0.00,-0.86,0.00,0.21,-0.00
00:04:52.560 [TUNER] 1476,1000,-3.31,0.00,-0.16,-0.00,-0.86,0.00,0.21,-0.00
00:04:52.563 [TUNER] 1477,1000,-2.65,0.00,-0.16,-0.00,-0.69,0.00,0.21,-0.00
00:04:52.593 [TUNER] 1478,1000,-2.65,0.00,-0.16,-0.00,-0.69,0.00,0.21,-0.00
00:04:52.594 [TUNER] 1479,1000,-2.12,0.00,-0.17,-0.00,-0.55,0.00,0.21,-0.00
00:04:52.628 [TUNER] 1480,1000,-2.12,0.00,-0.17,-0.00,-0.55,0.00,0.21,-0.00
00:04:52.663 [TUNER] 1481,1002,-1.69,0.00,-0.17,-0.00,-0.44,0.00,0.21,-0.00
00:04:52.664 [TUNER] 1482,1000,-1.69,0.00,-0.17,-0.00,-0.44,0.00,0.21,-0.00
00:04:52.698 [TUNER] 1483,998,-1.36,0.00,-0.18,-0.00,-0.35,0.00,0.21,-0.00
00:04:52.699 [TUNER] 1484,1000,-1.36,0.00,-0.18,-0.00,-0.35,0.00,0.21,-0.00
00:04:52.733 [TUNER] 1485,1000,-1.08,0.00,-0.18,-0.00,-0.28,0.00,0.20,-0.00
00:04:52.768 [TUNER] 1486,1000,-1.08,0.00,-0.18,-0.00,-0.28,0.00,0.20,-0.00
00:04:52.769 [TUNER] 1487,1000,-0.87,0.00,-0.18,-0.00,-0.23,0.00,0.20,-0.00
00:04:52.803 [TUNER] 1488,1000,-0.87,0.00,-0.18,-0.00,-0.23,0.00,0.20,-0.00
00:04:52.804 [TUNER] 1489,1000,-0.69,0.00,-0.18,-0.00,-0.18,0.00,0.20,-0.00
00:04:52.837 [TUNER] 1490,1000,-0.69,0.00,-0.18,-0.00,-0.18,0.00,0.20,-0.00
00:04:52.874 [TUNER] 1491,1000,-0.56,0.00,-0.19,-0.00,-0.14,0.00,0.20,-0.00
00:04:52.874 [TUNER] 1492,1000,-0.56,0.00,-0.19,-0.00,-0.14,0.00,0.20,-0.00
00:04:52.908 [TUNER] 1493,1000,-0.44,0.00,-0.19,-0.00,-0.12,0.00,0.20,-0.00
00:04:52.909 [TUNER] 1494,1000,-0.44,0.00,-0.19,-0.00,-0.12,0.00,0.20,-0.00
00:04:52.943 [TUNER] 1495,1000,-0.36,0.00,-0.19,-0.00,-0.09,0.00,0.20,-0.00
00:04:52.982 [TUNER] 1496,1000,-0.36,0.00,-0.19,-0.00,-0.09,0.00,0.20,-0.00
00:04:52.982 [TUNER] 1497,1000,-0.28,0.00,-0.19,-0.00,-0.07,0.00,0.20,-0.00
00:04:53.014 [TUNER] 1498,1000,-0.28,0.00,-0.19,-0.00,-0.07,0.00,0.20,-0.00
00:04:53.014 [TUNER] 1499,1000,-0.23,0.00,-0.19,-0.00,-0.06,0.00,0.20,-0.00
00:04:53.049 [TUNER] 1500,1000,-0.23,0.00,-0.19,-0.00,-0.06,0.00,0.20,-0.00
00:04:53.049 [TUNER] 1501,1000,-0.18,0.00,-0.19,-0.00,-0.05,0.00,0.20,-0.00
00:04:53.082 [TUNER] 1502,1000,-0.18,0.00,-0.19,-0.00,-0.05,0.00,0.20,-0.00
00:04:53.118 [TUNER] 1503,1000,-0.15,0.00,-0.19,-0.00,-0.04,0.00,0.20,-0.00
00:04:53.118 [TUNER] 1504,1000,-0.15,0.00,-0.19,-0.00,-0.04,0.00,0.20,-0.00
00:04:53.153 [TUNER] 1505,1000,-0.12,0.00,-0.19,-0.00,-0.03,0.00,0.20,-0.00
00:04:53.154 [TUNER] 1506,1000,-0.12,0.00,-0.19,-0.00,-0.03,0.00,0.20,-0.00
00:04:53.188 [TUNER] 1507,1000,-0.09,0.00,-0.19,-0.00,-0.02,0.00,0.20,-0.00
00:04:53.224 [TUNER] 1508,1000,-0.09,0.00,-0.19,-0.00,-0.02,0.00,0.20,-0.00
00:04:53.225 [TUNER] 1509,1000,-0.07,0.00,-0.19,-0.00,-0.02,0.00,0.20,-0.00
00:04:53.259 [TUNER] 1510,1000,-0.07,0.00,-0.19,-0.00,-0.02,0.00,0.20,-0.00
00:04:53.259 [TUNER] 1511,1002,-0.06,0.00,-0.19,-0.00,-0.02,0.00,0.20,-0.00
00:04:53.293 [TUNER] 1512,998,-0.06,0.00,-0.19,-0.00,-0.02,0.00,0.20,-0.00
00:04:53.295 [TUNER] 1513,1000,-0.05,0.00,-0.19,-0.00,-0.01,0.00,0.20,-0.00
00:04:53.328 [TUNER] 1514,1000,-0.05,0.00,-0.19,-0.00,-0.01,0.00,0.20,-0.00
00:04:53.365 [TUNER] 1515,1000,-0.04,0.00,-0.19,-0.00,-0.01,0.00,0.20,-0.00
00:04:53.366 [TUNER] 1516,1000,-0.04,0.00,-0.19,-0.00,-0.01,0.00,0.20,-0.00
00:04:53.398 [TUNER] 1517,1000,-0.03,0.00,-0.19,-0.00,-0.01,0.00,0.20,-0.00
00:04:53.398 [TUNER] 1518,1000,-0.03,0.00,-0.19,-0.00,-0.01,0.00,0.20,-0.00
00:04:53.432 [TUNER] 1519,1000,-0.02,0.00,-0.19,-0.00,-0.01,0.00,0.20,-0.00
00:04:53.432 [TUNER] 1520,1000,-0.02,0.00,-0.19,-0.00,-0.01,0.00,0.20,-0.00
00:04:53.469 [TUNER] 1521,1000,-0.02,0.00,-0.19,-0.00,-0.01,0.00,0.20,-0.00
00:04:53.503 [TUNER] 1522,1000,-0.02,0.00,-0.19,-0.00,-0.01,0.00,0.20,-0.00
00:04:53.504 [TUNER] 1523,1000,-0.02,0.00,-0.19,-0.00,-0.00,0.00,0.20,-0.00
00:04:53.539 [TUNER] 1524,1000,-0.02,0.00,-0.19,-0.00,-0.00,0.00,0.20,-0.00
00:04:53.540 [TUNER] 1525,1000,-0.01,0.00,-0.19,-0.00,-0.00,0.00,0.20,-0.00
00:04:53.573 [TUNER] 1526,1000,-0.01,0.00,-0.19,-0.00,-0.00,0.00,0.20,-0.00
00:04:53.608 [TUNER] 1527,1000,-0.01,0.00,-0.19,-0.00,-0.00,0.00,0.20,-0.00
00:04:53.608 [TUNER] 1528,1000,-0.01,0.00,-0.19,-0.00,-0.00,0.00,0.20,-0.00
00:04:53.645 [TUNER] 1529,1000,-0.01,0.00,-0.19,-0.00,-0.00,0.00,0.20,-0.00
00:04:53.680 [TUNER] 1530,1000,-0.01,0.00,-0.19,-0.00,-0.00,0.00,0.20,-0.00
00:04:53.680 [TUNER] 1531,1000,-0.01,0.00,-0.19,-0.00,-0.00,0.00,0.20,-0.00
00:04:53.682 [TUNER] 1532,1000,-0.01,0.00,-0.19,-0.00,-0.00,0.00,0.20,-0.00
00:04:53.712 [TUNER] 1533,1000,-0.01,0.00,-0.19,-0.00,-0.00,0.00,0.20,-0.00
00:04:53.749 [TUNER] 1534,1000,-0.01,0.00,-0.19,-0.00,-0.00,0.00,0.20,-0.00
00:04:53.749 [TUNER] 1535,1000,-0.00,0.00,-0.19,-0.00,-0.00,0.00,0.20,-0.00
00:04:53.783 [TUNER] 1536,1000,-0.00,0.00,-0.19,-0.00,-0.00,0.00,0.20,-0.00
00:04:53.783 [TUNER] 1537,1000,-0.00,0.00,-0.19,-0.00,-0.00,0.00,0.20,-0.00
00:04:53.819 [TUNER] 1538,1000,-0.00,0.00,-0.19,-0.00,-0.00,0.00,0.20,-0.00
00:04:53.819 [TUNER] 1539,1000,-0.00,0.00,-0.19,-0.00,-0.00,0.00,0.20,-0.00
00:04:53.852 [TUNER] 1540,1000,-0.00,0.00,-0.19,-0.00,-0.00,0.00,0.20,-0.00
00:04:53.888 [TUNER] 1541,1000,-0.00,0.00,-0.19,-0.00,-0.00,0.00,0.20,-0.00
00:04:53.889 [TUNER] 1542,1000,-0.00,0.00,-0.19,-0.00,-0.00,0.00,0.20,-0.00
00:04:53.923 [TUNER] 1543,1000,-0.00,0.00,-0.19,-0.00,-0.00,0.00,0.20,-0.00
00:04:53.924 [TUNER] 1544,1000,-0.00,0.00,-0.19,-0.00,-0.00,0.00,0.20,-0.00
00:04:53.957 [TUNER] 1545,1000,-0.00,0.00,-0.19,-0.00,-0.00,0.00,0.20,-0.00
00:04:53.993 [TUNER] 1546,1000,-0.00,0.00,-0.19,-0.00,-0.00,0.00,0.20,-0.00
00:04:53.994 [TUNER] 1547,1000,-0.00,0.00,-0.19,-0.00,-0.00,0.00,0.20,-0.00
00:04:54.030 [TUNER] 1548,1000,-0.00,0.00,-0.19,-0.00,-0.00,0.00,0.20,-0.00
00:04:54.031 [TUNER] 1549,1000,-0.00,0.00,-0.19,-0.00,-0.00,0.00,0.20,-0.00
00:04:54.063 [TUNER] 1550,1000,-0.00,0.00,-0.19,-0.00,-0.00,0.00,0.20,-0.00
00:04:54.063 [TUNER] 1551,1002,-0.00,0.00,-0.19,-0.00,-0.00,0.00,0.20,-0.00
00:04:54.097 [TUNER] 1552,1000,-0.00,0.00,-0.19,-0.00,-0.00,0.00,0.20,-0.00
00:04:54.132 [TUNER] 1553,998,-0.00,0.00,-0.19,-0.00,-0.00,0.00,0.20,-0.00
00:04:54.133 [TUNER] 1554,1000,-0.00,0.00,-0.19,-0.00,-0.00,0.00,0.20,-0.00
00:04:54.168 [TUNER] 1555,1000,-0.00,0.00,-0.19,-0.00,-0.00,0.00,0.20,-0.00
00:04:54.168 [TUNER] 1556,1000,-0.00,0.00,-0.19,-0.00,-0.00,0.00,0.20,-0.00
00:04:54.202 [TUNER] 1557,1000,-0.00,0.00,-0.19,-0.00,-0.00,0.00,0.20,-0.00
00:04:54.237 [TUNER] 1558,1000,-0.00,0.00,-0.19,-0.00,-0.00,0.00,0.20,-0.00
00:04:54.238 [TUNER] 1559,1000,-0.00,0.00,-0.19,-0.00,-0.00,0.00,0.20,-0.00
00:04:54.273 [TUNER] 1560,1000,-0.00,0.00,-0.19,-0.00,-0.00,0.00,0.20,-0.00
00:04:54.274 [TUNER] 1561,1000,-0.00,0.00,-0.19,-0.00,-0.00,0.00,0.20,-0.00
00:04:54.308 [TUNER] 1562,1000,-0.00,0.00,-0.19,-0.00,-0.00,0.00,0.20,-0.00
00:04:54.309 [TUNER] 1563,1000,-0.00,0.00,-0.19,-0.00,-0.00,0.00,0.20,-0.00
00:04:54.342 [TUNER] 1564,1000,-0.00,0.00,-0.19,-0.00,-0.00,0.00,0.20,-0.00
00:04:54.380 [TUNER] 1565,1000,-0.00,0.00,-0.19,-0.00,-0.00,0.00,0.20,-0.00
00:04:54.381 [TUNER] 1566,1000,-0.00,0.00,-0.19,-0.00,-0.00,0.00,0.20,-0.00
00:04:54.413 [TUNER] 1567,1000,-0.00,0.00,-0.19,-0.00,-0.00,0.00,0.20,-0.00
00:04:54.413 [TUNER] 1568,1000,-0.00,0.00,-0.19,-0.00,-0.00,0.00,0.20,-0.00
00:04:54.448 [TUNER] 1569,1000,-0.00,0.00,-0.19,-0.00,-0.00,0.00,0.20,-0.00
00:04:54.483 [TUNER] 1570,1000,-0.00,0.00,-0.19,-0.00,-0.00,0.00,0.20,-0.00
00:04:54.483 [TUNER] 1571,1000,-0.00,0.00,-0.19,-0.00,-0.00,0.00,0.20,-0.00
00:04:54.518 [TUNER] 1572,1000,-0.00,0.00,-0.19,-0.00,-0.00,0.00,0.20,-0.00
00:04:54.518 [TUNER] 1573,1000,-0.00,0.00,-0.19,-0.00,-0.00,0.00,0.20,-0.00
00:04:54.553 [TUNER] 1574,1000,-0.00,0.00,-0.19,-0.00,-0.00,0.00,0.20,-0.00
00:04:54.553 [TUNER] 1575,1000,-0.00,0.00,-0.19,-0.00,-0.00,0.00,0.20,-0.00
00:04:54.588 [TUNER] 1576,1000,-0.00,0.00,-0.19,-0.00,-0.00,0.00,0.20,-0.00
00:04:54.624 [TUNER] 1577,1000,-0.00,0.00,-0.19,-0.00,-0.00,0.00,0.20,-0.00
00:04:54.624 [TUNER] 1578,1000,-0.00,0.00,-0.19,-0.00,-0.00,0.00,0.20,-0.00
00:04:54.658 [TUNER] 1579,1000,-0.00,0.00,-0.19,-0.00,-0.00,0.00,0.20,-0.00
00:04:54.659 [TUNER] 1580,1000,-0.00,0.00,-0.19,-0.00,-0.00,0.00,0.20,-0.00
00:04:54.693 [TUNER] 1581,1000,-0.00,0.00,-0.19,-0.00,-0.00,0.00,0.20,-0.00
00:04:54.730 [TUNER] 1582,1000,-0.00,0.00,-0.19,-0.00,-0.00,0.00,0.20,-0.00
00:04:54.732 [TUNER] 1583,1000,-0.00,0.00,-0.19,-0.00,-0.00,0.00,0.20,-0.00
00:04:54.764 [TUNER] 1584,1000,-0.00,0.00,-0.19,-0.00,-0.00,0.00,0.20,-0.00
00:04:54.765 [TUNER] 1585,1000,-0.00,0.00,-0.19,-0.00,-0.00,0.00,0.20,-0.00
00:04:54.797 [TUNER] 1586,1000,-0.00,0.00,-0.19,-0.00,-0.00,0.00,0.20,-0.00
00:04:54.798 [TUNER] 1587,1000,-0.00,0.00,-0.19,-0.00,-0.00,0.00,0.20,-0.00
00:04:54.832 [TUNER] 1588,1000,-0.00,0.00,-0.19,-0.00,-0.00,0.00,0.20,-0.00
00:04:54.868 [TUNER] 1589,1000,-0.00,0.00,-0.19,-0.00,-0.00,0.00,0.20,-0.00
00:04:54.868 [TUNER] 1590,1000,-0.00,0.00,-0.19,-0.00,-0.00,0.00,0.20,-0.00
00:04:54.904 [TUNER] 1591,1000,-0.00,0.00,-0.19,-0.00,-0.00,0.00,0.20,-0.00
00:04:54.904 [TUNER] 1592,1000,-0.00,0.00,-0.19,-0.00,-0.00,0.00,0.20,-0.00
00:04:54.939 [TUNER] 1593,1000,-0.00,0.00,-0.19,-0.00,-0.00,0.00,0.20,-0.00
00:04:54.939 [TUNER] 1594,1000,-0.00,0.00,-0.19,-0.00,-0.00,0.00,0.20,-0.00
00:04:54.974 [TUNER] 1595,1000,-0.00,0.00,-0.19,-0.00,-0.00,0.00,0.20,-0.00
00:04:55.008 [TUNER] 1596,1000,-0.00,0.00,-0.19,-0.00,-0.00,0.00,0.20,-0.00
00:04:55.010 [TUNER] 1597,1000,-0.00,0.00,-0.19,-0.00,-0.00,0.00,0.20,-0.00
00:04:55.043 [TUNER] 1598,1000,-0.00,0.00,-0.19,-0.00,-0.00,0.00,0.20,-0.00
00:04:55.043 [TUNER] 1599,1000,-0.00,0.00,-0.19,-0.00,-0.00,0.00,0.20,-0.00
00:04:55.077 [TUNER] 1600,1000,-0.00,0.00,-0.19,-0.00,-0.00,0.00,0.20,-0.00
00:04:55.115 [TUNER] 1601,1000,-0.00,0.00,-0.19,-0.00,-0.00,0.00,0.20,-0.00
00:04:55.117 [TUNER] 1602,1000,-0.00,0.00,-0.19,-0.00,-0.00,0.00,0.20,-0.00
00:04:55.147 [TUNER] 1603,1000,-0.00,0.00,-0.19,-0.00,-0.00,0.00,0.20,-0.00
00:04:55.148 [TUNER] 1604,1000,-0.00,0.00,-0.19,-0.00,-0.00,0.00,0.20,-0.00
00:04:55.182 [TUNER] 1605,1000,-0.00,0.00,-0.19,-0.00,-0.00,0.00,0.20,-0.00
00:04:55.183 [TUNER] 1606,1000,-0.00,0.00,-0.19,-0.00,-0.00,0.00,0.20,-0.00
00:04:55.218 [TUNER] 1607,1000,-0.00,0.00,-0.19,-0.00,-0.00,0.00,0.20,-0.00
00:04:55.254 [TUNER] 1608,1000,-0.00,0.00,-0.19,-0.00,-0.00,0.00,0.20,-0.00
00:04:55.254 [TUNER] 1609,1000,-0.00,0.00,-0.19,-0.00,-0.00,0.00,0.20,-0.00
00:04:55.289 [TUNER] 1610,1000,-0.00,0.00,-0.19,-0.00,-0.00,0.00,0.20,-0.00
00:04:55.289 [TUNER] 1611,1002,-0.00,0.00,-0.19,-0.00,-0.00,0.00,0.20,-0.00
00:04:55.325 [TUNER] 1612,998,-0.00,0.00,-0.19,-0.00,-0.00,0.00,0.20,-0.00
00:04:55.358 [TUNER] 1613,1000,-0.00,0.00,-0.19,-0.00,-0.00,0.00,0.20,-0.00
00:04:55.358 [TUNER] 1614,1000,-0.00,0.00,-0.19,-0.00,-0.00,0.00,0.20,-0.00
00:04:55.392 [TUNER] 1615,1000,-0.00,0.00,-0.19,-0.00,-0.00,0.00,0.20,-0.00
00:04:55.393 [TUNER] 1616,1000,-0.00,0.00,-0.19,-0.00,-0.00,0.00,0.20,-0.00
00:04:55.429 [TUNER] 1617,1000,-0.00,0.00,-0.19,-0.00,-0.00,0.00,0.20,-0.00
00:04:55.430 [TUNER] 1618,1000,-0.00,0.00,-0.19,-0.00,-0.00,0.00,0.20,-0.00
00:04:55.466 [TUNER] 1619,1000,-0.00,0.00,-0.19,-0.00,-0.00,0.00,0.20,-0.00
00:04:55.499 [TUNER] 1620,1000,-0.00,0.00,-0.19,-0.00,-0.00,0.00,0.20,-0.00
00:04:55.499 [TUNER] 1621,1002,-0.00,0.00,-0.19,-0.00,-0.00,0.00,0.20,-0.00
00:04:55.533 [TUNER] 1622,1000,-0.00,0.00,-0.19,-0.00,-0.00,0.00,0.20,-0.00
00:04:55.533 [TUNER] 1623,998,-0.00,0.00,-0.19,-0.00,-0.00,0.00,0.20,-0.00
00:04:55.568 [TUNER] 1624,1000,-0.00,0.00,-0.19,-0.00,-0.00,0.00,0.20,-0.00
00:04:55.602 [TUNER] 1625,1000,-0.00,0.00,-0.19,-0.00,-0.00,0.00,0.20,-0.00
00:04:55.603 [TUNER] 1626,1000,-0.00,0.00,-0.19,-0.00,-0.00,0.00,0.20,-0.00
00:04:55.639 [TUNER] 1627,1000,-0.00,0.00,-0.19,-0.00,-0.00,0.00,0.20,-0.00
00:04:55.639 [TUNER] 1628,1000,-0.00,0.00,-0.19,-0.00,-0.00,0.00,0.20,-0.00
00:04:55.674 [TUNER] 1629,1000,-0.00,0.00,-0.19,-0.00,-0.00,0.00,0.20,-0.00
00:04:55.674 [TUNER] 1630,1000,-0.00,0.00,-0.19,-0.00,-0.00,0.00,0.20,-0.00
00:04:55.706 [TUNER] 1631,1000,-0.00,0.00,-0.19,-0.00,-0.00,0.00,0.20,-0.00
00:04:55.744 [TUNER] 1632,1000,-0.00,0.00,-0.19,-0.00,-0.00,0.00,0.20,-0.00
00:04:55.746 [TUNER] 1633,1000,-0.00,0.00,-0.19,-0.00,-0.00,0.00,0.20,-0.00
00:04:55.781 [TUNER] 1634,1000,-0.00,0.00,-0.19,-0.00,-0.00,0.00,0.20,-0.00
00:04:55.782 [TUNER] 1635,1000,-0.00,0.00,-0.19,-0.00,-0.00,0.00,0.20,-0.00
00:04:55.813 [TUNER] 1636,1000,-0.00,0.00,-0.19,-0.00,-0.00,0.00,0.20,-0.00
00:04:55.813 [TUNER] 1637,1000,-0.00,0.00,-0.19,-0.00,-0.00,0.00,0.20,-0.00
00:04:55.847 [TUNER] 1638,1000,-0.00,0.00,-0.19,-0.00,-0.00,0.00,0.20,-0.00
00:04:55.882 [TUNER] 1639,1000,-0.00,0.00,-0.19,-0.00,-0.00,0.00,0.20,-0.00
00:04:55.883 [TUNER] 1640,1000,-0.00,0.00,-0.19,-0.00,-0.00,0.00,0.20,-0.00
00:04:55.918 [TUNER] 1641,1000,-0.00,0.00,-0.19,-0.00,-0.00,0.00,0.20,-0.00
00:04:55.918 [TUNER] 1642,1000,-0.00,0.00,-0.19,-0.00,-0.00,0.00,0.20,-0.00
00:04:55.953 [TUNER] 1643,1000,-0.00,0.00,-0.19,-0.00,-0.00,0.00,0.20,-0.00
00:04:55.988 [TUNER] 1644,1000,-0.00,0.00,-0.19,-0.00,-0.00,0.00,0.20,-0.00
00:04:55.988 [TUNER] 1645,1000,-0.00,0.00,-0.19,-0.00,-0.00,0.00,0.20,-0.00
00:04:56.024 [TUNER] 1646,1000,-0.00,0.00,-0.19,-0.00,-0.00,0.00,0.20,-0.00
00:04:56.024 [TUNER] 1647,1000,-0.00,0.00,-0.19,-0.00,-0.00,0.00,0.20,-0.00
00:04:56.057 [TUNER] 1648,1000,-0.00,0.00,-0.19,-0.00,-0.00,0.00,0.20,-0.00
00:04:56.057 [TUNER] 1649,1000,-0.00,0.00,-0.19,-0.00,-0.00,0.00,0.20,-0.00
00:04:56.092 [TUNER] 1650,1000,-0.00,0.00,-0.19,-0.00,-0.00,0.00,0.20,-0.00
00:04:56.131 [TUNER] 1651,1000,-0.00,0.00,-0.19,-0.00,-0.00,0.00,0.20,-0.00
00:04:56.134 [TUNER] 1652,1000,-0.00,0.00,-0.19,-0.00,-0.00,0.00,0.20,-0.00
00:04:56.162 [TUNER] 1653,1000,-0.00,0.00,-0.19,-0.00,-0.00,0.00,0.20,-0.00
00:04:56.163 [TUNER] 1654,1000,-0.00,0.00,-0.19,-0.00,-0.00,0.00,0.20,-0.00
00:04:56.198 [TUNER] 1655,1000,-0.00,0.00,-0.19,-0.00,-0.00,0.00,0.20,-0.00
00:04:56.233 [TUNER] 1656,1000,-0.00,0.00,-0.19,-0.00,-0.00,0.00,0.20,-0.00
00:04:56.234 [TUNER] 1657,1000,-0.00,0.00,-0.19,-0.00,-0.00,0.00,0.20,-0.00
00:04:56.269 [TUNER] 1658,1000,-0.00,0.00,-0.19,-0.00,-0.00,0.00,0.20,-0.00
00:04:56.269 [TUNER] 1659,1000,-0.00,0.00,-0.19,-0.00,-0.00,0.00,0.20,-0.00
00:04:56.302 [TUNER] 1660,1000,-0.00,0.00,-0.19,-0.00,-0.00,0.00,0.20,-0.00
00:04:56.302 [TUNER] 1661,1000,-0.00,0.00,-0.19,-0.00,-0.00,0.00,0.20,-0.00
00:04:56.337 [TUNER] 1662,1000,-0.00,0.00,-0.19,-0.00,-0.00,0.00,0.20,-0.00
00:04:56.373 [TUNER] 1663,1000,-0.00,0.00,-0.19,-0.00,-0.00,0.00,0.20,-0.00
00:04:56.374 [TUNER] 1664,1000,-0.00,0.00,-0.19,-0.00,-0.00,0.00,0.20,-0.00
00:04:56.407 [TUNER] 1665,1000,-0.00,0.00,-0.19,-0.00,-0.00,0.00,0.20,-0.00
00:04:56.408 [TUNER] 1666,1000,-0.00,0.00,-0.19,-0.00,-0.00,0.00,0.20,-0.00
00:04:56.442 [TUNER] 1667,1000,-0.00,0.00,-0.19,-0.00,-0.00,0.00,0.20,-0.00
00:04:56.442 [TUNER] 1668,1000,-0.00,0.00,-0.19,-0.00,-0.00,0.00,0.20,-0.00
00:04:56.477 [TUNER] 1669,1000,-0.00,0.00,-0.19,-0.00,-0.00,0.00,0.20,-0.00
00:04:56.516 [TUNER] 1670,1000,-0.00,0.00,-0.19,-0.00,-0.00,0.00,0.20,-0.00
00:04:56.516 [TUNER] 1671,1000,-0.00,0.00,-0.19,-0.00,-0.00,0.00,0.20,-0.00
00:04:56.548 [TUNER] 1672,1000,-0.00,0.00,-0.19,-0.00,-0.00,0.00,0.20,-0.00
00:04:56.548 [TUNER] 1673,1000,-0.00,0.00,-0.19,-0.00,-0.00,0.00,0.20,-0.00
00:04:56.583 [TUNER] 1674,1000,-0.00,0.00,-0.19,-0.00,-0.00,0.00,0.20,-0.00
00:04:56.619 [TUNER] 1675,1000,-0.00,0.00,-0.19,-0.00,-0.00,0.00,0.20,-0.00
00:04:56.619 [TUNER] 1676,1000,-0.00,0.00,-0.19,-0.00,-0.00,0.00,0.20,-0.00
00:04:56.653 [TUNER] 1677,1000,-0.00,0.00,-0.19,-0.00,-0.00,0.00,0.20,-0.00
00:04:56.653 [TUNER] 1678,1000,-0.00,0.00,-0.19,-0.00,-0.00,0.00,0.20,-0.00
00:04:56.687 [TUNER] 1679,1000,-0.00,0.00,-0.19,-0.00,-0.00,0.00,0.20,-0.00
00:04:56.724 [TUNER] 1680,1000,-0.00,0.00,-0.19,-0.00,-0.00,0.00,0.20,-0.00
00:04:56.725 [TUNER] 1681,1000,-0.00,0.00,-0.19,-0.00,-0.00,0.00,0.20,-0.00
00:04:56.758 [TUNER] 1682,1000,-0.00,0.00,-0.19,-0.00,-0.00,0.00,0.20,-0.00
00:04:56.760 [TUNER] 1683,1000,-0.00,0.00,-0.19,-0.00,-0.00,0.00,0.20,-0.00
00:04:56.794 [TUNER] 1684,1000,-0.00,0.00,-0.19,-0.00,-0.00,0.00,0.20,-0.00
00:04:56.828 [TUNER] 1685,1000,-0.00,0.00,-0.19,-0.00,-0.00,0.00,0.20,-0.00
00:04:56.829 [TUNER] 1686,1000,-0.00,0.00,-0.19,-0.00,-0.00,0.00,0.20,-0.00
00:04:56.863 [TUNER] 1687,1000,-0.00,0.00,-0.19,-0.00,-0.00,0.00,0.20,-0.00
00:04:56.865 [TUNER] 1688,1000,-0.00,0.00,-0.19,-0.00,-0.00,0.00,0.20,-0.00
00:04:56.899 [TUNER] 1689,1000,-0.00,0.00,-0.19,-0.00,-0.00,0.00,0.20,-0.00
00:04:56.901 [TUNER] 1690,1000,-0.00,0.00,-0.19,-0.00,-0.00,0.00,0.20,-0.00
00:04:56.932 [TUNER] 1691,1002,-0.00,0.00,-0.19,-0.00,-0.00,0.00,0.20,-0.00
00:04:56.932 [TUNER] 1692,1000,-0.00,0.00,-0.19,-0.00,-0.00,0.00,0.20,-0.00
00:04:56.967 [TUNER] 1693,998,-0.00,0.00,-0.19,-0.00,-0.00,0.00,0.20,-0.00
00:04:57.002 [TUNER] 1694,1000,-0.00,0.00,-0.19,-0.00,-0.00,0.00,0.20,-0.00
00:04:57.002 [TUNER] 1695,1000,-0.00,0.00,-0.19,-0.00,-0.00,0.00,0.20,-0.00
00:04:57.039 [TUNER] 1696,1000,-0.00,0.00,-0.19,-0.00,-0.00,0.00,0.20,-0.00
00:04:57.039 [TUNER] 1697,1000,-0.00,0.00,-0.19,-0.00,-0.00,0.00,0.20,-0.00
00:04:57.072 [TUNER] 1698,1000,-0.00,0.00,-0.19,-0.00,-0.00,0.00,0.20,-0.00
00:04:57.110 [TUNER] 1699,1000,-0.00,0.00,-0.19,-0.00,-0.00,0.00,0.20,-0.00
00:04:57.112 [TUNER] 1700,1000,-0.00,0.00,-0.19,-0.00,-0.00,0.00,0.20,-0.00
00:04:57.142 [TUNER] 1701,1000,-0.00,0.00,-0.19,-0.00,-0.00,0.00,0.20,-0.00
00:04:57.142 [TUNER] 1702,1000,-0.00,0.00,-0.19,-0.00,-0.00,0.00,0.20,-0.00
00:04:57.178 [TUNER] 1703,1000,-0.00,0.00,-0.19,-0.00,-0.00,0.00,0.20,-0.00
00:04:57.213 [TUNER] 1704,1000,-0.00,0.00,-0.19,-0.00,-0.00,0.00,0.20,-0.00
00:04:57.213 [TUNER] 1705,1000,-0.00,0.00,-0.19,-0.00,-0.00,0.00,0.20,-0.00
00:04:57.248 [TUNER] 1706,1000,-0.00,0.00,-0.19,-0.00,-0.00,0.00,0.20,-0.00
00:04:57.249 [TUNER] 1707,1000,-0.00,0.00,-0.19,-0.00,-0.00,0.00,0.20,-0.00
00:04:57.282 [TUNER] 1708,1000,-0.00,0.00,-0.19,-0.00,-0.00,0.00,0.20,-0.00
00:04:57.283 [TUNER] 1709,1000,-0.00,0.00,-0.19,-0.00,-0.00,0.00,0.20,-0.00
00:04:57.317 [TUNER] 1710,1000,-0.00,0.00,-0.19,-0.00,-0.00,0.00,0.20,-0.00
00:04:57.352 [TUNER] 1711,1002,-0.00,0.00,-0.19,-0.00,-0.00,0.00,0.20,-0.00
00:04:57.353 [TUNER] 1712,998,-0.00,0.00,-0.19,-0.00,-0.00,0.00,0.20,-0.00
00:04:57.391 [TUNER] 1713,1000,-0.00,0.00,-0.19,-0.00,-0.00,0.00,0.20,-0.00
00:04:57.391 [TUNER] 1714,1000,-0.00,0.00,-0.19,-0.00,-0.00,0.00,0.20,-0.00
00:04:57.424 [TUNER] 1715,1000,-0.00,0.00,-0.19,-0.00,-0.00,0.00,0.20,-0.00
00:04:57.459 [TUNER] 1716,1000,-0.00,0.00,-0.19,-0.00,-0.00,0.00,0.20,-0.00
00:04:57.459 [TUNER] 1717,1000,-0.00,0.00,-0.19,-0.00,-0.00,0.00,0.20,-0.00
00:04:57.494 [TUNER] 1718,1000,-0.00,0.00,-0.19,-0.00,-0.00,0.00,0.20,-0.00
00:04:57.494 [TUNER] 1719,1000,-0.00,0.00,-0.19,-0.00,-0.00,0.00,0.20,-0.00
00:04:57.528 [TUNER] 1720,1000,-0.00,0.00,-0.19,-0.00,-0.00,0.00,0.20,-0.00
00:04:57.563 [TUNER] 1721,1000,-0.00,0.00,-0.19,-0.00,-0.00,0.00,0.20,-0.00
00:04:57.563 [TUNER] 1722,1000,-0.00,0.00,-0.19,-0.00,-0.00,0.00,0.20,-0.00
00:04:57.598 [TUNER] 1723,1000,-0.00,0.00,-0.19,-0.00,-0.00,0.00,0.20,-0.00
00:04:57.599 [TUNER] 1724,1000,-0.00,0.00,-0.19,-0.00,-0.00,0.00,0.20,-0.00
00:04:57.633 [TUNER] 1725,1000,-0.00,0.00,-0.19,-0.00,-0.00,0.00,0.20,-0.00
00:04:57.634 [TUNER] 1726,1000,-0.00,0.00,-0.19,-0.00,-0.00,0.00,0.20,-0.00
00:04:57.667 [TUNER] 1727,1000,-0.00,0.00,-0.19,-0.00,-0.00,0.00,0.20,-0.00
00:04:57.702 [TUNER] 1728,1000,-0.00,0.00,-0.19,-0.00,-0.00,0.00,0.20,-0.00
00:04:57.703 [TUNER] 1729,1000,-0.00,0.00,-0.19,-0.00,-0.00,0.00,0.20,-0.00
00:04:57.741 [TUNER] 1730,1000,-0.00,0.00,-0.19,-0.00,-0.00,0.00,0.20,-0.00
00:04:57.741 [TUNER] 1731,1000,-0.00,0.00,-0.19,-0.00,-0.00,0.00,0.20,-0.00
00:04:57.772 [TUNER] 1732,1000,-0.00,0.00,-0.19,-0.00,-0.00,0.00,0.20,-0.00
00:04:57.808 [TUNER] 1733,1000,-0.00,0.00,-0.19,-0.00,-0.00,0.00,0.20,-0.00
00:04:57.808 [TUNER] 1734,1000,-0.00,0.00,-0.19,-0.00,-0.00,0.00,0.20,-0.00
00:04:57.842 [TUNER] 1735,1000,-0.00,0.00,-0.19,-0.00,-0.00,0.00,0.20,-0.00
00:04:57.846 [TUNER] 1736,1000,-0.00,0.00,-0.19,-0.00,-0.00,0.00,0.20,-0.00
00:04:57.877 [TUNER] 1737,1000,-0.00,0.00,-0.19,-0.00,-0.00,0.00,0.20,-0.00
00:04:57.914 [TUNER] 1738,1000,-0.00,0.00,-0.19,-0.00,-0.00,0.00,0.20,-0.00
00:04:57.915 [TUNER] 1739,1000,-0.00,0.00,-0.19,-0.00,-0.00,0.00,0.20,-0.00
00:04:57.949 [TUNER] 1740,1000,-0.00,0.00,-0.19,-0.00,-0.00,0.00,0.20,-0.00
00:04:57.950 [TUNER] 1741,1000,-0.00,0.00,-0.19,-0.00,-0.00,0.00,0.20,-0.00
00:04:57.983 [TUNER] 1742,1000,-0.00,0.00,-0.19,-0.00,-0.00,0.00,0.20,-0.00
00:04:57.983 [TUNER] 1743,1000,-0.00,0.00,-0.19,-0.00,-0.00,0.00,0.20,-0.00
00:04:58.017 [TUNER] 1744,1000,-0.00,0.00,-0.19,-0.00,-0.00,0.00,0.20,-0.00
00:04:58.053 [TUNER] 1745,1000,-0.00,0.00,-0.19,-0.00,-0.00,0.00,0.20,-0.00
00:04:58.053 [TUNER] 1746,1000,-0.00,0.00,-0.19,-0.00,-0.00,0.00,0.20,-0.00
00:04:58.090 [TUNER] 1747,1000,-0.00,0.00,-0.19,-0.00,-0.00,0.00,0.20,-0.00
00:04:58.090 [TUNER] 1748,1000,-0.00,0.00,-0.19,-0.00,-0.00,0.00,0.20,-0.00
00:04:58.123 [TUNER] 1749,1000,-0.00,0.00,-0.19,-0.00,-0.00,0.00,0.20,-0.00
00:04:58.158 [TUNER] 1750,1000,-0.00,0.00,-0.19,-0.00,-0.00,0.00,0.20,-0.00
00:04:58.159 [TUNER] 1751,1000,-0.00,0.00,-0.19,-0.00,-0.00,0.00,0.20,-0.00
00:04:58.192 [TUNER] 1752,1000,-0.00,0.00,-0.19,-0.00,-0.00,0.00,0.20,-0.00
00:04:58.194 [TUNER] 1753,1000,-0.00,0.00,-0.19,-0.00,-0.00,0.00,0.20,-0.00
00:04:58.228 [TUNER] 1754,1000,-0.00,0.00,-0.19,-0.00,-0.00,0.00,0.20,-0.00
00:04:58.264 [TUNER] 1755,1000,-0.00,0.00,-0.19,-0.00,-0.00,0.00,0.20,-0.00
00:04:58.265 [TUNER] 1756,1000,-0.00,0.00,-0.19,-0.00,-0.00,0.00,0.20,-0.00
00:04:58.298 [TUNER] 1757,1000,-0.00,0.00,-0.19,-0.00,-0.00,0.00,0.20,-0.00
00:04:58.299 [TUNER] 1758,1000,-0.00,0.00,-0.19,-0.00,-0.00,0.00,0.20,-0.00
00:04:58.332 [TUNER] 1759,1000,-0.00,0.00,-0.19,-0.00,-0.00,0.00,0.20,-0.00
00:04:58.368 [TUNER] 1760,1000,-0.00,0.00,-0.19,-0.00,-0.00,0.00,0.20,-0.00
00:04:58.368 [TUNER] 1761,1002,-0.00,0.00,-0.19,-0.00,-0.00,0.00,0.20,-0.00
00:04:58.402 [TUNER] 1762,1000,-0.00,0.00,-0.19,-0.00,-0.00,0.00,0.20,-0.00
00:04:58.403 [TUNER] 1763,998,-0.00,0.00,-0.19,-0.00,-0.00,0.00,0.20,-0.00
00:04:58.438 [TUNER] 1764,1000,-0.00,0.00,-0.19,-0.00,-0.00,0.00,0.20,-0.00
00:04:58.439 [TUNER] 1765,1000,-0.00,0.00,-0.19,-0.00,-0.00,0.00,0.20,-0.00
00:04:58.473 [TUNER] 1766,1000,-0.00,0.00,-0.19,-0.00,-0.00,0.00,0.20,-0.00
00:04:58.510 [TUNER] 1767,1000,-0.00,0.00,-0.19,-0.00,-0.00,0.00,0.20,-0.00
00:04:58.513 [TUNER] 1768,1000,-0.00,0.00,-0.19,-0.00,-0.00,0.00,0.20,-0.00
00:04:58.543 [TUNER] 1769,1000,-0.00,0.00,-0.19,-0.00,-0.00,0.00,0.20,-0.00
00:04:58.545 [TUNER] 1770,1000,-0.00,0.00,-0.19,-0.00,-0.00,0.00,0.20,-0.00
00:04:58.577 [TUNER] 1771,1000,-0.00,0.00,-0.19,-0.00,-0.00,0.00,0.20,-0.00
00:04:58.612 [TUNER] 1772,1000,-0.00,0.00,-0.19,-0.00,-0.00,0.00,0.20,-0.00
00:04:58.648 [TUNER] 1773,1000,-0.00,0.00,-0.19,-0.00,-0.00,0.00,0.20,-0.00
00:04:58.648 [TUNER] 1774,1000,-0.00,0.00,-0.19,-0.00,-0.00,0.00,0.20,-0.00
00:04:58.649 [TUNER] 1775,1000,-0.00,0.00,-0.19,-0.00,-0.00,0.00,0.20,-0.00
00:04:58.683 [TUNER] 1776,1000,-0.00,0.00,-0.19,-0.00,-0.00,0.00,0.20,-0.00
00:04:58.718 [TUNER] 1777,1000,-0.00,0.00,-0.19,-0.00,-0.00,0.00,0.20,-0.00
00:04:58.718 [TUNER] 1778,1000,-0.00,0.00,-0.19,-0.00,-0.00,0.00,0.20,-0.00
00:04:58.752 [TUNER] 1779,1000,-0.00,0.00,-0.19,-0.00,-0.00,0.00,0.20,-0.00
00:04:58.752 [TUNER] 1780,1000,-0.00,0.00,-0.19,-0.00,-0.00,0.00,0.20,-0.00
00:04:58.787 [TUNER] 1781,1000,-0.00,0.00,-0.19,-0.00,-0.00,0.00,0.20,-0.00
00:04:58.787 [TUNER] 1782,1000,-0.00,0.00,-0.19,-0.00,-0.00,0.00,0.20,-0.00
00:04:58.823 [TUNER] 1783,1000,-0.00,0.00,-0.19,-0.00,-0.00,0.00,0.20,-0.00
00:04:58.862 [TUNER] 1784,1000,-0.00,0.00,-0.19,-0.00,-0.00,0.00,0.20,-0.00
00:04:58.862 [TUNER] 1785,1000,-0.00,0.00,-0.19,-0.00,-0.00,0.00,0.20,-0.00
00:04:58.892 [TUNER] 1786,1000,-0.00,0.00,-0.19,-0.00,-0.00,0.00,0.20,-0.00
00:04:58.893 [TUNER] 1787,1000,-0.00,0.00,-0.19,-0.00,-0.00,0.00,0.20,-0.00
00:04:58.927 [TUNER] 1788,1000,-0.00,0.00,-0.19,-0.00,-0.00,0.00,0.20,-0.00
00:04:58.962 [TUNER] 1789,1000,-0.00,0.00,-0.19,-0.00,-0.00,0.00,0.20,-0.00
00:04:58.963 [TUNER] 1790,1000,-0.00,0.00,-0.19,-0.00,-0.00,0.00,0.20,-0.00
00:04:58.998 [TUNER] 1791,1000,-0.00,0.00,-0.19,-0.00,-0.00,0.00,0.20,-0.00
00:04:59.000 [TUNER] 1792,1000,-0.00,0.00,-0.19,-0.00,-0.00,0.00,0.20,-0.00
00:04:59.032 [TUNER] 1793,1000,-0.00,0.00,-0.19,-0.00,-0.00,0.00,0.20,-0.00
00:04:59.067 [TUNER] 1794,1000,-0.00,0.00,-0.19,-0.00,-0.00,0.00,0.20,-0.00
00:04:59.068 [TUNER] 1795,1000,-0.00,0.00,-0.19,-0.00,-0.00,0.00,0.20,-0.00
00:04:59.102 [TUNER] 1796,1000,-0.00,0.00,-0.19,-0.00,-0.00,0.00,0.20,-0.00
00:04:59.103 [TUNER] 1797,1000,-0.00,0.00,-0.19,-0.00,-0.00,0.00,0.20,-0.00
00:04:59.140 [TUNER] 1798,1000,-0.00,0.00,-0.19,-0.00,-0.00,0.00,0.20,-0.00
00:04:59.140 [TUNER] 1799,1000,-0.00,0.00,-0.19,-0.00,-0.00,0.00,0.20,-0.00
00:04:59.173 [TUNER] 1800,1000,-0.00,0.00,-0.19,-0.00,-0.00,0.00,0.20,-0.00
00:04:59.208 [TUNER] 1801,1000,-0.00,0.00,-0.19,-0.00,-0.00,0.00,0.20,-0.00
00:04:59.208 [TUNER] 1802,1000,-0.00,0.00,-0.19,-0.00,-0.00,0.00,0.20,-0.00
00:04:59.243 [TUNER] 1803,1000,-0.00,0.00,-0.19,-0.00,-0.00,0.00,0.20,-0.00
00:04:59.244 [TUNER] 1804,1000,-0.00,0.00,-0.19,-0.00,-0.00,0.00,0.20,-0.00
00:04:59.278 [TUNER] 1805,1000,-0.00,0.00,-0.19,-0.00,-0.00,0.00,0.20,-0.00
00:04:59.314 [TUNER] 1806,1000,-0.00,0.00,-0.19,-0.00,-0.00,0.00,0.20,-0.00
00:04:59.316 [TUNER] 1807,1000,-0.00,0.00,-0.19,-0.00,-0.00,0.00,0.20,-0.00
00:04:59.349 [TUNER] 1808,1000,-0.00,0.00,-0.19,-0.00,-0.00,0.00,0.20,-0.00
00:04:59.350 [TUNER] 1809,1000,-0.00,0.00,-0.19,-0.00,-0.00,0.00,0.20,-0.00
00:04:59.382 [TUNER] 1810,1000,-0.00,0.00,-0.19,-0.00,-0.00,0.00,0.20,-0.00
00:04:59.383 [TUNER] 1811,1002,-0.00,0.00,-0.19,-0.00,-0.00,0.00,0.20,-0.00
00:04:59.417 [TUNER] 1812,998,-0.00,0.00,-0.19,-0.00,-0.00,0.00,0.20,-0.00
00:04:59.454 [TUNER] 1813,1000,-0.00,0.00,-0.19,-0.00,-0.00,0.00,0.20,-0.00
00:04:59.455 [TUNER] 1814,1000,-0.00,0.00,-0.19,-0.00,-0.00,0.00,0.20,-0.00
00:04:59.488 [TUNER] 1815,1000,-0.00,0.00,-0.19,-0.00,-0.00,0.00,0.20,-0.00
00:04:59.488 [TUNER] 1816,1000,-0.00,0.00,-0.19,-0.00,-0.00,0.00,0.20,-0.00
00:04:59.524 [TUNER] 1817,1000,-0.00,0.00,-0.19,-0.00,-0.00,0.00,0.20,-0.00
00:04:59.558 [TUNER] 1818,1000,-0.00,0.00,-0.19,-0.00,-0.00,0.00,0.20,-0.00
00:04:59.558 [TUNER] 1819,1000,-0.00,0.00,-0.19,-0.00,-0.00,0.00,0.20,-0.00
00:04:59.593 [TUNER] 1820,1000,-0.00,0.00,-0.19,-0.00,-0.00,0.00,0.20,-0.00
00:04:59.594 [TUNER] 1821,1000,-0.00,0.00,-0.19,-0.00,-0.00,0.00,0.20,-0.00
00:04:59.627 [TUNER] 1822,1000,-0.00,0.00,-0.19,-0.00,-0.00,0.00,0.20,-0.00
00:04:59.629 [TUNER] 1823,1000,-0.00,0.00,-0.19,-0.00,-0.00,0.00,0.20,-0.00
00:04:59.665 [TUNER] 1824,1000,-0.00,0.00,-0.19,-0.00,-0.00,0.00,0.20,-0.00
00:04:59.699 [TUNER] 1825,1000,-0.00,0.00,-0.19,-0.00,-0.00,0.00,0.20,-0.00
00:04:59.699 [TUNER] 1826,1000,-0.00,0.00,-0.19,-0.00,-0.00,0.00,0.20,-0.00
00:04:59.732 [TUNER] 1827,1000,-0.00,0.00,-0.19,-0.00,-0.00,0.00,0.20,-0.00
00:04:59.733 [TUNER] 1828,1000,-0.00,0.00,-0.19,-0.00,-0.00,0.00,0.20,-0.00
00:04:59.767 [TUNER] 1829,1000,-0.00,0.00,-0.19,-0.00,-0.00,0.00,0.20,-0.00
00:04:59.802 [TUNER] 1830,1000,-0.00,0.00,-0.19,-0.00,-0.00,0.00,0.20,-0.00
00:04:59.803 [TUNER] 1831,1002,-0.00,0.00,-0.19,-0.00,-0.00,0.00,0.20,-0.00
00:04:59.837 [TUNER] 1832,1000,-0.00,0.00,-0.19,-0.00,-0.00,0.00,0.20,-0.00
00:04:59.837 [TUNER] 1833,998,-0.00,0.00,-0.19,-0.00,-0.00,0.00,0.20,-0.00
00:04:59.872 [TUNER] 1834,1000,-0.00,0.00,-0.19,-0.00,-0.00,0.00,0.20,-0.00
00:04:59.873 [TUNER] 1835,1000,-0.00,0.00,-0.19,-0.00,-0.00,0.00,0.20,-0.00
00:04:59.908 [TUNER] 1836,1000,-0.00,0.00,-0.19,-0.00,-0.00,0.00,0.20,-0.00
00:04:59.943 [TUNER] 1837,1000,-0.00,0.00,-0.19,-0.00,-0.00,0.00,0.20,-0.00
00:04:59.944 [TUNER] 1838,1000,-0.00,0.00,-0.19,-0.00,-0.00,0.00,0.20,-0.00
00:04:59.978 [TUNER] 1839,1000,-0.00,0.00,-0.19,-0.00,-0.00,0.00,0.20,-0.00
00:04:59.978 [TUNER] 1840,1000,-0.00,0.00,-0.19,-0.00,-0.00,0.00,0.20,-0.00
00:05:00.019 [TUNER] 1841,1000,-0.00,0.00,-0.19,-0.00,-0.00,0.00,0.20,-0.00
00:05:00.020 [TUNER] 1842,1000,-0.00,0.00,-0.19,-0.00,-0.00,0.00,0.20,-0.00
00:05:00.048 [TUNER] 1843,1000,-0.00,0.00,-0.19,-0.00,-0.00,0.00,0.20,-0.00
00:05:00.083 [TUNER] 1844,1000,-0.00,0.00,-0.19,-0.00,-0.00,0.00,0.20,-0.00
00:05:00.084 [TUNER] 1845,1000,-0.00,0.00,-0.19,-0.00,-0.00,0.00,0.20,-0.00
00:05:00.118 [TUNER] 1846,1000,-0.00,0.00,-0.19,-0.00,-0.00,0.00,0.20,-0.00
00:05:00.119 [TUNER] 1847,1000,-0.00,0.00,-0.19,-0.00,-0.00,0.00,0.20,-0.00
00:05:00.153 [TUNER] 1848,1000,-0.00,0.00,-0.19,-0.00,-0.00,0.00,0.20,-0.00
00:05:00.189 [TUNER] 1849,1000,-0.00,0.00,-0.19,-0.00,-0.00,0.00,0.20,-0.00
00:05:00.189 [TUNER] 1850,1000,-0.00,0.00,-0.19,-0.00,-0.00,0.00,0.20,-0.00
00:05:00.223 [TUNER] 1851,1000,-0.00,0.00,-0.19,-0.00,-0.00,0.00,0.20,-0.00
00:05:00.224 [TUNER] 1852,1000,-0.00,0.00,-0.19,-0.00,-0.00,0.00,0.20,-0.00
00:05:00.259 [TUNER] 1853,1000,-0.00,0.00,-0.19,-0.00,-0.00,0.00,0.20,-0.00
00:05:00.261 [TUNER] 1854,1000,-0.00,0.00,-0.19,-0.00,-0.00,0.00,0.20,-0.00
00:05:00.292 [TUNER] 1855,1000,-0.00,0.00,-0.19,-0.00,-0.00,0.00,0.20,-0.00
00:05:00.330 [TUNER] 1856,1000,-0.00,0.00,-0.19,-0.00,-0.00,0.00,0.20,-0.00
00:05:00.331 [TUNER] 1857,1000,-0.00,0.00,-0.19,-0.00,-0.00,0.00,0.20,-0.00
00:05:00.363 [TUNER] 1858,1000,-0.00,0.00,-0.19,-0.00,-0.00,0.00,0.20,-0.00
00:05:00.364 [TUNER] 1859,1000,-0.00,0.00,-0.19,-0.00,-0.00,0.00,0.20,-0.00
00:05:00.398 [TUNER] 1860,1000,-0.00,0.00,-0.19,-0.00,-0.00,0.00,0.20,-0.00
00:05:00.431 [TUNER] 1861,1000,-0.00,0.00,-0.19,-0.00,-0.00,0.00,0.20,-0.00
00:05:00.432 [TUNER] 1862,1000,-0.00,0.00,-0.19,-0.00,-0.00,0.00,0.20,-0.00
00:05:00.466 [TUNER] 1863,1000,-0.00,0.00,-0.19,-0.00,-0.00,0.00,0.20,-0.00
00:05:00.467 [TUNER] 1864,1000,-0.00,0.00,-0.19,-0.00,-0.00,0.00,0.20,-0.00
00:05:00.501 [TUNER] 1865,1000,-0.00,0.00,-0.19,-0.00,-0.00,0.00,0.20,-0.00
00:05:00.501 [TUNER] 1866,1000,-0.00,0.00,-0.19,-0.00,-0.00,0.00,0.20,-0.00
00:05:00.538 [TUNER] 1867,1000,-0.00,0.00,-0.19,-0.00,-0.00,0.00,0.20,-0.00
00:05:00.573 [TUNER] 1868,1000,-0.00,0.00,-0.19,-0.00,-0.00,0.00,0.20,-0.00
00:05:00.574 [TUNER] 1869,1000,-0.00,0.00,-0.19,-0.00,-0.00,0.00,0.20,-0.00
00:05:00.608 [TUNER] 1870,1000,-0.00,0.00,-0.19,-0.00,-0.00,0.00,0.20,-0.00
00:05:00.609 [TUNER] 1871,1000,-0.00,0.00,-0.19,-0.00,-0.00,0.00,0.20,-0.00
00:05:00.642 [TUNER] 1872,1000,-0.00,0.00,-0.19,-0.00,-0.00,0.00,0.20,-0.00
00:05:00.679 [TUNER] 1873,1000,-0.00,0.00,-0.19,-0.00,-0.00,0.00,0.20,-0.00
00:05:00.679 [TUNER] 1874,1000,-0.00,0.00,-0.19,-0.00,-0.00,0.00,0.20,-0.00
00:05:00.714 [TUNER] 1875,1000,-0.00,0.00,-0.19,-0.00,-0.00,0.00,0.20,-0.00
00:05:00.715 [TUNER] 1876,1000,-0.00,0.00,-0.19,-0.00,-0.00,0.00,0.20,-0.00
00:05:00.749 [TUNER] 1877,1000,-0.00,0.00,-0.19,-0.00,-0.00,0.00,0.20,-0.00
00:05:00.782 [TUNER] 1878,1000,-0.00,0.00,-0.19,-0.00,-0.00,0.00,0.20,-0.00
00:05:00.782 [TUNER] 1879,1000,-0.00,0.00,-0.19,-0.00,-0.00,0.00,0.20,-0.00
00:05:00.817 [TUNER] 1880,1000,-0.00,0.00,-0.19,-0.00,-0.00,0.00,0.20,-0.00
00:05:00.817 [TUNER] 1881,1000,-0.00,0.00,-0.19,-0.00,-0.00,0.00,0.20,-0.00
00:05:00.853 [TUNER] 1882,1000,-0.00,0.00,-0.19,-0.00,-0.00,0.00,0.20,-0.00
00:05:00.854 [TUNER] 1883,1000,-0.00,0.00,-0.19,-0.00,-0.00,0.00,0.20,-0.00
00:05:00.887 [TUNER] 1884,1000,-0.00,0.00,-0.19,-0.00,-0.00,0.00,0.20,-0.00
00:05:00.925 [TUNER] 1885,1000,-0.00,0.00,-0.19,-0.00,-0.00,0.00,0.20,-0.00
00:05:00.927 [TUNER] 1886,1000,-0.00,0.00,-0.19,-0.00,-0.00,0.00,0.20,-0.00
00:05:00.958 [TUNER] 1887,1000,-0.00,0.00,-0.19,-0.00,-0.00,0.00,0.20,-0.00
00:05:00.958 [TUNER] 1888,1000,-0.00,0.00,-0.19,-0.00,-0.00,0.00,0.20,-0.00
00:05:00.993 [TUNER] 1889,1000,-0.00,0.00,-0.19,-0.00,-0.00,0.00,0.20,-0.00
00:05:01.028 [TUNER] 1890,1000,-0.00,0.00,-0.19,-0.00,-0.00,0.00,0.20,-0.00
00:05:01.029 [TUNER] 1891,1000,-0.00,0.00,-0.19,-0.00,-0.00,0.00,0.20,-0.00
00:05:01.063 [TUNER] 1892,1000,-0.00,0.00,-0.19,-0.00,-0.00,0.00,0.20,-0.00
00:05:01.065 [TUNER] 1893,1000,-0.00,0.00,-0.19,-0.00,-0.00,0.00,0.20,-0.00
00:05:01.098 [TUNER] 1894,1000,-0.00,0.00,-0.19,-0.00,-0.00,0.00,0.20,-0.00
00:05:01.133 [TUNER] 1895,1000,-0.00,0.00,-0.19,-0.00,-0.00,0.00,0.20,-0.00
00:05:01.134 [TUNER] 1896,1000,-0.00,0.00,-0.19,-0.00,-0.00,0.00,0.20,-0.00
00:05:01.168 [TUNER] 1897,1000,-0.00,0.00,-0.19,-0.00,-0.00,0.00,0.20,-0.00
00:05:01.170 [TUNER] 1898,1000,-0.00,0.00,-0.19,-0.00,-0.00,0.00,0.20,-0.00
00:05:01.202 [TUNER] 1899,1000,-0.00,0.00,-0.19,-0.00,-0.00,0.00,0.20,-0.00
00:05:01.203 [TUNER] 1900,1000,-0.00,0.00,-0.19,-0.00,-0.00,0.00,0.20,-0.00
00:05:01.237 [TUNER] 1901,1002,-0.00,0.00,-0.19,-0.00,-0.00,0.00,0.20,-0.00
00:05:01.274 [TUNER] 1902,1000,-0.00,0.00,-0.19,-0.00,-0.00,0.00,0.20,-0.00
00:05:01.274 [TUNER] 1903,998,-0.00,0.00,-0.19,-0.00,-0.00,0.00,0.20,-0.00
00:05:01.309 [TUNER] 1904,1000,-0.00,0.00,-0.19,-0.00,-0.00,0.00,0.20,-0.00
00:05:01.312 [TUNER] 1905,1000,-0.00,0.00,-0.19,-0.00,-0.00,0.00,0.20,-0.00
00:05:01.342 [TUNER] 1906,1000,-0.00,0.00,-0.19,-0.00,-0.00,0.00,0.20,-0.00
00:05:01.380 [TUNER] 1907,1000,-0.00,0.00,-0.19,-0.00,-0.00,0.00,0.20,-0.00
00:05:01.380 [TUNER] 1908,1000,-0.00,0.00,-0.19,-0.00,-0.00,0.00,0.20,-0.00
00:05:01.412 [TUNER] 1909,1000,-0.00,0.00,-0.19,-0.00,-0.00,0.00,0.20,-0.00
00:05:01.414 [TUNER] 1910,1000,-0.00,0.00,-0.19,-0.00,-0.00,0.00,0.20,-0.00
00:05:01.447 [TUNER] 1911,1002,-0.00,0.00,-0.19,-0.00,-0.00,0.00,0.20,-0.00
00:05:01.483 [TUNER] 1912,998,-0.00,0.00,-0.19,-0.00,-0.00,0.00,0.20,-0.00
00:05:01.483 [TUNER] 1913,1000,-0.00,0.00,-0.19,-0.00,-0.00,0.00,0.20,-0.00
00:05:01.517 [TUNER] 1914,1000,-0.00,0.00,-0.19,-0.00,-0.00,0.00,0.20,-0.00
00:05:01.517 [TUNER] 1915,1000,-0.00,0.00,-0.19,-0.00,-0.00,0.00,0.20,-0.00
00:05:01.552 [TUNER] 1916,1000,-0.00,0.00,-0.19,-0.00,-0.00,0.00,0.20,-0.00
00:05:01.553 [TUNER] 1917,1000,-0.00,0.00,-0.19,-0.00,-0.00,0.00,0.20,-0.00
00:05:01.586 [TUNER] 1918,1000,-0.00,0.00,-0.19,-0.00,-0.00,0.00,0.20,-0.00
00:05:01.624 [TUNER] 1919,1000,-0.00,0.00,-0.19,-0.00,-0.00,0.00,0.20,-0.00
00:05:01.624 [TUNER] 1920,1000,-0.00,0.00,-0.19,-0.00,-0.00,0.00,0.20,-0.00
00:05:01.659 [TUNER] 1921,1000,-0.00,0.00,-0.19,-0.00,-0.00,0.00,0.20,-0.00
00:05:01.661 [TUNER] 1922,1000,-0.00,0.00,-0.19,-0.00,-0.00,0.00,0.20,-0.00
00:05:01.693 [TUNER] 1923,1000,-0.00,0.00,-0.19,-0.00,-0.00,0.00,0.20,-0.00
00:05:01.730 [TUNER] 1924,1000,-0.00,0.00,-0.19,-0.00,-0.00,0.00,0.20,-0.00
00:05:01.732 [TUNER] 1925,1000,-0.00,0.00,-0.19,-0.00,-0.00,0.00,0.20,-0.00
00:05:01.764 [TUNER] 1926,1000,-0.00,0.00,-0.19,-0.00,-0.00,0.00,0.20,-0.00
00:05:01.765 [TUNER] 1927,1000,-0.00,0.00,-0.19,-0.00,-0.00,0.00,0.20,-0.00
00:05:01.797 [TUNER] 1928,1000,-0.00,0.00,-0.19,-0.00,-0.00,0.00,0.20,-0.00
00:05:01.834 [TUNER] 1929,1000,-0.00,0.00,-0.19,-0.00,-0.00,0.00,0.20,-0.00
00:05:01.835 [TUNER] 1930,1000,-0.00,0.00,-0.19,-0.00,-0.00,0.00,0.20,-0.00
00:05:01.868 [TUNER] 1931,1000,-0.00,0.00,-0.19,-0.00,-0.00,0.00,0.20,-0.00
00:05:01.868 [TUNER] 1932,1000,-0.00,0.00,-0.19,-0.00,-0.00,0.00,0.20,-0.00
00:05:01.902 [TUNER] 1933,1000,-0.00,0.00,-0.19,-0.00,-0.00,0.00,0.20,-0.00
00:05:01.902 [TUNER] 1934,1000,-0.00,0.00,-0.19,-0.00,-0.00,0.00,0.20,-0.00
00:05:01.938 [TUNER] 1935,1000,-0.00,0.00,-0.19,-0.00,-0.00,0.00,0.20,-0.00
00:05:01.972 [TUNER] 1936,1000,-0.00,0.00,-0.19,-0.00,-0.00,0.00,0.20,-0.00
00:05:01.975 [TUNER] 1937,1000,-0.00,0.00,-0.19,-0.00,-0.00,0.00,0.20,-0.00
00:05:02.008 [TUNER] 1938,1000,-0.00,0.00,-0.19,-0.00,-0.00,0.00,0.20,-0.00
00:05:02.011 [TUNER] 1939,1000,-0.00,0.00,-0.19,-0.00,-0.00,0.00,0.20,-0.00
00:05:02.042 [TUNER] 1940,1000,-0.00,0.00,-0.19,-0.00,-0.00,0.00,0.20,-0.00
00:05:02.080 [TUNER] 1941,1000,-0.00,0.00,-0.19,-0.00,-0.00,0.00,0.20,-0.00
00:05:02.083 [TUNER] 1942,1000,-0.00,0.00,-0.19,-0.00,-0.00,0.00,0.20,-0.00
00:05:02.113 [TUNER] 1943,1000,-0.00,0.00,-0.19,-0.00,-0.00,0.00,0.20,-0.00
00:05:02.114 [TUNER] 1944,1000,-0.00,0.00,-0.19,-0.00,-0.00,0.00,0.20,-0.00
00:05:02.148 [TUNER] 1945,1000,-0.00,0.00,-0.19,-0.00,-0.00,0.00,0.20,-0.00
00:05:02.183 [TUNER] 1946,1000,-0.00,0.00,-0.19,-0.00,-0.00,0.00,0.20,-0.00
00:05:02.184 [TUNER] 1947,1000,-0.00,0.00,-0.19,-0.00,-0.00,0.00,0.20,-0.00
00:05:02.218 [TUNER] 1948,1000,-0.00,0.00,-0.19,-0.00,-0.00,0.00,0.20,-0.00
00:05:02.218 [TUNER] 1949,1000,-0.00,0.00,-0.19,-0.00,-0.00,0.00,0.20,-0.00
00:05:02.252 [TUNER] 1950,1000,-0.00,0.00,-0.19,-0.00,-0.00,0.00,0.20,-0.00
00:05:02.253 [TUNER] 1951,1000,-0.00,0.00,-0.19,-0.00,-0.00,0.00,0.20,-0.00
00:05:02.287 [TUNER] 1952,1000,-0.00,0.00,-0.19,-0.00,-0.00,0.00,0.20,-0.00
00:05:02.323 [TUNER] 1953,1000,-0.00,0.00,-0.19,-0.00,-0.00,0.00,0.20,-0.00
00:05:02.323 [TUNER] 1954,1000,-0.00,0.00,-0.19,-0.00,-0.00,0.00,0.20,-0.00
00:05:02.357 [TUNER] 1955,1000,-0.00,0.00,-0.19,-0.00,-0.00,0.00,0.20,-0.00
00:05:02.358 [TUNER] 1956,1000,-0.00,0.00,-0.19,-0.00,-0.00,0.00,0.20,-0.00
00:05:02.392 [TUNER] 1957,1000,-0.00,0.00,-0.19,-0.00,-0.00,0.00,0.20,-0.00
00:05:02.429 [TUNER] 1958,1000,-0.00,0.00,-0.19,-0.00,-0.00,0.00,0.20,-0.00
00:05:02.430 [TUNER] 1959,1000,-0.00,0.00,-0.19,-0.00,-0.00,0.00,0.20,-0.00
00:05:02.463 [TUNER] 1960,1000,-0.00,0.00,-0.19,-0.00,-0.00,0.00,0.20,-0.00
00:05:02.464 [TUNER] 1961,1000,-0.00,0.00,-0.19,-0.00,-0.00,0.00,0.20,-0.00
00:05:02.497 [TUNER] 1962,1000,-0.00,0.00,-0.19,-0.00,-0.00,0.00,0.20,-0.00
00:05:02.532 [TUNER] 1963,1000,-0.00,0.00,-0.19,-0.00,-0.00,0.00,0.20,-0.00
00:05:02.532 [TUNER] 1964,1000,-0.00,0.00,-0.19,-0.00,-0.00,0.00,0.20,-0.00
00:05:02.567 [TUNER] 1965,1000,-0.00,0.00,-0.19,-0.00,-0.00,0.00,0.20,-0.00
00:05:02.567 [TUNER] 1966,1000,-0.00,0.00,-0.19,-0.00,-0.00,0.00,0.20,-0.00
00:05:02.602 [TUNER] 1967,1000,-0.00,0.00,-0.19,-0.00,-0.00,0.00,0.20,-0.00
00:05:02.603 [TUNER] 1968,1000,-0.00,0.00,-0.19,-0.00,-0.00,0.00,0.20,-0.00
00:05:02.638 [TUNER] 1969,1000,-0.00,0.00,-0.19,-0.00,-0.00,0.00,0.20,-0.00
00:05:02.673 [TUNER] 1970,1000,-0.00,0.00,-0.19,-0.00,-0.00,0.00,0.20,-0.00
00:05:02.673 [TUNER] 1971,1002,-0.00,0.00,-0.19,-0.00,-0.00,0.00,0.20,-0.00
00:05:02.712 [TUNER] 1972,1000,-0.00,0.00,-0.19,-0.00,-0.00,0.00,0.20,-0.00
00:05:02.713 [TUNER] 1973,998,-0.00,0.00,-0.19,-0.00,-0.00,0.00,0.20,-0.00
00:05:02.743 [TUNER] 1974,1000,-0.00,0.00,-0.19,-0.00,-0.00,0.00,0.20,-0.00
00:05:02.778 [TUNER] 1975,1000,-0.00,0.00,-0.19,-0.00,-0.00,0.00,0.20,-0.00
00:05:02.781 [TUNER] 1976,1000,-0.00,0.00,-0.19,-0.00,-0.00,0.00,0.20,-0.00
00:05:02.813 [TUNER] 1977,1000,-0.00,0.00,-0.19,-0.00,-0.00,0.00,0.20,-0.00
00:05:02.813 [TUNER] 1978,1000,-0.00,0.00,-0.19,-0.00,-0.00,0.00,0.20,-0.00
00:05:02.848 [TUNER] 1979,1000,-0.00,0.00,-0.19,-0.00,-0.00,0.00,0.20,-0.00
00:05:02.884 [TUNER] 1980,1000,-0.00,0.00,-0.19,-0.00,-0.00,0.00,0.20,-0.00
00:05:02.884 [TUNER] 1981,1000,-0.00,0.00,-0.19,-0.00,-0.00,0.00,0.20,-0.00
00:05:02.917 [TUNER] 1982,1000,-0.00,0.00,-0.19,-0.00,-0.00,0.00,0.20,-0.00
00:05:02.918 [TUNER] 1983,1000,-0.00,0.00,-0.19,-0.00,-0.00,0.00,0.20,-0.00
00:05:02.952 [TUNER] 1984,1000,-0.00,0.00,-0.19,-0.00,-0.00,0.00,0.20,-0.00
00:05:02.990 [TUNER] 1985,1000,-0.00,0.00,-0.19,-0.00,-0.00,0.00,0.20,-0.00
00:05:02.993 [TUNER] 1986,1000,-0.00,0.00,-0.19,-0.00,-0.00,0.00,0.20,-0.00
00:05:03.021 [TUNER] 1987,1000,-0.00,0.00,-0.19,-0.00,-0.00,0.00,0.20,-0.00
00:05:03.022 [TUNER] 1988,1000,-0.00,0.00,-0.19,-0.00,-0.00,0.00,0.20,-0.00
00:05:03.057 [TUNER] 1989,1000,-0.00,0.00,-0.19,-0.00,-0.00,0.00,0.20,-0.00
00:05:03.091 [TUNER] 1990,1000,-0.00,0.00,-0.19,-0.00,-0.00,0.00,0.20,-0.00
00:05:03.093 [TUNER] 1991,1000,-0.00,0.00,-0.19,-0.00,-0.00,0.00,0.20,-0.00
00:05:03.127 [TUNER] 1992,1000,-0.00,0.00,-0.19,-0.00,-0.00,0.00,0.20,-0.00
00:05:03.128 [TUNER] 1993,1000,-0.00,0.00,-0.19,-0.00,-0.00,0.00,0.20,-0.00
00:05:03.164 [TUNER] 1994,1000,-0.00,0.00,-0.19,-0.00,-0.00,0.00,0.20,-0.00
00:05:03.198 [TUNER] 1995,1000,-0.00,0.00,-0.19,-0.00,-0.00,0.00,0.20,-0.00
00:05:03.198 [TUNER] 1996,1000,-0.00,0.00,-0.19,-0.00,-0.00,0.00,0.20,-0.00
00:05:03.232 [TUNER] 1997,1000,-0.00,0.00,-0.19,-0.00,-0.00,0.00,0.20,-0.00
00:05:03.233 [TUNER] 1998,1000,-0.00,0.00,-0.19,-0.00,-0.00,0.00,0.20,-0.00
00:05:03.268 [TUNER] 1999,1000,-0.00,0.00,-0.19,-0.00,-0.00,0.00,0.20,-0.00
00:05:03.268 [TUNER] --- CSV END ---