00:06:54.936 [TUNER] --- CSV START ---
00:06:54.937 [TUNER] Metadata,Profile(Accel:12.0 Jerk:100.0),PID_0(P:10.47029 I:327.93915 D:0.00000),PID_1(P:11.35157 I:352.46927 D:0.00000)
00:06:54.938 [TUNER] Tick,DeltaTime_us,Reading_0,Setpoint_0,Output_0,int_0,Reading_1,Setpoint_1,Output_1,int_1
00:06:54.938 [TUNER] 0,0,0.00,0.10,0.09,0.00,0.00,0.10,0.22,0.00
00:06:54.953 [TUNER] 1,972,0.00,0.30,0.09,0.00,0.00,0.30,0.22,0.00
00:06:54.987 [TUNER] 2,998,0.00,0.60,0.09,0.00,0.00,0.60,0.23,0.00
00:06:54.987 [TUNER] 3,1000,0.00,1.00,0.10,0.00,0.00,1.00,0.24,0.00
00:06:55.025 [TUNER] 4,1002,0.00,1.50,0.10,0.00,0.00,1.50,0.24,0.00
00:06:55.028 [TUNER] 5,998,0.00,2.10,0.11,0.00,0.00,2.10,0.25,0.00
00:06:55.058 [TUNER] 6,1000,0.00,2.80,0.12,0.00,0.00,2.80,0.26,0.00
00:06:55.059 [TUNER] 7,1000,0.00,3.60,0.12,0.00,0.00,3.60,0.26,0.00
00:06:55.094 [TUNER] 8,1000,0.00,4.50,0.14,0.00,0.00,4.50,0.28,0.00
00:06:55.127 [TUNER] 9,1000,0.00,5.50,0.14,0.00,0.00,5.50,0.28,0.00
00:06:55.127 [TUNER] 10,1000,0.00,6.60,0.17,0.00,0.00,6.60,0.31,0.00
00:06:55.162 [TUNER] 11,1000,0.00,7.80,0.17,0.00,0.00,7.80,0.31,0.00
00:06:55.163 [TUNER] 12,1000,0.00,9.10,0.21,0.00,0.00,9.10,0.35,0.00
00:06:55.199 [TUNER] 13,1000,0.00,10.50,0.21,0.00,0.00,10.50,0.35,0.00
00:06:55.232 [TUNER] 14,1000,0.00,12.00,0.25,0.00,0.00,12.00,0.40,0.00
00:06:55.232 [TUNER] 15,1000,0.00,13.60,0.25,0.00,0.00,13.60,0.40,0.00
00:06:55.268 [TUNER] 16,1000,0.00,15.30,0.29,0.00,0.00,15.30,0.45,0.00
00:06:55.269 [TUNER] 17,1000,0.00,17.10,0.29,0.00,0.00,17.10,0.45,0.00
00:06:55.304 [TUNER] 18,1000,0.00,19.00,0.35,0.00,0.00,19.00,0.51,0.00
00:06:55.339 [TUNER] 19,1000,0.00,21.00,0.35,0.00,0.00,21.00,0.51,0.00
00:06:55.340 [TUNER] 20,1000,0.00,23.10,0.41,0.00,0.00,23.10,0.57,0.00
00:06:55.375 [TUNER] 21,1000,0.00,25.30,0.41,0.00,0.00,25.30,0.57,0.00
00:06:55.376 [TUNER] 22,1000,0.00,27.60,0.48,0.00,0.00,27.60,0.65,0.00
00:06:55.408 [TUNER] 23,1000,0.00,30.00,0.48,0.00,0.00,30.00,0.65,0.00
00:06:55.442 [TUNER] 24,1000,0.00,32.50,0.56,0.00,0.00,32.50,0.73,0.00
00:06:55.442 [TUNER] 25,1000,0.00,35.10,0.56,0.00,0.00,35.10,0.73,0.00
00:06:55.477 [TUNER] 26,1000,0.00,37.80,0.64,0.00,0.00,37.80,0.82,0.00
00:06:55.477 [TUNER] 27,1000,0.00,40.60,0.64,0.00,0.00,40.60,0.82,0.00
00:06:55.513 [TUNER] 28,1000,0.00,43.50,0.74,0.00,0.00,43.50,0.92,0.00
00:06:55.547 [TUNER] 29,1000,0.00,46.50,0.74,0.00,0.00,46.50,0.92,0.00
00:06:55.548 [TUNER] 30,1000,1.72,49.60,0.82,0.00,5.15,49.60,0.97,0.00
00:06:55.583 [TUNER] 31,1000,1.72,52.80,0.82,0.00,5.15,52.80,0.97,0.00
00:06:55.583 [TUNER] 32,1000,4.81,56.10,0.90,0.00,12.71,56.10,1.00,0.00
00:06:55.618 [TUNER] 33,1000,4.81,59.50,0.90,0.00,12.71,59.50,1.00,0.00
00:06:55.655 [TUNER] 34,1000,10.72,63.00,0.95,0.00,23.92,63.00,0.98,0.00
00:06:55.656 [TUNER] 35,1000,10.72,66.60,0.95,0.00,23.92,66.60,0.98,0.00
00:06:55.687 [TUNER] 36,1000,17.17,70.30,1.00,0.00,29.44,70.30,1.04,0.00
00:06:55.689 [TUNER] 37,1000,17.17,74.10,1.00,0.00,29.44,74.10,1.04,0.00
00:06:55.722 [TUNER] 38,1000,27.48,78.00,1.01,0.00,35.58,78.00,1.09,0.00
00:06:55.759 [TUNER] 39,1000,27.48,82.00,1.01,0.00,35.58,82.00,1.09,0.00
00:06:55.759 [TUNER] 40,1000,40.88,86.10,1.00,0.00,42.21,86.10,1.15,0.00
00:06:55.793 [TUNER] 41,1000,40.88,90.30,1.00,0.00,42.21,90.30,1.15,0.00
00:06:55.794 [TUNER] 42,1000,51.60,94.60,1.01,0.00,52.66,94.60,1.17,0.00
00:06:55.829 [TUNER] 43,1000,51.60,99.00,1.01,0.00,52.66,99.00,1.17,0.00
00:06:55.829 [TUNER] 44,1000,61.90,103.50,1.03,0.00,61.03,103.50,1.21,0.00
00:06:55.862 [TUNER] 45,1000,61.90,108.10,1.03,0.00,61.03,108.10,1.21,0.00
00:06:55.900 [TUNER] 46,1000,70.14,112.80,1.08,0.00,67.72,112.80,1.28,0.00
00:06:55.900 [TUNER] 47,1000,70.14,117.60,1.08,0.00,67.72,117.60,1.28,0.00
00:06:55.934 [TUNER] 48,1000,76.73,122.50,1.15,0.00,76.51,122.50,1.33,0.00
00:06:55.935 [TUNER] 49,1000,76.73,127.50,1.15,0.00,76.51,127.50,1.33,0.00
00:06:55.968 [TUNER] 50,1000,88.87,132.60,1.17,0.00,86.98,132.60,1.37,0.00
00:06:55.968 [TUNER] 51,1000,88.87,137.80,1.17,0.00,86.98,137.80,1.37,0.00
00:06:56.002 [TUNER] 52,1000,100.30,143.10,1.20,0.00,97.07,143.10,1.42,0.00
00:06:56.039 [TUNER] 53,1000,100.30,148.50,1.20,0.00,97.07,148.50,1.42,0.00
00:06:56.039 [TUNER] 54,1000,109.45,154.00,1.26,0.00,110.30,154.00,1.43,0.00
00:06:56.073 [TUNER] 55,1000,109.45,159.60,1.26,0.00,110.30,159.60,1.43,0.00
00:06:56.073 [TUNER] 56,1000,121.92,165.30,1.28,0.00,124.32,165.30,1.44,0.00
00:06:56.109 [TUNER] 57,1000,121.92,171.10,1.28,0.00,124.32,171.10,1.44,0.00
00:06:56.110 [TUNER] 58,1000,133.62,177.00,1.32,0.00,133.82,177.00,1.51,0.00
00:06:56.142 [TUNER] 59,1000,133.62,183.00,1.32,0.00,133.82,183.00,1.51,0.00
00:06:56.178 [TUNER] 60,1000,142.97,189.10,1.40,0.00,144.85,189.10,1.56,0.00
00:06:56.179 [TUNER] 61,1000,142.97,195.30,1.40,0.00,144.85,195.30,1.56,0.00
00:06:56.214 [TUNER] 62,1000,151.97,201.60,1.48,0.00,160.31,201.60,1.57,0.00
00:06:56.215 [TUNER] 63,1000,151.97,208.00,1.48,0.00,160.31,208.00,1.57,0.00
00:06:56.250 [TUNER] 64,1000,159.58,214.50,1.58,0.00,178.34,214.50,1.55,0.00
00:06:56.251 [TUNER] 65,1000,159.58,221.10,1.58,0.00,178.34,221.10,1.55,0.00
00:06:56.283 [TUNER] 66,1000,180.92,227.80,1.54,0.00,178.75,227.80,1.75,0.00
00:06:56.320 [TUNER] 67,1000,180.92,234.60,1.54,0.00,178.75,234.60,1.75,0.00
00:06:56.320 [TUNER] 68,1000,201.44,241.50,1.51,0.00,187.67,241.50,1.85,0.00
00:06:56.354 [TUNER] 69,1000,201.44,248.50,1.51,0.00,187.67,248.50,1.85,0.00
00:06:56.354 [TUNER] 70,1000,224.72,255.60,1.45,0.00,205.12,255.60,1.86,0.00
00:06:56.387 [TUNER] 71,1000,224.72,262.80,1.45,0.00,205.12,262.80,1.86,0.00
00:06:56.423 [TUNER] 72,1000,241.62,270.10,1.46,0.00,217.35,270.10,1.94,0.00
00:06:56.424 [TUNER] 73,1000,241.62,277.50,1.46,0.00,217.35,277.50,1.94,0.00
00:06:56.457 [TUNER] 74,1000,268.89,285.00,1.35,0.00,230.58,285.00,2.01,0.00
00:06:56.459 [TUNER] 75,1000,268.89,292.60,1.35,0.00,230.58,292.60,2.01,0.00
00:06:56.493 [TUNER] 76,1000,288.99,300.30,1.33,0.00,249.75,300.30,2.02,0.00
00:06:56.529 [TUNER] 77,1000,288.99,308.10,1.33,0.00,249.75,308.10,2.02,0.00
00:06:56.530 [TUNER] 78,1000,305.07,316.00,1.34,0.00,261.65,316.00,2.12,0.00
00:06:56.562 [TUNER] 79,1000,305.07,324.00,1.34,0.00,261.65,324.00,2.12,0.00
00:06:56.562 [TUNER] 80,1000,314.50,332.10,1.44,0.00,288.35,332.10,2.04,0.00
00:06:56.598 [TUNER] 81,1000,314.50,340.30,1.44,0.00,288.35,340.30,2.04,0.00
00:06:56.599 [TUNER] 82,1000,323.76,348.60,1.55,0.00,306.27,348.60,2.07,0.00
00:06:56.633 [TUNER] 83,1000,323.76,357.00,1.55,0.00,306.27,357.00,2.07,0.00
00:06:56.635 [TUNER] 84,1000,332.88,365.50,1.67,0.00,336.08,365.50,1.96,0.00
00:06:56.669 [TUNER] 85,1000,332.88,374.10,1.67,0.00,336.08,374.10,1.96,0.00
00:06:56.702 [TUNER] 86,1000,338.46,382.80,1.84,0.00,353.05,382.80,2.00,0.00
00:06:56.703 [TUNER] 87,1000,338.46,391.60,1.84,0.00,353.05,391.60,2.00,0.00
00:06:56.738 [TUNER] 88,1000,349.80,400.50,1.96,0.00,376.93,400.50,1.97,0.00
00:06:56.739 [TUNER] 89,1000,349.80,409.50,1.96,0.00,376.93,409.50,1.97,0.00
00:06:56.773 [TUNER] 90,1000,370.90,418.60,1.98,0.00,394.32,418.60,2.01,0.00
00:06:56.773 [TUNER] 91,1000,370.90,427.80,1.98,0.00,394.32,427.80,2.01,0.00
00:06:56.813 [TUNER] 92,1000,396.37,437.10,1.95,0.00,406.51,437.10,2.12,0.00
00:06:56.843 [TUNER] 93,1000,396.37,446.50,1.95,0.00,406.51,446.50,2.12,0.00
00:06:56.843 [TUNER] 94,1000,420.18,456.00,1.94,0.00,419.70,456.00,2.23,0.00
00:06:56.879 [TUNER] 95,1000,420.18,465.60,1.94,0.00,419.70,465.60,2.23,0.00
00:06:56.880 [TUNER] 96,1000,447.81,475.30,1.89,0.00,431.97,475.30,2.36,0.00
00:06:56.913 [TUNER] 97,1000,447.81,485.10,1.89,0.00,431.97,485.10,2.36,0.00
00:06:56.914 [TUNER] 98,1000,476.80,495.00,1.82,0.00,450.38,495.00,2.43,0.00
00:06:56.947 [TUNER] 99,1000,476.80,505.00,1.82,0.00,450.38,505.00,2.43,0.00
00:06:56.983 [TUNER] 100,1000,499.98,515.10,1.82,0.00,484.00,515.10,2.31,0.00
00:06:56.984 [TUNER] 101,1000,499.98,525.30,1.82,0.00,484.00,525.30,2.31,0.00
00:06:57.019 [TUNER] 102,1000,513.38,535.60,1.93,0.00,514.34,535.60,2.24,0.00
00:06:57.020 [TUNER] 103,1000,513.38,546.00,1.93,0.00,514.34,546.00,2.24,0.00
00:06:57.052 [TUNER] 104,1000,515.50,556.50,2.18,0.00,533.45,556.50,2.30,0.00
00:06:57.053 [TUNER] 105,1000,515.50,567.10,2.18,0.00,533.45,567.10,2.30,0.00
00:06:57.087 [TUNER] 106,1000,517.21,577.80,2.44,0.00,550.46,577.80,2.38,0.00
00:06:57.126 [TUNER] 107,1000,517.21,588.60,2.44,0.00,550.46,588.60,2.38,0.00
00:06:57.128 [TUNER] 108,1000,540.90,599.50,2.48,0.00,562.35,599.50,2.54,0.00
00:06:57.195 [TUNER] 109,1000,540.90,610.50,2.48,0.00,562.35,610.50,2.54,0.00
00:06:57.196 [TUNER] 110,1000,565.01,621.60,2.52,0.00,568.43,621.60,2.78,0.00
00:06:57.196 [TUNER] 111,1000,565.01,632.80,2.52,0.00,568.43,632.80,2.78,0.00
00:06:57.197 [TUNER] 112,1000,603.20,644.10,2.40,0.00,588.75,644.10,2.87,0.00
00:06:57.227 [TUNER] 113,1000,603.20,655.50,2.40,0.00,588.75,655.50,2.87,0.00
00:06:57.265 [TUNER] 114,1000,616.57,667.00,2.56,0.00,611.88,667.00,2.93,0.00
00:06:57.265 [TUNER] 115,1000,616.57,678.60,2.56,0.00,611.88,678.60,2.93,0.00
00:06:57.298 [TUNER] 116,1000,627.26,690.30,2.76,0.00,651.00,690.30,2.80,0.00
00:06:57.299 [TUNER] 117,1000,627.26,702.10,2.76,0.00,651.00,702.10,2.80,0.00
00:06:57.334 [TUNER] 118,1000,646.13,714.00,2.88,0.00,689.17,714.00,2.68,0.00
00:06:57.334 [TUNER] 119,1000,646.13,726.00,2.88,0.00,689.17,726.00,2.68,0.00
00:06:57.367 [TUNER] 120,1000,673.24,738.00,2.91,0.00,707.68,738.00,2.78,0.00
00:06:57.404 [TUNER] 121,1000,673.24,750.00,2.91,0.00,707.68,750.00,2.78,0.00
00:06:57.405 [TUNER] 122,1000,701.81,762.00,2.93,0.00,708.74,762.00,3.10,0.00
00:06:57.438 [TUNER] 123,1000,701.81,774.00,2.93,0.00,708.74,774.00,3.10,0.00
00:06:57.439 [TUNER] 124,1000,740.13,786.00,2.83,0.00,723.34,786.00,3.28,0.00
00:06:57.474 [TUNER] 125,1000,740.13,798.00,2.83,0.00,723.34,798.00,3.28,0.00
00:06:57.474 [TUNER] 126,1000,762.19,810.00,2.91,0.00,760.78,810.00,3.18,0.00
00:06:57.509 [TUNER] 127,1000,762.19,822.00,2.91,0.00,760.78,822.00,3.18,0.00
00:06:57.543 [TUNER] 128,1000,786.71,834.00,2.96,0.00,804.49,834.00,3.01,0.00
00:06:57.544 [TUNER] 129,1000,786.71,846.00,2.96,0.00,804.49,846.00,3.01,0.00
00:06:57.577 [TUNER] 130,1000,821.79,858.00,2.89,0.00,832.58,858.00,3.00,0.00
00:06:57.579 [TUNER] 131,1000,821.79,870.00,2.89,0.00,832.58,870.00,3.00,0.00
00:06:57.613 [TUNER] 132,1000,863.39,882.00,2.74,0.00,860.01,882.00,3.00,0.00
00:06:57.615 [TUNER] 133,1000,863.39,894.00,2.74,0.00,860.01,894.00,3.00,0.00
00:06:57.649 [TUNER] 134,1000,888.49,906.00,2.76,0.00,908.14,906.00,2.75,0.00
00:06:57.753 [TUNER] 135,1000,888.49,918.00,2.76,0.00,908.14,918.00,2.75,0.00
00:06:57.753 [TUNER] 136,1000,904.93,930.00,2.88,0.00,968.76,930.00,2.33,0.00
00:06:57.755 [TUNER] 137,1000,904.93,942.00,2.88,0.00,968.76,942.00,2.33,0.00
00:06:57.758 [TUNER] 138,1000,928.40,954.00,2.93,0.00,982.89,954.00,2.44,0.00
00:06:57.758 [TUNER] 139,1000,928.40,966.00,2.93,0.00,982.89,966.00,2.44,0.00
00:06:57.758 [TUNER] 140,1000,995.27,978.00,2.49,0.00,963.27,978.00,2.97,0.00
00:06:57.786 [TUNER] 141,1000,995.27,990.00,2.49,0.00,963.27,990.00,2.97,0.00
00:06:57.825 [TUNER] 142,1000,1057.36,1002.00,2.08,0.00,968.19,1002.00,3.24,0.00
00:06:57.826 [TUNER] 143,1000,1057.36,1014.00,2.08,0.00,968.19,1014.00,3.24,0.00
00:06:57.859 [TUNER] 144,1000,1079.55,1026.00,2.09,0.00,1004.78,1026.00,3.13,0.00
00:06:57.859 [TUNER] 145,1000,1079.55,1038.00,2.09,0.00,1004.78,1038.00,3.13,0.00
00:06:57.894 [TUNER] 146,1000,1074.96,1050.00,2.40,0.00,1030.60,1050.00,3.15,0.00
00:06:57.898 [TUNER] 147,1000,1074.96,1062.00,2.40,0.00,1030.60,1062.00,3.15,0.00
00:06:57.929 [TUNER] 148,1000,1064.41,1074.00,2.79,0.00,1034.09,1074.00,3.43,0.00
00:06:57.963 [TUNER] 149,1000,1064.41,1086.00,2.79,0.00,1034.09,1086.00,3.43,0.00
00:06:57.963 [TUNER] 150,1000,1057.70,1098.00,3.16,0.00,1057.49,1098.00,3.49,0.00
00:06:57.998 [TUNER] 151,1000,1057.70,1110.00,3.16,0.00,1057.49,1110.00,3.49,0.00
00:06:57.999 [TUNER] 152,1000,1060.92,1122.00,3.44,0.00,1108.85,1122.00,3.22,0.00
00:06:58.033 [TUNER] 153,1000,1060.92,1134.00,3.44,0.00,1108.85,1134.00,3.22,0.00
00:06:58.033 [TUNER] 154,1000,1097.85,1146.00,3.36,0.00,1122.46,1146.00,3.37,0.00
00:06:58.067 [TUNER] 155,1000,1097.85,1158.00,3.36,0.00,1122.46,1158.00,3.37,0.00
00:06:58.102 [TUNER] 156,1000,1146.30,1170.00,3.15,0.00,1107.57,1170.00,3.88,0.01
00:06:58.103 [TUNER] 157,1000,1146.30,1182.00,3.15,0.00,1107.57,1182.00,3.88,0.01
00:06:58.136 [TUNER] 158,1000,1188.49,1194.00,2.98,0.01,1109.40,1194.00,4.22,0.01
00:06:58.137 [TUNER] 159,1000,1188.49,1206.00,2.98,0.01,1109.40,1206.00,4.22,0.01
00:06:58.173 [TUNER] 160,1000,1211.94,1218.00,3.02,0.01,1160.69,1218.00,3.97,0.01
00:06:58.206 [TUNER] 161,1000,1211.94,1230.00,3.02,0.01,1160.69,1230.00,3.97,0.01
00:06:58.206 [TUNER] 162,1000,1251.31,1242.00,2.87,0.01,1203.44,1242.00,3.81,0.01
00:06:58.244 [TUNER] 163,1000,1251.31,1254.00,2.87,0.01,1203.44,1254.00,3.81,0.01
00:06:58.245 [TUNER] 164,1000,1241.58,1266.00,3.27,0.01,1234.21,1266.00,3.78,0.01
00:06:58.280 [TUNER] 165,1000,1241.58,1278.00,3.27,0.01,1234.21,1278.00,3.78,0.01
00:06:58.282 [TUNER] 166,1000,1235.51,1290.00,3.64,0.01,1306.93,1290.00,3.24,0.01
00:06:58.313 [TUNER] 167,1000,1235.51,1301.90,3.64,0.01,1306.93,1301.90,3.24,0.01
00:06:58.316 [TUNER] 168,1000,1258.14,1313.70,3.71,0.01,1329.02,1313.70,3.27,0.01
00:06:58.350 [TUNER] 169,1000,1258.14,1325.40,3.71,0.01,1329.02,1325.40,3.27,0.01
00:06:58.383 [TUNER] 170,1000,1315.76,1337.00,3.39,0.01,1343.26,1337.00,3.39,0.01
00:06:58.383 [TUNER] 171,1000,1315.76,1348.50,3.39,0.01,1343.26,1348.50,3.39,0.01
00:06:58.417 [TUNER] 172,1000,1344.68,1359.90,3.36,0.01,1389.01,1359.90,3.13,0.01
00:06:58.418 [TUNER] 173,1000,1344.68,1371.20,3.36,0.01,1389.01,1371.20,3.13,0.01
00:06:58.453 [TUNER] 174,1000,1397.02,1382.40,3.06,0.01,1382.66,1382.40,3.48,0.01
00:06:58.453 [TUNER] 175,1000,1397.02,1393.50,3.06,0.01,1382.66,1393.50,3.48,0.01
00:06:58.487 [TUNER] 176,1000,1416.56,1404.50,3.10,0.01,1368.99,1404.50,3.93,0.01
00:06:58.523 [TUNER] 177,1000,1416.56,1415.40,3.10,0.01,1368.99,1415.40,3.93,0.01
00:06:58.523 [TUNER] 178,1000,1406.42,1426.20,3.47,0.01,1401.01,1426.20,3.86,0.01
00:06:58.561 [TUNER] 179,1000,1406.42,1436.90,3.47,0.01,1401.01,1436.90,3.86,0.01
00:06:58.564 [TUNER] 180,1000,1412.05,1447.50,3.68,0.01,1421.47,1447.50,3.90,0.01
00:06:58.594 [TUNER] 181,1000,1412.05,1458.00,3.68,0.01,1421.47,1458.00,3.90,0.01
00:06:58.594 [TUNER] 182,1000,1444.05,1468.40,3.60,0.01,1477.35,1468.40,3.52,0.01
00:06:58.628 [TUNER] 183,1000,1444.05,1478.70,3.60,0.01,1477.35,1478.70,3.52,0.01
00:06:58.664 [TUNER] 184,1000,1467.92,1488.90,3.60,0.01,1589.06,1488.90,2.44,0.01
00:06:58.665 [TUNER] 185,1000,1467.92,1499.00,3.60,0.01,1589.06,1499.00,2.44,0.01
00:06:58.698 [TUNER] 186,1000,1523.10,1509.00,3.24,0.01,1637.19,1509.00,2.05,0.01
00:06:58.699 [TUNER] 187,1000,1523.10,1518.90,3.24,0.01,1637.19,1518.90,2.05,0.01
00:06:58.732 [TUNER] 188,1000,1580.99,1528.70,2.83,0.01,1710.06,1528.70,1.33,0.00
00:06:58.733 [TUNER] 189,1000,1580.99,1538.40,2.83,0.01,1710.06,1538.40,1.33,0.00
00:06:58.768 [TUNER] 190,1000,1596.38,1548.00,2.86,0.01,1709.94,1548.00,1.46,0.00
00:06:58.806 [TUNER] 191,1000,1596.38,1557.50,2.86,0.01,1709.94,1557.50,1.46,0.00
00:06:58.806 [TUNER] 192,1000,1613.84,1566.90,2.86,0.01,1668.62,1566.90,2.09,0.00
00:06:58.838 [TUNER] 193,1000,1613.84,1576.20,2.86,0.01,1668.62,1576.20,2.09,0.00
00:06:58.838 [TUNER] 194,1000,1600.33,1585.40,3.21,0.01,1620.09,1585.40,2.84,0.00
00:06:58.876 [TUNER] 195,1000,1600.33,1594.50,3.21,0.01,1620.09,1594.50,2.84,0.00
00:06:58.880 [TUNER] 196,1000,1613.56,1603.50,3.27,0.01,1569.24,1603.50,3.67,0.00
00:06:58.909 [TUNER] 197,1000,1613.56,1612.40,3.27,0.01,1569.24,1612.40,3.67,0.00
00:06:58.943 [TUNER] 198,1000,1643.05,1621.20,3.15,0.01,1550.90,1621.20,4.15,0.00
00:06:58.944 [TUNER] 199,1000,1643.05,1629.90,3.15,0.01,1550.90,1629.90,4.15,0.00
00:06:58.978 [TUNER] 200,1000,1656.34,1638.50,3.20,0.01,1580.90,1638.50,4.06,0.00
00:06:58.979 [TUNER] 201,1000,1656.34,1647.00,3.20,0.01,1580.90,1647.00,4.06,0.00
00:06:59.013 [TUNER] 202,1000,1689.56,1655.40,3.02,0.00,1572.74,1655.40,4.42,0.00
00:06:59.015 [TUNER] 203,1000,1689.56,1663.70,3.02,0.00,1572.74,1663.70,4.42,0.00
00:06:59.047 [TUNER] 204,1000,1732.86,1671.90,2.72,0.00,1623.88,1671.90,4.08,0.00
00:06:59.084 [TUNER] 205,1000,1732.86,1680.00,2.72,0.00,1623.88,1680.00,4.08,0.00
00:06:59.084 [TUNER] 206,1000,1848.45,1688.00,1.58,0.00,1697.69,1688.00,3.43,0.00
00:06:59.119 [TUNER] 207,1000,1848.45,1695.90,1.58,0.00,1697.69,1695.90,3.43,0.00
00:06:59.119 [TUNER] 208,1000,1880.78,1703.70,1.31,0.00,1792.82,1703.70,2.48,0.00
00:06:59.152 [TUNER] 209,1000,1880.78,1711.40,1.31,0.00,1792.82,1711.40,2.48,0.00
00:06:59.154 [TUNER] 210,1000,1841.37,1719.00,1.82,0.00,1877.52,1719.00,1.60,0.00
00:06:59.186 [TUNER] 211,1000,1841.37,1726.50,1.82,0.00,1877.52,1726.50,1.60,0.00
00:06:59.225 [TUNER] 212,1000,1797.81,1733.90,2.40,0.00,1895.45,1733.90,1.46,0.00
00:06:59.227 [TUNER] 213,1000,1797.81,1741.20,2.40,0.00,1895.45,1741.20,1.46,0.00
00:06:59.258 [TUNER] 214,1000,1733.75,1748.40,3.25,0.00,1866.84,1748.40,1.88,0.00
00:06:59.259 [TUNER] 215,1000,1733.75,1755.50,3.25,0.00,1866.84,1755.50,1.88,0.00
00:06:59.293 [TUNER] 216,1000,1720.30,1762.50,3.58,0.00,1756.34,1762.50,3.31,0.00
00:06:59.294 [TUNER] 217,1000,1720.30,1769.40,3.58,0.00,1756.34,1769.40,3.31,0.00
00:06:59.329 [TUNER] 218,1000,1721.57,1776.20,3.76,0.00,1717.76,1776.20,3.96,0.00
00:06:59.365 [TUNER] 219,1000,1721.57,1782.90,3.76,0.00,1717.76,1782.90,3.96,0.00
00:06:59.366 [TUNER] 220,1000,1715.72,1789.50,4.02,0.00,1710.95,1789.50,4.26,0.00
00:06:59.399 [TUNER] 221,1000,1715.72,1796.00,4.02,0.00,1710.95,1796.00,4.26,0.00
00:06:59.399 [TUNER] 222,1000,1724.77,1802.40,4.13,0.00,1705.50,1802.40,4.55,0.00
00:06:59.432 [TUNER] 223,1000,1724.77,1808.70,4.13,0.00,1705.50,1808.70,4.55,0.00
00:06:59.433 [TUNER] 224,1000,1735.46,1814.90,4.21,0.00,1747.52,1814.90,4.27,0.00
00:06:59.467 [TUNER] 225,1000,1735.46,1821.00,4.21,0.00,1747.52,1821.00,4.27,0.00
00:06:59.503 [TUNER] 226,1000,1797.26,1827.00,3.72,0.00,1743.35,1827.00,4.53,0.00
00:06:59.503 [TUNER] 227,1000,1797.26,1832.90,3.72,0.00,1743.35,1832.90,4.53,0.00
00:06:59.538 [TUNER] 228,1000,1875.92,1838.70,3.01,0.00,1764.06,1838.70,4.49,0.00
00:06:59.538 [TUNER] 229,1000,1875.92,1844.40,3.01,0.00,1764.06,1844.40,4.49,0.00
00:06:59.574 [TUNER] 230,1000,1954.30,1850.00,2.25,0.00,1820.15,1850.00,4.01,0.00
00:06:59.574 [TUNER] 231,1000,1954.30,1855.50,2.25,0.00,1820.15,1855.50,4.01,0.00
00:06:59.608 [TUNER] 232,1000,2006.70,1860.90,1.73,0.00,1877.04,1860.90,3.49,0.00
00:06:59.642 [TUNER] 233,1000,2006.70,1866.20,1.73,0.00,1877.04,1866.20,3.49,0.00
00:06:59.643 [TUNER] 234,1000,2036.59,1871.40,1.43,0.00,1963.79,1871.40,2.57,0.00
00:06:59.682 [TUNER] 235,1000,2036.59,1876.50,1.43,0.00,1963.79,1876.50,2.57,0.00
00:06:59.684 [TUNER] 236,1000,1981.48,1881.50,2.06,0.00,2034.91,1881.50,1.78,0.00
00:06:59.716 [TUNER] 237,1000,1981.48,1886.40,2.06,0.00,2034.91,1886.40,1.78,0.00
00:06:59.718 [TUNER] 238,1000,1920.20,1891.20,2.79,0.00,2086.65,1891.20,1.17,0.00
00:06:59.750 [TUNER] 239,1000,1920.20,1895.90,2.79,0.00,2086.65,1895.90,1.17,0.00
00:06:59.781 [TUNER] 240,1000,1890.08,1900.50,3.22,0.00,2062.75,1900.50,1.45,0.00
00:06:59.782 [TUNER] 241,1000,1890.08,1905.00,3.22,0.00,2062.75,1905.00,1.45,0.00
00:06:59.855 [TUNER] 242,1000,1874.58,1909.40,3.51,0.00,2004.12,1909.40,2.16,0.00
00:06:59.856 [TUNER] 243,1000,1874.58,1913.70,3.51,0.00,2004.12,1913.70,2.16,0.00
00:06:59.856 [TUNER] 244,1000,1910.28,1917.90,3.23,0.00,1919.42,1917.90,3.22,0.00
00:06:59.857 [TUNER] 245,1000,1910.28,1922.00,3.23,0.00,1919.42,1922.00,3.22,0.00
00:06:59.888 [TUNER] 246,1000,1899.32,1926.00,3.46,0.00,1904.92,1926.00,3.50,0.00
00:06:59.923 [TUNER] 247,1000,1899.32,1929.90,3.46,0.00,1904.92,1929.90,3.50,0.00
00:06:59.923 [TUNER] 248,1000,1899.15,1933.70,3.57,0.00,1895.04,1933.70,3.73,0.00
00:06:59.958 [TUNER] 249,1000,1899.15,1937.40,3.57,0.00,1895.04,1937.40,3.73,0.00
00:06:59.958 [TUNER] 250,1000,1912.75,1941.00,3.53,0.00,1923.21,1941.00,3.52,0.00
00:06:59.992 [TUNER] 251,1000,1912.75,1944.50,3.53,0.00,1923.21,1944.50,3.52,0.00
00:07:00.027 [TUNER] 252,1000,1954.56,1947.90,3.17,0.00,1921.69,1947.90,3.64,0.00
00:07:00.029 [TUNER] 253,1000,1954.56,1951.20,3.17,0.00,1921.69,1951.20,3.64,0.00
00:07:00.066 [TUNER] 254,1000,2042.99,1954.40,2.26,0.00,1932.51,1954.40,3.61,0.00
00:07:00.067 [TUNER] 255,1000,2042.99,1957.50,2.26,0.00,1932.51,1957.50,3.61,0.00
00:07:00.097 [TUNER] 256,1000,2103.42,1960.50,1.60,0.00,1984.11,1960.50,3.08,0.00
00:07:00.097 [TUNER] 257,1000,2103.42,1963.40,1.60,0.00,1984.11,1963.40,3.08,0.00
00:07:00.133 [TUNER] 258,1000,2150.05,1966.20,1.06,0.00,2046.01,1966.20,2.39,0.00
00:07:00.168 [TUNER] 259,1000,2150.05,1968.90,1.06,0.00,2046.01,1968.90,2.39,0.00
00:07:00.168 [TUNER] 260,1000,2151.27,1971.50,0.99,0.00,2081.79,1971.50,1.98,0.00
00:07:00.203 [TUNER] 261,1000,2151.27,1974.00,0.99,0.00,2081.79,1974.00,1.98,0.00
00:07:00.203 [TUNER] 262,1000,2056.04,1976.40,1.99,0.00,2029.66,1976.40,2.59,0.00
00:07:00.238 [TUNER] 263,1000,2056.04,1978.70,1.99,0.00,2029.66,1978.70,2.59,0.00
00:07:00.238 [TUNER] 264,1000,1964.39,1980.90,3.01,0.00,2017.16,1980.90,2.76,0.00
00:07:00.273 [TUNER] 265,1000,1964.39,1983.00,3.01,0.00,2017.16,1983.00,2.76,0.00
00:07:00.347 [TUNER] 266,1002,1951.98,1985.00,3.21,0.00,1963.48,1985.00,3.44,0.00
00:07:00.347 [TUNER] 267,998,1951.98,1986.90,3.21,0.00,1963.48,1986.90,3.44,0.00
00:07:00.347 [TUNER] 268,1000,1964.71,1988.70,3.14,0.00,1979.11,1988.70,3.31,0.00
00:07:00.347 [TUNER] 269,1000,1964.71,1990.40,3.14,0.00,1979.11,1990.40,3.31,0.00
00:07:00.381 [TUNER] 270,1000,2020.18,1992.00,2.58,0.00,1969.85,1992.00,3.47,0.00
00:07:00.381 [TUNER] 271,1000,2020.18,1993.50,2.58,0.00,1969.85,1993.50,3.47,0.00
00:07:00.413 [TUNER] 272,1001,1983.32,1994.90,3.00,0.00,1980.63,1994.90,3.40,0.00
00:07:00.449 [TUNER] 273,999,1983.32,1996.20,3.00,0.00,1980.63,1996.20,3.40,0.00
00:07:00.450 [TUNER] 274,1000,1998.03,1997.40,2.88,0.00,1975.13,1997.40,3.51,0.00
00:07:00.483 [TUNER] 275,1000,1998.03,1998.50,2.88,0.00,1975.13,1998.50,3.51,0.00
00:07:00.483 [TUNER] 276,1000,1993.57,1999.50,2.95,0.00,1989.00,1999.50,3.38,0.00
00:07:00.517 [TUNER] 277,1000,1993.57,2000.40,2.95,0.00,1989.00,2000.40,3.38,0.00
00:07:00.517 [TUNER] 278,1000,2022.66,2001.20,2.65,0.00,2051.64,2001.20,2.66,0.00
00:07:00.552 [TUNER] 279,1000,2022.66,2001.90,2.65,0.00,2051.64,2001.90,2.66,0.00
00:07:00.587 [TUNER] 280,1000,2011.56,2002.50,2.78,0.00,2084.57,2002.50,2.24,0.00
00:07:00.588 [TUNER] 281,1002,2004.67,2003.00,2.85,0.00,2165.35,2003.00,1.27,0.00
00:07:00.624 [TUNER] 282,998,2004.67,2003.40,2.85,0.00,2165.35,2003.40,1.27,0.00
00:07:00.659 [TUNER] 283,1000,2024.63,2003.70,2.64,0.00,2168.69,2003.70,1.13,0.00
00:07:00.661 [TUNER] 284,1000,2024.63,2003.90,2.64,0.00,2168.69,2003.90,1.13,0.00
00:07:00.662 [TUNER] 285,1000,2021.73,2004.00,2.66,0.00,2190.24,2004.00,0.76,0.00
00:07:00.694 [TUNER] 286,1000,2021.73,2000.00,2.66,0.00,2190.24,2000.00,0.76,0.00
00:07:00.729 [TUNER] 287,1000,2033.15,2000.00,2.48,0.00,2137.04,2000.00,1.21,0.00
00:07:00.731 [TUNER] 288,1000,2033.15,2000.00,2.48,0.00,2137.04,2000.00,1.21,0.00
00:07:00.764 [TUNER] 289,1000,1999.34,2000.00,2.83,0.00,2123.68,2000.00,1.28,0.00
00:07:00.764 [TUNER] 290,1000,1999.34,2000.00,2.83,0.00,2123.68,2000.00,1.28,0.00
00:07:00.798 [TUNER] 291,1000,1999.78,2000.00,2.83,0.00,2052.87,2000.00,2.04,0.00
00:07:00.799 [TUNER] 292,1000,1999.78,2000.00,2.83,0.00,2052.87,2000.00,2.04,0.00
00:07:00.832 [TUNER] 293,1000,2012.16,2000.00,2.69,0.00,2023.70,2000.00,2.36,0.00
00:07:00.869 [TUNER] 294,1000,2012.16,2000.00,2.69,0.00,2023.70,2000.00,2.36,0.00
00:07:00.871 [TUNER] 295,1000,2083.91,2000.00,1.88,0.00,2002.09,2000.00,2.60,0.00
00:07:00.905 [TUNER] 296,1000,2083.91,2000.00,1.88,0.00,2002.09,2000.00,2.60,0.00
00:07:00.906 [TUNER] 297,1000,2139.59,2000.00,1.21,0.00,1979.64,2000.00,2.87,0.00
00:07:00.939 [TUNER] 298,1000,2139.59,2000.00,1.21,0.00,1979.64,2000.00,2.87,0.00
00:07:00.940 [TUNER] 299,1000,2096.52,2000.00,1.59,0.00,2001.20,2000.00,2.63,0.00
00:07:00.973 [TUNER] 300,1000,2096.52,2000.00,1.59,0.00,2001.20,2000.00,2.63,0.00
00:07:01.008 [TUNER] 301,1000,2060.34,2000.00,1.93,0.00,1972.06,2000.00,2.98,0.00
00:07:01.009 [TUNER] 302,1000,2060.34,2000.00,1.93,0.00,1972.06,2000.00,2.98,0.00
00:07:01.043 [TUNER] 303,1000,2000.48,2000.00,2.56,0.00,1983.11,2000.00,2.86,0.00
00:07:01.045 [TUNER] 304,1000,2000.48,2000.00,2.56,0.00,1983.11,2000.00,2.86,0.00
00:07:01.079 [TUNER] 305,1000,1961.17,2000.00,3.00,0.00,1931.82,2000.00,3.49,0.00
00:07:01.082 [TUNER] 306,1000,1961.17,2000.00,3.00,0.00,1931.82,2000.00,3.49,0.00
00:07:01.114 [TUNER] 307,1000,1964.09,2000.00,2.99,0.00,1950.92,2000.00,3.31,0.00
00:07:01.148 [TUNER] 308,1000,1964.09,2000.00,2.99,0.00,1950.92,2000.00,3.31,0.00
00:07:01.148 [TUNER] 309,1000,2005.94,2000.00,2.55,0.00,1966.20,2000.00,3.16,0.00
00:07:01.183 [TUNER] 310,1000,2005.94,2000.00,2.55,0.00,1966.20,2000.00,3.16,0.00
00:07:01.183 [TUNER] 311,1000,2032.55,2000.00,2.25,0.00,2057.45,2000.00,2.09,0.00
00:07:01.218 [TUNER] 312,1000,2032.55,2000.00,2.25,0.00,2057.45,2000.00,2.09,0.00
00:07:01.219 [TUNER] 313,1000,2115.69,2000.00,1.30,0.00,2101.24,2000.00,1.52,0.00
00:07:01.252 [TUNER] 314,1000,2115.69,2000.00,1.30,0.00,2101.24,2000.00,1.52,0.00
00:07:01.289 [TUNER] 315,1000,2108.32,2000.00,1.31,0.00,2117.38,2000.00,1.25,0.00
00:07:01.289 [TUNER] 316,1000,2108.32,2000.00,1.31,0.00,2117.38,2000.00,1.25,0.00
00:07:01.324 [TUNER] 317,1000,2085.25,2000.00,1.49,0.00,2066.72,2000.00,1.78,0.00
00:07:01.324 [TUNER] 318,1000,2085.25,2000.00,1.49,0.00,2066.72,2000.00,1.78,0.00
00:07:01.358 [TUNER] 319,1000,2037.58,2000.00,1.97,0.00,2012.45,2000.00,2.39,0.00
00:07:01.393 [TUNER] 320,1000,2037.58,2000.00,1.97,0.00,2012.45,2000.00,2.39,0.00
00:07:01.396 [TUNER] 321,1000,2026.93,2000.00,2.06,0.00,1982.78,2000.00,2.73,0.00
00:07:01.429 [TUNER] 322,1000,2026.93,2000.00,2.06,0.00,1982.78,2000.00,2.73,0.00
00:07:01.430 [TUNER] 323,1000,2006.39,2000.00,2.27,0.00,1950.45,2000.00,3.14,0.00
00:07:01.464 [TUNER] 324,1000,2006.39,2000.00,2.27,0.00,1950.45,2000.00,3.14,0.00
00:07:01.465 [TUNER] 325,1000,1986.52,2000.00,2.49,0.00,1993.31,2000.00,2.65,0.00
00:07:01.499 [TUNER] 326,1000,1986.52,2000.00,2.49,0.00,1993.31,2000.00,2.65,0.00
00:07:01.533 [TUNER] 327,1000,1989.53,2000.00,2.46,0.00,2000.11,2000.00,2.58,0.00
00:07:01.533 [TUNER] 328,1000,1989.53,2000.00,2.46,0.00,2000.11,2000.00,2.58,0.00
00:07:01.569 [TUNER] 329,1000,1995.36,2000.00,2.41,0.00,2014.14,2000.00,2.41,0.00
00:07:01.570 [TUNER] 330,1000,1995.36,2000.00,2.41,0.00,2014.14,2000.00,2.41,0.00
00:07:01.602 [TUNER] 331,1000,2048.14,2000.00,1.82,0.00,1997.88,2000.00,2.59,0.00
00:07:01.638 [TUNER] 332,1000,2048.14,2000.00,1.82,0.00,1997.88,2000.00,2.59,0.00
00:07:01.639 [TUNER] 333,1000,2033.67,2000.00,1.95,0.00,2019.23,2000.00,2.34,0.00
00:07:01.674 [TUNER] 334,1000,2033.67,2000.00,1.95,0.00,2019.23,2000.00,2.34,0.00
00:07:01.674 [TUNER] 335,1000,2020.37,2000.00,2.08,0.00,2012.25,2000.00,2.41,0.00
00:07:01.708 [TUNER] 336,1000,2020.37,2000.00,2.08,0.00,2012.25,2000.00,2.41,0.00
00:07:01.743 [TUNER] 337,1000,2011.45,2000.00,2.16,0.00,2029.01,2000.00,2.20,0.00
00:07:01.745 [TUNER] 338,1000,2011.45,2000.00,2.16,0.00,2029.01,2000.00,2.20,0.00
00:07:01.778 [TUNER] 339,1000,2018.06,2000.00,2.08,0.00,2025.23,2000.00,2.22,0.00
00:07:01.779 [TUNER] 340,1000,2018.06,2000.00,2.08,0.00,2025.23,2000.00,2.22,0.00
00:07:01.814 [TUNER] 341,1000,1976.96,2000.00,2.53,0.00,2015.34,2000.00,2.33,0.00
00:07:01.849 [TUNER] 342,1000,1935.13,2000.00,2.99,0.00,2031.06,2000.00,2.14,0.00
00:07:01.850 [TUNER] 343,1000,1935.13,2000.00,2.99,0.00,2031.06,2000.00,2.14,0.00
00:07:01.882 [TUNER] 344,1000,1952.05,2000.00,2.84,0.00,1996.13,2000.00,2.53,0.00
00:07:01.882 [TUNER] 345,1000,1952.05,2000.00,2.84,0.00,1996.13,2000.00,2.53,0.00
00:07:01.917 [TUNER] 346,1000,1987.72,2000.00,2.48,0.00,2009.24,2000.00,2.38,0.00
00:07:01.952 [TUNER] 347,1000,1987.72,2000.00,2.48,0.00,2009.24,2000.00,2.38,0.00
00:07:01.988 [TUNER] 348,1000,2072.95,2000.00,1.54,0.00,2018.01,2000.00,2.27,0.00
00:07:01.988 [TUNER] 349,1000,2072.95,2000.00,1.54,0.00,2018.01,2000.00,2.27,0.00
00:07:01.989 [TUNER] 350,1000,2079.28,2000.00,1.42,0.00,2023.30,2000.00,2.19,0.00
00:07:02.023 [TUNER] 351,1000,2079.28,2000.00,1.42,0.00,2023.30,2000.00,2.19,0.00
00:07:02.059 [TUNER] 352,1000,2098.10,2000.00,1.16,0.00,2030.98,2000.00,2.08,0.00
00:07:02.059 [TUNER] 353,1000,2098.10,2000.00,1.16,0.00,2030.98,2000.00,2.08,0.00
00:07:02.099 [TUNER] 354,1000,2051.30,2000.00,1.61,0.00,2038.83,2000.00,1.97,0.00
00:07:02.101 [TUNER] 355,1000,2051.30,2000.00,1.61,0.00,2038.83,2000.00,1.97,0.00
00:07:02.129 [TUNER] 356,1000,1998.39,2000.00,2.17,0.00,2045.12,2000.00,1.86,0.00
00:07:02.163 [TUNER] 357,1000,1998.39,2000.00,2.17,0.00,2045.12,2000.00,1.86,0.00
00:07:02.164 [TUNER] 358,1000,1976.69,2000.00,2.41,0.00,2029.53,2000.00,2.02,0.00
00:07:02.200 [TUNER] 359,1000,1976.69,2000.00,2.41,0.00,2029.53,2000.00,2.02,0.00
00:07:02.200 [TUNER] 360,1000,1976.50,2000.00,2.43,0.00,2034.24,2000.00,1.94,0.00
00:07:02.233 [TUNER] 361,1000,1976.50,2000.00,2.43,0.00,2034.24,2000.00,1.94,0.00
00:07:02.311 [TUNER] 362,1000,2019.31,2000.00,1.97,0.00,1996.78,2000.00,2.37,0.00
00:07:02.311 [TUNER] 363,1000,2019.31,2000.00,1.97,0.00,1996.78,2000.00,2.37,0.00
00:07:02.311 [TUNER] 364,1000,2029.50,2000.00,1.84,0.00,1999.45,2000.00,2.34,0.00
00:07:02.312 [TUNER] 365,1000,2029.50,2000.00,1.84,0.00,1999.45,2000.00,2.34,0.00
00:07:02.336 [TUNER] 366,1000,2056.55,2000.00,1.52,0.00,1987.84,2000.00,2.48,0.00
00:07:02.374 [TUNER] 367,1000,2056.55,2000.00,1.52,0.00,1987.84,2000.00,2.48,0.00
00:07:02.376 [TUNER] 368,1000,2016.34,2000.00,1.93,0.00,2016.35,2000.00,2.14,0.00
00:07:02.408 [TUNER] 369,1000,2016.34,2000.00,1.93,0.00,2016.35,2000.00,2.14,0.00
00:07:02.409 [TUNER] 370,1000,1996.20,2000.00,2.14,0.00,2009.95,2000.00,2.21,0.00
00:07:02.444 [TUNER] 371,1000,1996.20,2000.00,2.14,0.00,2009.95,2000.00,2.21,0.00
00:07:02.477 [TUNER] 372,1000,1981.80,2000.00,2.31,0.00,2039.19,2000.00,1.85,0.00
00:07:02.479 [TUNER] 373,1000,1981.80,2000.00,2.31,0.00,2039.19,2000.00,1.85,0.00
00:07:02.514 [TUNER] 374,1000,1992.62,2000.00,2.20,0.00,2029.94,2000.00,1.93,0.00
00:07:02.515 [TUNER] 375,1000,1992.62,2000.00,2.20,0.00,2029.94,2000.00,1.93,0.00
00:07:02.547 [TUNER] 376,1000,1972.07,2000.00,2.43,0.00,2036.29,2000.00,1.84,0.00
00:07:02.548 [TUNER] 377,1000,1972.07,2000.00,2.43,0.00,2036.29,2000.00,1.84,0.00
00:07:02.583 [TUNER] 378,1000,1962.50,2000.00,2.56,0.00,2036.21,2000.00,1.81,0.00
00:07:02.618 [TUNER] 379,1000,1962.50,2000.00,2.56,0.00,2036.21,2000.00,1.81,0.00
00:07:02.619 [TUNER] 380,1000,1987.49,2000.00,2.30,0.00,2015.53,2000.00,2.03,0.00
00:07:02.655 [TUNER] 381,1000,1987.49,2000.00,2.30,0.00,2015.53,2000.00,2.03,0.00
00:07:02.655 [TUNER] 382,1000,2029.81,2000.00,1.84,0.00,2019.61,2000.00,1.97,0.00
00:07:02.687 [TUNER] 383,1000,2029.81,2000.00,1.84,0.00,2019.61,2000.00,1.97,0.00
00:07:02.723 [TUNER] 384,1000,2063.67,2000.00,1.44,0.00,2003.97,2000.00,2.15,0.00
00:07:02.724 [TUNER] 385,1000,2063.67,2000.00,1.44,0.00,2003.97,2000.00,2.15,0.00
00:07:02.758 [TUNER] 386,1000,2028.91,2000.00,1.79,-0.00,2018.94,2000.00,1.97,-0.00
00:07:02.760 [TUNER] 387,1000,2028.91,2000.00,1.79,-0.00,2018.94,2000.00,1.97,-0.00
00:07:02.793 [TUNER] 388,1000,1990.79,2000.00,2.19,0.00,1987.97,2000.00,2.33,0.00
00:07:02.830 [TUNER] 389,1000,1990.79,2000.00,2.19,0.00,1987.97,2000.00,2.33,0.00
00:07:02.831 [TUNER] 390,1000,1953.43,2000.00,2.62,0.00,2002.71,2000.00,2.16,0.00
00:07:02.863 [TUNER] 391,1000,1953.43,2000.00,2.62,0.00,2002.71,2000.00,2.16,0.00
00:07:02.865 [TUNER] 392,1000,1969.92,2000.00,2.46,0.00,1981.86,2000.00,2.41,0.00
00:07:02.899 [TUNER] 393,1000,1969.92,2000.00,2.46,0.00,1981.86,2000.00,2.41,0.00
00:07:02.933 [TUNER] 394,1000,1986.55,2000.00,2.30,0.00,2008.13,2000.00,2.10,0.00
00:07:02.933 [TUNER] 395,1000,1986.55,2000.00,2.30,0.00,2008.13,2000.00,2.10,0.00
00:07:02.971 [TUNER] 396,1000,2020.48,2000.00,1.93,0.00,1994.79,2000.00,2.26,0.00
00:07:02.971 [TUNER] 397,1000,2020.48,2000.00,1.93,0.00,1994.79,2000.00,2.26,0.00
00:07:03.006 [TUNER] 398,1000,2032.15,2000.00,1.79,0.00,2033.93,2000.00,1.79,-0.00
00:07:03.038 [TUNER] 399,1000,2032.15,2000.00,1.79,0.00,2033.93,2000.00,1.79,-0.00
00:07:03.039 [TUNER] 400,1000,2072.42,2000.00,1.32,-0.00,2037.76,2000.00,1.72,-0.00
00:07:03.071 [TUNER] 401,1000,2072.42,2000.00,1.32,-0.00,2037.76,2000.00,1.72,-0.00
00:07:03.073 [TUNER] 402,1000,2065.11,2000.00,1.35,-0.00,2025.36,2000.00,1.84,-0.00
00:07:03.108 [TUNER] 403,1000,2065.11,2000.00,1.35,-0.00,2025.36,2000.00,1.84,-0.00
00:07:03.143 [TUNER] 404,1000,2009.45,2000.00,1.93,-0.00,2010.29,2000.00,2.01,-0.00
00:07:03.145 [TUNER] 405,1000,2009.45,2000.00,1.93,-0.00,2010.29,2000.00,2.01,-0.00
00:07:03.179 [TUNER] 406,1000,2006.15,2000.00,1.96,-0.00,1974.18,2000.00,2.43,-0.00
00:07:03.181 [TUNER] 407,1000,2006.15,2000.00,1.96,-0.00,1974.18,2000.00,2.43,-0.00
00:07:03.214 [TUNER] 408,1000,2029.28,2000.00,1.70,-0.00,1983.09,2000.00,2.34,-0.00
00:07:03.248 [TUNER] 409,1000,2029.28,2000.00,1.70,-0.00,1983.09,2000.00,2.34,-0.00
00:07:03.249 [TUNER] 410,1000,2030.60,2000.00,1.66,-0.00,1971.31,2000.00,2.50,-0.00
00:07:03.283 [TUNER] 411,1000,2030.60,2000.00,1.66,-0.00,1971.31,2000.00,2.50,-0.00
00:07:03.284 [TUNER] 412,1000,1998.83,2000.00,2.00,-0.00,2009.79,2000.00,2.05,-0.00
00:07:03.318 [TUNER] 413,1000,1998.83,2000.00,2.00,-0.00,2009.79,2000.00,2.05,-0.00
00:07:03.353 [TUNER] 414,1000,1994.42,2000.00,2.05,-0.00,1991.15,2000.00,2.27,-0.00
00:07:03.353 [TUNER] 415,1000,1994.42,2000.00,2.05,-0.00,1991.15,2000.00,2.27,-0.00
00:07:03.387 [TUNER] 416,1000,1978.66,2000.00,2.22,-0.00,2027.59,2000.00,1.84,-0.00
00:07:03.387 [TUNER] 417,1000,1978.66,2000.00,2.22,-0.00,2027.59,2000.00,1.84,-0.00
00:07:03.423 [TUNER] 418,1000,2007.29,2000.00,1.92,-0.00,1994.89,2000.00,2.21,-0.00
00:07:03.461 [TUNER] 419,1000,2007.29,2000.00,1.92,-0.00,1994.89,2000.00,2.21,-0.00
00:07:03.464 [TUNER] 420,1000,1987.24,2000.00,2.14,-0.00,2006.53,2000.00,2.08,-0.00
00:07:03.493 [TUNER] 421,1000,1987.24,2000.00,2.14,-0.00,2006.53,2000.00,2.08,-0.00
00:07:03.494 [TUNER] 422,1000,1981.51,2000.00,2.21,-0.00,2010.68,2000.00,2.02,-0.00
00:07:03.530 [TUNER] 423,1000,1981.51,2000.00,2.21,-0.00,2010.68,2000.00,2.02,-0.00
00:07:03.564 [TUNER] 424,1000,1997.54,2000.00,2.04,-0.00,2008.85,2000.00,2.04,-0.00
00:07:03.564 [TUNER] 425,1000,1997.54,2000.00,2.04,-0.00,2008.85,2000.00,2.04,-0.00
00:07:03.598 [TUNER] 426,1000,1994.90,2000.00,2.07,-0.00,2014.26,2000.00,1.97,-0.00
00:07:03.598 [TUNER] 427,1000,1994.90,2000.00,2.07,-0.00,2014.26,2000.00,1.97,-0.00
00:07:03.633 [TUNER] 428,1000,1982.49,2000.00,2.22,-0.00,1991.10,2000.00,2.24,-0.00
00:07:03.633 [TUNER] 429,1000,1982.49,2000.00,2.22,-0.00,1991.10,2000.00,2.24,-0.00
00:07:03.666 [TUNER] 430,1000,1938.19,2000.00,2.72,-0.00,2000.06,2000.00,2.13,-0.00
00:07:03.703 [TUNER] 431,1000,1938.19,2000.00,2.72,-0.00,2000.06,2000.00,2.13,-0.00
00:07:03.704 [TUNER] 432,1000,1945.71,2000.00,2.68,0.00,1979.74,2000.00,2.38,-0.00
00:07:03.737 [TUNER] 433,1000,1945.71,2000.00,2.68,0.00,1979.74,2000.00,2.38,-0.00
00:07:03.738 [TUNER] 434,1000,1979.21,2000.00,2.34,0.00,1994.41,2000.00,2.22,-0.00
00:07:03.773 [TUNER] 435,1000,1979.21,2000.00,2.34,0.00,1994.41,2000.00,2.22,-0.00
00:07:03.810 [TUNER] 436,1000,2069.58,2000.00,1.35,-0.00,1982.09,2000.00,2.37,-0.00
00:07:03.814 [TUNER] 437,1000,2069.58,2000.00,1.35,-0.00,1982.09,2000.00,2.37,-0.00
00:07:03.845 [TUNER] 438,1000,2059.41,2000.00,1.42,-0.00,2010.03,2000.00,2.04,-0.00
00:07:03.845 [TUNER] 439,1000,2059.41,2000.00,1.42,-0.00,2010.03,2000.00,2.04,-0.00
00:07:03.877 [TUNER] 440,1000,2078.76,2000.00,1.16,-0.00,2008.33,2000.00,2.06,-0.00
00:07:03.915 [TUNER] 441,1000,2078.76,2000.00,1.16,-0.00,2008.33,2000.00,2.06,-0.00
00:07:03.915 [TUNER] 442,1000,2027.23,2000.00,1.68,-0.00,2037.90,2000.00,1.70,-0.00
00:07:03.949 [TUNER] 443,1000,2027.23,2000.00,1.68,-0.00,2037.90,2000.00,1.70,-0.00
00:07:03.950 [TUNER] 444,1000,1989.45,2000.00,2.09,-0.00,2025.47,2000.00,1.82,-0.00
00:07:03.982 [TUNER] 445,1000,1989.45,2000.00,2.09,-0.00,2025.47,2000.00,1.82,-0.00
00:07:04.018 [TUNER] 446,1000,1967.82,2000.00,2.33,-0.00,2018.97,2000.00,1.88,-0.00
00:07:04.018 [TUNER] 447,1000,1967.82,2000.00,2.33,-0.00,2018.97,2000.00,1.88,-0.00
00:07:04.052 [TUNER] 448,1000,1974.56,2000.00,2.28,-0.00,2010.33,2000.00,1.97,-0.00
00:07:04.053 [TUNER] 449,1000,1974.56,2000.00,2.28,-0.00,2010.33,2000.00,1.97,-0.00
00:07:04.087 [TUNER] 450,1000,2002.29,2000.00,1.99,-0.00,1972.49,2000.00,2.42,-0.00
00:07:04.123 [TUNER] 451,1000,2002.29,2000.00,1.99,-0.00,1972.49,2000.00,2.42,-0.00
00:07:04.124 [TUNER] 452,1000,2017.60,2000.00,1.82,-0.00,1988.61,2000.00,2.24,-0.00
00:07:04.160 [TUNER] 453,1000,2017.60,2000.00,1.82,-0.00,1988.61,2000.00,2.24,-0.00
00:07:04.163 [TUNER] 454,1000,2022.98,2000.00,1.74,-0.00,1970.58,2000.00,2.47,-0.00
00:07:04.193 [TUNER] 455,1000,2022.98,2000.00,1.74,-0.00,1970.58,2000.00,2.47,-0.00
00:07:04.230 [TUNER] 456,1000,1982.61,2000.00,2.18,-0.00,2014.57,2000.00,1.96,-0.00
00:07:04.231 [TUNER] 457,1000,1982.61,2000.00,2.18,-0.00,2014.57,2000.00,1.96,-0.00
00:07:04.264 [TUNER] 458,1000,1981.24,2000.00,2.21,-0.00,1999.93,2000.00,2.13,-0.00
00:07:04.264 [TUNER] 459,1000,1981.24,2000.00,2.21,-0.00,1999.93,2000.00,2.13,-0.00
00:07:04.298 [TUNER] 460,1000,1981.87,2000.00,2.21,-0.00,2020.87,2000.00,1.87,-0.00
00:07:04.300 [TUNER] 461,1000,1981.87,2000.00,2.21,-0.00,2020.87,2000.00,1.87,-0.00
00:07:04.333 [TUNER] 462,1000,2004.70,2000.00,1.97,-0.00,1999.82,2000.00,2.11,-0.00
00:07:04.368 [TUNER] 463,1000,2004.70,2000.00,1.97,-0.00,1999.82,2000.00,2.11,-0.00
00:07:04.368 [TUNER] 464,1000,1983.45,2000.00,2.20,-0.00,2013.91,2000.00,1.94,-0.00
00:07:04.403 [TUNER] 465,1000,1983.45,2000.00,2.20,-0.00,2013.91,2000.00,1.94,-0.00
00:07:04.403 [TUNER] 466,1000,1997.38,2000.00,2.06,-0.00,2014.87,2000.00,1.92,-0.00
00:07:04.439 [TUNER] 467,1000,1997.38,2000.00,2.06,-0.00,2014.87,2000.00,1.92,-0.00
00:07:04.473 [TUNER] 468,1000,1982.75,2000.00,2.22,-0.00,2010.49,2000.00,1.96,-0.00
00:07:04.474 [TUNER] 469,1000,1982.75,2000.00,2.22,-0.00,2010.49,2000.00,1.96,-0.00
00:07:04.509 [TUNER] 470,1000,1984.79,2000.00,2.21,-0.00,2008.70,2000.00,1.98,-0.00
00:07:04.510 [TUNER] 471,1000,1984.79,2000.00,2.21,-0.00,2008.70,2000.00,1.98,-0.00
00:07:04.545 [TUNER] 472,1000,1995.01,2000.00,2.11,-0.00,1990.09,2000.00,2.20,-0.00
00:07:04.579 [TUNER] 473,1000,1995.01,2000.00,2.11,-0.00,1990.09,2000.00,2.20,-0.00
00:07:04.579 [TUNER] 474,1000,1941.34,2000.00,2.71,0.00,2002.68,2000.00,2.05,-0.00
00:07:04.613 [TUNER] 475,1000,1941.34,2000.00,2.71,0.00,2002.68,2000.00,2.05,-0.00
00:07:04.648 [TUNER] 476,1000,1979.15,2000.00,2.33,0.00,1969.81,2000.00,2.45,-0.00
00:07:04.649 [TUNER] 477,1000,1979.15,2000.00,2.33,0.00,1969.81,2000.00,2.45,-0.00
00:07:04.684 [TUNER] 478,1000,1993.93,2000.00,2.17,0.00,2001.93,2000.00,2.08,-0.00
00:07:04.685 [TUNER] 479,1000,1993.93,2000.00,2.17,0.00,2001.93,2000.00,2.08,-0.00
00:07:04.718 [TUNER] 480,1000,2059.02,2000.00,1.45,-0.00,1986.39,2000.00,2.27,-0.00
00:07:04.719 [TUNER] 481,1000,2059.02,2000.00,1.45,-0.00,1986.39,2000.00,2.27,-0.00
00:07:04.753 [TUNER] 482,1000,2026.72,2000.00,1.77,-0.00,2027.00,2000.00,1.79,-0.00
00:07:04.788 [TUNER] 483,1000,2026.72,2000.00,1.77,-0.00,2027.00,2000.00,1.79,-0.00
00:07:04.788 [TUNER] 484,1000,2028.76,2000.00,1.73,-0.00,1999.76,2000.00,2.09,-0.00
00:07:04.825 [TUNER] 485,1000,2028.76,2000.00,1.73,-0.00,1999.76,2000.00,2.09,-0.00
00:07:04.825 [TUNER] 486,1000,1976.93,2000.00,2.29,-0.00,2010.42,2000.00,1.97,-0.00
00:07:04.859 [TUNER] 487,1000,1976.93,2000.00,2.29,-0.00,2010.42,2000.00,1.97,-0.00
00:07:04.893 [TUNER] 488,1000,2002.47,2000.00,2.02,-0.00,2008.65,2000.00,1.98,-0.00
00:07:04.896 [TUNER] 489,1000,2002.47,2000.00,2.02,-0.00,2008.65,2000.00,1.98,-0.00
00:07:04.930 [TUNER] 490,1000,2014.31,2000.00,1.89,-0.00,2002.07,2000.00,2.05,-0.00
00:07:04.930 [TUNER] 491,1000,2014.31,2000.00,1.89,-0.00,2002.07,2000.00,2.05,-0.00
00:07:04.964 [TUNER] 492,1000,2027.22,2000.00,1.74,-0.00,2000.25,2000.00,2.07,-0.00
00:07:04.999 [TUNER] 493,1000,2027.22,2000.00,1.74,-0.00,2000.25,2000.00,2.07,-0.00
00:07:05.000 [TUNER] 494,1000,2025.52,2000.00,1.74,-0.00,1974.73,2000.00,2.38,-0.00
00:07:05.032 [TUNER] 495,1000,2025.52,2000.00,1.74,-0.00,1974.73,2000.00,2.38,-0.00
00:07:05.068 [TUNER] 496,1000,2022.44,2000.00,1.76,-0.00,1986.97,2000.00,2.25,-0.00
00:07:05.069 [TUNER] 497,1000,2022.44,2000.00,1.76,-0.00,1986.97,2000.00,2.25,-0.00
00:07:05.105 [TUNER] 498,1000,2004.51,2000.00,1.94,-0.00,1965.83,2000.00,2.52,-0.00
00:07:05.106 [TUNER] 499,1000,2004.51,2000.00,1.94,-0.00,1965.83,2000.00,2.52,-0.00
00:07:05.139 [TUNER] 500,1000,1978.15,2000.00,2.23,-0.00,2000.46,2000.00,2.12,-0.00
00:07:05.172 [TUNER] 501,1000,1978.15,2000.00,2.23,-0.00,2000.46,2000.00,2.12,-0.00
00:07:05.173 [TUNER] 502,1000,1996.57,2000.00,2.04,-0.00,1986.93,2000.00,2.28,-0.00
00:07:05.209 [TUNER] 503,1000,1996.57,2000.00,2.04,-0.00,1986.93,2000.00,2.28,-0.00
00:07:05.209 [TUNER] 504,1000,1978.67,2000.00,2.24,-0.00,2020.78,2000.00,1.89,-0.00
00:07:05.243 [TUNER] 505,1000,1978.67,2000.00,2.24,-0.00,2020.78,2000.00,1.89,-0.00
00:07:05.278 [TUNER] 506,1000,1998.70,2000.00,2.03,-0.00,2008.34,2000.00,2.02,-0.00
00:07:05.313 [TUNER] 507,1000,1998.70,2000.00,2.03,-0.00,2008.34,2000.00,2.02,-0.00
00:07:05.314 [TUNER] 508,1000,1983.81,2000.00,2.20,-0.00,2017.29,2000.00,1.91,-0.00
00:07:05.315 [TUNER] 509,1000,1983.81,2000.00,2.20,-0.00,2017.29,2000.00,1.91,-0.00
00:07:05.348 [TUNER] 510,1000,2013.12,2000.00,1.88,-0.00,2012.42,2000.00,1.95,-0.00
00:07:05.349 [TUNER] 511,1000,2013.12,2000.00,1.88,-0.00,2012.42,2000.00,1.95,-0.00
00:07:05.382 [TUNER] 512,1000,2010.81,2000.00,1.90,-0.00,1999.93,2000.00,2.10,-0.00
00:07:05.417 [TUNER] 513,1000,2010.81,2000.00,1.90,-0.00,1999.93,2000.00,2.10,-0.00
00:07:05.418 [TUNER] 514,1000,2015.83,2000.00,1.84,-0.00,2008.85,2000.00,1.99,-0.00
00:07:05.453 [TUNER] 515,1000,2015.83,2000.00,1.84,-0.00,2008.85,2000.00,1.99,-0.00
00:07:05.453 [TUNER] 516,1000,1976.89,2000.00,2.26,-0.00,1995.36,2000.00,2.14,-0.00
00:07:05.488 [TUNER] 517,1000,1976.89,2000.00,2.26,-0.00,1995.36,2000.00,2.14,-0.00
00:07:05.523 [TUNER] 518,1000,1930.28,2000.00,2.79,-0.00,2003.47,2000.00,2.05,-0.00
00:07:05.524 [TUNER] 519,1000,1930.28,2000.00,2.79,-0.00,2003.47,2000.00,2.05,-0.00
00:07:05.559 [TUNER] 520,1000,1958.27,2000.00,2.53,-0.00,1979.03,2000.00,2.34,-0.00
00:07:05.559 [TUNER] 521,1000,1958.27,2000.00,2.53,-0.00,1979.03,2000.00,2.34,-0.00
00:07:05.593 [TUNER] 522,1000,1994.42,2000.00,2.15,0.00,1997.27,2000.00,2.14,-0.00
00:07:05.630 [TUNER] 523,1000,1994.42,2000.00,2.15,0.00,1997.27,2000.00,2.14,-0.00
00:07:05.630 [TUNER] 524,1000,2057.69,2000.00,1.45,-0.00,1967.20,2000.00,2.50,-0.00
00:07:05.663 [TUNER] 525,1000,2057.69,2000.00,1.45,-0.00,1967.20,2000.00,2.50,-0.00
00:07:05.664 [TUNER] 526,1000,2036.15,2000.00,1.66,-0.00,1996.40,2000.00,2.17,-0.00
00:07:05.698 [TUNER] 527,1000,2036.15,2000.00,1.66,-0.00,1996.40,2000.00,2.17,-0.00
00:07:05.733 [TUNER] 528,1000,2051.56,2000.00,1.46,-0.00,1995.71,2000.00,2.18,-0.00
00:07:05.733 [TUNER] 529,1000,2051.56,2000.00,1.46,-0.00,1995.71,2000.00,2.18,-0.00
00:07:05.767 [TUNER] 530,1000,2005.48,2000.00,1.94,-0.00,2036.39,2000.00,1.70,-0.00
00:07:05.768 [TUNER] 531,1000,2005.48,2000.00,1.94,-0.00,2036.39,2000.00,1.70,-0.00
00:07:05.802 [TUNER] 532,1000,2016.72,2000.00,1.81,-0.00,2027.70,2000.00,1.78,-0.00
00:07:05.839 [TUNER] 533,1000,2016.72,2000.00,1.81,-0.00,2027.70,2000.00,1.78,-0.00
00:07:05.840 [TUNER] 534,1000,1987.91,2000.00,2.12,-0.00,2013.88,2000.00,1.92,-0.00
00:07:05.874 [TUNER] 535,1000,1987.91,2000.00,2.12,-0.00,2013.88,2000.00,1.92,-0.00
00:07:05.874 [TUNER] 536,1000,1985.48,2000.00,2.16,-0.00,2006.26,2000.00,2.00,-0.00
00:07:05.908 [TUNER] 537,1000,1985.48,2000.00,2.16,-0.00,2006.26,2000.00,2.00,-0.00
00:07:05.944 [TUNER] 538,1000,1995.57,2000.00,2.05,-0.00,1972.67,2000.00,2.41,-0.00
00:07:05.944 [TUNER] 539,1000,1995.57,2000.00,2.05,-0.00,1972.67,2000.00,2.41,-0.00
00:07:05.977 [TUNER] 540,1000,2005.35,2000.00,1.95,-0.00,1983.60,2000.00,2.29,-0.00
00:07:05.979 [TUNER] 541,1000,2005.35,2000.00,1.95,-0.00,1983.60,2000.00,2.29,-0.00
00:07:06.014 [TUNER] 542,1000,2013.18,2000.00,1.86,-0.00,1963.13,2000.00,2.55,-0.00
00:07:06.048 [TUNER] 543,1000,2013.18,2000.00,1.86,-0.00,1963.13,2000.00,2.55,-0.00
00:07:06.085 [TUNER] 544,1000,1991.95,2000.00,2.08,-0.00,2006.89,2000.00,2.05,-0.00
00:07:06.086 [TUNER] 545,1000,1991.95,2000.00,2.08,-0.00,2006.89,2000.00,2.05,-0.00
00:07:06.086 [TUNER] 546,1000,2017.92,2000.00,1.80,-0.00,1997.23,2000.00,2.16,-0.00
00:07:06.118 [TUNER] 547,1000,2017.92,2000.00,1.80,-0.00,1997.23,2000.00,2.16,-0.00
00:07:06.156 [TUNER] 548,1000,2006.05,2000.00,1.92,-0.00,2030.74,2000.00,1.76,-0.00
00:07:06.157 [TUNER] 549,1000,2006.05,2000.00,1.92,-0.00,2030.74,2000.00,1.76,-0.00
00:07:06.190 [TUNER] 550,1000,2010.31,2000.00,1.87,-0.00,2004.28,2000.00,2.06,-0.00
00:07:06.191 [TUNER] 551,1000,2010.31,2000.00,1.87,-0.00,2004.28,2000.00,2.06,-0.00
00:07:06.225 [TUNER] 552,1000,1974.01,2000.00,2.27,-0.00,2022.42,2000.00,1.83,-0.00
00:07:06.259 [TUNER] 553,1000,1974.01,2000.00,2.27,-0.00,2022.42,2000.00,1.83,-0.00
00:07:06.260 [TUNER] 554,1000,1967.68,2000.00,2.35,-0.00,2008.13,2000.00,1.99,-0.00
00:07:06.293 [TUNER] 555,1000,1967.68,2000.00,2.35,-0.00,2008.13,2000.00,1.99,-0.00
00:07:06.294 [TUNER] 556,1000,1953.84,2000.00,2.53,-0.00,1999.94,2000.00,2.08,-0.00
00:07:06.328 [TUNER] 557,1000,1953.84,2000.00,2.53,-0.00,1999.94,2000.00,2.08,-0.00
00:07:06.364 [TUNER] 558,1000,1971.97,2000.00,2.36,-0.00,2007.13,2000.00,2.00,-0.00
00:07:06.364 [TUNER] 559,1000,1971.97,2000.00,2.36,-0.00,2007.13,2000.00,2.00,-0.00
00:07:06.399 [TUNER] 560,1000,1983.04,2000.00,2.25,-0.00,1995.70,2000.00,2.13,-0.00
00:07:06.399 [TUNER] 561,1000,1983.04,2000.00,2.25,-0.00,1995.70,2000.00,2.13,-0.00
00:07:06.433 [TUNER] 562,1000,1959.25,2000.00,2.53,0.00,2002.03,2000.00,2.06,-0.00
00:07:06.468 [TUNER] 563,1000,1959.25,2000.00,2.53,0.00,2002.03,2000.00,2.06,-0.00
00:07:06.468 [TUNER] 564,1000,1991.76,2000.00,2.19,0.00,1986.47,2000.00,2.24,-0.00
00:07:06.503 [TUNER] 565,1000,1991.76,2000.00,2.19,0.00,1986.47,2000.00,2.24,-0.00
00:07:06.503 [TUNER] 566,1000,2034.95,2000.00,1.72,-0.00,2008.38,2000.00,1.99,-0.00
00:07:06.537 [TUNER] 567,1000,2034.95,2000.00,1.72,-0.00,2008.38,2000.00,1.99,-0.00
00:07:06.573 [TUNER] 568,1000,2052.32,2000.00,1.50,-0.00,1974.37,2000.00,2.39,-0.00
00:07:06.575 [TUNER] 569,1000,2052.32,2000.00,1.50,-0.00,1974.37,2000.00,2.39,-0.00
00:07:06.608 [TUNER] 570,1000,2035.29,2000.00,1.66,-0.00,2005.57,2000.00,2.03,-0.00
00:07:06.644 [TUNER] 571,1000,2035.29,2000.00,1.66,-0.00,2005.57,2000.00,2.03,-0.00
00:07:06.645 [TUNER] 572,1000,2038.85,2000.00,1.59,-0.00,1992.74,2000.00,2.19,-0.00
00:07:06.679 [TUNER] 573,1000,2038.85,2000.00,1.59,-0.00,1992.74,2000.00,2.19,-0.00
00:07:06.680 [TUNER] 574,1000,2014.21,2000.00,1.84,-0.00,2016.83,2000.00,1.90,-0.00
00:07:06.713 [TUNER] 575,1000,2014.21,2000.00,1.84,-0.00,2016.83,2000.00,1.90,-0.00
00:07:06.715 [TUNER] 576,1000,2040.88,2000.00,1.54,-0.00,2025.80,2000.00,1.78,-0.00
00:07:06.748 [TUNER] 577,1000,2040.88,2000.00,1.54,-0.00,2025.80,2000.00,1.78,-0.00
00:07:06.782 [TUNER] 578,1000,2015.83,2000.00,1.79,-0.00,2000.33,2000.00,2.07,-0.00
00:07:06.782 [TUNER] 579,1000,2015.83,2000.00,1.79,-0.00,2000.33,2000.00,2.07,-0.00
00:07:06.818 [TUNER] 580,1000,1976.89,2000.00,2.21,-0.00,1983.39,2000.00,2.27,-0.00
00:07:06.818 [TUNER] 581,1000,1976.89,2000.00,2.21,-0.00,1983.39,2000.00,2.27,-0.00
00:07:06.852 [TUNER] 582,1000,1978.39,2000.00,2.21,-0.00,1962.97,2000.00,2.53,-0.00
00:07:06.889 [TUNER] 583,1000,1978.39,2000.00,2.21,-0.00,1962.97,2000.00,2.53,-0.00
00:07:06.889 [TUNER] 584,1000,1995.04,2000.00,2.04,-0.00,1993.02,2000.00,2.19,-0.00
00:07:06.926 [TUNER] 585,1000,1995.04,2000.00,2.04,-0.00,1993.02,2000.00,2.19,-0.00
00:07:06.927 [TUNER] 586,1000,2001.50,2000.00,1.97,-0.00,1987.85,2000.00,2.26,-0.00
00:07:06.959 [TUNER] 587,1000,2001.50,2000.00,1.97,-0.00,1987.85,2000.00,2.26,-0.00
00:07:06.992 [TUNER] 588,1000,1975.73,2000.00,2.26,-0.00,2023.23,2000.00,1.84,-0.00
00:07:06.993 [TUNER] 589,1000,1975.73,2000.00,2.26,-0.00,2023.23,2000.00,1.84,-0.00
00:07:07.028 [TUNER] 590,1000,1982.61,2000.00,2.20,-0.00,2005.15,2000.00,2.05,-0.00
00:07:07.028 [TUNER] 591,1000,1982.61,2000.00,2.20,-0.00,2005.15,2000.00,2.05,-0.00
00:07:07.065 [TUNER] 592,1000,1974.37,2000.00,2.30,-0.00,2033.63,2000.00,1.70,-0.00
00:07:07.099 [TUNER] 593,1000,1974.37,2000.00,2.30,-0.00,2033.63,2000.00,1.70,-0.00
00:07:07.099 [TUNER] 594,1000,1988.40,2000.00,2.16,-0.00,2016.91,2000.00,1.88,-0.00
00:07:07.133 [TUNER] 595,1000,1988.40,2000.00,2.16,-0.00,2016.91,2000.00,1.88,-0.00
00:07:07.133 [TUNER] 596,1000,1997.90,2000.00,2.06,-0.00,2025.86,2000.00,1.76,-0.00
00:07:07.167 [TUNER] 597,1000,1997.90,2000.00,2.06,-0.00,2025.86,2000.00,1.76,-0.00
00:07:07.204 [TUNER] 598,1000,2015.80,2000.00,1.86,-0.00,2000.38,2000.00,2.05,-0.00
00:07:07.205 [TUNER] 599,1000,2015.80,2000.00,1.86,-0.00,2000.38,2000.00,2.05,-0.00
00:07:07.240 [TUNER] 600,1000,2016.39,2000.00,1.85,-0.00,1993.74,2000.00,2.13,-0.00
00:07:07.240 [TUNER] 601,1000,2016.39,2000.00,1.85,-0.00,1993.74,2000.00,2.13,-0.00
00:07:07.274 [TUNER] 602,1000,2008.26,2000.00,1.93,-0.00,2005.61,2000.00,1.99,-0.00
00:07:07.309 [TUNER] 603,1000,2008.26,2000.00,1.93,-0.00,2005.61,2000.00,1.99,-0.00
00:07:07.309 [TUNER] 604,1000,1960.53,2000.00,2.45,-0.00,1997.92,2000.00,2.08,-0.00
00:07:07.344 [TUNER] 605,1000,1960.53,2000.00,2.45,-0.00,1997.92,2000.00,2.08,-0.00
00:07:07.344 [TUNER] 606,1000,1920.63,2000.00,2.92,-0.00,1998.64,2000.00,2.07,-0.00
00:07:07.378 [TUNER] 607,1000,1920.63,2000.00,2.92,-0.00,1998.64,2000.00,2.07,-0.00
00:07:07.415 [TUNER] 608,1000,1948.84,2000.00,2.66,0.00,1980.32,2000.00,2.29,-0.00
00:07:07.416 [TUNER] 609,1000,1948.84,2000.00,2.66,0.00,1980.32,2000.00,2.29,-0.00
00:07:07.448 [TUNER] 610,1000,2000.61,2000.00,2.12,0.00,1993.16,2000.00,2.15,-0.00
00:07:07.449 [TUNER] 611,1000,2000.61,2000.00,2.12,0.00,1993.16,2000.00,2.15,-0.00
00:07:07.483 [TUNER] 612,1000,2074.67,2000.00,1.29,-0.00,1969.06,2000.00,2.44,-0.00
00:07:07.518 [TUNER] 613,1000,2074.67,2000.00,1.29,-0.00,1969.06,2000.00,2.44,-0.00
00:07:07.519 [TUNER] 614,1000,2077.23,2000.00,1.22,-0.00,1999.61,2000.00,2.10,-0.00
00:07:07.553 [TUNER] 615,1000,2077.23,2000.00,1.22,-0.00,1999.61,2000.00,2.10,-0.00
00:07:07.554 [TUNER] 616,1000,2070.68,2000.00,1.24,-0.00,1991.41,2000.00,2.20,-0.00
00:07:07.588 [TUNER] 617,1000,2070.68,2000.00,1.24,-0.00,1991.41,2000.00,2.20,-0.00
00:07:07.626 [TUNER] 618,1000,2015.62,2000.00,1.80,-0.00,2017.49,2000.00,1.89,-0.00
00:07:07.626 [TUNER] 619,1000,2015.62,2000.00,1.80,-0.00,2017.49,2000.00,1.89,-0.00
00:07:07.663 [TUNER] 620,1000,2009.37,2000.00,1.86,-0.00,2012.58,2000.00,1.94,-0.00
00:07:07.663 [TUNER] 621,1000,2009.37,2000.00,1.86,-0.00,2012.58,2000.00,1.94,-0.00
00:07:07.693 [TUNER] 622,1000,1937.19,2000.00,2.66,-0.00,2006.74,2000.00,2.00,-0.00
00:07:07.730 [TUNER] 623,1000,1937.19,2000.00,2.66,-0.00,2006.74,2000.00,2.00,-0.00
00:07:07.732 [TUNER] 624,1000,1938.23,2000.00,2.69,-0.00,1995.58,2000.00,2.13,-0.00
00:07:07.763 [TUNER] 625,1000,1938.23,2000.00,2.69,-0.00,1995.58,2000.00,2.13,-0.00
00:07:07.765 [TUNER] 626,1000,1983.54,2000.00,2.23,-0.00,1974.44,2000.00,2.38,-0.00
00:07:07.798 [TUNER] 627,1000,1983.54,2000.00,2.23,-0.00,1974.44,2000.00,2.38,-0.00
00:07:07.835 [TUNER] 628,1000,2012.91,2000.00,1.91,-0.00,1976.42,2000.00,2.38,-0.00
00:07:07.836 [TUNER] 629,1000,2012.91,2000.00,1.91,-0.00,1976.42,2000.00,2.38,-0.00
00:07:07.868 [TUNER] 630,1000,2044.99,2000.00,1.54,-0.00,1969.42,2000.00,2.48,-0.00
00:07:07.869 [TUNER] 631,1000,2044.99,2000.00,1.54,-0.00,1969.42,2000.00,2.48,-0.00
00:07:07.902 [TUNER] 632,1000,2005.38,2000.00,1.96,-0.00,1998.18,2000.00,2.15,-0.00
00:07:07.938 [TUNER] 633,1000,2005.38,2000.00,1.96,-0.00,1998.18,2000.00,2.15,-0.00
00:07:07.939 [TUNER] 634,1000,1989.15,2000.00,2.13,-0.00,1990.26,2000.00,2.25,-0.00
00:07:07.974 [TUNER] 635,1000,1989.15,2000.00,2.13,-0.00,1990.26,2000.00,2.25,-0.00
00:07:07.974 [TUNER] 636,1000,1977.88,2000.00,2.27,-0.00,2004.54,2000.00,2.09,-0.00
00:07:08.008 [TUNER] 637,1000,1977.88,2000.00,2.27,-0.00,2004.54,2000.00,2.09,-0.00
00:07:08.044 [TUNER] 638,1000,1962.00,2000.00,2.46,-0.00,1985.04,2000.00,2.32,-0.00
00:07:08.046 [TUNER] 639,1000,1962.00,2000.00,2.46,-0.00,1985.04,2000.00,2.32,-0.00
00:07:08.080 [TUNER] 640,1000,1932.11,2000.00,2.81,0.00,2010.68,2000.00,2.02,-0.00
00:07:08.081 [TUNER] 641,1000,1932.11,2000.00,2.81,0.00,2010.68,2000.00,2.02,-0.00
00:07:08.113 [TUNER] 642,1000,1954.58,2000.00,2.61,0.00,2014.00,2000.00,1.97,-0.00
00:07:08.149 [TUNER] 643,1000,1954.58,2000.00,2.61,0.00,2014.00,2000.00,1.97,-0.00
00:07:08.149 [TUNER] 644,1000,1988.03,2000.00,2.27,0.00,2006.36,2000.00,2.05,-0.00
00:07:08.183 [TUNER] 645,1000,1988.03,2000.00,2.27,0.00,2006.36,2000.00,2.05,-0.00
00:07:08.183 [TUNER] 646,1000,2054.30,2000.00,1.54,0.00,2005.39,2000.00,2.06,-0.00
00:07:08.218 [TUNER] 647,1000,2054.30,2000.00,1.54,0.00,2005.39,2000.00,2.06,-0.00
00:07:08.254 [TUNER] 648,1000,2095.29,2000.00,1.05,-0.00,1978.85,2000.00,2.38,-0.00
00:07:08.255 [TUNER] 649,1000,2095.29,2000.00,1.05,-0.00,1978.85,2000.00,2.38,-0.00
00:07:08.289 [TUNER] 650,1000,2102.31,2000.00,0.90,-0.00,1993.70,2000.00,2.21,-0.00
00:07:08.289 [TUNER] 651,1000,2102.31,2000.00,0.90,-0.00,1993.70,2000.00,2.21,-0.00
00:07:08.323 [TUNER] 652,1000,2011.71,2000.00,1.85,-0.00,1969.49,2000.00,2.51,-0.00
00:07:08.359 [TUNER] 653,1000,2011.71,2000.00,1.85,-0.00,1969.49,2000.00,2.51,-0.00
00:07:08.362 [TUNER] 654,1000,1944.39,2000.00,2.59,-0.00,2006.83,2000.00,2.08,-0.00
00:07:08.397 [TUNER] 655,1000,1944.39,2000.00,2.59,-0.00,2006.83,2000.00,2.08,-0.00
00:07:08.398 [TUNER] 656,1000,1914.59,2000.00,2.96,-0.00,1981.72,2000.00,2.38,-0.00
00:07:08.428 [TUNER] 657,1000,1914.59,2000.00,2.96,-0.00,1981.72,2000.00,2.38,-0.00
00:07:08.464 [TUNER] 658,1000,1916.52,2000.00,2.99,0.00,1995.99,2000.00,2.22,-0.00
00:07:08.464 [TUNER] 659,1000,1916.52,2000.00,2.99,0.00,1995.99,2000.00,2.22,-0.00
00:07:08.499 [TUNER] 660,1000,1943.83,2000.00,2.74,0.00,1976.48,2000.00,2.46,0.00
00:07:08.500 [TUNER] 661,1000,1943.83,2000.00,2.74,0.00,1976.48,2000.00,2.46,0.00
00:07:08.533 [TUNER] 662,1000,1975.99,2000.00,2.42,0.00,2003.83,2000.00,2.14,0.00
00:07:08.568 [TUNER] 663,1000,1975.99,2000.00,2.42,0.00,2003.83,2000.00,2.14,0.00
00:07:08.569 [TUNER] 664,1000,2060.13,2000.00,1.50,0.00,2029.14,2000.00,1.84,-0.00
00:07:08.603 [TUNER] 665,1000,2060.13,2000.00,1.50,0.00,2029.14,2000.00,1.84,-0.00
00:07:08.603 [TUNER] 666,1000,2079.34,2000.00,1.25,-0.00,2051.11,2000.00,1.55,-0.00
00:07:08.640 [TUNER] 667,1000,2079.34,2000.00,1.25,-0.00,2051.11,2000.00,1.55,-0.00
00:07:08.675 [TUNER] 668,1000,2091.26,2000.00,1.06,-0.00,2027.45,2000.00,1.80,-0.00
00:07:08.675 [TUNER] 669,1000,2091.26,2000.00,1.06,-0.00,2027.45,2000.00,1.80,-0.00
00:07:08.712 [TUNER] 670,1000,2080.19,2000.00,1.12,-0.00,1999.93,2000.00,2.11,-0.00
00:07:08.715 [TUNER] 671,1000,2080.19,2000.00,1.12,-0.00,1999.93,2000.00,2.11,-0.00
00:07:08.743 [TUNER] 672,1000,2047.28,2000.00,1.44,-0.00,1989.95,2000.00,2.23,-0.00
00:07:08.777 [TUNER] 673,1000,2047.28,2000.00,1.44,-0.00,1989.95,2000.00,2.23,-0.00
00:07:08.779 [TUNER] 674,1000,2002.05,2000.00,1.91,-0.00,1956.19,2000.00,2.65,-0.00
00:07:08.814 [TUNER] 675,1000,2002.05,2000.00,1.91,-0.00,1956.19,2000.00,2.65,-0.00
00:07:08.815 [TUNER] 676,1000,1959.00,2000.00,2.39,-0.00,1982.44,2000.00,2.36,-0.00
00:07:08.849 [TUNER] 677,1000,1959.00,2000.00,2.39,-0.00,1982.44,2000.00,2.36,-0.00
00:07:08.885 [TUNER] 678,1000,1960.63,2000.00,2.40,-0.00,1981.10,2000.00,2.39,-0.00
00:07:08.886 [TUNER] 679,1000,1960.63,2000.00,2.40,-0.00,1981.10,2000.00,2.39,-0.00
00:07:08.918 [TUNER] 680,1000,1961.94,2000.00,2.41,-0.00,2010.96,2000.00,2.04,-0.00
00:07:08.920 [TUNER] 681,1000,1961.94,2000.00,2.41,-0.00,2010.96,2000.00,2.04,-0.00
00:07:08.952 [TUNER] 682,1000,2000.79,2000.00,2.00,-0.00,1986.74,2000.00,2.33,-0.00
00:07:08.990 [TUNER] 683,1000,2000.79,2000.00,2.00,-0.00,1986.74,2000.00,2.33,-0.00
00:07:08.990 [TUNER] 684,1000,1997.50,2000.00,2.04,-0.00,2008.60,2000.00,2.07,-0.00
00:07:09.023 [TUNER] 685,1000,1997.50,2000.00,2.04,-0.00,2008.60,2000.00,2.07,-0.00
00:07:09.023 [TUNER] 686,1000,2039.54,2000.00,1.57,-0.00,2005.47,2000.00,2.11,-0.00
00:07:09.058 [TUNER] 687,1000,2039.54,2000.00,1.57,-0.00,2005.47,2000.00,2.11,-0.00
00:07:09.094 [TUNER] 688,1000,2052.56,2000.00,1.40,-0.00,2020.15,2000.00,1.92,-0.00
00:07:09.097 [TUNER] 689,1000,2052.56,2000.00,1.40,-0.00,2020.15,2000.00,1.92,-0.00
00:07:09.129 [TUNER] 690,1000,2040.64,2000.00,1.50,-0.00,2033.60,2000.00,1.75,-0.00
00:07:09.163 [TUNER] 691,1000,2040.64,2000.00,1.50,-0.00,2033.60,2000.00,1.75,-0.00
00:07:09.166 [TUNER] 692,1000,1986.25,2000.00,2.08,-0.00,2002.95,2000.00,2.09,-0.00
00:07:09.200 [TUNER] 693,1000,1986.25,2000.00,2.08,-0.00,2002.95,2000.00,2.09,-0.00
00:07:09.201 [TUNER] 694,1000,1925.91,2000.00,2.76,-0.00,1997.71,2000.00,2.16,-0.00
00:07:09.233 [TUNER] 695,1000,1925.91,2000.00,2.76,-0.00,1997.71,2000.00,2.16,-0.00
00:07:09.234 [TUNER] 696,1000,1934.16,2000.00,2.71,-0.00,1965.83,2000.00,2.54,-0.00
00:07:09.268 [TUNER] 697,1000,1934.16,2000.00,2.71,-0.00,1965.83,2000.00,2.54,-0.00
00:07:09.303 [TUNER] 698,1000,1964.82,2000.00,2.42,-0.00,1985.00,2000.00,2.33,-0.00
00:07:09.303 [TUNER] 699,1000,1964.82,2000.00,2.42,-0.00,1985.00,2000.00,2.33,-0.00
00:07:09.338 [TUNER] 700,1000,2039.17,2000.00,1.61,-0.00,1984.87,2000.00,2.35,-0.00
00:07:09.339 [TUNER] 701,1000,2039.17,2000.00,1.61,-0.00,1984.87,2000.00,2.35,-0.00
00:07:09.375 [TUNER] 702,1000,2031.64,2000.00,1.67,-0.00,2017.41,2000.00,1.96,-0.00
00:07:09.408 [TUNER] 703,1000,2031.64,2000.00,1.67,-0.00,2017.41,2000.00,1.96,-0.00
00:07:09.410 [TUNER] 704,1000,2056.55,2000.00,1.37,-0.00,2017.67,2000.00,1.95,-0.00
00:07:09.446 [TUNER] 705,1000,2056.55,2000.00,1.37,-0.00,2017.67,2000.00,1.95,-0.00
00:07:09.451 [TUNER] 706,1000,2002.59,2000.00,1.93,-0.00,2031.63,2000.00,1.77,-0.00
00:07:09.480 [TUNER] 707,1000,2002.59,2000.00,1.93,-0.00,2031.63,2000.00,1.77,-0.00
00:07:09.516 [TUNER] 708,1000,1986.92,2000.00,2.11,-0.00,2023.89,2000.00,1.84,-0.00
00:07:09.516 [TUNER] 709,1000,1986.92,2000.00,2.11,-0.00,2023.89,2000.00,1.84,-0.00
00:07:09.549 [TUNER] 710,1000,1960.64,2000.00,2.41,-0.00,2012.55,2000.00,1.96,-0.00
00:07:09.551 [TUNER] 711,1000,1960.64,2000.00,2.41,-0.00,2012.55,2000.00,1.96,-0.00
00:07:09.583 [TUNER] 712,1000,1965.38,2000.00,2.38,-0.00,2005.19,2000.00,2.04,-0.00
00:07:09.619 [TUNER] 713,1000,1965.38,2000.00,2.38,-0.00,2005.19,2000.00,2.04,-0.00
00:07:09.619 [TUNER] 714,1000,1989.79,2000.00,2.13,-0.00,1978.69,2000.00,2.35,-0.00
00:07:09.654 [TUNER] 715,1000,1989.79,2000.00,2.13,-0.00,1978.69,2000.00,2.35,-0.00
00:07:09.654 [TUNER] 716,1000,2012.76,2000.00,1.88,-0.00,1990.13,2000.00,2.23,-0.00
00:07:09.691 [TUNER] 717,1000,2012.76,2000.00,1.88,-0.00,1990.13,2000.00,2.23,-0.00
00:07:09.724 [TUNER] 718,1000,2027.69,2000.00,1.71,-0.00,1964.92,2000.00,2.54,-0.00
00:07:09.724 [TUNER] 719,1000,2027.69,2000.00,1.71,-0.00,1964.92,2000.00,2.54,-0.00
00:07:09.759 [TUNER] 720,1000,1988.10,2000.00,2.13,-0.00,1999.74,2000.00,2.15,-0.00
00:07:09.760 [TUNER] 721,1000,1988.10,2000.00,2.13,-0.00,1999.74,2000.00,2.15,-0.00
00:07:09.793 [TUNER] 722,1000,1995.94,2000.00,2.05,-0.00,1994.94,2000.00,2.21,-0.00
00:07:09.827 [TUNER] 723,1000,1995.94,2000.00,2.05,-0.00,1994.94,2000.00,2.21,-0.00
00:07:09.830 [TUNER] 724,1000,1998.78,2000.00,2.02,-0.00,2027.19,2000.00,1.82,-0.00
00:07:09.863 [TUNER] 725,1000,1998.78,2000.00,2.02,-0.00,2027.19,2000.00,1.82,-0.00
00:07:09.864 [TUNER] 726,1000,2007.92,2000.00,1.92,-0.00,2006.59,2000.00,2.05,-0.00
00:07:09.898 [TUNER] 727,1000,2007.92,2000.00,1.92,-0.00,2006.59,2000.00,2.05,-0.00
00:07:09.934 [TUNER] 728,1000,1963.69,2000.00,2.41,-0.00,2022.76,2000.00,1.85,-0.00
00:07:09.936 [TUNER] 729,1000,1963.69,2000.00,2.41,-0.00,2022.76,2000.00,1.85,-0.00
00:07:09.968 [TUNER] 730,1000,1966.11,2000.00,2.41,-0.00,2013.36,2000.00,1.95,-0.00
00:07:09.968 [TUNER] 731,1000,1966.11,2000.00,2.41,-0.00,2013.36,2000.00,1.95,-0.00
00:07:10.003 [TUNER] 732,1000,1954.30,2000.00,2.56,-0.00,2009.28,2000.00,1.99,-0.00
00:07:10.038 [TUNER] 733,1000,1954.30,2000.00,2.56,-0.00,2009.28,2000.00,1.99,-0.00
00:07:10.038 [TUNER] 734,1000,1960.31,2000.00,2.52,0.00,2006.01,2000.00,2.02,-0.00
00:07:10.075 [TUNER] 735,1000,1960.31,2000.00,2.52,0.00,2006.01,2000.00,2.02,-0.00
00:07:10.075 [TUNER] 736,1000,1980.58,2000.00,2.32,0.00,1984.50,2000.00,2.28,-0.00
00:07:10.108 [TUNER] 737,1000,1980.58,2000.00,2.32,0.00,1984.50,2000.00,2.28,-0.00
00:07:10.143 [TUNER] 738,1000,1971.03,2000.00,2.44,0.00,1991.35,2000.00,2.20,-0.00
00:07:10.147 [TUNER] 739,1000,1971.03,2000.00,2.44,0.00,1991.35,2000.00,2.20,-0.00
00:07:10.180 [TUNER] 740,1000,2002.90,2000.00,2.11,0.00,1974.49,2000.00,2.41,-0.00
00:07:10.181 [TUNER] 741,1000,2002.90,2000.00,2.11,0.00,1974.49,2000.00,2.41,-0.00
00:07:10.213 [TUNER] 742,1000,2007.78,2000.00,2.05,0.00,2000.51,2000.00,2.12,-0.00
00:07:10.248 [TUNER] 743,1000,2007.78,2000.00,2.05,0.00,2000.51,2000.00,2.12,-0.00
00:07:10.249 [TUNER] 744,1000,2042.61,2000.00,1.66,0.00,1973.23,2000.00,2.45,-0.00
00:07:10.285 [TUNER] 745,1000,2042.61,2000.00,1.66,0.00,1973.23,2000.00,2.45,-0.00
00:07:10.285 [TUNER] 746,1000,2029.24,2000.00,1.78,-0.00,2009.82,2000.00,2.02,-0.00
00:07:10.318 [TUNER] 747,1000,2029.24,2000.00,1.78,-0.00,2009.82,2000.00,2.02,-0.00
00:07:10.356 [TUNER] 748,1000,2039.17,2000.00,1.65,-0.00,1990.98,2000.00,2.24,-0.00
00:07:10.356 [TUNER] 749,1000,2039.17,2000.00,1.65,-0.00,1990.98,2000.00,2.24,-0.00
00:07:10.391 [TUNER] 750,1000,2000.71,2000.00,2.05,-0.00,2027.45,2000.00,1.81,-0.00
00:07:10.392 [TUNER] 751,1000,2000.71,2000.00,2.05,-0.00,2027.45,2000.00,1.81,-0.00
00:07:10.423 [TUNER] 752,1000,2007.75,2000.00,1.97,-0.00,2037.73,2000.00,1.67,-0.00
00:07:10.459 [TUNER] 753,1000,2007.75,2000.00,1.97,-0.00,2037.73,2000.00,1.67,-0.00
00:07:10.459 [TUNER] 754,1000,1970.43,2000.00,2.38,-0.00,2015.03,2000.00,1.91,-0.00
00:07:10.494 [TUNER] 755,1000,1970.43,2000.00,2.38,-0.00,2015.03,2000.00,1.91,-0.00
00:07:10.496 [TUNER] 756,1000,1988.68,2000.00,2.20,-0.00,1996.87,2000.00,2.12,-0.00
00:07:10.528 [TUNER] 757,1000,1988.68,2000.00,2.20,-0.00,1996.87,2000.00,2.12,-0.00
00:07:10.564 [TUNER] 758,1000,2030.77,2000.00,1.74,-0.00,1972.03,2000.00,2.42,-0.00
00:07:10.565 [TUNER] 759,1000,2030.77,2000.00,1.74,-0.00,1972.03,2000.00,2.42,-0.00
00:07:10.600 [TUNER] 760,1000,2061.00,2000.00,1.38,-0.00,1989.96,2000.00,2.23,-0.00
00:07:10.601 [TUNER] 761,1000,2061.00,2000.00,1.38,-0.00,1989.96,2000.00,2.23,-0.00
00:07:10.636 [TUNER] 762,1000,2045.47,2000.00,1.51,-0.00,1974.90,2000.00,2.42,-0.00
00:07:10.668 [TUNER] 763,1000,2045.47,2000.00,1.51,-0.00,1974.90,2000.00,2.42,-0.00
00:07:10.671 [TUNER] 764,1000,1956.10,2000.00,2.48,-0.00,2002.78,2000.00,2.10,-0.00
00:07:10.704 [TUNER] 765,1000,1956.10,2000.00,2.48,-0.00,2002.78,2000.00,2.10,-0.00
00:07:10.704 [TUNER] 766,1000,1958.31,2000.00,2.48,-0.00,1983.63,2000.00,2.33,-0.00
00:07:10.738 [TUNER] 767,1000,1958.31,2000.00,2.48,-0.00,1983.63,2000.00,2.33,-0.00
00:07:10.775 [TUNER] 768,1000,1961.80,2000.00,2.47,-0.00,2012.98,2000.00,1.98,-0.00
00:07:10.775 [TUNER] 769,1000,1961.80,2000.00,2.47,-0.00,2012.98,2000.00,1.98,-0.00
00:07:10.811 [TUNER] 770,1000,2005.83,2000.00,2.01,-0.00,1991.80,2000.00,2.23,-0.00
00:07:10.816 [TUNER] 771,1000,2005.83,2000.00,2.01,-0.00,1991.80,2000.00,2.23,-0.00
00:07:10.844 [TUNER] 772,1000,2003.25,2000.00,2.03,-0.00,2012.64,2000.00,1.99,-0.00
00:07:10.878 [TUNER] 773,1000,2003.25,2000.00,2.03,-0.00,2012.64,2000.00,1.99,-0.00
00:07:10.878 [TUNER] 774,1000,2032.12,2000.00,1.71,-0.00,2012.14,2000.00,1.98,-0.00
00:07:10.915 [TUNER] 775,1000,2032.12,2000.00,1.71,-0.00,2012.14,2000.00,1.98,-0.00
00:07:10.916 [TUNER] 776,1000,2056.93,2000.00,1.41,-0.00,2022.05,2000.00,1.85,-0.00
00:07:10.948 [TUNER] 777,1000,2056.93,2000.00,1.41,-0.00,2022.05,2000.00,1.85,-0.00
00:07:10.982 [TUNER] 778,1000,2083.65,2000.00,1.08,-0.00,2016.23,2000.00,1.91,-0.00
00:07:10.983 [TUNER] 779,1000,2083.65,2000.00,1.08,-0.00,2016.23,2000.00,1.91,-0.00
00:07:11.018 [TUNER] 780,1000,2003.66,2000.00,1.91,-0.00,1992.67,2000.00,2.18,-0.00
00:07:11.018 [TUNER] 781,1000,2003.66,2000.00,1.91,-0.00,1992.67,2000.00,2.18,-0.00
00:07:11.053 [TUNER] 782,1000,1937.95,2000.00,2.64,-0.00,2001.32,2000.00,2.08,-0.00
00:07:11.089 [TUNER] 783,1000,1937.95,2000.00,2.64,-0.00,2001.32,2000.00,2.08,-0.00
00:07:11.090 [TUNER] 784,1000,1912.87,2000.00,2.96,-0.00,1972.15,2000.00,2.43,-0.00
00:07:11.125 [TUNER] 785,1000,1912.87,2000.00,2.96,-0.00,1972.15,2000.00,2.43,-0.00
00:07:11.125 [TUNER] 786,1000,1959.81,2000.00,2.49,-0.00,1991.78,2000.00,2.22,-0.00
00:07:11.158 [TUNER] 787,1000,1959.81,2000.00,2.49,-0.00,1991.78,2000.00,2.22,-0.00
00:07:11.195 [TUNER] 788,1000,2045.47,2000.00,1.57,-0.00,1976.55,2000.00,2.41,-0.00
00:07:11.196 [TUNER] 789,1000,2045.47,2000.00,1.57,-0.00,1976.55,2000.00,2.41,-0.00
00:07:11.232 [TUNER] 790,1000,2052.14,2000.00,1.46,-0.00,2012.47,2000.00,1.99,-0.00
00:07:11.233 [TUNER] 791,1000,2052.14,2000.00,1.46,-0.00,2012.47,2000.00,1.99,-0.00
00:07:11.263 [TUNER] 792,1000,2086.69,2000.00,1.05,-0.00,2006.85,2000.00,2.05,-0.00
00:07:11.298 [TUNER] 793,1000,2086.69,2000.00,1.05,-0.00,2006.85,2000.00,2.05,-0.00
00:07:11.299 [TUNER] 794,1000,2035.30,2000.00,1.56,-0.00,2045.30,2000.00,1.58,-0.00
00:07:11.333 [TUNER] 795,1000,2035.30,2000.00,1.56,-0.00,2045.30,2000.00,1.58,-0.00
00:07:11.333 [TUNER] 796,1000,2023.39,2000.00,1.67,-0.00,2043.42,2000.00,1.57,-0.00
00:07:11.368 [TUNER] 797,1000,2023.39,2000.00,1.67,-0.00,2043.42,2000.00,1.57,-0.00
00:07:11.403 [TUNER] 798,1000,1945.15,2000.00,2.52,-0.00,2035.04,2000.00,1.64,-0.00
00:07:11.405 [TUNER] 799,1000,1945.15,2000.00,2.52,-0.00,2035.04,2000.00,1.64,-0.00
00:07:11.438 [TUNER] 800,1000,1944.40,2000.00,2.57,-0.00,2009.44,2000.00,1.92,-0.00
00:07:11.439 [TUNER] 801,1000,1944.40,2000.00,2.57,-0.00,2009.44,2000.00,1.92,-0.00
00:07:11.474 [TUNER] 802,1000,1973.01,2000.00,2.29,-0.00,1968.35,2000.00,2.41,-0.00
00:07:11.509 [TUNER] 803,1000,1973.01,2000.00,2.29,-0.00,1968.35,2000.00,2.41,-0.00
00:07:11.510 [TUNER] 804,1000,2014.79,2000.00,1.84,-0.00,1969.83,2000.00,2.42,-0.00
00:07:11.546 [TUNER] 805,1000,2014.79,2000.00,1.84,-0.00,1969.83,2000.00,2.42,-0.00
00:07:11.546 [TUNER] 806,1000,2027.60,2000.00,1.69,-0.00,1950.40,2000.00,2.67,-0.00
00:07:11.580 [TUNER] 807,1000,2027.60,2000.00,1.69,-0.00,1950.40,2000.00,2.67,-0.00
00:07:11.614 [TUNER] 808,1000,1984.59,2000.00,2.15,-0.00,1996.71,2000.00,2.15,-0.00
00:07:11.615 [TUNER] 809,1000,1984.59,2000.00,2.15,-0.00,1996.71,2000.00,2.15,-0.00
00:07:11.649 [TUNER] 810,1000,1991.42,2000.00,2.08,-0.00,1987.37,2000.00,2.27,-0.00
00:07:11.650 [TUNER] 811,1000,1991.42,2000.00,2.08,-0.00,1987.37,2000.00,2.27,-0.00
00:07:11.683 [TUNER] 812,1000,1993.44,2000.00,2.07,-0.00,2012.54,2000.00,1.97,-0.00
00:07:11.717 [TUNER] 813,1000,1993.44,2000.00,2.07,-0.00,2012.54,2000.00,1.97,-0.00
00:07:11.717 [TUNER] 814,1000,1991.63,2000.00,2.09,-0.00,2001.75,2000.00,2.09,-0.00
00:07:11.752 [TUNER] 815,1000,1991.63,2000.00,2.09,-0.00,2001.75,2000.00,2.09,-0.00
00:07:11.753 [TUNER] 816,1000,1952.37,2000.00,2.53,-0.00,2018.88,2000.00,1.88,-0.00
00:07:11.787 [TUNER] 817,1000,1952.37,2000.00,2.53,-0.00,2018.88,2000.00,1.88,-0.00
00:07:11.825 [TUNER] 818,1000,1948.46,2000.00,2.61,-0.00,1996.52,2000.00,2.14,-0.00
00:07:11.825 [TUNER] 819,1000,1948.46,2000.00,2.61,-0.00,1996.52,2000.00,2.14,-0.00
00:07:11.861 [TUNER] 820,1000,1972.82,2000.00,2.37,-0.00,2009.55,2000.00,1.99,-0.00
00:07:11.863 [TUNER] 821,1000,1972.82,2000.00,2.37,-0.00,2009.55,2000.00,1.99,-0.00
00:07:11.893 [TUNER] 822,1000,2028.39,2000.00,1.77,-0.00,2006.23,2000.00,2.02,-0.00
00:07:11.931 [TUNER] 823,1000,2028.39,2000.00,1.77,-0.00,2006.23,2000.00,2.02,-0.00
00:07:11.931 [TUNER] 824,1000,2048.79,2000.00,1.52,-0.00,1988.11,2000.00,2.23,-0.00
00:07:11.963 [TUNER] 825,1000,2048.79,2000.00,1.52,-0.00,1988.11,2000.00,2.23,-0.00
00:07:11.965 [TUNER] 826,1000,1989.52,2000.00,2.15,-0.00,1989.08,2000.00,2.23,-0.00
00:07:11.997 [TUNER] 827,1000,1989.52,2000.00,2.15,-0.00,1989.08,2000.00,2.23,-0.00
00:07:12.033 [TUNER] 828,1000,1976.46,2000.00,2.30,-0.00,1974.39,2000.00,2.41,-0.00
00:07:12.069 [TUNER] 829,1000,1976.46,2000.00,2.30,-0.00,1974.39,2000.00,2.41,-0.00
00:07:12.069 [TUNER] 830,1000,1947.11,2000.00,2.65,-0.00,2000.44,2000.00,2.12,-0.00
00:07:12.072 [TUNER] 831,1000,1947.11,2000.00,2.65,-0.00,2000.44,2000.00,2.12,-0.00
00:07:12.104 [TUNER] 832,1000,2000.73,2000.00,2.08,-0.00,1972.98,2000.00,2.45,-0.00
00:07:12.139 [TUNER] 833,1000,2000.73,2000.00,2.08,-0.00,1972.98,2000.00,2.45,-0.00
00:07:12.139 [TUNER] 834,1000,2013.12,2000.00,1.95,-0.00,2011.55,2000.00,2.00,-0.00
00:07:12.173 [TUNER] 835,1000,2013.12,2000.00,1.95,-0.00,2011.55,2000.00,2.00,-0.00
00:07:12.176 [TUNER] 836,1000,2048.60,2000.00,1.54,-0.00,2004.39,2000.00,2.08,-0.00
00:07:12.209 [TUNER] 837,1000,2048.60,2000.00,1.54,-0.00,2004.39,2000.00,2.08,-0.00
00:07:12.243 [TUNER] 838,1000,2039.19,2000.00,1.61,-0.00,2029.59,2000.00,1.78,-0.00
00:07:12.247 [TUNER] 839,1000,2039.19,2000.00,1.61,-0.00,2029.59,2000.00,1.78,-0.00
00:07:12.278 [TUNER] 840,1000,2017.91,2000.00,1.83,-0.00,2029.14,2000.00,1.76,-0.00
00:07:12.279 [TUNER] 841,1000,2017.91,2000.00,1.83,-0.00,2029.14,2000.00,1.76,-0.00
00:07:12.313 [TUNER] 842,1000,1990.59,2000.00,2.12,-0.00,2001.28,2000.00,2.07,-0.00
00:07:12.348 [TUNER] 843,1000,1990.59,2000.00,2.12,-0.00,2001.28,2000.00,2.07,-0.00
00:07:12.349 [TUNER] 844,1000,1994.49,2000.00,2.08,-0.00,1980.72,2000.00,2.32,-0.00
00:07:12.384 [TUNER] 845,1000,1994.49,2000.00,2.08,-0.00,1980.72,2000.00,2.32,-0.00
00:07:12.385 [TUNER] 846,1000,2018.24,2000.00,1.82,-0.00,1971.14,2000.00,2.45,-0.00
00:07:12.418 [TUNER] 847,1000,2018.24,2000.00,1.82,-0.00,1971.14,2000.00,2.45,-0.00
00:07:12.455 [TUNER] 848,1000,2020.05,2000.00,1.79,-0.00,1987.53,2000.00,2.27,-0.00
00:07:12.456 [TUNER] 849,1000,2020.05,2000.00,1.79,-0.00,1987.53,2000.00,2.27,-0.00
00:07:12.489 [TUNER] 850,1000,2023.22,2000.00,1.74,-0.00,1978.30,2000.00,2.39,-0.00
00:07:12.489 [TUNER] 851,1000,2023.22,2000.00,1.74,-0.00,1978.30,2000.00,2.39,-0.00
00:07:12.524 [TUNER] 852,1000,1984.52,2000.00,2.15,-0.00,2010.44,2000.00,2.02,-0.00
00:07:12.559 [TUNER] 853,1000,1984.52,2000.00,2.15,-0.00,2010.44,2000.00,2.02,-0.00
00:07:12.560 [TUNER] 854,1000,1991.36,2000.00,2.09,-0.00,1998.35,2000.00,2.16,-0.00
00:07:12.594 [TUNER] 855,1000,1991.36,2000.00,2.09,-0.00,1998.35,2000.00,2.16,-0.00
00:07:12.595 [TUNER] 856,1000,1972.78,2000.00,2.30,-0.00,2035.07,2000.00,1.72,-0.00
00:07:12.629 [TUNER] 857,1000,1972.78,2000.00,2.30,-0.00,2035.07,2000.00,1.72,-0.00
00:07:12.662 [TUNER] 858,1000,2012.89,2000.00,1.87,-0.00,2011.18,2000.00,1.98,-0.00
00:07:12.662 [TUNER] 859,1000,2012.89,2000.00,1.87,-0.00,2011.18,2000.00,1.98,-0.00
00:07:12.700 [TUNER] 860,1000,1986.57,2000.00,2.16,-0.00,2028.15,2000.00,1.77,-0.00
00:07:12.701 [TUNER] 861,1000,1986.57,2000.00,2.16,-0.00,2028.15,2000.00,1.77,-0.00
00:07:12.733 [TUNER] 862,1000,1994.72,2000.00,2.08,-0.00,2014.24,2000.00,1.92,-0.00
00:07:12.768 [TUNER] 863,1000,1994.72,2000.00,2.08,-0.00,2014.24,2000.00,1.92,-0.00
00:07:12.769 [TUNER] 864,1000,1994.36,2000.00,2.08,-0.00,2011.70,2000.00,1.94,-0.00
00:07:12.804 [TUNER] 865,1000,1994.36,2000.00,2.08,-0.00,2011.70,2000.00,1.94,-0.00
00:07:12.805 [TUNER] 866,1000,2004.39,2000.00,1.97,-0.00,2001.08,2000.00,2.06,-0.00
00:07:12.840 [TUNER] 867,1000,2004.39,2000.00,1.97,-0.00,2001.08,2000.00,2.06,-0.00
00:07:12.875 [TUNER] 868,1000,1959.15,2000.00,2.48,-0.00,1990.86,2000.00,2.18,-0.00
00:07:12.876 [TUNER] 869,1000,1959.15,2000.00,2.48,-0.00,1990.86,2000.00,2.18,-0.00
00:07:12.909 [TUNER] 870,1000,1922.96,2000.00,2.90,0.00,2005.02,2000.00,2.02,-0.00
00:07:12.910 [TUNER] 871,1000,1922.96,2000.00,2.90,0.00,2005.02,2000.00,2.02,-0.00
00:07:12.944 [TUNER] 872,1000,1985.06,2000.00,2.26,0.00,1971.68,2000.00,2.41,-0.00
00:07:12.977 [TUNER] 873,1000,1985.06,2000.00,2.26,0.00,1971.68,2000.00,2.41,-0.00
00:07:12.978 [TUNER] 874,1000,2010.69,2000.00,1.99,0.00,1987.96,2000.00,2.24,-0.00
00:07:13.015 [TUNER] 875,1000,2010.69,2000.00,1.99,0.00,1987.96,2000.00,2.24,-0.00
00:07:13.016 [TUNER] 876,1000,2063.84,2000.00,1.39,-0.00,1961.47,2000.00,2.57,-0.00
00:07:13.047 [TUNER] 877,1000,2063.84,2000.00,1.39,-0.00,1961.47,2000.00,2.57,-0.00
00:07:13.083 [TUNER] 878,1000,2020.45,2000.00,1.83,-0.00,1988.38,2000.00,2.27,-0.00
00:07:13.086 [TUNER] 879,1000,2020.45,2000.00,1.83,-0.00,1988.38,2000.00,2.27,-0.00
00:07:13.118 [TUNER] 880,1000,2014.95,2000.00,1.88,-0.00,1989.30,2000.00,2.27,-0.00
00:07:13.118 [TUNER] 881,1000,2014.95,2000.00,1.88,-0.00,1989.30,2000.00,2.27,-0.00
00:07:13.153 [TUNER] 882,1000,1986.50,2000.00,2.19,-0.00,2032.98,2000.00,1.75,-0.00
00:07:13.191 [TUNER] 883,1000,1986.50,2000.00,2.19,-0.00,2032.98,2000.00,1.75,-0.00
00:07:13.191 [TUNER] 884,1000,1998.10,2000.00,2.07,-0.00,2047.31,2000.00,1.55,-0.00
00:07:13.224 [TUNER] 885,1000,1998.10,2000.00,2.07,-0.00,2047.31,2000.00,1.55,-0.00
00:07:13.225 [TUNER] 886,1000,1969.58,2000.00,2.38,-0.00,2048.46,2000.00,1.50,-0.00
00:07:13.259 [TUNER] 887,1000,1969.58,2000.00,2.38,-0.00,2048.46,2000.00,1.50,-0.00
00:07:13.296 [TUNER] 888,1000,1974.25,2000.00,2.35,-0.00,2015.02,2000.00,1.87,-0.00
00:07:13.296 [TUNER] 889,1000,1974.25,2000.00,2.35,-0.00,2015.02,2000.00,1.87,-0.00
00:07:13.328 [TUNER] 890,1000,2020.94,2000.00,1.85,-0.00,1983.12,2000.00,2.25,-0.00
00:07:13.331 [TUNER] 891,1000,2020.94,2000.00,1.85,-0.00,1983.12,2000.00,2.25,-0.00
00:07:13.365 [TUNER] 892,1000,2022.22,2000.00,1.82,-0.00,1974.78,2000.00,2.36,-0.00
00:07:13.399 [TUNER] 893,1000,2022.22,2000.00,1.82,-0.00,1974.78,2000.00,2.36,-0.00
00:07:13.399 [TUNER] 894,1000,2021.52,2000.00,1.82,-0.00,1940.61,2000.00,2.79,-0.00
00:07:13.434 [TUNER] 895,1000,2021.52,2000.00,1.82,-0.00,1940.61,2000.00,2.79,-0.00
00:07:13.434 [TUNER] 896,1000,1974.57,2000.00,2.32,-0.00,1978.57,2000.00,2.37,-0.00
00:07:13.468 [TUNER] 897,1000,1974.57,2000.00,2.32,-0.00,1978.57,2000.00,2.37,-0.00
00:07:13.503 [TUNER] 898,1000,1985.12,2000.00,2.22,-0.00,1978.01,2000.00,2.39,-0.00
00:07:13.504 [TUNER] 899,1000,1985.12,2000.00,2.22,-0.00,1978.01,2000.00,2.39,-0.00
00:07:13.538 [TUNER] 900,1000,1998.71,2000.00,2.08,-0.00,2006.77,2000.00,2.06,-0.00
00:07:13.539 [TUNER] 901,1000,1998.71,2000.00,2.08,-0.00,2006.77,2000.00,2.06,-0.00
00:07:13.575 [TUNER] 902,1000,2028.27,2000.00,1.75,-0.00,1988.35,2000.00,2.28,-0.00
00:07:13.608 [TUNER] 903,1000,2028.27,2000.00,1.75,-0.00,1988.35,2000.00,2.28,-0.00
00:07:13.610 [TUNER] 904,1000,1997.34,2000.00,2.08,-0.00,2013.53,2000.00,1.99,-0.00
00:07:13.645 [TUNER] 905,1000,1997.34,2000.00,2.08,-0.00,2013.53,2000.00,1.99,-0.00
00:07:13.645 [TUNER] 906,1000,2003.33,2000.00,2.01,-0.00,1997.39,2000.00,2.17,-0.00
00:07:13.678 [TUNER] 907,1000,2003.33,2000.00,2.01,-0.00,1997.39,2000.00,2.17,-0.00
00:07:13.714 [TUNER] 908,1000,1997.82,2000.00,2.07,-0.00,2015.40,2000.00,1.96,-0.00
00:07:13.715 [TUNER] 909,1000,1997.82,2000.00,2.07,-0.00,2015.40,2000.00,1.96,-0.00
00:07:13.748 [TUNER] 910,1000,2024.33,2000.00,1.78,-0.00,1997.17,2000.00,2.16,-0.00
00:07:13.749 [TUNER] 911,1000,2024.33,2000.00,1.78,-0.00,1997.17,2000.00,2.16,-0.00
00:07:13.782 [TUNER] 912,1000,2042.11,2000.00,1.57,-0.00,1977.42,2000.00,2.40,-0.00
00:07:13.820 [TUNER] 913,1000,2042.11,2000.00,1.57,-0.00,1977.42,2000.00,2.40,-0.00
00:07:13.821 [TUNER] 914,1000,2016.81,2000.00,1.82,-0.00,1985.68,2000.00,2.32,-0.00
00:07:13.852 [TUNER] 915,1000,2016.81,2000.00,1.82,-0.00,1985.68,2000.00,2.32,-0.00
00:07:13.854 [TUNER] 916,1000,2010.32,2000.00,1.88,-0.00,1975.11,2000.00,2.46,-0.00
00:07:13.888 [TUNER] 917,1000,2010.32,2000.00,1.88,-0.00,1975.11,2000.00,2.46,-0.00
00:07:13.923 [TUNER] 918,1000,1970.77,2000.00,2.31,-0.00,2009.60,2000.00,2.06,-0.00
00:07:13.924 [TUNER] 919,1000,1970.77,2000.00,2.31,-0.00,2009.60,2000.00,2.06,-0.00
00:07:13.959 [TUNER] 920,1000,1980.36,2000.00,2.23,-0.00,1980.50,2000.00,2.40,-0.00
00:07:13.960 [TUNER] 921,1000,1980.36,2000.00,2.23,-0.00,1980.50,2000.00,2.40,-0.00
00:07:13.994 [TUNER] 922,1000,1963.98,2000.00,2.42,-0.00,2019.07,2000.00,1.95,-0.00
00:07:14.029 [TUNER] 923,1000,1963.98,2000.00,2.42,-0.00,2019.07,2000.00,1.95,-0.00
00:07:14.031 [TUNER] 924,1000,1974.93,2000.00,2.32,-0.00,1991.51,2000.00,2.27,-0.00
00:07:14.064 [TUNER] 925,1000,1974.93,2000.00,2.32,-0.00,1991.51,2000.00,2.27,-0.00
00:07:14.065 [TUNER] 926,1000,1980.25,2000.00,2.28,-0.00,2027.88,2000.00,1.84,-0.00
00:07:14.101 [TUNER] 927,1000,1980.25,2000.00,2.28,-0.00,2027.88,2000.00,1.84,-0.00
00:07:14.132 [TUNER] 928,1000,2037.77,2000.00,1.65,-0.00,2026.05,2000.00,1.84,-0.00
00:07:14.132 [TUNER] 929,1000,2037.77,2000.00,1.65,-0.00,2026.05,2000.00,1.84,-0.00
00:07:14.170 [TUNER] 930,1000,2040.83,2000.00,1.59,-0.00,2022.86,2000.00,1.86,-0.00
00:07:14.171 [TUNER] 931,1000,2040.83,2000.00,1.59,-0.00,2022.86,2000.00,1.86,-0.00
00:07:14.203 [TUNER] 932,1000,2034.69,2000.00,1.64,-0.00,1994.54,2000.00,2.19,-0.00
00:07:14.238 [TUNER] 933,1000,2034.69,2000.00,1.64,-0.00,1994.54,2000.00,2.19,-0.00
00:07:14.273 [TUNER] 934,1000,2031.50,2000.00,1.65,-0.00,1977.04,2000.00,2.40,-0.00
00:07:14.274 [TUNER] 935,1000,2031.50,2000.00,1.65,-0.00,1977.04,2000.00,2.40,-0.00
00:07:14.276 [TUNER] 936,1000,2025.50,2000.00,1.69,-0.00,1981.94,2000.00,2.36,-0.00
00:07:14.308 [TUNER] 937,1000,2025.50,2000.00,1.69,-0.00,1981.94,2000.00,2.36,-0.00
00:07:14.344 [TUNER] 938,1000,1996.66,2000.00,2.00,-0.00,1972.12,2000.00,2.49,-0.00
00:07:14.345 [TUNER] 939,1000,1996.66,2000.00,2.00,-0.00,1972.12,2000.00,2.49,-0.00
00:07:14.379 [TUNER] 940,1000,1977.02,2000.00,2.22,-0.00,2002.05,2000.00,2.15,-0.00
00:07:14.381 [TUNER] 941,1000,1977.02,2000.00,2.22,-0.00,2002.05,2000.00,2.15,-0.00
00:07:14.416 [TUNER] 942,1000,1981.92,2000.00,2.18,-0.00,1996.80,2000.00,2.21,-0.00
00:07:14.449 [TUNER] 943,1000,1981.92,2000.00,2.18,-0.00,1996.80,2000.00,2.21,-0.00
00:07:14.450 [TUNER] 944,1000,1975.54,2000.00,2.26,-0.00,2037.26,2000.00,1.72,-0.00
00:07:14.483 [TUNER] 945,1000,1975.54,2000.00,2.26,-0.00,2037.26,2000.00,1.72,-0.00
00:07:14.484 [TUNER] 946,1000,2025.41,2000.00,1.72,-0.00,2026.68,2000.00,1.83,-0.00
00:07:14.518 [TUNER] 947,1000,2025.41,2000.00,1.72,-0.00,2026.68,2000.00,1.83,-0.00
00:07:14.553 [TUNER] 948,1000,1996.58,2000.00,2.03,-0.00,2043.99,2000.00,1.60,-0.00
00:07:14.554 [TUNER] 949,1000,1996.58,2000.00,2.03,-0.00,2043.99,2000.00,1.60,-0.00
00:07:14.588 [TUNER] 950,1000,1995.85,2000.00,2.04,-0.00,2014.88,2000.00,1.92,-0.00
00:07:14.588 [TUNER] 951,1000,1995.85,2000.00,2.04,-0.00,2014.88,2000.00,1.92,-0.00
00:07:14.625 [TUNER] 952,1000,1995.27,2000.00,2.05,-0.00,2015.65,2000.00,1.90,-0.00
00:07:14.659 [TUNER] 953,1000,1995.27,2000.00,2.05,-0.00,2015.65,2000.00,1.90,-0.00
00:07:14.660 [TUNER] 954,1000,2010.27,2000.00,1.88,-0.00,2004.24,2000.00,2.03,-0.00
00:07:14.694 [TUNER] 955,1000,2010.27,2000.00,1.88,-0.00,2004.24,2000.00,2.03,-0.00
00:07:14.694 [TUNER] 956,1000,1975.88,2000.00,2.26,-0.00,1993.39,2000.00,2.15,-0.00
00:07:14.729 [TUNER] 957,1000,1975.88,2000.00,2.26,-0.00,1993.39,2000.00,2.15,-0.00
00:07:14.765 [TUNER] 958,1000,1944.93,2000.00,2.62,-0.00,2001.89,2000.00,2.06,-0.00
00:07:14.767 [TUNER] 959,1000,1944.93,2000.00,2.62,-0.00,2001.89,2000.00,2.06,-0.00
00:07:14.803 [TUNER] 960,1000,1973.43,2000.00,2.34,-0.00,1974.33,2000.00,2.39,-0.00
00:07:14.806 [TUNER] 961,1000,1973.43,2000.00,2.34,-0.00,1974.33,2000.00,2.39,-0.00
00:07:14.833 [TUNER] 962,1000,1994.52,2000.00,2.12,-0.00,1993.52,2000.00,2.17,-0.00
00:07:14.869 [TUNER] 963,1000,1994.52,2000.00,2.12,-0.00,1993.52,2000.00,2.17,-0.00
00:07:14.869 [TUNER] 964,1000,2042.31,2000.00,1.59,-0.00,1962.48,2000.00,2.55,-0.00
00:07:14.904 [TUNER] 965,1000,2042.31,2000.00,1.59,-0.00,1962.48,2000.00,2.55,-0.00
00:07:14.904 [TUNER] 966,1000,2046.18,2000.00,1.52,-0.00,1992.62,2000.00,2.21,-0.00
00:07:14.938 [TUNER] 967,1000,2046.18,2000.00,1.52,-0.00,1992.62,2000.00,2.21,-0.00
00:07:14.974 [TUNER] 968,1000,2052.72,2000.00,1.42,-0.00,1987.54,2000.00,2.28,-0.00
00:07:15.009 [TUNER] 969,1000,2052.72,2000.00,1.42,-0.00,1987.54,2000.00,2.28,-0.00
00:07:15.009 [TUNER] 970,1000,2009.84,2000.00,1.86,-0.00,2029.85,2000.00,1.78,-0.00
00:07:15.011 [TUNER] 971,1000,2009.84,2000.00,1.86,-0.00,2029.85,2000.00,1.78,-0.00
00:07:15.044 [TUNER] 972,1000,1973.63,2000.00,2.26,-0.00,2048.03,2000.00,1.54,-0.00
00:07:15.078 [TUNER] 973,1000,1973.63,2000.00,2.26,-0.00,2048.03,2000.00,1.54,-0.00
00:07:15.078 [TUNER] 974,1000,1946.75,2000.00,2.57,-0.00,2042.37,2000.00,1.57,-0.00
00:07:15.114 [TUNER] 975,1000,1946.75,2000.00,2.57,-0.00,2042.37,2000.00,1.57,-0.00
00:07:15.114 [TUNER] 976,1000,1957.71,2000.00,2.49,-0.00,1999.84,2000.00,2.06,-0.00
00:07:15.151 [TUNER] 977,1000,1957.71,2000.00,2.49,-0.00,1999.84,2000.00,2.06,-0.00
00:07:15.183 [TUNER] 978,1000,1980.22,2000.00,2.27,-0.00,1977.85,2000.00,2.32,-0.00
00:07:15.184 [TUNER] 979,1000,1980.22,2000.00,2.27,-0.00,1977.85,2000.00,2.32,-0.00
00:07:15.218 [TUNER] 980,1000,2008.54,2000.00,1.96,-0.00,1970.56,2000.00,2.43,-0.00
00:07:15.218 [TUNER] 981,1000,2008.54,2000.00,1.96,-0.00,1970.56,2000.00,2.43,-0.00
00:07:15.253 [TUNER] 982,1000,2022.60,2000.00,1.80,-0.00,1952.70,2000.00,2.66,-0.00
00:07:15.288 [TUNER] 983,1000,2022.60,2000.00,1.80,-0.00,1952.70,2000.00,2.66,-0.00
00:07:15.288 [TUNER] 984,1000,1984.03,2000.00,2.22,-0.00,1988.24,2000.00,2.27,-0.00
00:07:15.324 [TUNER] 985,1000,1984.03,2000.00,2.22,-0.00,1988.24,2000.00,2.27,-0.00
00:07:15.325 [TUNER] 986,1000,2001.27,2000.00,2.03,-0.00,1984.03,2000.00,2.33,-0.00
00:07:15.358 [TUNER] 987,1000,2001.27,2000.00,2.03,-0.00,1984.03,2000.00,2.33,-0.00
00:07:15.394 [TUNER] 988,1000,2001.33,2000.00,2.03,-0.00,2015.02,2000.00,1.96,-0.00
00:07:15.394 [TUNER] 989,1000,2001.33,2000.00,2.03,-0.00,2015.02,2000.00,1.96,-0.00
00:07:15.431 [TUNER] 990,1000,1999.65,2000.00,2.05,-0.00,2000.30,2000.00,2.13,-0.00
00:07:15.431 [TUNER] 991,1000,1999.65,2000.00,2.05,-0.00,2000.30,2000.00,2.13,-0.00
00:07:15.463 [TUNER] 992,1000,1957.08,2000.00,2.52,-0.00,2014.29,2000.00,1.96,-0.00
00:07:15.498 [TUNER] 993,1000,1957.08,2000.00,2.52,-0.00,2014.29,2000.00,1.96,-0.00
00:07:15.499 [TUNER] 994,1000,1960.81,2000.00,2.51,0.00,1999.71,2000.00,2.13,-0.00
00:07:15.535 [TUNER] 995,1000,1960.81,2000.00,2.51,0.00,1999.71,2000.00,2.13,-0.00
00:07:15.536 [TUNER] 996,1000,1984.42,2000.00,2.27,0.00,2006.95,2000.00,2.04,-0.00
00:07:15.567 [TUNER] 997,1000,1984.42,2000.00,2.27,0.00,2006.95,2000.00,2.04,-0.00
00:07:15.604 [TUNER] 998,1000,2034.23,2000.00,1.73,-0.00,2000.71,2000.00,2.11,-0.00
00:07:15.604 [TUNER] 999,1000,2034.23,2000.00,1.73,-0.00,2000.71,2000.00,2.11,-0.00
00:07:15.638 [TUNER] 1000,1000,2050.06,1999.90,1.53,-0.00,1980.46,1999.90,2.35,-0.00
00:07:15.638 [TUNER] 1001,1000,2050.06,1999.70,1.53,-0.00,1980.46,1999.70,2.35,-0.00
00:07:15.674 [TUNER] 1002,1000,2045.41,1999.40,1.54,-0.00,1993.18,1999.40,2.21,-0.00
00:07:15.708 [TUNER] 1003,1000,2045.41,1999.00,1.54,-0.00,1993.18,1999.00,2.21,-0.00
00:07:15.709 [TUNER] 1004,1000,2033.20,1998.50,1.64,-0.00,1979.39,1998.50,2.37,-0.00
00:07:15.745 [TUNER] 1005,1000,2033.20,1997.90,1.64,-0.00,1979.39,1997.90,2.37,-0.00
00:07:15.745 [TUNER] 1006,1000,1985.63,1997.20,2.13,-0.00,2004.44,1997.20,2.06,-0.00
00:07:15.779 [TUNER] 1007,1000,1985.63,1996.40,2.13,-0.00,2004.44,1996.40,2.06,-0.00
00:07:15.813 [TUNER] 1008,1000,1945.86,1995.50,2.56,-0.00,1971.21,1995.50,2.43,-0.00
00:07:15.814 [TUNER] 1009,1000,1945.86,1994.50,2.56,-0.00,1971.21,1994.50,2.43,-0.00
00:07:15.848 [TUNER] 1010,1000,1929.51,1993.40,2.75,-0.00,2008.20,1993.40,1.98,-0.00
00:07:15.848 [TUNER] 1011,1000,1929.51,1992.20,2.75,-0.00,2008.20,1992.20,1.98,-0.00
00:07:15.883 [TUNER] 1012,1000,1955.94,1990.90,2.46,0.00,1987.97,1990.90,2.18,-0.00
00:07:15.919 [TUNER] 1013,1000,1955.94,1989.50,2.46,0.00,1987.97,1989.50,2.18,-0.00
00:07:15.920 [TUNER] 1014,1000,2002.86,1988.00,1.93,0.00,2019.89,1988.00,1.76,-0.00
00:07:15.955 [TUNER] 1015,1000,2002.86,1986.40,1.93,0.00,2019.89,1986.40,1.76,-0.00
00:07:15.956 [TUNER] 1016,1000,2083.34,1984.70,0.98,-0.00,2029.97,1984.70,1.57,-0.00
00:07:15.988 [TUNER] 1017,1000,2083.34,1982.90,0.98,-0.00,2029.97,1982.90,1.57,-0.00
00:07:16.025 [TUNER] 1018,1000,2077.29,1981.00,0.94,-0.00,2005.38,1981.00,1.79,-0.00
00:07:16.026 [TUNER] 1019,1000,2077.29,1979.00,0.94,-0.00,2005.38,1979.00,1.79,-0.00
00:07:16.058 [TUNER] 1020,1000,2048.40,1976.90,1.15,-0.00,1989.15,1976.90,1.91,-0.00
00:07:16.059 [TUNER] 1021,1000,2048.40,1974.70,1.15,-0.00,1989.15,1974.70,1.91,-0.00
00:07:16.094 [TUNER] 1022,1000,2008.10,1972.40,1.50,-0.00,1976.17,1972.40,2.00,-0.00
00:07:16.129 [TUNER] 1023,1000,2008.10,1970.00,1.50,-0.00,1976.17,1970.00,2.00,-0.00
00:07:16.131 [TUNER] 1024,1000,1981.02,1967.50,1.72,-0.00,1967.50,1967.50,2.04,-0.00
00:07:16.164 [TUNER] 1025,1000,1981.02,1964.90,1.72,-0.00,1967.50,1964.90,2.04,-0.00
00:07:16.164 [TUNER] 1026,1000,1966.22,1962.20,1.81,-0.00,1943.38,1962.20,2.26,-0.00
00:07:16.198 [TUNER] 1027,1000,1966.22,1959.40,1.81,-0.00,1943.38,1959.40,2.26,-0.00
00:07:16.233 [TUNER] 1028,1000,1945.80,1956.50,1.96,-0.00,1960.17,1956.50,2.00,-0.00
00:07:16.233 [TUNER] 1029,1000,1945.80,1953.50,1.96,-0.00,1960.17,1953.50,2.00,-0.00
00:07:16.270 [TUNER] 1030,1000,1956.94,1950.40,1.77,-0.00,1944.39,1950.40,2.11,-0.00
00:07:16.270 [TUNER] 1031,1000,1956.94,1947.20,1.77,-0.00,1944.39,1947.20,2.11,-0.00
00:07:16.304 [TUNER] 1032,1000,1933.22,1943.90,1.95,-0.00,1985.02,1943.90,1.53,-0.00
00:07:16.341 [TUNER] 1033,1000,1933.22,1940.50,1.95,-0.00,1985.02,1940.50,1.53,-0.00
00:07:16.342 [TUNER] 1034,1000,1969.22,1937.00,1.48,-0.00,1967.71,1937.00,1.62,-0.00
00:07:16.373 [TUNER] 1035,1000,1969.22,1933.40,1.48,-0.00,1967.71,1933.40,1.62,-0.00
00:07:16.374 [TUNER] 1036,1000,1944.76,1929.70,1.64,-0.00,1965.89,1929.70,1.53,-0.00
00:07:16.408 [TUNER] 1037,1000,1944.76,1925.90,1.64,-0.00,1965.89,1925.90,1.53,-0.00
00:07:16.443 [TUNER] 1038,1000,1961.27,1922.00,1.35,-0.00,1962.71,1922.00,1.44,-0.00
00:07:16.444 [TUNER] 1039,1000,1961.27,1918.00,1.35,-0.00,1962.71,1918.00,1.44,-0.00
00:07:16.478 [TUNER] 1040,1000,1919.50,1913.90,1.69,-0.00,1930.96,1913.90,1.69,-0.00
00:07:16.481 [TUNER] 1041,1000,1919.50,1909.70,1.69,-0.00,1930.96,1909.70,1.69,-0.00
00:07:16.513 [TUNER] 1042,1000,1889.64,1905.40,1.92,-0.00,1962.10,1905.40,1.19,-0.00
00:07:16.548 [TUNER] 1043,1000,1889.64,1901.00,1.92,-0.00,1962.10,1901.00,1.19,-0.00
00:07:16.549 [TUNER] 1044,1000,1906.93,1896.50,1.63,-0.00,1932.10,1896.50,1.40,-0.00
00:07:16.583 [TUNER] 1045,1000,1906.93,1891.90,1.63,-0.00,1932.10,1891.90,1.40,-0.00
00:07:16.584 [TUNER] 1046,1000,1855.41,1887.20,2.08,-0.00,1935.68,1887.20,1.21,-0.00
00:07:16.618 [TUNER] 1047,1000,1855.41,1882.40,2.08,-0.00,1935.68,1882.40,1.21,-0.00
00:07:16.654 [TUNER] 1048,1000,1864.02,1877.50,1.89,-0.00,1900.74,1877.50,1.47,-0.00
00:07:16.654 [TUNER] 1049,1000,1864.02,1872.50,1.89,-0.00,1900.74,1872.50,1.47,-0.00
00:07:16.688 [TUNER] 1050,1000,1869.19,1867.40,1.72,-0.00,1883.11,1867.40,1.53,-0.00
00:07:16.688 [TUNER] 1051,1000,1869.19,1862.20,1.72,-0.00,1883.11,1862.20,1.53,-0.00
00:07:16.726 [TUNER] 1052,1000,1902.53,1856.90,1.22,-0.00,1884.46,1856.90,1.37,-0.00
00:07:16.759 [TUNER] 1053,1000,1902.53,1851.50,1.22,-0.00,1884.46,1851.50,1.37,-0.00
00:07:16.760 [TUNER] 1054,1000,1925.77,1846.00,0.80,-0.00,1856.33,1846.00,1.55,-0.00
00:07:16.793 [TUNER] 1055,1000,1925.77,1840.40,0.80,-0.00,1856.33,1840.40,1.55,-0.00
00:07:16.794 [TUNER] 1056,1000,1901.41,1834.70,0.88,-0.00,1881.94,1834.70,1.08,-0.00
00:07:16.830 [TUNER] 1057,1000,1901.41,1828.90,0.88,-0.00,1881.94,1828.90,1.08,-0.00
00:07:16.831 [TUNER] 1058,1000,1880.20,1823.00,0.93,-0.00,1854.32,1823.00,1.23,-0.00
00:07:16.864 [TUNER] 1059,1000,1880.20,1817.00,0.93,-0.00,1854.32,1817.00,1.23,-0.00
00:07:16.898 [TUNER] 1060,1000,1863.23,1810.90,0.93,-0.00,1868.30,1810.90,0.88,-0.00
00:07:16.899 [TUNER] 1061,1000,1863.23,1804.70,0.93,-0.00,1868.30,1804.70,0.88,-0.00
00:07:16.933 [TUNER] 1062,1000,1847.94,1798.40,0.92,-0.00,1851.99,1798.40,0.88,-0.00
00:07:16.933 [TUNER] 1063,1000,1847.94,1792.00,0.92,-0.00,1851.99,1792.00,0.88,-0.00
00:07:16.967 [TUNER] 1064,1000,1820.25,1785.50,1.04,-0.00,1837.23,1785.50,0.85,-0.00
00:07:16.968 [TUNER] 1065,1000,1820.25,1778.90,1.04,-0.00,1837.23,1778.90,0.85,-0.00
00:07:17.003 [TUNER] 1066,1000,1820.43,1772.20,0.85,-0.00,1830.58,1772.20,0.72,-0.00
00:07:17.038 [TUNER] 1067,1000,1820.43,1765.40,0.85,-0.00,1830.58,1765.40,0.72,-0.00
00:07:17.038 [TUNER] 1068,1000,1811.98,1758.50,0.75,-0.00,1778.87,1758.50,1.12,-0.00
00:07:17.074 [TUNER] 1069,1000,1811.98,1751.50,0.75,-0.00,1778.87,1751.50,1.12,-0.00
00:07:17.075 [TUNER] 1070,1000,1789.76,1744.40,0.79,-0.00,1759.83,1744.40,1.15,-0.00
00:07:17.109 [TUNER] 1071,1000,1789.76,1737.20,0.79,-0.00,1759.83,1737.20,1.15,-0.00
00:07:17.109 [TUNER] 1072,1000,1768.55,1729.90,0.82,-0.00,1734.30,1729.90,1.26,-0.00
00:07:17.142 [TUNER] 1073,1000,1768.55,1722.50,0.82,-0.00,1734.30,1722.50,1.26,-0.00
00:07:17.178 [TUNER] 1074,1000,1706.91,1715.00,1.30,-0.00,1689.82,1715.00,1.60,-0.00
00:07:17.180 [TUNER] 1075,1000,1706.91,1707.40,1.30,-0.00,1689.82,1707.40,1.60,-0.00
00:07:17.214 [TUNER] 1076,1000,1642.13,1699.70,1.84,-0.00,1683.44,1699.70,1.49,-0.00
00:07:17.214 [TUNER] 1077,1000,1642.13,1691.90,1.84,-0.00,1683.44,1691.90,1.49,-0.00
00:07:17.248 [TUNER] 1078,1000,1638.42,1684.00,1.73,-0.00,1659.44,1684.00,1.59,-0.00
00:07:17.249 [TUNER] 1079,1000,1638.42,1676.00,1.73,-0.00,1659.44,1676.00,1.59,-0.00
00:07:17.283 [TUNER] 1080,1000,1661.22,1667.90,1.31,-0.00,1674.60,1667.90,1.22,-0.00
00:07:17.318 [TUNER] 1081,1000,1661.22,1659.70,1.31,-0.00,1674.60,1659.70,1.22,-0.00
00:07:17.319 [TUNER] 1082,1000,1694.92,1651.40,0.74,-0.00,1717.65,1651.40,0.48,-0.00
00:07:17.353 [TUNER] 1083,1000,1694.92,1643.00,0.74,-0.00,1717.65,1643.00,0.48,-0.00
00:07:17.354 [TUNER] 1084,1000,1744.22,1634.50,-0.04,-0.00,1709.14,1634.50,0.31,-0.00
00:07:17.389 [TUNER] 1085,1000,1744.22,1625.90,-0.04,-0.00,1709.14,1625.90,0.31,-0.00
00:07:17.389 [TUNER] 1086,1000,1706.34,1617.20,0.09,-0.00,1695.46,1617.20,0.20,-0.00
00:07:17.425 [TUNER] 1087,1000,1706.34,1608.40,0.09,-0.00,1695.46,1608.40,0.20,-0.00
00:07:17.459 [TUNER] 1088,1000,1688.07,1599.50,0.03,-0.00,1631.26,1599.50,0.69,-0.00
00:07:17.460 [TUNER] 1089,1000,1688.07,1590.50,0.03,-0.00,1631.26,1590.50,0.69,-0.00
00:07:17.494 [TUNER] 1090,1000,1642.53,1581.40,0.25,-0.00,1536.95,1581.40,1.57,-0.00
00:07:17.496 [TUNER] 1091,1000,1642.53,1572.20,0.25,-0.00,1536.95,1572.20,1.57,-0.00
00:07:17.529 [TUNER] 1092,1000,1606.09,1562.90,0.40,-0.00,1513.04,1562.90,1.64,-0.00
00:07:17.564 [TUNER] 1093,1000,1606.09,1553.50,0.40,-0.00,1513.04,1553.50,1.64,-0.00
00:07:17.564 [TUNER] 1094,1000,1566.63,1544.00,0.58,-0.00,1555.76,1544.00,0.92,-0.00
00:07:17.598 [TUNER] 1095,1000,1566.63,1534.40,0.58,-0.00,1555.76,1534.40,0.92,-0.00
00:07:17.599 [TUNER] 1096,1000,1509.30,1524.70,0.97,-0.00,1572.76,1524.70,0.45,-0.00
00:07:17.636 [TUNER] 1097,1000,1509.30,1514.90,0.97,-0.00,1572.76,1514.90,0.45,-0.00
00:07:17.637 [TUNER] 1098,1000,1401.58,1505.00,1.94,-0.00,1588.07,1505.00,-0.02,-0.00
00:07:17.668 [TUNER] 1099,1000,1401.58,1495.00,1.94,-0.00,1588.07,1495.00,-0.02,-0.00
00:07:17.705 [TUNER] 1100,1000,1311.97,1484.90,2.76,-0.00,1559.09,1484.90,0.01,-0.00
00:07:17.706 [TUNER] 1101,1000,1311.97,1474.70,2.76,-0.00,1559.09,1474.70,0.01,-0.00
00:07:17.738 [TUNER] 1102,1000,1341.64,1464.40,2.29,-0.00,1506.70,1464.40,0.32,-0.00
00:07:17.738 [TUNER] 1103,1000,1341.64,1454.00,2.29,-0.00,1506.70,1454.00,0.32,-0.00
00:07:17.774 [TUNER] 1104,1000,1430.67,1443.50,1.13,-0.00,1492.28,1443.50,0.19,-0.00
00:07:17.775 [TUNER] 1105,1000,1501.54,1432.90,0.24,-0.00,1471.87,1432.90,0.28,-0.00
00:07:17.808 [TUNER] 1106,1000,1501.54,1422.20,0.24,-0.00,1471.87,1422.20,0.28,-0.00
00:07:17.843 [TUNER] 1107,1000,1600.02,1411.40,-1.16,-0.00,1449.08,1411.40,0.24,-0.00
00:07:17.844 [TUNER] 1108,1000,1600.02,1400.50,-1.16,-0.00,1449.08,1400.50,0.24,-0.00
00:07:17.878 [TUNER] 1109,1000,1554.90,1389.50,-1.05,-0.00,1447.90,1389.50,-0.05,-0.00
00:07:17.881 [TUNER] 1110,1000,1554.90,1378.40,-1.05,-0.00,1447.90,1378.40,-0.05,-0.00
00:07:17.913 [TUNER] 1111,1000,1463.83,1367.20,-0.41,-0.00,1460.70,1367.20,-0.54,-0.00
00:07:17.914 [TUNER] 1112,1000,1389.23,1355.90,0.23,-0.00,1444.68,1355.90,-0.53,-0.00
00:07:17.950 [TUNER] 1113,1000,1389.23,1344.50,0.23,-0.00,1444.68,1344.50,-0.53,-0.00
00:07:17.983 [TUNER] 1114,1000,1321.83,1333.00,0.68,-0.00,1412.76,1333.00,-0.51,-0.00
00:07:17.984 [TUNER] 1115,1000,1321.83,1321.40,0.68,-0.00,1412.76,1321.40,-0.51,-0.00
00:07:18.018 [TUNER] 1116,1000,1284.25,1309.70,0.82,-0.00,1399.94,1309.70,-0.71,-0.00
00:07:18.019 [TUNER] 1117,1000,1284.25,1297.90,0.82,-0.00,1399.94,1297.90,-0.71,-0.00
00:07:18.055 [TUNER] 1118,1000,1262.77,1286.00,0.79,-0.00,1410.31,1286.00,-1.21,-0.00
00:07:18.055 [TUNER] 1119,1000,1262.77,1274.00,0.79,-0.00,1410.31,1274.00,-1.21,-0.00
00:07:18.089 [TUNER] 1120,1000,1302.29,1262.00,0.07,-0.00,1358.46,1262.00,-0.98,-0.00
00:07:18.125 [TUNER] 1121,1000,1302.29,1250.00,0.07,-0.00,1358.46,1250.00,-0.98,-0.00
00:07:18.125 [TUNER] 1122,1000,1318.44,1238.00,-0.42,-0.00,1279.19,1238.00,-0.41,-0.00
00:07:18.160 [TUNER] 1123,1000,1318.44,1226.00,-0.42,-0.00,1279.19,1226.00,-0.41,-0.00
00:07:18.160 [TUNER] 1124,1000,1264.35,1214.00,-0.17,-0.00,1186.57,1214.00,0.37,-0.00
00:07:18.193 [TUNER] 1125,1000,1264.35,1202.00,-0.17,-0.00,1186.57,1202.00,0.37,-0.00
00:07:18.195 [TUNER] 1126,1000,1190.16,1190.00,0.33,-0.00,1115.91,1190.00,0.92,-0.00
00:07:18.229 [TUNER] 1127,1000,1190.16,1178.00,0.33,-0.00,1115.91,1178.00,0.92,-0.00
00:07:18.263 [TUNER] 1128,1000,1113.63,1166.00,0.89,-0.00,1086.87,1166.00,1.01,-0.00
00:07:18.264 [TUNER] 1129,1000,1113.63,1154.00,0.89,-0.00,1086.87,1154.00,1.01,-0.00
00:07:18.299 [TUNER] 1130,1000,1090.20,1142.00,0.90,-0.00,1082.53,1142.00,0.81,-0.00
00:07:18.299 [TUNER] 1131,1000,1090.20,1130.00,0.90,-0.00,1082.53,1130.00,0.81,-0.00
00:07:18.333 [TUNER] 1132,1000,1076.61,1118.00,0.79,-0.00,1147.79,1118.00,-0.25,-0.00
00:07:18.334 [TUNER] 1133,1000,1076.61,1106.00,0.79,-0.00,1147.79,1106.00,-0.25,-0.00
00:07:18.369 [TUNER] 1134,1000,1096.66,1094.00,0.31,-0.00,1179.38,1094.00,-0.96,-0.00
00:07:18.402 [TUNER] 1135,1000,1096.66,1082.00,0.31,-0.00,1179.38,1082.00,-0.96,-0.00
00:07:18.402 [TUNER] 1136,1000,1123.01,1070.00,-0.28,-0.00,1153.10,1070.00,-1.02,-0.00
00:07:18.437 [TUNER] 1137,1000,1123.01,1058.00,-0.28,-0.00,1153.10,1058.00,-1.02,-0.00
00:07:18.437 [TUNER] 1138,1000,1130.35,1046.00,-0.69,-0.00,1094.29,1046.00,-0.68,-0.00
00:07:18.480 [TUNER] 1139,1000,1130.35,1034.00,-0.69,-0.00,1094.29,1034.00,-0.68,-0.00
00:07:18.484 [TUNER] 1140,1000,1129.34,1022.00,-1.02,-0.00,1040.36,1022.00,-0.38,-0.00
00:07:18.506 [TUNER] 1141,1000,1129.34,1010.00,-1.02,-0.00,1040.36,1010.00,-0.38,-0.00
00:07:18.541 [TUNER] 1142,1000,1126.82,998.00,-1.36,-0.00,1009.25,998.00,-0.33,-0.00
00:07:18.542 [TUNER] 1143,1000,1126.82,986.00,-1.36,-0.00,1009.25,986.00,-0.33,-0.00
00:07:18.577 [TUNER] 1144,1000,1095.60,974.00,-1.38,-0.00,1022.16,974.00,-0.81,-0.00
00:07:18.577 [TUNER] 1145,1000,1095.60,962.00,-1.38,-0.00,1022.16,962.00,-0.81,-0.00
00:07:18.612 [TUNER] 1146,1000,1032.82,950.00,-1.06,-0.00,1006.71,950.00,-0.97,-0.00
00:07:18.646 [TUNER] 1147,1000,1032.82,938.00,-1.06,-0.00,1006.71,938.00,-0.97,-0.00
00:07:18.647 [TUNER] 1148,1000,936.21,926.00,-0.33,-0.00,980.61,926.00,-1.01,-0.00
00:07:18.685 [TUNER] 1149,1000,936.21,914.00,-0.33,-0.00,980.61,914.00,-1.01,-0.00
00:07:18.685 [TUNER] 1150,1000,841.75,902.00,0.43,-0.00,940.83,902.00,-0.88,-0.00
00:07:18.717 [TUNER] 1151,1000,841.75,890.00,0.43,-0.00,940.83,890.00,-0.88,-0.00
00:07:18.717 [TUNER] 1152,1000,819.43,878.00,0.42,-0.00,907.29,878.00,-0.81,-0.00
00:07:18.752 [TUNER] 1153,1000,819.43,866.00,0.42,-0.00,907.29,866.00,-0.81,-0.00
00:07:18.786 [TUNER] 1154,1000,865.15,854.00,-0.34,-0.00,878.74,854.00,-0.80,-0.00
00:07:18.787 [TUNER] 1155,1000,865.15,842.00,-0.34,-0.00,878.74,842.00,-0.80,-0.00
00:07:18.821 [TUNER] 1156,1000,944.67,830.00,-1.52,-0.00,855.90,830.00,-0.86,-0.00
00:07:18.822 [TUNER] 1157,1000,944.67,818.00,-1.52,-0.00,855.90,818.00,-0.86,-0.00
00:07:18.856 [TUNER] 1158,1000,992.83,806.00,-2.43,-0.00,822.16,806.00,-0.78,-0.00
00:07:18.857 [TUNER] 1159,1000,992.83,794.00,-2.43,-0.00,822.16,794.00,-0.78,-0.00
00:07:18.893 [TUNER] 1160,1000,957.48,782.00,-2.44,-0.00,762.53,782.00,-0.39,-0.00
00:07:18.927 [TUNER] 1161,1000,957.48,770.00,-2.44,-0.00,762.53,770.00,-0.39,-0.00
00:07:18.928 [TUNER] 1162,1000,874.22,758.00,-1.92,-0.00,689.06,758.00,0.20,-0.00
00:07:18.961 [TUNER] 1163,1000,874.22,746.00,-1.92,-0.00,689.06,746.00,0.20,-0.00
00:07:18.962 [TUNER] 1164,1000,762.95,734.00,-1.05,-0.00,673.23,734.00,0.13,-0.00
00:07:18.998 [TUNER] 1165,1000,762.95,722.00,-1.05,-0.00,673.23,722.00,0.13,-0.00
00:07:18.998 [TUNER] 1166,1000,639.56,710.00,0.01,-0.00,705.23,710.00,-0.53,-0.00
00:07:19.033 [TUNER] 1167,1000,639.56,698.10,0.01,-0.00,705.23,698.10,-0.53,-0.00
00:07:19.069 [TUNER] 1168,1000,554.60,686.30,0.71,-0.00,760.05,686.30,-1.50,-0.00
00:07:19.069 [TUNER] 1169,1000,554.60,674.60,0.71,-0.00,760.05,674.60,-1.50,-0.00
00:07:19.102 [TUNER] 1170,1000,582.84,663.00,0.20,-0.00,783.28,663.00,-2.13,-0.00
00:07:19.104 [TUNER] 1171,1000,582.84,651.50,0.20,-0.00,783.28,651.50,-2.13,-0.00
00:07:19.139 [TUNER] 1172,1000,651.83,640.10,-0.79,-0.00,724.55,640.10,-1.81,-0.00
00:07:19.139 [TUNER] 1173,1000,651.83,628.80,-0.79,-0.00,724.55,628.80,-1.81,-0.00
00:07:19.172 [TUNER] 1174,1000,725.91,617.60,-1.90,-0.00,629.47,617.60,-1.01,-0.00
00:07:19.210 [TUNER] 1175,1000,725.91,606.50,-1.90,-0.00,629.47,606.50,-1.01,-0.00
00:07:19.210 [TUNER] 1176,1000,768.00,595.50,-2.70,-0.00,524.19,595.50,-0.04,-0.00
00:07:19.242 [TUNER] 1177,1000,768.00,584.60,-2.70,-0.00,524.19,584.60,-0.04,-0.00
00:07:19.243 [TUNER] 1178,1000,722.63,573.80,-2.57,-0.01,419.35,573.80,0.99,-0.00
00:07:19.277 [TUNER] 1179,1000,722.63,563.10,-2.57,-0.01,419.35,563.10,0.99,-0.00
00:07:19.277 [TUNER] 1180,1000,593.57,552.50,-1.49,-0.01,337.20,552.50,1.81,-0.00
00:07:19.314 [TUNER] 1181,1000,593.57,542.00,-1.49,-0.01,337.20,542.00,1.81,-0.00
00:07:19.348 [TUNER] 1182,1000,457.68,531.60,-0.26,-0.01,367.69,531.60,1.32,-0.00
00:07:19.349 [TUNER] 1183,1000,457.68,521.30,-0.26,-0.01,367.69,521.30,1.32,-0.00
00:07:19.382 [TUNER] 1184,1000,324.91,511.10,1.01,-0.00,502.04,511.10,-0.45,-0.00
00:07:19.383 [TUNER] 1185,1000,225.60,501.00,2.03,-0.00,617.89,501.00,-1.93,-0.00
00:07:19.416 [TUNER] 1186,1000,225.60,491.00,2.03,-0.00,617.89,491.00,-1.93,-0.00
00:07:19.417 [TUNER] 1187,1000,218.30,481.10,2.05,-0.00,683.39,481.10,-3.06,-0.00
00:07:19.453 [TUNER] 1188,1000,218.30,471.30,2.05,-0.00,683.39,471.30,-3.06,-0.00
00:07:19.486 [TUNER] 1189,1000,358.47,461.60,0.42,-0.00,624.03,461.60,-2.74,-0.00
00:07:19.487 [TUNER] 1190,1000,358.47,452.00,0.42,-0.00,624.03,452.00,-2.74,-0.00
00:07:19.522 [TUNER] 1191,1000,522.15,442.50,-1.56,-0.00,535.30,442.50,-2.04,-0.00
00:07:19.522 [TUNER] 1192,1000,522.15,433.10,-1.56,-0.00,535.30,433.10,-2.04,-0.00
00:07:19.556 [TUNER] 1193,1000,613.58,423.80,-2.86,-0.00,428.24,423.80,-1.05,-0.00
00:07:19.557 [TUNER] 1194,1000,613.58,414.60,-2.86,-0.00,428.24,414.60,-1.05,-0.00
00:07:19.593 [TUNER] 1195,1000,597.38,405.50,-3.02,-0.00,371.80,405.50,-0.62,-0.00
00:07:19.628 [TUNER] 1196,1000,597.38,396.50,-3.02,-0.00,371.80,396.50,-0.62,-0.00
00:07:19.629 [TUNER] 1197,1000,534.60,387.60,-2.67,-0.00,426.29,387.60,-1.48,-0.00
00:07:19.661 [TUNER] 1198,1000,534.60,378.80,-2.67,-0.00,426.29,378.80,-1.48,-0.00
00:07:19.662 [TUNER] 1199,1000,456.89,370.10,-2.11,-0.01,483.63,370.10,-2.43,-0.00
00:07:19.697 [TUNER] 1200,1000,456.89,361.50,-2.11,-0.01,483.63,361.50,-2.43,-0.00
00:07:19.697 [TUNER] 1201,1000,363.79,353.00,-1.34,-0.01,477.96,353.00,-2.66,-0.01
00:07:19.734 [TUNER] 1202,1000,363.79,344.60,-1.34,-0.01,477.96,344.60,-2.66,-0.01
00:07:19.767 [TUNER] 1203,1000,273.85,336.30,-0.55,-0.00,413.30,336.30,-2.19,-0.01
00:07:19.767 [TUNER] 1204,1000,273.85,328.10,-0.55,-0.00,413.30,328.10,-2.19,-0.01
00:07:19.806 [TUNER] 1205,1000,200.18,320.00,0.11,-0.00,335.79,320.00,-1.52,-0.01
00:07:19.806 [TUNER] 1206,1000,200.18,312.00,0.11,-0.00,335.79,312.00,-1.52,-0.01
00:07:19.837 [TUNER] 1207,1000,148.12,304.10,0.58,-0.00,277.22,304.10,-1.03,-0.01
00:07:19.838 [TUNER] 1208,1000,148.12,296.30,0.58,-0.00,277.22,296.30,-1.03,-0.01
00:07:19.873 [TUNER] 1209,1000,116.78,288.60,0.84,-0.00,230.37,288.60,-0.65,-0.01
00:07:19.910 [TUNER] 1210,1000,116.78,281.00,0.84,-0.00,230.37,281.00,-0.65,-0.01
00:07:19.911 [TUNER] 1211,1000,139.81,273.50,0.52,-0.00,184.30,273.50,-0.25,-0.00
00:07:19.944 [TUNER] 1212,1000,139.81,266.10,0.52,-0.00,184.30,266.10,-0.25,-0.00
00:07:19.944 [TUNER] 1213,1000,218.37,258.80,-0.45,-0.00,147.44,258.80,0.06,-0.00
00:07:19.979 [TUNER] 1214,1000,218.37,251.60,-0.45,-0.00,147.44,251.60,0.06,-0.00
00:07:19.979 [TUNER] 1215,1000,312.14,244.50,-1.64,-0.00,124.82,244.50,0.23,-0.00
00:07:20.012 [TUNER] 1216,1000,312.14,237.50,-1.64,-0.00,124.82,237.50,0.23,-0.00
00:07:20.048 [TUNER] 1217,1000,400.90,230.60,-2.84,-0.00,156.55,230.60,-0.25,-0.00
00:07:20.048 [TUNER] 1218,1000,400.90,223.80,-2.84,-0.00,156.55,223.80,-0.25,-0.00
00:07:20.082 [TUNER] 1219,1000,449.57,217.10,-3.66,-0.00,236.92,217.10,-1.34,-0.00
00:07:20.084 [TUNER] 1220,1000,449.57,210.50,-3.66,-0.00,236.92,210.50,-1.34,-0.00
00:07:20.117 [TUNER] 1221,1000,395.74,204.00,-3.37,-0.01,294.33,204.00,-2.22,-0.00
00:07:20.117 [TUNER] 1222,1000,395.74,197.60,-3.37,-0.01,294.33,197.60,-2.22,-0.00
00:07:20.151 [TUNER] 1223,1000,304.56,191.30,-2.63,-0.01,278.42,191.30,-2.26,-0.00
00:07:20.188 [TUNER] 1224,1000,304.56,185.10,-2.63,-0.01,278.42,185.10,-2.26,-0.00
00:07:20.188 [TUNER] 1225,1000,207.57,179.00,-1.78,-0.01,227.89,179.00,-1.87,-0.00
00:07:20.223 [TUNER] 1226,1000,207.57,173.00,-1.78,-0.01,227.89,173.00,-1.87,-0.00
00:07:20.223 [TUNER] 1227,1000,140.29,167.10,-1.19,-0.01,189.18,167.10,-1.59,-0.00
00:07:20.257 [TUNER] 1228,1000,140.29,161.30,-1.19,-0.01,189.18,161.30,-1.59,-0.00
00:07:20.294 [TUNER] 1229,1000,101.92,155.60,-0.89,-0.01,154.78,155.60,-1.35,-0.00
00:07:20.294 [TUNER] 1230,1000,101.92,150.00,-0.89,-0.01,154.78,150.00,-1.35,-0.00
00:07:20.328 [TUNER] 1231,1000,84.97,144.50,-0.80,-0.01,111.80,144.50,-0.97,-0.00
00:07:20.328 [TUNER] 1232,1000,84.97,139.10,-0.80,-0.01,111.80,139.10,-0.97,-0.00
00:07:20.362 [TUNER] 1233,1000,97.19,133.80,-1.03,-0.00,60.23,133.80,-0.47,-0.00
00:07:20.363 [TUNER] 1234,1000,97.19,128.60,-1.03,-0.00,60.23,128.60,-0.47,-0.00
00:07:20.399 [TUNER] 1235,1000,113.83,123.50,-1.31,-0.00,22.42,123.50,-0.09,-0.00
00:07:20.432 [TUNER] 1236,1000,113.83,118.50,-1.31,-0.00,22.42,118.50,-0.09,-0.00
00:07:20.432 [TUNER] 1237,1000,128.86,113.60,-1.59,-0.00,4.19,113.60,0.07,-0.00
00:07:20.467 [TUNER] 1238,1000,128.86,108.80,-1.59,-0.00,4.19,108.80,0.07,-0.00
00:07:20.467 [TUNER] 1239,1000,135.73,104.10,-1.79,-0.01,1.63,104.10,0.05,-0.00
00:07:20.502 [TUNER] 1240,1000,135.73,99.50,-1.79,-0.01,1.63,99.50,0.05,-0.00
00:07:20.502 [TUNER] 1241,1000,136.07,95.00,-1.93,-0.01,45.98,95.00,-0.53,-0.00
00:07:20.538 [TUNER] 1242,1000,136.07,90.60,-1.93,-0.01,45.98,90.60,-0.53,-0.00
00:07:20.573 [TUNER] 1243,1000,134.63,86.30,-2.05,-0.01,120.97,86.30,-1.51,-0.00
00:07:20.607 [TUNER] 1244,1000,134.63,82.10,-2.05,-0.01,120.97,82.10,-1.51,-0.00
00:07:20.608 [TUNER] 1245,1000,124.88,78.00,-2.07,-0.01,162.06,78.00,-2.14,-0.00
00:07:20.609 [TUNER] 1246,1000,124.88,74.00,-2.07,-0.01,162.06,74.00,-2.14,-0.00
00:07:20.643 [TUNER] 1247,1000,103.34,70.10,-1.96,-0.01,141.67,70.10,-2.05,-0.00
00:07:20.643 [TUNER] 1248,1000,103.34,66.30,-1.96,-0.01,141.67,66.30,-2.05,-0.00
00:07:20.678 [TUNER] 1249,1000,80.96,62.60,-1.82,-0.01,104.75,62.60,-1.76,-0.00
00:07:20.714 [TUNER] 1250,1000,80.96,59.00,-1.82,-0.01,104.75,59.00,-1.76,-0.00
00:07:20.715 [TUNER] 1251,1000,61.33,55.50,-1.70,-0.01,71.77,55.50,-1.48,-0.00
00:07:20.747 [TUNER] 1252,1000,61.33,52.10,-1.70,-0.01,71.77,52.10,-1.48,-0.00
00:07:20.748 [TUNER] 1253,1000,49.06,48.80,-1.65,-0.01,55.70,48.80,-1.39,-0.00
00:07:20.782 [TUNER] 1254,1000,49.06,45.60,-1.65,-0.01,55.70,45.60,-1.39,-0.00
00:07:20.782 [TUNER] 1255,1000,39.25,42.50,-1.62,-0.01,53.15,42.50,-1.44,-0.00
00:07:20.817 [TUNER] 1256,1000,39.25,39.50,-1.62,-0.01,53.15,39.50,-1.44,-0.00
00:07:20.852 [TUNER] 1257,1000,31.40,36.60,-1.60,-0.01,47.67,36.60,-1.46,-0.00
00:07:20.852 [TUNER] 1258,1000,31.40,33.80,-1.60,-0.01,47.67,33.80,-1.46,-0.00
00:07:20.887 [TUNER] 1259,1000,33.71,31.10,-1.69,-0.01,39.86,31.10,-1.45,-0.00
00:07:20.888 [TUNER] 1260,1000,33.71,28.50,-1.69,-0.01,39.86,28.50,-1.45,-0.00
00:07:20.923 [TUNER] 1261,1000,30.40,26.00,-1.71,-0.01,31.89,26.00,-1.42,-0.00
00:07:20.924 [TUNER] 1262,1000,30.40,23.60,-1.71,-0.01,31.89,23.60,-1.42,-0.00
00:07:20.957 [TUNER] 1263,1000,24.32,21.30,-1.71,-0.01,25.51,21.30,-1.41,-0.00
00:07:20.992 [TUNER] 1264,1000,24.32,19.10,-1.71,-0.01,25.51,19.10,-1.41,-0.00
00:07:20.992 [TUNER] 1265,1000,14.30,17.00,-1.65,-0.01,20.41,17.00,-1.41,-0.00
00:07:21.029 [TUNER] 1266,1002,1.26,15.00,-1.53,-0.01,16.33,15.00,-1.39,-0.00
00:07:21.029 [TUNER] 1267,998,1.26,13.10,-1.53,-0.01,16.33,13.10,-1.39,-0.00
00:07:21.061 [TUNER] 1268,1000,-18.01,11.30,-1.35,-0.01,13.06,11.30,-1.40,-0.00
00:07:21.062 [TUNER] 1269,1000,-18.01,9.60,-1.35,-0.01,13.06,9.60,-1.40,-0.00
00:07:21.097 [TUNER] 1270,1000,-31.59,8.00,-1.22,-0.01,3.58,8.00,-1.33,-0.00
00:07:21.131 [TUNER] 1271,1000,-31.59,6.50,-1.22,-0.01,3.58,6.50,-1.33,-0.00
00:07:21.132 [TUNER] 1272,1000,-47.60,5.10,-1.05,-0.01,-9.17,5.10,-1.21,-0.00
00:07:21.166 [TUNER] 1273,1000,-47.60,3.80,-1.05,-0.01,-9.17,3.80,-1.21,-0.00
00:07:21.168 [TUNER] 1274,1000,-63.85,2.60,-0.87,-0.01,-19.36,2.60,-1.11,-0.00
00:07:21.201 [TUNER] 1275,1000,-63.85,1.50,-0.87,-0.01,-19.36,1.50,-1.11,-0.00
00:07:21.202 [TUNER] 1276,1000,-75.14,0.50,-0.72,-0.00,-32.67,0.50,-0.96,-0.00
00:07:21.237 [TUNER] 1277,1000,-75.14,-0.40,-0.72,-0.00,-32.67,-0.40,-0.96,-0.00
00:07:21.274 [TUNER] 1278,1000,-80.73,-1.20,-0.80,-0.00,-43.31,-1.20,-1.28,-0.00
00:07:21.274 [TUNER] 1279,1000,-80.73,-1.90,-0.80,-0.00,-43.31,-1.90,-1.28,-0.00
00:07:21.307 [TUNER] 1280,1000,-86.91,-2.50,-0.70,-0.00,-51.83,-2.50,-1.16,-0.00
00:07:21.308 [TUNER] 1281,1000,-100.43,-3.00,-0.53,-0.00,-68.93,-3.00,-0.95,-0.00
00:07:21.342 [TUNER] 1282,1000,-100.43,-3.40,-0.53,-0.00,-68.93,-3.40,-0.95,-0.00
00:07:21.379 [TUNER] 1283,1000,-113.00,-3.70,-0.34,-0.00,-84.36,-3.70,-0.73,-0.00
00:07:21.379 [TUNER] 1284,1000,-113.00,-3.90,-0.34,-0.00,-84.36,-3.90,-0.73,-0.00
00:07:21.413 [TUNER] 1285,1000,-121.33,-4.00,-0.17,-0.00,-89.83,-4.00,-0.61,-0.00
00:07:21.413 [TUNER] 1286,1000,-121.33,0.00,-0.17,-0.00,-89.83,0.00,-0.61,-0.00
00:07:21.447 [TUNER] 1287,1000,-124.55,0.00,0.16,-0.00,-87.32,0.00,-0.08,-0.00
00:07:21.447 [TUNER] 1288,1000,-124.55,0.00,0.16,-0.00,-87.32,0.00,-0.08,-0.00
00:07:21.485 [TUNER] 1289,1000,-123.69,0.00,0.23,-0.00,-81.88,0.00,-0.08,-0.00
00:07:21.518 [TUNER] 1290,1000,-123.69,0.00,0.23,-0.00,-81.88,0.00,-0.08,-0.00
00:07:21.518 [TUNER] 1291,1000,-124.72,0.00,0.32,-0.00,-86.12,0.00,0.02,-0.00
00:07:21.552 [TUNER] 1292,1000,-124.72,0.00,0.32,-0.00,-86.12,0.00,0.02,-0.00
00:07:21.552 [TUNER] 1293,1000,-123.83,0.00,0.39,-0.00,-96.39,0.00,0.21,-0.00
00:07:21.588 [TUNER] 1294,1000,-123.83,0.00,0.39,-0.00,-96.39,0.00,0.21,-0.00
00:07:21.622 [TUNER] 1295,1000,-119.68,0.00,0.43,-0.00,-106.32,0.00,0.40,-0.00
00:07:21.622 [TUNER] 1296,1002,-129.83,0.00,0.58,-0.00,-112.33,0.00,0.51,-0.00
00:07:21.659 [TUNER] 1297,998,-129.83,0.00,0.58,-0.00,-112.33,0.00,0.51,-0.00
00:07:21.659 [TUNER] 1298,1000,-140.09,0.00,0.78,-0.00,-117.46,0.00,0.65,-0.00
00:07:21.691 [TUNER] 1299,1000,-140.09,0.00,0.78,-0.00,-117.46,0.00,0.65,-0.00
00:07:21.692 [TUNER] 1300,1000,-141.28,0.00,0.88,-0.00,-114.58,0.00,0.69,-0.00
00:07:21.727 [TUNER] 1301,1000,-141.28,0.00,0.88,-0.00,-114.58,0.00,0.69,-0.00
00:07:21.729 [TUNER] 1302,1000,-133.64,0.00,0.89,-0.00,-101.98,0.00,0.62,-0.00
00:07:21.762 [TUNER] 1303,1000,-133.64,0.00,0.89,-0.00,-101.98,0.00,0.62,-0.00
00:07:21.797 [TUNER] 1304,1000,-125.81,0.00,0.89,-0.00,-97.04,0.00,0.63,-0.00
00:07:21.797 [TUNER] 1305,1000,-125.81,0.00,0.89,-0.00,-97.04,0.00,0.63,-0.00
00:07:21.832 [TUNER] 1306,1000,-117.83,0.00,0.88,-0.00,-93.10,0.00,0.66,-0.00
00:07:21.833 [TUNER] 1307,1000,-117.83,0.00,0.88,-0.00,-93.10,0.00,0.66,-0.00
00:07:21.866 [TUNER] 1308,1000,-104.57,0.00,0.81,-0.00,-86.50,0.00,0.64,-0.00
00:07:21.867 [TUNER] 1309,1000,-104.57,0.00,0.81,-0.00,-86.50,0.00,0.64,-0.00
00:07:21.901 [TUNER] 1310,1000,-95.68,0.00,0.78,-0.00,-77.79,0.00,0.60,-0.00
00:07:21.939 [TUNER] 1311,1000,-95.68,0.00,0.78,-0.00,-77.79,0.00,0.60,-0.00
00:07:21.939 [TUNER] 1312,1000,-88.53,0.00,0.77,-0.00,-74.21,0.00,0.61,-0.00
00:07:21.973 [TUNER] 1313,1000,-88.53,0.00,0.77,-0.00,-74.21,0.00,0.61,-0.00
00:07:21.973 [TUNER] 1314,1000,-77.72,0.00,0.70,-0.00,-66.27,0.00,0.57,-0.00
00:07:22.008 [TUNER] 1315,1000,-77.72,0.00,0.70,-0.00,-66.27,0.00,0.57,-0.00
00:07:22.044 [TUNER] 1316,1000,-65.61,0.00,0.62,-0.00,-58.17,0.00,0.52,-0.00
00:07:22.045 [TUNER] 1317,1000,-65.61,0.00,0.62,-0.00,-58.17,0.00,0.52,-0.00
00:07:22.077 [TUNER] 1318,1000,-55.93,0.00,0.56,-0.00,-49.97,0.00,0.46,-0.00
00:07:22.079 [TUNER] 1319,1000,-55.93,0.00,0.56,-0.00,-49.97,0.00,0.46,-0.00
00:07:22.113 [TUNER] 1320,1000,-48.18,0.00,0.51,-0.00,-46.85,0.00,0.46,-0.00
00:07:22.149 [TUNER] 1321,1000,-48.18,0.00,0.51,-0.00,-46.85,0.00,0.46,-0.00
00:07:22.151 [TUNER] 1322,1000,-38.54,0.00,0.43,-0.00,-40.92,0.00,0.42,-0.00
00:07:22.183 [TUNER] 1323,1000,-38.54,0.00,0.43,-0.00,-40.92,0.00,0.42,-0.00
00:07:22.183 [TUNER] 1324,1000,-37.71,0.00,0.45,-0.00,-34.45,0.00,0.37,-0.00
00:07:22.218 [TUNER] 1325,1000,-37.71,0.00,0.45,-0.00,-34.45,0.00,0.37,-0.00
00:07:22.253 [TUNER] 1326,1000,-37.04,0.00,0.46,-0.00,-27.56,0.00,0.31,-0.00
00:07:22.253 [TUNER] 1327,1000,-37.04,0.00,0.46,-0.00,-27.56,0.00,0.31,-0.00
00:07:22.287 [TUNER] 1328,1000,-34.78,0.00,0.46,0.00,-23.77,0.00,0.28,-0.00
00:07:22.288 [TUNER] 1329,1000,-34.78,0.00,0.46,0.00,-23.77,0.00,0.28,-0.00
00:07:22.324 [TUNER] 1330,1000,-34.70,0.00,0.48,0.00,-20.73,0.00,0.26,-0.00
00:07:22.359 [TUNER] 1331,1000,-34.70,0.00,0.48,0.00,-20.73,0.00,0.26,-0.00
00:07:22.362 [TUNER] 1332,1000,-27.76,0.00,0.43,0.00,-16.59,0.00,0.23,-0.00
00:07:22.392 [TUNER] 1333,1000,-27.76,0.00,0.43,0.00,-16.59,0.00,0.23,-0.00
00:07:22.393 [TUNER] 1334,1000,-22.21,0.00,0.39,0.00,-13.27,0.00,0.20,-0.00
00:07:22.428 [TUNER] 1335,1000,-22.21,0.00,0.39,0.00,-13.27,0.00,0.20,-0.00
00:07:22.462 [TUNER] 1336,1000,-17.77,0.00,0.35,0.00,-10.61,0.00,0.18,-0.00
00:07:22.463 [TUNER] 1337,1000,-17.77,0.00,0.35,0.00,-10.61,0.00,0.18,-0.00
00:07:22.498 [TUNER] 1338,1000,-14.21,0.00,0.32,0.00,-8.49,0.00,0.16,-0.00
00:07:22.499 [TUNER] 1339,1000,-14.21,0.00,0.32,0.00,-8.49,0.00,0.16,-0.00
00:07:22.532 [TUNER] 1340,1000,-13.09,0.00,0.32,0.00,-6.79,0.00,0.14,-0.00
00:07:22.533 [TUNER] 1341,1000,-13.09,0.00,0.32,0.00,-6.79,0.00,0.14,-0.00
00:07:22.567 [TUNER] 1342,1000,-10.47,0.00,0.30,0.00,-5.43,0.00,0.13,-0.00
00:07:22.602 [TUNER] 1343,1000,-10.47,0.00,0.30,0.00,-5.43,0.00,0.13,-0.00
00:07:22.603 [TUNER] 1344,1000,-8.38,0.00,0.28,0.00,-4.35,0.00,0.12,-0.00
00:07:22.638 [TUNER] 1345,1000,-8.38,0.00,0.28,0.00,-4.35,0.00,0.12,-0.00
00:07:22.638 [TUNER] 1346,1000,-6.70,0.00,0.27,0.00,-6.91,0.00,0.16,-0.00
00:07:22.673 [TUNER] 1347,1000,-6.70,0.00,0.27,0.00,-6.91,0.00,0.16,-0.00
00:07:22.708 [TUNER] 1348,1000,-5.36,0.00,0.26,0.00,-8.97,0.00,0.19,-0.00
00:07:22.708 [TUNER] 1349,1000,-5.36,0.00,0.26,0.00,-8.97,0.00,0.19,-0.00
00:07:22.745 [TUNER] 1350,1000,-4.29,0.00,0.25,0.00,-7.17,0.00,0.17,-0.00
00:07:22.747 [TUNER] 1351,1000,-4.29,0.00,0.25,0.00,-7.17,0.00,0.17,-0.00
00:07:22.777 [TUNER] 1352,1000,-3.43,0.00,0.25,0.00,-5.74,0.00,0.16,-0.00
00:07:22.813 [TUNER] 1353,1000,-3.43,0.00,0.25,0.00,-5.74,0.00,0.16,-0.00
00:07:22.815 [TUNER] 1354,1000,-2.74,0.00,0.24,0.00,-4.59,0.00,0.15,-0.00
00:07:22.848 [TUNER] 1355,1000,-2.74,0.00,0.24,0.00,-4.59,0.00,0.15,-0.00
00:07:22.849 [TUNER] 1356,1000,-2.20,0.00,0.24,0.00,-3.67,0.00,0.14,-0.00
00:07:22.882 [TUNER] 1357,1000,-2.20,0.00,0.24,0.00,-3.67,0.00,0.14,-0.00
00:07:22.918 [TUNER] 1358,1000,-0.04,0.00,0.21,0.00,-1.22,0.00,0.11,-0.00
00:07:22.918 [TUNER] 1359,1000,-0.04,0.00,0.21,0.00,-1.22,0.00,0.11,-0.00
00:07:22.953 [TUNER] 1360,1000,1.69,0.00,0.19,0.00,4.18,0.00,0.05,-0.00
00:07:22.953 [TUNER] 1361,1000,1.69,0.00,0.19,0.00,4.18,0.00,0.05,-0.00
00:07:22.988 [TUNER] 1362,1000,3.07,0.00,0.18,0.00,6.78,0.00,0.02,-0.00
00:07:23.024 [TUNER] 1363,1000,3.07,0.00,0.18,0.00,6.78,0.00,0.02,-0.00
00:07:23.059 [TUNER] 1364,1000,5.89,0.00,0.14,0.00,8.86,0.00,-0.01,-0.00
00:07:23.062 [TUNER] 1365,1000,5.89,0.00,0.14,0.00,8.86,0.00,-0.01,-0.00
00:07:23.062 [TUNER] 1366,1000,4.71,0.00,0.15,0.00,8.81,0.00,-0.02,-0.00
00:07:23.094 [TUNER] 1367,1000,4.71,0.00,0.15,0.00,8.81,0.00,-0.02,-0.00
00:07:23.129 [TUNER] 1368,1000,7.21,0.00,0.12,0.00,8.76,0.00,-0.03,-0.00
00:07:23.130 [TUNER] 1369,1000,7.21,0.00,0.12,0.00,8.76,0.00,-0.03,-0.00
00:07:23.164 [TUNER] 1370,1000,9.20,0.00,0.10,0.00,7.01,0.00,-0.01,-0.00
00:07:23.164 [TUNER] 1371,1000,9.20,0.00,0.10,0.00,7.01,0.00,-0.01,-0.00
00:07:23.198 [TUNER] 1372,1000,12.51,0.00,0.05,0.00,5.61,0.00,0.00,-0.00
00:07:23.199 [TUNER] 1373,1000,12.51,0.00,0.05,0.00,5.61,0.00,0.00,-0.00
00:07:23.233 [TUNER] 1374,1000,16.88,0.00,-0.00,0.00,4.49,0.00,0.01,-0.00
00:07:23.268 [TUNER] 1375,1000,16.88,0.00,-0.00,0.00,4.49,0.00,0.01,-0.00
00:07:23.268 [TUNER] 1376,1000,15.23,0.00,0.00,0.00,3.59,0.00,0.02,-0.00
00:07:23.302 [TUNER] 1377,1000,15.23,0.00,0.00,0.00,3.59,0.00,0.02,-0.00
00:07:23.303 [TUNER] 1378,1000,13.90,0.00,0.01,0.00,2.87,0.00,0.02,-0.00
00:07:23.338 [TUNER] 1379,1000,13.90,0.00,0.01,0.00,2.87,0.00,0.02,-0.00
00:07:23.371 [TUNER] 1380,1000,11.12,0.00,0.03,0.00,2.30,0.00,0.03,-0.00
00:07:23.372 [TUNER] 1381,1000,11.12,0.00,0.03,0.00,2.30,0.00,0.03,-0.00
00:07:23.406 [TUNER] 1382,1000,10.61,0.00,0.03,0.00,1.84,0.00,0.03,-0.00
00:07:23.407 [TUNER] 1383,1000,10.61,0.00,0.03,0.00,1.84,0.00,0.03,-0.00
00:07:23.441 [TUNER] 1384,1000,8.49,0.00,0.04,0.00,1.47,0.00,0.04,-0.00
00:07:23.478 [TUNER] 1385,1000,6.79,0.00,0.06,0.00,1.18,0.00,0.04,-0.00
00:07:23.478 [TUNER] 1386,1000,6.79,0.00,0.06,0.00,1.18,0.00,0.04,-0.00
00:07:23.512 [TUNER] 1387,1000,5.43,0.00,0.07,0.00,0.94,0.00,0.04,-0.00
00:07:23.512 [TUNER] 1388,1000,5.43,0.00,0.07,0.00,0.94,0.00,0.04,-0.00
00:07:23.546 [TUNER] 1389,1000,4.35,0.00,0.08,0.00,0.75,0.00,0.04,-0.00
00:07:23.582 [TUNER] 1390,1000,4.35,0.00,0.08,0.00,0.75,0.00,0.04,-0.00
00:07:23.582 [TUNER] 1391,1000,3.48,0.00,0.09,0.00,0.60,0.00,0.04,-0.00
00:07:23.617 [TUNER] 1392,1000,3.48,0.00,0.09,0.00,0.60,0.00,0.04,-0.00
00:07:23.618 [TUNER] 1393,1000,2.78,0.00,0.09,0.00,0.48,0.00,0.05,-0.00
00:07:23.652 [TUNER] 1394,1000,2.78,0.00,0.09,0.00,0.48,0.00,0.05,-0.00
00:07:23.687 [TUNER] 1395,1000,2.23,0.00,0.10,0.00,0.39,0.00,0.05,-0.00
00:07:23.687 [TUNER] 1396,1000,2.23,0.00,0.10,0.00,0.39,0.00,0.05,-0.00
00:07:23.723 [TUNER] 1397,1000,0.06,0.00,0.12,0.00,0.31,0.00,0.05,-0.00
00:07:23.724 [TUNER] 1398,1000,0.06,0.00,0.12,0.00,0.31,0.00,0.05,-0.00
00:07:23.757 [TUNER] 1399,1000,-3.39,0.00,0.16,0.00,0.25,0.00,0.05,-0.00
00:07:23.758 [TUNER] 1400,1000,-3.39,0.00,0.16,0.00,0.25,0.00,0.05,-0.00
00:07:23.792 [TUNER] 1401,1000,-4.43,0.00,0.17,0.00,0.20,0.00,0.05,-0.00
00:07:23.826 [TUNER] 1402,1000,-4.43,0.00,0.17,0.00,0.20,0.00,0.05,-0.00
00:07:23.827 [TUNER] 1403,1000,-3.54,0.00,0.16,0.00,0.16,0.00,0.05,-0.00
00:07:23.867 [TUNER] 1404,1000,-3.54,0.00,0.16,0.00,0.16,0.00,0.05,-0.00
00:07:23.867 [TUNER] 1405,1000,-4.55,0.00,0.18,0.00,0.13,0.00,0.05,-0.00
00:07:23.898 [TUNER] 1406,1000,-4.55,0.00,0.18,0.00,0.13,0.00,0.05,-0.00
00:07:23.933 [TUNER] 1407,1000,-3.64,0.00,0.17,0.00,0.10,0.00,0.05,-0.00
00:07:23.934 [TUNER] 1408,1000,-3.64,0.00,0.17,0.00,0.10,0.00,0.05,-0.00
00:07:23.967 [TUNER] 1409,1000,-2.91,0.00,0.16,0.00,0.08,0.00,0.05,-0.00
00:07:23.969 [TUNER] 1410,1000,-2.91,0.00,0.16,0.00,0.08,0.00,0.05,-0.00
00:07:24.002 [TUNER] 1411,1000,-2.33,0.00,0.16,0.00,0.06,0.00,0.05,-0.00
00:07:24.038 [TUNER] 1412,1000,-2.33,0.00,0.16,0.00,0.06,0.00,0.05,-0.00
00:07:24.039 [TUNER] 1413,1000,-1.86,0.00,0.16,0.00,0.05,0.00,0.05,-0.00
00:07:24.072 [TUNER] 1414,1000,-1.86,0.00,0.16,0.00,0.05,0.00,0.05,-0.00
00:07:24.073 [TUNER] 1415,1000,-1.49,0.00,0.15,0.00,0.04,0.00,0.05,-0.00
00:07:24.107 [TUNER] 1416,1000,-1.49,0.00,0.15,0.00,0.04,0.00,0.05,-0.00
00:07:24.108 [TUNER] 1417,1000,-1.19,0.00,0.15,0.00,0.03,0.00,0.05,-0.00
00:07:24.144 [TUNER] 1418,1000,-1.19,0.00,0.15,0.00,0.03,0.00,0.05,-0.00
00:07:24.179 [TUNER] 1419,1000,-0.95,0.00,0.15,0.00,0.03,0.00,0.05,-0.00
00:07:24.179 [TUNER] 1420,1000,-0.95,0.00,0.15,0.00,0.03,0.00,0.05,-0.00
00:07:24.213 [TUNER] 1421,1000,-0.76,0.00,0.15,0.00,0.02,0.00,0.05,-0.00
00:07:24.214 [TUNER] 1422,1000,-0.76,0.00,0.15,0.00,0.02,0.00,0.05,-0.00
00:07:24.248 [TUNER] 1423,1000,-0.61,0.00,0.15,0.00,0.02,0.00,0.05,-0.00
00:07:24.283 [TUNER] 1424,1000,-0.61,0.00,0.15,0.00,0.02,0.00,0.05,-0.00
00:07:24.284 [TUNER] 1425,1000,-0.49,0.00,0.15,0.00,0.01,0.00,0.05,-0.00
00:07:24.318 [TUNER] 1426,1000,-0.49,0.00,0.15,0.00,0.01,0.00,0.05,-0.00
00:07:24.319 [TUNER] 1427,1000,-0.39,0.00,0.14,0.00,0.01,0.00,0.05,-0.00
00:07:24.353 [TUNER] 1428,1000,-0.39,0.00,0.14,0.00,0.01,0.00,0.05,-0.00
00:07:24.354 [TUNER] 1429,1000,-0.31,0.00,0.14,0.00,0.01,0.00,0.05,-0.00
00:07:24.387 [TUNER] 1430,1000,-0.31,0.00,0.14,0.00,0.01,0.00,0.05,-0.00
00:07:24.423 [TUNER] 1431,1000,-0.25,0.00,0.14,0.00,0.01,0.00,0.05,-0.00
00:07:24.424 [TUNER] 1432,1000,-0.25,0.00,0.14,0.00,0.01,0.00,0.05,-0.00
00:07:24.458 [TUNER] 1433,1000,-0.20,0.00,0.14,0.00,0.01,0.00,0.05,-0.00
00:07:24.458 [TUNER] 1434,1000,-0.20,0.00,0.14,0.00,0.01,0.00,0.05,-0.00
00:07:24.493 [TUNER] 1435,1000,-0.16,0.00,0.14,0.00,0.00,0.00,0.05,-0.00
00:07:24.528 [TUNER] 1436,1000,-0.16,0.00,0.14,0.00,0.00,0.00,0.05,-0.00
00:07:24.528 [TUNER] 1437,1000,-0.13,0.00,0.14,0.00,0.00,0.00,0.05,-0.00
00:07:24.564 [TUNER] 1438,1000,-0.13,0.00,0.14,0.00,0.00,0.00,0.05,-0.00
00:07:24.566 [TUNER] 1439,1000,-0.10,0.00,0.14,0.00,0.00,0.00,0.05,-0.00
00:07:24.600 [TUNER] 1440,1000,-0.10,0.00,0.14,0.00,0.00,0.00,0.05,-0.00
00:07:24.600 [TUNER] 1441,1000,-0.08,0.00,0.14,0.00,0.00,0.00,0.05,-0.00
00:07:24.632 [TUNER] 1442,1000,-0.08,0.00,0.14,0.00,0.00,0.00,0.05,-0.00
00:07:24.668 [TUNER] 1443,1000,1.65,0.00,0.12,0.00,0.00,0.00,0.05,-0.00
00:07:24.704 [TUNER] 1444,1000,1.65,0.00,0.12,0.00,0.00,0.00,0.05,-0.00
00:07:24.704 [TUNER] 1445,1000,1.32,0.00,0.13,0.00,0.00,0.00,0.05,-0.00
00:07:24.705 [TUNER] 1446,1000,1.32,0.00,0.13,0.00,0.00,0.00,0.05,-0.00
00:07:24.738 [TUNER] 1447,1000,1.06,0.00,0.13,0.00,0.00,0.00,0.05,-0.00
00:07:24.773 [TUNER] 1448,1000,1.06,0.00,0.13,0.00,0.00,0.00,0.05,-0.00
00:07:24.773 [TUNER] 1449,1000,0.85,0.00,0.13,0.00,0.00,0.00,0.05,-0.00
00:07:24.808 [TUNER] 1450,1000,0.85,0.00,0.13,0.00,0.00,0.00,0.05,-0.00
00:07:24.808 [TUNER] 1451,1000,0.68,0.00,0.13,0.00,0.00,0.00,0.05,-0.00
00:07:24.842 [TUNER] 1452,1000,0.68,0.00,0.13,0.00,0.00,0.00,0.05,-0.00
00:07:24.843 [TUNER] 1453,1000,0.54,0.00,0.13,0.00,0.00,0.00,0.05,-0.00
00:07:24.878 [TUNER] 1454,1000,0.54,0.00,0.13,0.00,0.00,0.00,0.05,-0.00
00:07:24.914 [TUNER] 1455,1000,0.43,0.00,0.13,0.00,0.00,0.00,0.05,-0.00
00:07:24.915 [TUNER] 1456,1000,0.43,0.00,0.13,0.00,0.00,0.00,0.05,-0.00
00:07:24.947 [TUNER] 1457,1000,0.35,0.00,0.13,0.00,0.00,0.00,0.05,-0.00
00:07:24.948 [TUNER] 1458,1000,0.35,0.00,0.13,0.00,0.00,0.00,0.05,-0.00
00:07:24.984 [TUNER] 1459,1000,0.28,0.00,0.13,0.00,0.00,0.00,0.05,-0.00
00:07:24.986 [TUNER] 1460,1000,0.28,0.00,0.13,0.00,0.00,0.00,0.05,-0.00
00:07:25.018 [TUNER] 1461,1000,0.22,0.00,0.13,0.00,0.00,0.00,0.05,-0.00
00:07:25.053 [TUNER] 1462,1000,0.22,0.00,0.13,0.00,0.00,0.00,0.05,-0.00
00:07:25.054 [TUNER] 1463,1000,-1.54,0.00,0.15,0.00,0.00,0.00,0.05,-0.00
00:07:25.088 [TUNER] 1464,1000,-1.54,0.00,0.15,0.00,0.00,0.00,0.05,-0.00
00:07:25.088 [TUNER] 1465,1000,-1.23,0.00,0.15,0.00,0.00,0.00,0.05,-0.00
00:07:25.122 [TUNER] 1466,1000,-1.23,0.00,0.15,0.00,0.00,0.00,0.05,-0.00
00:07:25.158 [TUNER] 1467,1000,-0.99,0.00,0.15,0.00,0.00,0.00,0.05,-0.00
00:07:25.158 [TUNER] 1468,1000,-0.99,0.00,0.15,0.00,0.00,0.00,0.05,-0.00
00:07:25.193 [TUNER] 1469,1000,-0.79,0.00,0.15,0.00,0.00,0.00,0.05,-0.00
00:07:25.194 [TUNER] 1470,1000,-0.79,0.00,0.15,0.00,0.00,0.00,0.05,-0.00
00:07:25.229 [TUNER] 1471,1000,-0.63,0.00,0.15,0.00,0.00,0.00,0.05,-0.00
00:07:25.230 [TUNER] 1472,1000,-0.63,0.00,0.15,0.00,0.00,0.00,0.05,-0.00
00:07:25.263 [TUNER] 1473,1000,-0.50,0.00,0.15,0.00,0.00,0.00,0.05,-0.00
00:07:25.298 [TUNER] 1474,1000,-0.50,0.00,0.15,0.00,0.00,0.00,0.05,-0.00
00:07:25.298 [TUNER] 1475,1000,-0.40,0.00,0.14,0.00,0.00,0.00,0.05,-0.00
00:07:25.333 [TUNER] 1476,1000,-0.40,0.00,0.14,0.00,0.00,0.00,0.05,-0.00
00:07:25.333 [TUNER] 1477,1000,-0.32,0.00,0.14,0.00,0.00,0.00,0.05,-0.00
00:07:25.371 [TUNER] 1478,1000,-0.32,0.00,0.14,0.00,0.00,0.00,0.05,-0.00
00:07:25.402 [TUNER] 1479,1000,-0.26,0.00,0.14,0.00,0.00,0.00,0.05,-0.00
00:07:25.403 [TUNER] 1480,1000,-0.26,0.00,0.14,0.00,0.00,0.00,0.05,-0.00
00:07:25.439 [TUNER] 1481,1000,-0.21,0.00,0.14,0.00,0.00,0.00,0.05,-0.00
00:07:25.439 [TUNER] 1482,1000,-0.21,0.00,0.14,0.00,0.00,0.00,0.05,-0.00
00:07:25.474 [TUNER] 1483,1000,-0.17,0.00,0.14,0.00,0.00,0.00,0.05,-0.00
00:07:25.508 [TUNER] 1484,1000,-0.17,0.00,0.14,0.00,0.00,0.00,0.05,-0.00
00:07:25.508 [TUNER] 1485,1000,-0.13,0.00,0.14,0.00,0.00,0.00,0.05,-0.00
00:07:25.543 [TUNER] 1486,1000,-0.13,0.00,0.14,0.00,0.00,0.00,0.05,-0.00
00:07:25.544 [TUNER] 1487,1000,-0.11,0.00,0.14,0.00,0.00,0.00,0.05,-0.00
00:07:25.577 [TUNER] 1488,1000,-0.11,0.00,0.14,0.00,0.00,0.00,0.05,-0.00
00:07:25.578 [TUNER] 1489,1000,-0.08,0.00,0.14,0.00,0.00,0.00,0.05,-0.00
00:07:25.613 [TUNER] 1490,1000,-0.08,0.00,0.14,0.00,0.00,0.00,0.05,-0.00
00:07:25.648 [TUNER] 1491,1000,-0.07,0.00,0.14,0.00,0.00,0.00,0.05,-0.00
00:07:25.648 [TUNER] 1492,1000,-0.07,0.00,0.14,0.00,0.00,0.00,0.05,-0.00
00:07:25.684 [TUNER] 1493,1000,-0.05,0.00,0.14,0.00,0.00,0.00,0.05,-0.00
00:07:25.685 [TUNER] 1494,1000,-0.05,0.00,0.14,0.00,0.00,0.00,0.05,-0.00
00:07:25.719 [TUNER] 1495,1000,-0.04,0.00,0.14,0.00,0.00,0.00,0.05,-0.00
00:07:25.719 [TUNER] 1496,1000,-0.04,0.00,0.14,0.00,0.00,0.00,0.05,-0.00
00:07:25.753 [TUNER] 1497,1000,-0.03,0.00,0.14,0.00,0.00,0.00,0.05,-0.00
00:07:25.790 [TUNER] 1498,1000,-0.03,0.00,0.14,0.00,0.00,0.00,0.05,-0.00
00:07:25.790 [TUNER] 1499,1000,-0.03,0.00,0.14,0.00,0.00,0.00,0.05,-0.00
00:07:25.822 [TUNER] 1500,1000,-0.03,0.00,0.14,0.00,0.00,0.00,0.05,-0.00
00:07:25.822 [TUNER] 1501,1000,-0.02,0.00,0.14,0.00,0.00,0.00,0.05,-0.00
00:07:25.858 [TUNER] 1502,1000,-0.02,0.00,0.14,0.00,0.00,0.00,0.05,-0.00
00:07:25.893 [TUNER] 1503,1000,-0.02,0.00,0.14,0.00,0.00,0.00,0.05,-0.00
00:07:25.895 [TUNER] 1504,1000,-0.02,0.00,0.14,0.00,0.00,0.00,0.05,-0.00
00:07:25.928 [TUNER] 1505,1000,-0.01,0.00,0.14,0.00,0.00,0.00,0.05,-0.00
00:07:25.930 [TUNER] 1506,1000,-0.01,0.00,0.14,0.00,0.00,0.00,0.05,-0.00
00:07:25.963 [TUNER] 1507,1000,-0.01,0.00,0.14,0.00,0.00,0.00,0.05,-0.00
00:07:25.964 [TUNER] 1508,1000,-0.01,0.00,0.14,0.00,0.00,0.00,0.05,-0.00
00:07:25.997 [TUNER] 1509,1000,-0.01,0.00,0.14,0.00,0.00,0.00,0.05,-0.00
00:07:26.033 [TUNER] 1510,1000,-0.01,0.00,0.14,0.00,0.00,0.00,0.05,-0.00
00:07:26.034 [TUNER] 1511,1000,-0.01,0.00,0.14,0.00,0.00,0.00,0.05,-0.00
00:07:26.069 [TUNER] 1512,1000,-0.01,0.00,0.14,0.00,0.00,0.00,0.05,-0.00
00:07:26.104 [TUNER] 1513,1012,-0.01,0.00,0.14,0.00,0.00,0.00,0.05,-0.00
00:07:26.104 [TUNER] 1514,990,-0.01,0.00,0.14,0.00,0.00,0.00,0.05,-0.00
00:07:26.138 [TUNER] 1515,998,-0.00,0.00,0.14,0.00,0.00,0.00,0.05,-0.00
00:07:26.139 [TUNER] 1516,1000,-0.00,0.00,0.14,0.00,0.00,0.00,0.05,-0.00
00:07:26.173 [TUNER] 1517,1000,-0.00,0.00,0.14,0.00,0.00,0.00,0.05,-0.00
00:07:26.174 [TUNER] 1518,1000,-0.00,0.00,0.14,0.00,0.00,0.00,0.05,-0.00
00:07:26.208 [TUNER] 1519,1000,-0.00,0.00,0.14,0.00,0.00,0.00,0.05,-0.00
00:07:26.245 [TUNER] 1520,1000,-0.00,0.00,0.14,0.00,0.00,0.00,0.05,-0.00
00:07:26.245 [TUNER] 1521,1000,-0.00,0.00,0.14,0.00,0.00,0.00,0.05,-0.00
00:07:26.279 [TUNER] 1522,1000,-0.00,0.00,0.14,0.00,0.00,0.00,0.05,-0.00
00:07:26.280 [TUNER] 1523,1000,-0.00,0.00,0.14,0.00,0.00,0.00,0.05,-0.00
00:07:26.314 [TUNER] 1524,1000,-0.00,0.00,0.14,0.00,0.00,0.00,0.05,-0.00
00:07:26.314 [TUNER] 1525,1000,-0.00,0.00,0.14,0.00,0.00,0.00,0.05,-0.00
00:07:26.349 [TUNER] 1526,1000,-0.00,0.00,0.14,0.00,0.00,0.00,0.05,-0.00
00:07:26.383 [TUNER] 1527,1000,-0.00,0.00,0.14,0.00,0.00,0.00,0.05,-0.00
00:07:26.384 [TUNER] 1528,1000,-0.00,0.00,0.14,0.00,0.00,0.00,0.05,-0.00
00:07:26.419 [TUNER] 1529,1000,-0.00,0.00,0.14,0.00,0.00,0.00,0.05,-0.00
00:07:26.419 [TUNER] 1530,1000,-0.00,0.00,0.14,0.00,0.00,0.00,0.05,-0.00
00:07:26.453 [TUNER] 1531,1000,-0.00,0.00,0.14,0.00,0.00,0.00,0.05,-0.00
00:07:26.489 [TUNER] 1532,1000,-0.00,0.00,0.14,0.00,0.00,0.00,0.05,-0.00
00:07:26.490 [TUNER] 1533,1000,-0.00,0.00,0.14,0.00,0.00,0.00,0.05,-0.00
00:07:26.524 [TUNER] 1534,1000,-0.00,0.00,0.14,0.00,0.00,0.00,0.05,-0.00
00:07:26.524 [TUNER] 1535,1000,-0.00,0.00,0.14,0.00,0.00,0.00,0.05,-0.00
00:07:26.557 [TUNER] 1536,1000,-0.00,0.00,0.14,0.00,0.00,0.00,0.05,-0.00
00:07:26.558 [TUNER] 1537,1000,-0.00,0.00,0.14,0.00,0.00,0.00,0.05,-0.00
00:07:26.593 [TUNER] 1538,1000,-0.00,0.00,0.14,0.00,0.00,0.00,0.05,-0.00
00:07:26.628 [TUNER] 1539,1000,-0.00,0.00,0.14,0.00,0.00,0.00,0.05,-0.00
00:07:26.628 [TUNER] 1540,1000,-0.00,0.00,0.14,0.00,0.00,0.00,0.05,-0.00
00:07:26.662 [TUNER] 1541,1000,-0.00,0.00,0.14,0.00,0.00,0.00,0.05,-0.00
00:07:26.662 [TUNER] 1542,1000,-0.00,0.00,0.14,0.00,0.00,0.00,0.05,-0.00
00:07:26.699 [TUNER] 1543,1000,-0.00,0.00,0.14,0.00,0.00,0.00,0.05,-0.00
00:07:26.733 [TUNER] 1544,1000,-0.00,0.00,0.14,0.00,0.00,0.00,0.05,-0.00
00:07:26.733 [TUNER] 1545,1000,-0.00,0.00,0.14,0.00,0.00,0.00,0.05,-0.00
00:07:26.771 [TUNER] 1546,1000,-0.00,0.00,0.14,0.00,0.00,0.00,0.05,-0.00
00:07:26.772 [TUNER] 1547,1000,-0.00,0.00,0.14,0.00,0.00,0.00,0.05,-0.00
00:07:26.804 [TUNER] 1548,1000,-0.00,0.00,0.14,0.00,0.00,0.00,0.05,-0.00
00:07:26.805 [TUNER] 1549,1000,-0.00,0.00,0.14,0.00,0.00,0.00,0.05,-0.00
00:07:26.839 [TUNER] 1550,1000,-0.00,0.00,0.14,0.00,0.00,0.00,0.05,-0.00
00:07:26.873 [TUNER] 1551,1000,-0.00,0.00,0.14,0.00,0.00,0.00,0.05,-0.00
00:07:26.874 [TUNER] 1552,1000,-0.00,0.00,0.14,0.00,0.00,0.00,0.05,-0.00
00:07:26.908 [TUNER] 1553,1000,-0.00,0.00,0.14,0.00,0.00,0.00,0.05,-0.00
00:07:26.908 [TUNER] 1554,1000,-0.00,0.00,0.14,0.00,0.00,0.00,0.05,-0.00
00:07:26.942 [TUNER] 1555,1000,-0.00,0.00,0.14,0.00,0.00,0.00,0.05,-0.00
00:07:26.978 [TUNER] 1556,1000,-0.00,0.00,0.14,0.00,0.00,0.00,0.05,-0.00
00:07:26.978 [TUNER] 1557,1000,-0.00,0.00,0.14,0.00,0.00,0.00,0.05,-0.00
00:07:27.014 [TUNER] 1558,1000,-0.00,0.00,0.14,0.00,0.00,0.00,0.05,-0.00
00:07:27.016 [TUNER] 1559,1000,-0.00,0.00,0.14,0.00,0.00,0.00,0.05,-0.00
00:07:27.046 [TUNER] 1560,1000,-0.00,0.00,0.14,0.00,0.00,0.00,0.05,-0.00
00:07:27.083 [TUNER] 1561,1000,-0.00,0.00,0.14,0.00,0.00,0.00,0.05,-0.00
00:07:27.084 [TUNER] 1562,1000,-0.00,0.00,0.14,0.00,0.00,0.00,0.05,-0.00
00:07:27.119 [TUNER] 1563,1000,-0.00,0.00,0.14,0.00,0.00,0.00,0.05,-0.00
00:07:27.154 [TUNER] 1564,1000,-0.00,0.00,0.14,0.00,0.00,0.00,0.05,-0.00
00:07:27.154 [TUNER] 1565,1000,-0.00,0.00,0.14,0.00,0.00,0.00,0.05,-0.00
00:07:27.155 [TUNER] 1566,1000,-0.00,0.00,0.14,0.00,0.00,0.00,0.05,-0.00
00:07:27.190 [TUNER] 1567,1000,-0.00,0.00,0.14,0.00,0.00,0.00,0.05,-0.00
00:07:27.224 [TUNER] 1568,1000,-0.00,0.00,0.14,0.00,0.00,0.00,0.05,-0.00
00:07:27.224 [TUNER] 1569,1000,-0.00,0.00,0.14,0.00,0.00,0.00,0.05,-0.00
00:07:27.258 [TUNER] 1570,1000,-0.00,0.00,0.14,0.00,0.00,0.00,0.05,-0.00
00:07:27.258 [TUNER] 1571,1000,-0.00,0.00,0.14,0.00,0.00,0.00,0.05,-0.00
00:07:27.292 [TUNER] 1572,1000,-0.00,0.00,0.14,0.00,0.00,0.00,0.05,-0.00
00:07:27.329 [TUNER] 1573,1000,-0.00,0.00,0.14,0.00,0.00,0.00,0.05,-0.00
00:07:27.330 [TUNER] 1574,1000,-0.00,0.00,0.14,0.00,0.00,0.00,0.05,-0.00
00:07:27.365 [TUNER] 1575,1000,-0.00,0.00,0.14,0.00,0.00,0.00,0.05,-0.00
00:07:27.365 [TUNER] 1576,1000,-0.00,0.00,0.14,0.00,0.00,0.00,0.05,-0.00
00:07:27.397 [TUNER] 1577,1000,-0.00,0.00,0.14,0.00,0.00,0.00,0.05,-0.00
00:07:27.432 [TUNER] 1578,1000,-0.00,0.00,0.14,0.00,0.00,0.00,0.05,-0.00
00:07:27.432 [TUNER] 1579,1000,-0.00,0.00,0.14,0.00,0.00,0.00,0.05,-0.00
00:07:27.468 [TUNER] 1580,1000,-0.00,0.00,0.14,0.00,0.00,0.00,0.05,-0.00
00:07:27.470 [TUNER] 1581,1000,-0.00,0.00,0.14,0.00,0.00,0.00,0.05,-0.00
00:07:27.503 [TUNER] 1582,1000,-0.00,0.00,0.14,0.00,0.00,0.00,0.05,-0.00
00:07:27.504 [TUNER] 1583,1000,-0.00,0.00,0.14,0.00,0.00,0.00,0.05,-0.00
00:07:27.538 [TUNER] 1584,1000,-0.00,0.00,0.14,0.00,0.00,0.00,0.05,-0.00
00:07:27.575 [TUNER] 1585,1000,-0.00,0.00,0.14,0.00,0.00,0.00,0.05,-0.00
00:07:27.576 [TUNER] 1586,1000,-0.00,0.00,0.14,0.00,0.00,0.00,0.05,-0.00
00:07:27.608 [TUNER] 1587,1000,-0.00,0.00,0.14,0.00,0.00,0.00,0.05,-0.00
00:07:27.609 [TUNER] 1588,1000,-0.00,0.00,0.14,0.00,0.00,0.00,0.05,-0.00
00:07:27.642 [TUNER] 1589,1000,-0.00,0.00,0.14,0.00,0.00,0.00,0.05,-0.00
00:07:27.678 [TUNER] 1590,1000,-0.00,0.00,0.14,0.00,0.00,0.00,0.05,-0.00
00:07:27.679 [TUNER] 1591,1000,-0.00,0.00,0.14,0.00,0.00,0.00,0.05,-0.00
00:07:27.713 [TUNER] 1592,1000,-0.00,0.00,0.14,0.00,0.00,0.00,0.05,-0.00
00:07:27.713 [TUNER] 1593,1000,-0.00,0.00,0.14,0.00,0.00,0.00,0.05,-0.00
00:07:27.748 [TUNER] 1594,1000,-0.00,0.00,0.14,0.00,0.00,0.00,0.05,-0.00
00:07:27.784 [TUNER] 1595,1000,-0.00,0.00,0.14,0.00,0.00,0.00,0.05,-0.00
00:07:27.786 [TUNER] 1596,1000,-0.00,0.00,0.14,0.00,0.00,0.00,0.05,-0.00
00:07:27.820 [TUNER] 1597,1000,-0.00,0.00,0.14,0.00,0.00,0.00,0.05,-0.00
00:07:27.821 [TUNER] 1598,1000,-0.00,0.00,0.14,0.00,0.00,0.00,0.05,-0.00
00:07:27.854 [TUNER] 1599,1000,-0.00,0.00,0.14,0.00,0.00,0.00,0.05,-0.00
00:07:27.855 [TUNER] 1600,1000,-0.00,0.00,0.14,0.00,0.00,0.00,0.05,-0.00
00:07:27.889 [TUNER] 1601,1000,-0.00,0.00,0.14,0.00,0.00,0.00,0.05,-0.00
00:07:27.922 [TUNER] 1602,1000,-0.00,0.00,0.14,0.00,0.00,0.00,0.05,-0.00
00:07:27.922 [TUNER] 1603,1000,-0.00,0.00,0.14,0.00,0.00,0.00,0.05,-0.00
00:07:27.960 [TUNER] 1604,1000,-0.00,0.00,0.14,0.00,0.00,0.00,0.05,-0.00
00:07:27.961 [TUNER] 1605,1000,-0.00,0.00,0.14,0.00,0.00,0.00,0.05,-0.00
00:07:27.993 [TUNER] 1606,1000,-0.00,0.00,0.14,0.00,0.00,0.00,0.05,-0.00
00:07:28.029 [TUNER] 1607,1000,-0.00,0.00,0.14,0.00,0.00,0.00,0.05,-0.00
00:07:28.029 [TUNER] 1608,1000,-0.00,0.00,0.14,0.00,0.00,0.00,0.05,-0.00
00:07:28.062 [TUNER] 1609,1000,-0.00,0.00,0.14,0.00,0.00,0.00,0.05,-0.00
00:07:28.062 [TUNER] 1610,1000,-0.00,0.00,0.14,0.00,0.00,0.00,0.05,-0.00
00:07:28.098 [TUNER] 1611,1000,-0.00,0.00,0.14,0.00,0.00,0.00,0.05,-0.00
00:07:28.135 [TUNER] 1612,1000,-0.00,0.00,0.14,0.00,0.00,0.00,0.05,-0.00
00:07:28.135 [TUNER] 1613,1000,-0.00,0.00,0.14,0.00,0.00,0.00,0.05,-0.00
00:07:28.169 [TUNER] 1614,1000,-0.00,0.00,0.14,0.00,0.00,0.00,0.05,-0.00
00:07:28.170 [TUNER] 1615,1000,-0.00,0.00,0.14,0.00,0.00,0.00,0.05,-0.00
00:07:28.204 [TUNER] 1616,1000,-0.00,0.00,0.14,0.00,0.00,0.00,0.05,-0.00
00:07:28.205 [TUNER] 1617,1000,-0.00,0.00,0.14,0.00,0.00,0.00,0.05,-0.00
00:07:28.238 [TUNER] 1618,1000,-0.00,0.00,0.14,0.00,0.00,0.00,0.05,-0.00
00:07:28.273 [TUNER] 1619,1000,-0.00,0.00,0.14,0.00,0.00,0.00,0.05,-0.00
00:07:28.273 [TUNER] 1620,1000,-0.00,0.00,0.14,0.00,0.00,0.00,0.05,-0.00
00:07:28.310 [TUNER] 1621,1000,-0.00,0.00,0.14,0.00,0.00,0.00,0.05,-0.00
00:07:28.311 [TUNER] 1622,1000,-0.00,0.00,0.14,0.00,0.00,0.00,0.05,-0.00
00:07:28.343 [TUNER] 1623,1000,-0.00,0.00,0.14,0.00,0.00,0.00,0.05,-0.00
00:07:28.344 [TUNER] 1624,1000,-0.00,0.00,0.14,0.00,0.00,0.00,0.05,-0.00
00:07:28.378 [TUNER] 1625,1000,-0.00,0.00,0.14,0.00,0.00,0.00,0.05,-0.00
00:07:28.413 [TUNER] 1626,1000,-0.00,0.00,0.14,0.00,0.00,0.00,0.05,-0.00
00:07:28.413 [TUNER] 1627,1000,-0.00,0.00,0.14,0.00,0.00,0.00,0.05,-0.00
00:07:28.449 [TUNER] 1628,1000,-0.00,0.00,0.14,0.00,0.00,0.00,0.05,-0.00
00:07:28.449 [TUNER] 1629,1000,-0.00,0.00,0.14,0.00,0.00,0.00,0.05,-0.00
00:07:28.483 [TUNER] 1630,1000,-0.00,0.00,0.14,0.00,0.00,0.00,0.05,-0.00
00:07:28.518 [TUNER] 1631,1000,-0.00,0.00,0.14,0.00,0.00,0.00,0.05,-0.00
00:07:28.520 [TUNER] 1632,1000,-0.00,0.00,0.14,0.00,0.00,0.00,0.05,-0.00
00:07:28.553 [TUNER] 1633,1000,-0.00,0.00,0.14,0.00,0.00,0.00,0.05,-0.00
00:07:28.554 [TUNER] 1634,1000,-0.00,0.00,0.14,0.00,0.00,0.00,0.05,-0.00
00:07:28.587 [TUNER] 1635,1000,-0.00,0.00,0.14,0.00,0.00,0.00,0.05,-0.00
00:07:28.588 [TUNER] 1636,1000,-0.00,0.00,0.14,0.00,0.00,0.00,0.05,-0.00
00:07:28.623 [TUNER] 1637,1000,-0.00,0.00,0.14,0.00,0.00,0.00,0.05,-0.00
00:07:28.658 [TUNER] 1638,1000,-0.00,0.00,0.14,0.00,0.00,0.00,0.05,-0.00
00:07:28.659 [TUNER] 1639,1000,-0.00,0.00,0.14,0.00,0.00,0.00,0.05,-0.00
00:07:28.692 [TUNER] 1640,1000,-0.00,0.00,0.14,0.00,0.00,0.00,0.05,-0.00
00:07:28.693 [TUNER] 1641,1000,-0.00,0.00,0.14,0.00,0.00,0.00,0.05,-0.00
00:07:28.730 [TUNER] 1642,1000,-0.00,0.00,0.14,0.00,0.00,0.00,0.05,-0.00
00:07:28.763 [TUNER] 1643,1000,-0.00,0.00,0.14,0.00,0.00,0.00,0.05,-0.00
00:07:28.764 [TUNER] 1644,1000,-0.00,0.00,0.14,0.00,0.00,0.00,0.05,-0.00
00:07:28.799 [TUNER] 1645,1000,-0.00,0.00,0.14,0.00,0.00,0.00,0.05,-0.00
00:07:28.799 [TUNER] 1646,1000,-0.00,0.00,0.14,0.00,0.00,0.00,0.05,-0.00
00:07:28.834 [TUNER] 1647,1000,-0.00,0.00,0.14,0.00,0.00,0.00,0.05,-0.00
00:07:28.871 [TUNER] 1648,1000,-0.00,0.00,0.14,0.00,0.00,0.00,0.05,-0.00
00:07:28.872 [TUNER] 1649,1000,-0.00,0.00,0.14,0.00,0.00,0.00,0.05,-0.00
00:07:28.903 [TUNER] 1650,1000,-0.00,0.00,0.14,0.00,0.00,0.00,0.05,-0.00
00:07:28.905 [TUNER] 1651,1000,-0.00,0.00,0.14,0.00,0.00,0.00,0.05,-0.00
00:07:28.940 [TUNER] 1652,1000,-0.00,0.00,0.14,0.00,0.00,0.00,0.05,-0.00
00:07:28.942 [TUNER] 1653,1000,-0.00,0.00,0.14,0.00,0.00,0.00,0.05,-0.00
00:07:28.973 [TUNER] 1654,1000,-0.00,0.00,0.14,0.00,0.00,0.00,0.05,-0.00
00:07:29.008 [TUNER] 1655,1000,-0.00,0.00,0.14,0.00,0.00,0.00,0.05,-0.00
00:07:29.008 [TUNER] 1656,1000,-0.00,0.00,0.14,0.00,0.00,0.00,0.05,-0.00
00:07:29.042 [TUNER] 1657,1000,-0.00,0.00,0.14,0.00,0.00,0.00,0.05,-0.00
00:07:29.043 [TUNER] 1658,1000,-0.00,0.00,0.14,0.00,0.00,0.00,0.05,-0.00
00:07:29.082 [TUNER] 1659,1000,-0.00,0.00,0.14,0.00,0.00,0.00,0.05,-0.00
00:07:29.112 [TUNER] 1660,1000,-0.00,0.00,0.14,0.00,0.00,0.00,0.05,-0.00
00:07:29.113 [TUNER] 1661,1000,-0.00,0.00,0.14,0.00,0.00,0.00,0.05,-0.00
00:07:29.148 [TUNER] 1662,1000,-0.00,0.00,0.14,0.00,0.00,0.00,0.05,-0.00
00:07:29.148 [TUNER] 1663,1000,-0.00,0.00,0.14,0.00,0.00,0.00,0.05,-0.00
00:07:29.183 [TUNER] 1664,1000,-0.00,0.00,0.14,0.00,0.00,0.00,0.05,-0.00
00:07:29.218 [TUNER] 1665,1000,-0.00,0.00,0.14,0.00,0.00,0.00,0.05,-0.00
00:07:29.218 [TUNER] 1666,1000,-0.00,0.00,0.14,0.00,0.00,0.00,0.05,-0.00
00:07:29.256 [TUNER] 1667,1000,-0.00,0.00,0.14,0.00,0.00,0.00,0.05,-0.00
00:07:29.257 [TUNER] 1668,1000,-0.00,0.00,0.14,0.00,0.00,0.00,0.05,-0.00
00:07:29.288 [TUNER] 1669,1000,-0.00,0.00,0.14,0.00,0.00,0.00,0.05,-0.00
00:07:29.289 [TUNER] 1670,1000,-0.00,0.00,0.14,0.00,0.00,0.00,0.05,-0.00
00:07:29.322 [TUNER] 1671,1000,-0.00,0.00,0.14,0.00,0.00,0.00,0.05,-0.00
00:07:29.358 [TUNER] 1672,1000,-0.00,0.00,0.14,0.00,0.00,0.00,0.05,-0.00
00:07:29.358 [TUNER] 1673,1000,-0.00,0.00,0.14,0.00,0.00,0.00,0.05,-0.00
00:07:29.393 [TUNER] 1674,1000,-0.00,0.00,0.14,0.00,0.00,0.00,0.05,-0.00
00:07:29.394 [TUNER] 1675,1000,-0.00,0.00,0.14,0.00,0.00,0.00,0.05,-0.00
00:07:29.427 [TUNER] 1676,1000,-0.00,0.00,0.14,0.00,0.00,0.00,0.05,-0.00
00:07:29.463 [TUNER] 1677,1000,-0.00,0.00,0.14,0.00,0.00,0.00,0.05,-0.00
00:07:29.464 [TUNER] 1678,1000,-0.00,0.00,0.14,0.00,0.00,0.00,0.05,-0.00
00:07:29.497 [TUNER] 1679,1000,-0.00,0.00,0.14,0.00,0.00,0.00,0.05,-0.00
00:07:29.498 [TUNER] 1680,1000,-0.00,0.00,0.14,0.00,0.00,0.00,0.05,-0.00
00:07:29.533 [TUNER] 1681,1000,-0.00,0.00,0.14,0.00,0.00,0.00,0.05,-0.00
00:07:29.534 [TUNER] 1682,1000,-0.00,0.00,0.14,0.00,0.00,0.00,0.05,-0.00
00:07:29.568 [TUNER] 1683,1000,-0.00,0.00,0.14,0.00,0.00,0.00,0.05,-0.00
00:07:29.605 [TUNER] 1684,1000,-0.00,0.00,0.14,0.00,0.00,0.00,0.05,-0.00
00:07:29.639 [TUNER] 1685,1000,-0.00,0.00,0.14,0.00,0.00,0.00,0.05,-0.00
00:07:29.640 [TUNER] 1686,1000,-0.00,0.00,0.14,0.00,0.00,0.00,0.05,-0.00
00:07:29.642 [TUNER] 1687,1000,-0.00,0.00,0.14,0.00,0.00,0.00,0.05,-0.00
00:07:29.673 [TUNER] 1688,1000,-0.00,0.00,0.14,0.00,0.00,0.00,0.05,-0.00
00:07:29.707 [TUNER] 1689,1000,-0.00,0.00,0.14,0.00,0.00,0.00,0.05,-0.00
00:07:29.707 [TUNER] 1690,1000,-0.00,0.00,0.14,0.00,0.00,0.00,0.05,-0.00
00:07:29.742 [TUNER] 1691,1000,-0.00,0.00,0.14,0.00,0.00,0.00,0.05,-0.00
00:07:29.744 [TUNER] 1692,1000,-0.00,0.00,0.14,0.00,0.00,0.00,0.05,-0.00
00:07:29.778 [TUNER] 1693,1000,-0.00,0.00,0.14,0.00,0.00,0.00,0.05,-0.00
00:07:29.778 [TUNER] 1694,1000,-0.00,0.00,0.14,0.00,0.00,0.00,0.05,-0.00
00:07:29.812 [TUNER] 1695,1000,-0.00,0.00,0.14,0.00,0.00,0.00,0.05,-0.00
00:07:29.849 [TUNER] 1696,1000,-0.00,0.00,0.14,0.00,0.00,0.00,0.05,-0.00
00:07:29.849 [TUNER] 1697,1000,-0.00,0.00,0.14,0.00,0.00,0.00,0.05,-0.00
00:07:29.883 [TUNER] 1698,1000,-0.00,0.00,0.14,0.00,0.00,0.00,0.05,-0.00
00:07:29.883 [TUNER] 1699,1000,-0.00,0.00,0.14,0.00,0.00,0.00,0.05,-0.00
00:07:29.919 [TUNER] 1700,1000,-0.00,0.00,0.14,0.00,0.00,0.00,0.05,-0.00
00:07:29.953 [TUNER] 1701,1000,-0.00,0.00,0.14,0.00,0.00,0.00,0.05,-0.00
00:07:29.954 [TUNER] 1702,1000,-0.00,0.00,0.14,0.00,0.00,0.00,0.05,-0.00
00:07:29.989 [TUNER] 1703,1000,-0.00,0.00,0.14,0.00,0.00,0.00,0.05,-0.00
00:07:29.991 [TUNER] 1704,1000,-0.00,0.00,0.14,0.00,0.00,0.00,0.05,-0.00
00:07:30.022 [TUNER] 1705,1000,-0.00,0.00,0.14,0.00,0.00,0.00,0.05,-0.00
00:07:30.024 [TUNER] 1706,1000,-0.00,0.00,0.14,0.00,0.00,0.00,0.05,-0.00
00:07:30.057 [TUNER] 1707,1000,-0.00,0.00,0.14,0.00,0.00,0.00,0.05,-0.00
00:07:30.097 [TUNER] 1708,1000,-0.00,0.00,0.14,0.00,0.00,0.00,0.05,-0.00
00:07:30.097 [TUNER] 1709,1000,-0.00,0.00,0.14,0.00,0.00,0.00,0.05,-0.00
00:07:30.132 [TUNER] 1710,1000,-0.00,0.00,0.14,0.00,0.00,0.00,0.05,-0.00
00:07:30.132 [TUNER] 1711,1000,-0.00,0.00,0.14,0.00,0.00,0.00,0.05,-0.00
00:07:30.164 [TUNER] 1712,1000,-0.00,0.00,0.14,0.00,0.00,0.00,0.05,-0.00
00:07:30.198 [TUNER] 1713,1000,-0.00,0.00,0.14,0.00,0.00,0.00,0.05,-0.00
00:07:30.198 [TUNER] 1714,1000,-0.00,0.00,0.14,0.00,0.00,0.00,0.05,-0.00
00:07:30.235 [TUNER] 1715,1000,-0.00,0.00,0.14,0.00,0.00,0.00,0.05,-0.00
00:07:30.238 [TUNER] 1716,1000,-0.00,0.00,0.14,0.00,0.00,0.00,0.05,-0.00
00:07:30.268 [TUNER] 1717,1000,-0.00,0.00,0.14,0.00,0.00,0.00,0.05,-0.00
00:07:30.269 [TUNER] 1718,1000,-0.00,0.00,0.14,0.00,0.00,0.00,0.05,-0.00
00:07:30.302 [TUNER] 1719,1000,-0.00,0.00,0.14,0.00,0.00,0.00,0.05,-0.00
00:07:30.339 [TUNER] 1720,1000,-0.00,0.00,0.14,0.00,0.00,0.00,0.05,-0.00
00:07:30.341 [TUNER] 1721,1000,-0.00,0.00,0.14,0.00,0.00,0.00,0.05,-0.00
00:07:30.373 [TUNER] 1722,1000,-0.00,0.00,0.14,0.00,0.00,0.00,0.05,-0.00
00:07:30.373 [TUNER] 1723,1000,-0.00,0.00,0.14,0.00,0.00,0.00,0.05,-0.00
00:07:30.408 [TUNER] 1724,1000,-0.00,0.00,0.14,0.00,0.00,0.00,0.05,-0.00
00:07:30.443 [TUNER] 1725,1000,-0.00,0.00,0.14,0.00,0.00,0.00,0.05,-0.00
00:07:30.443 [TUNER] 1726,1000,-0.00,0.00,0.14,0.00,0.00,0.00,0.05,-0.00
00:07:30.478 [TUNER] 1727,1000,-0.00,0.00,0.14,0.00,0.00,0.00,0.05,-0.00
00:07:30.478 [TUNER] 1728,1000,-0.00,0.00,0.14,0.00,0.00,0.00,0.05,-0.00
00:07:30.513 [TUNER] 1729,1000,-0.00,0.00,0.14,0.00,0.00,0.00,0.05,-0.00
00:07:30.514 [TUNER] 1730,1000,-0.00,0.00,0.14,0.00,0.00,0.00,0.05,-0.00
00:07:30.549 [TUNER] 1731,1000,-0.00,0.00,0.14,0.00,0.00,0.00,0.05,-0.00
00:07:30.585 [TUNER] 1732,1000,-0.00,0.00,0.14,0.00,0.00,0.00,0.05,-0.00
00:07:30.585 [TUNER] 1733,1000,-0.00,0.00,0.14,0.00,0.00,0.00,0.05,-0.00
00:07:30.619 [TUNER] 1734,1000,-0.00,0.00,0.14,0.00,0.00,0.00,0.05,-0.00
00:07:30.623 [TUNER] 1735,1000,-0.00,0.00,0.14,0.00,0.00,0.00,0.05,-0.00
00:07:30.653 [TUNER] 1736,1000,-0.00,0.00,0.14,0.00,0.00,0.00,0.05,-0.00
00:07:30.689 [TUNER] 1737,1000,-0.00,0.00,0.14,0.00,0.00,0.00,0.05,-0.00
00:07:30.689 [TUNER] 1738,1000,-0.00,0.00,0.14,0.00,0.00,0.00,0.05,-0.00
00:07:30.723 [TUNER] 1739,1000,-0.00,0.00,0.14,0.00,0.00,0.00,0.05,-0.00
00:07:30.724 [TUNER] 1740,1000,-0.00,0.00,0.14,0.00,0.00,0.00,0.05,-0.00
00:07:30.758 [TUNER] 1741,1000,-0.00,0.00,0.14,0.00,0.00,0.00,0.05,-0.00
00:07:30.759 [TUNER] 1742,1000,-0.00,0.00,0.14,0.00,0.00,0.00,0.05,-0.00
00:07:30.792 [TUNER] 1743,1000,-0.00,0.00,0.14,0.00,0.00,0.00,0.05,-0.00
00:07:30.828 [TUNER] 1744,1000,-0.00,0.00,0.14,0.00,0.00,0.00,0.05,-0.00
00:07:30.829 [TUNER] 1745,1000,-0.00,0.00,0.14,0.00,0.00,0.00,0.05,-0.00
00:07:30.863 [TUNER] 1746,1000,-0.00,0.00,0.14,0.00,0.00,0.00,0.05,-0.00
00:07:30.863 [TUNER] 1747,1000,-0.00,0.00,0.14,0.00,0.00,0.00,0.05,-0.00
00:07:30.897 [TUNER] 1748,1000,-0.00,0.00,0.14,0.00,0.00,0.00,0.05,-0.00
00:07:30.933 [TUNER] 1749,1000,-0.00,0.00,0.14,0.00,0.00,0.00,0.05,-0.00
00:07:30.933 [TUNER] 1750,1000,-0.00,0.00,0.14,0.00,0.00,0.00,0.05,-0.00
00:07:30.968 [TUNER] 1751,1000,-0.00,0.00,0.14,0.00,0.00,0.00,0.05,-0.00
00:07:30.970 [TUNER] 1752,1000,-0.00,0.00,0.14,0.00,0.00,0.00,0.05,-0.00
00:07:31.002 [TUNER] 1753,1000,-0.00,0.00,0.14,0.00,0.00,0.00,0.05,-0.00
00:07:31.038 [TUNER] 1754,1000,-0.00,0.00,0.14,0.00,0.00,0.00,0.05,-0.00
00:07:31.039 [TUNER] 1755,1000,-0.00,0.00,0.14,0.00,0.00,0.00,0.05,-0.00
00:07:31.072 [TUNER] 1756,1000,-0.00,0.00,0.14,0.00,0.00,0.00,0.05,-0.00
00:07:31.073 [TUNER] 1757,1000,-0.00,0.00,0.14,0.00,0.00,0.00,0.05,-0.00
00:07:31.108 [TUNER] 1758,1000,-0.00,0.00,0.14,0.00,0.00,0.00,0.05,-0.00
00:07:31.145 [TUNER] 1759,1000,-0.00,0.00,0.14,0.00,0.00,0.00,0.05,-0.00
00:07:31.146 [TUNER] 1760,1000,-0.00,0.00,0.14,0.00,0.00,0.00,0.05,-0.00
00:07:31.177 [TUNER] 1761,1000,-0.00,0.00,0.14,0.00,0.00,0.00,0.05,-0.00
00:07:31.177 [TUNER] 1762,1000,-0.00,0.00,0.14,0.00,0.00,0.00,0.05,-0.00
00:07:31.213 [TUNER] 1763,1000,-0.00,0.00,0.14,0.00,0.00,0.00,0.05,-0.00
00:07:31.214 [TUNER] 1764,1000,-0.00,0.00,0.14,0.00,0.00,0.00,0.05,-0.00
00:07:31.248 [TUNER] 1765,1000,-0.00,0.00,0.14,0.00,0.00,0.00,0.05,-0.00
00:07:31.286 [TUNER] 1766,1000,-0.00,0.00,0.14,0.00,0.00,0.00,0.05,-0.00
00:07:31.287 [TUNER] 1767,1000,-0.00,0.00,0.14,0.00,0.00,0.00,0.05,-0.00
00:07:31.318 [TUNER] 1768,1000,-0.00,0.00,0.14,0.00,0.00,0.00,0.05,-0.00
00:07:31.353 [TUNER] 1769,1000,-0.00,0.00,0.14,0.00,0.00,0.00,0.05,-0.00
00:07:31.354 [TUNER] 1770,1000,-0.00,0.00,0.14,0.00,0.00,0.00,0.05,-0.00
00:07:31.356 [TUNER] 1771,1000,-0.00,0.00,0.14,0.00,0.00,0.00,0.05,-0.00
00:07:31.389 [TUNER] 1772,1000,-0.00,0.00,0.14,0.00,0.00,0.00,0.05,-0.00
00:07:31.422 [TUNER] 1773,1000,-0.00,0.00,0.14,0.00,0.00,0.00,0.05,-0.00
00:07:31.423 [TUNER] 1774,1000,-0.00,0.00,0.14,0.00,0.00,0.00,0.05,-0.00
00:07:31.459 [TUNER] 1775,1000,-0.00,0.00,0.14,0.00,0.00,0.00,0.05,-0.00
00:07:31.460 [TUNER] 1776,1000,-0.00,0.00,0.14,0.00,0.00,0.00,0.05,-0.00
00:07:31.493 [TUNER] 1777,1000,-0.00,0.00,0.14,0.00,0.00,0.00,0.05,-0.00
00:07:31.530 [TUNER] 1778,1000,-0.00,0.00,0.14,0.00,0.00,0.00,0.05,-0.00
00:07:31.531 [TUNER] 1779,1000,-0.00,0.00,0.14,0.00,0.00,0.00,0.05,-0.00
00:07:31.565 [TUNER] 1780,1000,-0.00,0.00,0.14,0.00,0.00,0.00,0.05,-0.00
00:07:31.566 [TUNER] 1781,1000,-0.00,0.00,0.14,0.00,0.00,0.00,0.05,-0.00
00:07:31.599 [TUNER] 1782,1000,-0.00,0.00,0.14,0.00,0.00,0.00,0.05,-0.00
00:07:31.600 [TUNER] 1783,1000,-0.00,0.00,0.14,0.00,0.00,0.00,0.05,-0.00
00:07:31.633 [TUNER] 1784,1000,-0.00,0.00,0.14,0.00,0.00,0.00,0.05,-0.00
00:07:31.668 [TUNER] 1785,1000,-0.00,0.00,0.14,0.00,0.00,0.00,0.05,-0.00
00:07:31.669 [TUNER] 1786,1000,-0.00,0.00,0.14,0.00,0.00,0.00,0.05,-0.00
00:07:31.704 [TUNER] 1787,1000,-0.00,0.00,0.14,0.00,0.00,0.00,0.05,-0.00
00:07:31.704 [TUNER] 1788,1000,-0.00,0.00,0.14,0.00,0.00,0.00,0.05,-0.00
00:07:31.738 [TUNER] 1789,1000,-0.00,0.00,0.14,0.00,0.00,0.00,0.05,-0.00
00:07:31.740 [TUNER] 1790,1000,-0.00,0.00,0.14,0.00,0.00,0.00,0.05,-0.00
00:07:31.772 [TUNER] 1791,1000,-0.00,0.00,0.14,0.00,0.00,0.00,0.05,-0.00
00:07:31.808 [TUNER] 1792,1000,-0.00,0.00,0.14,0.00,0.00,0.00,0.05,-0.00
00:07:31.808 [TUNER] 1793,1000,-0.00,0.00,0.14,0.00,0.00,0.00,0.05,-0.00
00:07:31.842 [TUNER] 1794,1000,-0.00,0.00,0.14,0.00,0.00,0.00,0.05,-0.00
00:07:31.843 [TUNER] 1795,1000,-0.00,0.00,0.14,0.00,0.00,0.00,0.05,-0.00
00:07:31.878 [TUNER] 1796,1000,-0.00,0.00,0.14,0.00,0.00,0.00,0.05,-0.00
00:07:31.914 [TUNER] 1797,1000,-0.00,0.00,0.14,0.00,0.00,0.00,0.05,-0.00
00:07:31.915 [TUNER] 1798,1000,-0.00,0.00,0.14,0.00,0.00,0.00,0.05,-0.00
00:07:31.949 [TUNER] 1799,1000,-0.00,0.00,0.14,0.00,0.00,0.00,0.05,-0.00
00:07:31.949 [TUNER] 1800,1000,-0.00,0.00,0.14,0.00,0.00,0.00,0.05,-0.00
00:07:31.983 [TUNER] 1801,1000,-0.00,0.00,0.14,0.00,0.00,0.00,0.05,-0.00
00:07:31.984 [TUNER] 1802,1000,-0.00,0.00,0.14,0.00,0.00,0.00,0.05,-0.00
00:07:32.017 [TUNER] 1803,1000,-0.00,0.00,0.14,0.00,0.00,0.00,0.05,-0.00
00:07:32.054 [TUNER] 1804,1000,-0.00,0.00,0.14,0.00,0.00,0.00,0.05,-0.00
00:07:32.054 [TUNER] 1805,1000,-0.00,0.00,0.14,0.00,0.00,0.00,0.05,-0.00
00:07:32.089 [TUNER] 1806,1000,-0.00,0.00,0.14,0.00,0.00,0.00,0.05,-0.00
00:07:32.089 [TUNER] 1807,1000,-0.00,0.00,0.14,0.00,0.00,0.00,0.05,-0.00
00:07:32.125 [TUNER] 1808,1000,-0.00,0.00,0.14,0.00,0.00,0.00,0.05,-0.00
00:07:32.161 [TUNER] 1809,1000,-0.00,0.00,0.14,0.00,0.00,0.00,0.05,-0.00
00:07:32.161 [TUNER] 1810,1000,-0.00,0.00,0.14,0.00,0.00,0.00,0.05,-0.00
00:07:32.195 [TUNER] 1811,1000,-0.00,0.00,0.14,0.00,0.00,0.00,0.05,-0.00
00:07:32.196 [TUNER] 1812,1000,-0.00,0.00,0.14,0.00,0.00,0.00,0.05,-0.00
00:07:32.228 [TUNER] 1813,1000,-0.00,0.00,0.14,0.00,0.00,0.00,0.05,-0.00
00:07:32.228 [TUNER] 1814,1000,-0.00,0.00,0.14,0.00,0.00,0.00,0.05,-0.00
00:07:32.266 [TUNER] 1815,1000,-0.00,0.00,0.14,0.00,0.00,0.00,0.05,-0.00
00:07:32.297 [TUNER] 1816,1000,-0.00,0.00,0.14,0.00,0.00,0.00,0.05,-0.00
00:07:32.298 [TUNER] 1817,1000,-0.00,0.00,0.14,0.00,0.00,0.00,0.05,-0.00
00:07:32.333 [TUNER] 1818,1000,-0.00,0.00,0.14,0.00,0.00,0.00,0.05,-0.00
00:07:32.334 [TUNER] 1819,1000,-0.00,0.00,0.14,0.00,0.00,0.00,0.05,-0.00
00:07:32.368 [TUNER] 1820,1000,-0.00,0.00,0.14,0.00,0.00,0.00,0.05,-0.00
00:07:32.403 [TUNER] 1821,1000,-0.00,0.00,0.14,0.00,0.00,0.00,0.05,-0.00
00:07:32.404 [TUNER] 1822,1000,-0.00,0.00,0.14,0.00,0.00,0.00,0.05,-0.00
00:07:32.437 [TUNER] 1823,1000,-0.00,0.00,0.14,0.00,0.00,0.00,0.05,-0.00
00:07:32.437 [TUNER] 1824,1000,-0.00,0.00,0.14,0.00,0.00,0.00,0.05,-0.00
00:07:32.474 [TUNER] 1825,1000,-0.00,0.00,0.14,0.00,0.00,0.00,0.05,-0.00
00:07:32.508 [TUNER] 1826,1000,-0.00,0.00,0.14,0.00,0.00,0.00,0.05,-0.00
00:07:32.508 [TUNER] 1827,1000,-0.00,0.00,0.14,0.00,0.00,0.00,0.05,-0.00
00:07:32.543 [TUNER] 1828,1000,-0.00,0.00,0.14,0.00,0.00,0.00,0.05,-0.00
00:07:32.543 [TUNER] 1829,1000,-0.00,0.00,0.14,0.00,0.00,0.00,0.05,-0.00
00:07:32.578 [TUNER] 1830,1000,-0.00,0.00,0.14,0.00,0.00,0.00,0.05,-0.00
00:07:32.578 [TUNER] 1831,1000,-0.00,0.00,0.14,0.00,0.00,0.00,0.05,-0.00
00:07:32.612 [TUNER] 1832,1000,-0.00,0.00,0.14,0.00,0.00,0.00,0.05,-0.00
00:07:32.646 [TUNER] 1833,1000,-0.00,0.00,0.14,0.00,0.00,0.00,0.05,-0.00
00:07:32.647 [TUNER] 1834,1000,-0.00,0.00,0.14,0.00,0.00,0.00,0.05,-0.00
00:07:32.681 [TUNER] 1835,1000,-0.00,0.00,0.14,0.00,0.00,0.00,0.05,-0.00
00:07:32.682 [TUNER] 1836,1000,-0.00,0.00,0.14,0.00,0.00,0.00,0.05,-0.00
00:07:32.718 [TUNER] 1837,1000,-0.00,0.00,0.14,0.00,0.00,0.00,0.05,-0.00
00:07:32.752 [TUNER] 1838,1000,-0.00,0.00,0.14,0.00,0.00,0.00,0.05,-0.00
00:07:32.754 [TUNER] 1839,1000,-0.00,0.00,0.14,0.00,0.00,0.00,0.05,-0.00
00:07:32.790 [TUNER] 1840,1000,-0.00,0.00,0.14,0.00,0.00,0.00,0.05,-0.00
00:07:32.792 [TUNER] 1841,1000,-0.00,0.00,0.14,0.00,0.00,0.00,0.05,-0.00
00:07:32.823 [TUNER] 1842,1000,-0.00,0.00,0.14,0.00,0.00,0.00,0.05,-0.00
00:07:32.858 [TUNER] 1843,1000,-0.00,0.00,0.14,0.00,0.00,0.00,0.05,-0.00
00:07:32.858 [TUNER] 1844,1000,-0.00,0.00,0.14,0.00,0.00,0.00,0.05,-0.00
00:07:32.892 [TUNER] 1845,1000,-0.00,0.00,0.14,0.00,0.00,0.00,0.05,-0.00
00:07:32.893 [TUNER] 1846,1000,-0.00,0.00,0.14,0.00,0.00,0.00,0.05,-0.00
00:07:32.928 [TUNER] 1847,1000,-0.00,0.00,0.14,0.00,0.00,0.00,0.05,-0.00
00:07:32.962 [TUNER] 1848,1000,-0.00,0.00,0.14,0.00,0.00,0.00,0.05,-0.00
00:07:32.963 [TUNER] 1849,1000,-0.00,0.00,0.14,0.00,0.00,0.00,0.05,-0.00
00:07:32.998 [TUNER] 1850,1000,-0.00,0.00,0.14,0.00,0.00,0.00,0.05,-0.00
00:07:32.998 [TUNER] 1851,1000,-0.00,0.00,0.14,0.00,0.00,0.00,0.05,-0.00
00:07:33.033 [TUNER] 1852,1000,-0.00,0.00,0.14,0.00,0.00,0.00,0.05,-0.00
00:07:33.034 [TUNER] 1853,1000,-0.00,0.00,0.14,0.00,0.00,0.00,0.05,-0.00
00:07:33.069 [TUNER] 1854,1000,-0.00,0.00,0.14,0.00,0.00,0.00,0.05,-0.00
00:07:33.104 [TUNER] 1855,1000,-0.00,0.00,0.14,0.00,0.00,0.00,0.05,-0.00
00:07:33.104 [TUNER] 1856,1000,-0.00,0.00,0.14,0.00,0.00,0.00,0.05,-0.00
00:07:33.138 [TUNER] 1857,1000,-0.00,0.00,0.14,0.00,0.00,0.00,0.05,-0.00
00:07:33.138 [TUNER] 1858,1000,-0.00,0.00,0.14,0.00,0.00,0.00,0.05,-0.00
00:07:33.175 [TUNER] 1859,1000,-0.00,0.00,0.14,0.00,0.00,0.00,0.05,-0.00
00:07:33.208 [TUNER] 1860,1000,-0.00,0.00,0.14,0.00,0.00,0.00,0.05,-0.00
00:07:33.209 [TUNER] 1861,1000,-0.00,0.00,0.14,0.00,0.00,0.00,0.05,-0.00
00:07:33.242 [TUNER] 1862,1000,-0.00,0.00,0.14,0.00,0.00,0.00,0.05,-0.00
00:07:33.242 [TUNER] 1863,1000,-0.00,0.00,0.14,0.00,0.00,0.00,0.05,-0.00
00:07:33.277 [TUNER] 1864,1000,-0.00,0.00,0.14,0.00,0.00,0.00,0.05,-0.00
00:07:33.314 [TUNER] 1865,1000,-0.00,0.00,0.14,0.00,0.00,0.00,0.05,-0.00
00:07:33.314 [TUNER] 1866,1000,-0.00,0.00,0.14,0.00,0.00,0.00,0.05,-0.00
00:07:33.348 [TUNER] 1867,1000,-0.00,0.00,0.14,0.00,0.00,0.00,0.05,-0.00
00:07:33.349 [TUNER] 1868,1000,-0.00,0.00,0.14,0.00,0.00,0.00,0.05,-0.00
00:07:33.383 [TUNER] 1869,1000,-0.00,0.00,0.14,0.00,0.00,0.00,0.05,-0.00
00:07:33.384 [TUNER] 1870,1000,-0.00,0.00,0.14,0.00,0.00,0.00,0.05,-0.00
00:07:33.418 [TUNER] 1871,1000,-0.00,0.00,0.14,0.00,0.00,0.00,0.05,-0.00
00:07:33.453 [TUNER] 1872,1000,-0.00,0.00,0.14,0.00,0.00,0.00,0.05,-0.00
00:07:33.454 [TUNER] 1873,1000,-0.00,0.00,0.14,0.00,0.00,0.00,0.05,-0.00
00:07:33.488 [TUNER] 1874,1000,-0.00,0.00,0.14,0.00,0.00,0.00,0.05,-0.00
00:07:33.489 [TUNER] 1875,1000,-0.00,0.00,0.14,0.00,0.00,0.00,0.05,-0.00
00:07:33.522 [TUNER] 1876,1000,-0.00,0.00,0.14,0.00,0.00,0.00,0.05,-0.00
00:07:33.559 [TUNER] 1877,1000,-0.00,0.00,0.14,0.00,0.00,0.00,0.05,-0.00
00:07:33.560 [TUNER] 1878,1000,-0.00,0.00,0.14,0.00,0.00,0.00,0.05,-0.00
00:07:33.592 [TUNER] 1879,1000,-0.00,0.00,0.14,0.00,0.00,0.00,0.05,-0.00
00:07:33.627 [TUNER] 1880,1000,-0.00,0.00,0.14,0.00,0.00,0.00,0.05,-0.00
00:07:33.628 [TUNER] 1881,1000,-0.00,0.00,0.14,0.00,0.00,0.00,0.05,-0.00
00:07:33.629 [TUNER] 1882,1000,-0.00,0.00,0.14,0.00,0.00,0.00,0.05,-0.00
00:07:33.664 [TUNER] 1883,1000,-0.00,0.00,0.14,0.00,0.00,0.00,0.05,-0.00
00:07:33.698 [TUNER] 1884,1000,-0.00,0.00,0.14,0.00,0.00,0.00,0.05,-0.00
00:07:33.698 [TUNER] 1885,1000,-0.00,0.00,0.14,0.00,0.00,0.00,0.05,-0.00
00:07:33.731 [TUNER] 1886,1000,-0.00,0.00,0.14,0.00,0.00,0.00,0.05,-0.00
00:07:33.732 [TUNER] 1887,1000,-0.00,0.00,0.14,0.00,0.00,0.00,0.05,-0.00
00:07:33.769 [TUNER] 1888,1000,-0.00,0.00,0.14,0.00,0.00,0.00,0.05,-0.00
00:07:33.803 [TUNER] 1889,1000,-0.00,0.00,0.14,0.00,0.00,0.00,0.05,-0.00
00:07:33.804 [TUNER] 1890,1000,-0.00,0.00,0.14,0.00,0.00,0.00,0.05,-0.00
00:07:33.838 [TUNER] 1891,1000,-0.00,0.00,0.14,0.00,0.00,0.00,0.05,-0.00
00:07:33.838 [TUNER] 1892,1000,-0.00,0.00,0.14,0.00,0.00,0.00,0.05,-0.00
00:07:33.873 [TUNER] 1893,1000,-0.00,0.00,0.14,0.00,0.00,0.00,0.05,-0.00
00:07:33.873 [TUNER] 1894,1000,-0.00,0.00,0.14,0.00,0.00,0.00,0.05,-0.00
00:07:33.909 [TUNER] 1895,1000,-0.00,0.00,0.14,0.00,0.00,0.00,0.05,-0.00
00:07:33.942 [TUNER] 1896,1000,-0.00,0.00,0.14,0.00,0.00,0.00,0.05,-0.00
00:07:33.943 [TUNER] 1897,1000,-0.00,0.00,0.14,0.00,0.00,0.00,0.05,-0.00
00:07:33.977 [TUNER] 1898,1000,-0.00,0.00,0.14,0.00,0.00,0.00,0.05,-0.00
00:07:33.979 [TUNER] 1899,1000,-0.00,0.00,0.14,0.00,0.00,0.00,0.05,-0.00
00:07:34.012 [TUNER] 1900,1000,-0.00,0.00,0.14,0.00,0.00,0.00,0.05,-0.00
00:07:34.048 [TUNER] 1901,1000,-0.00,0.00,0.14,0.00,0.00,0.00,0.05,-0.00
00:07:34.084 [TUNER] 1902,1000,-0.00,0.00,0.14,0.00,0.00,0.00,0.05,-0.00
00:07:34.084 [TUNER] 1903,1000,-0.00,0.00,0.14,0.00,0.00,0.00,0.05,-0.00
00:07:34.085 [TUNER] 1904,1000,-0.00,0.00,0.14,0.00,0.00,0.00,0.05,-0.00
00:07:34.118 [TUNER] 1905,1000,-0.00,0.00,0.14,0.00,0.00,0.00,0.05,-0.00
00:07:34.152 [TUNER] 1906,1000,-0.00,0.00,0.14,0.00,0.00,0.00,0.05,-0.00
00:07:34.154 [TUNER] 1907,1000,-0.00,0.00,0.14,0.00,0.00,0.00,0.05,-0.00
00:07:34.191 [TUNER] 1908,1000,-0.00,0.00,0.14,0.00,0.00,0.00,0.05,-0.00
00:07:34.192 [TUNER] 1909,1000,-0.00,0.00,0.14,0.00,0.00,0.00,0.05,-0.00
00:07:34.223 [TUNER] 1910,1000,-0.00,0.00,0.14,0.00,0.00,0.00,0.05,-0.00
00:07:34.223 [TUNER] 1911,1000,-0.00,0.00,0.14,0.00,0.00,0.00,0.05,-0.00
00:07:34.260 [TUNER] 1912,1000,-0.00,0.00,0.14,0.00,0.00,0.00,0.05,-0.00
00:07:34.293 [TUNER] 1913,1000,-0.00,0.00,0.14,0.00,0.00,0.00,0.05,-0.00
00:07:34.293 [TUNER] 1914,1000,-0.00,0.00,0.14,0.00,0.00,0.00,0.05,-0.00
00:07:34.328 [TUNER] 1915,1000,-0.00,0.00,0.14,0.00,0.00,0.00,0.05,-0.00
00:07:34.328 [TUNER] 1916,1000,-0.00,0.00,0.14,0.00,0.00,0.00,0.05,-0.00
00:07:34.364 [TUNER] 1917,1000,-0.00,0.00,0.14,0.00,0.00,0.00,0.05,-0.00
00:07:34.400 [TUNER] 1918,1000,-0.00,0.00,0.14,0.00,0.00,0.00,0.05,-0.00
00:07:34.400 [TUNER] 1919,1000,-0.00,0.00,0.14,0.00,0.00,0.00,0.05,-0.00
00:07:34.433 [TUNER] 1920,1000,-0.00,0.00,0.14,0.00,0.00,0.00,0.05,-0.00
00:07:34.433 [TUNER] 1921,1000,-0.00,0.00,0.14,0.00,0.00,0.00,0.05,-0.00
00:07:34.470 [TUNER] 1922,1000,-0.00,0.00,0.14,0.00,0.00,0.00,0.05,-0.00
00:07:34.472 [TUNER] 1923,1000,-0.00,0.00,0.14,0.00,0.00,0.00,0.05,-0.00
00:07:34.503 [TUNER] 1924,1000,-0.00,0.00,0.14,0.00,0.00,0.00,0.05,-0.00
00:07:34.538 [TUNER] 1925,1000,-0.00,0.00,0.14,0.00,0.00,0.00,0.05,-0.00
00:07:34.538 [TUNER] 1926,1000,-0.00,0.00,0.14,0.00,0.00,0.00,0.05,-0.00
00:07:34.573 [TUNER] 1927,1000,-0.00,0.00,0.14,0.00,0.00,0.00,0.05,-0.00
00:07:34.574 [TUNER] 1928,1000,-0.00,0.00,0.14,0.00,0.00,0.00,0.05,-0.00
00:07:34.607 [TUNER] 1929,1000,-0.00,0.00,0.14,0.00,0.00,0.00,0.05,-0.00
00:07:34.643 [TUNER] 1930,1000,-0.00,0.00,0.14,0.00,0.00,0.00,0.05,-0.00
00:07:34.643 [TUNER] 1931,1000,-0.00,0.00,0.14,0.00,0.00,0.00,0.05,-0.00
00:07:34.679 [TUNER] 1932,1000,-0.00,0.00,0.14,0.00,0.00,0.00,0.05,-0.00
00:07:34.679 [TUNER] 1933,1000,-0.00,0.00,0.14,0.00,0.00,0.00,0.05,-0.00
00:07:34.714 [TUNER] 1934,1000,-0.00,0.00,0.14,0.00,0.00,0.00,0.05,-0.00
00:07:34.749 [TUNER] 1935,1000,-0.00,0.00,0.14,0.00,0.00,0.00,0.05,-0.00
00:07:34.749 [TUNER] 1936,1000,-0.00,0.00,0.14,0.00,0.00,0.00,0.05,-0.00
00:07:34.788 [TUNER] 1937,1000,-0.00,0.00,0.14,0.00,0.00,0.00,0.05,-0.00
00:07:34.789 [TUNER] 1938,1000,-0.00,0.00,0.14,0.00,0.00,0.00,0.05,-0.00
00:07:34.820 [TUNER] 1939,1000,-0.00,0.00,0.14,0.00,0.00,0.00,0.05,-0.00
00:07:34.823 [TUNER] 1940,1000,-0.00,0.00,0.14,0.00,0.00,0.00,0.05,-0.00
00:07:34.854 [TUNER] 1941,1000,-0.00,0.00,0.14,0.00,0.00,0.00,0.05,-0.00
00:07:34.887 [TUNER] 1942,1000,-0.00,0.00,0.14,0.00,0.00,0.00,0.05,-0.00
00:07:34.887 [TUNER] 1943,1000,-0.00,0.00,0.14,0.00,0.00,0.00,0.05,-0.00
00:07:34.923 [TUNER] 1944,1000,-0.00,0.00,0.14,0.00,0.00,0.00,0.05,-0.00
00:07:34.924 [TUNER] 1945,1000,-0.00,0.00,0.14,0.00,0.00,0.00,0.05,-0.00
00:07:34.958 [TUNER] 1946,1000,-0.00,0.00,0.14,0.00,0.00,0.00,0.05,-0.00
00:07:34.992 [TUNER] 1947,1000,-0.00,0.00,0.14,0.00,0.00,0.00,0.05,-0.00
00:07:34.994 [TUNER] 1948,1000,-0.00,0.00,0.14,0.00,0.00,0.00,0.05,-0.00
00:07:35.029 [TUNER] 1949,1000,-0.00,0.00,0.14,0.00,0.00,0.00,0.05,-0.00
00:07:35.063 [TUNER] 1950,1000,-0.00,0.00,0.14,0.00,0.00,0.00,0.05,-0.00
00:07:35.064 [TUNER] 1951,1000,-0.00,0.00,0.14,0.00,0.00,0.00,0.05,-0.00
00:07:35.064 [TUNER] 1952,1000,-0.00,0.00,0.14,0.00,0.00,0.00,0.05,-0.00
00:07:35.098 [TUNER] 1953,1000,-0.00,0.00,0.14,0.00,0.00,0.00,0.05,-0.00
00:07:35.133 [TUNER] 1954,1000,-0.00,0.00,0.14,0.00,0.00,0.00,0.05,-0.00
00:07:35.134 [TUNER] 1955,1000,-0.00,0.00,0.14,0.00,0.00,0.00,0.05,-0.00
00:07:35.168 [TUNER] 1956,1000,-0.00,0.00,0.14,0.00,0.00,0.00,0.05,-0.00
00:07:35.170 [TUNER] 1957,1000,-0.00,0.00,0.14,0.00,0.00,0.00,0.05,-0.00
00:07:35.204 [TUNER] 1958,1000,-0.00,0.00,0.14,0.00,0.00,0.00,0.05,-0.00
00:07:35.238 [TUNER] 1959,1000,-0.00,0.00,0.14,0.00,0.00,0.00,0.05,-0.00
00:07:35.238 [TUNER] 1960,1000,-0.00,0.00,0.14,0.00,0.00,0.00,0.05,-0.00
00:07:35.272 [TUNER] 1961,1000,-0.00,0.00,0.14,0.00,0.00,0.00,0.05,-0.00
00:07:35.272 [TUNER] 1962,1000,-0.00,0.00,0.14,0.00,0.00,0.00,0.05,-0.00
00:07:35.308 [TUNER] 1963,1000,-0.00,0.00,0.14,0.00,0.00,0.00,0.05,-0.00
00:07:35.308 [TUNER] 1964,1000,-0.00,0.00,0.14,0.00,0.00,0.00,0.05,-0.00
00:07:35.342 [TUNER] 1965,1000,-0.00,0.00,0.14,0.00,0.00,0.00,0.05,-0.00
00:07:35.378 [TUNER] 1966,1000,-0.00,0.00,0.14,0.00,0.00,0.00,0.05,-0.00
00:07:35.378 [TUNER] 1967,1000,-0.00,0.00,0.14,0.00,0.00,0.00,0.05,-0.00
00:07:35.413 [TUNER] 1968,1000,-0.00,0.00,0.14,0.00,0.00,0.00,0.05,-0.00
00:07:35.413 [TUNER] 1969,1000,-0.00,0.00,0.14,0.00,0.00,0.00,0.05,-0.00
00:07:35.448 [TUNER] 1970,1000,-0.00,0.00,0.14,0.00,0.00,0.00,0.05,-0.00
00:07:35.484 [TUNER] 1971,1000,-0.00,0.00,0.14,0.00,0.00,0.00,0.05,-0.00
00:07:35.485 [TUNER] 1972,1000,-0.00,0.00,0.14,0.00,0.00,0.00,0.05,-0.00
00:07:35.518 [TUNER] 1973,1000,-0.00,0.00,0.14,0.00,0.00,0.00,0.05,-0.00
00:07:35.519 [TUNER] 1974,1000,-0.00,0.00,0.14,0.00,0.00,0.00,0.05,-0.00
00:07:35.553 [TUNER] 1975,1000,-0.00,0.00,0.14,0.00,0.00,0.00,0.05,-0.00
00:07:35.589 [TUNER] 1976,1000,-0.00,0.00,0.14,0.00,0.00,0.00,0.05,-0.00
00:07:35.590 [TUNER] 1977,1000,-0.00,0.00,0.14,0.00,0.00,0.00,0.05,-0.00
00:07:35.624 [TUNER] 1978,1000,-0.00,0.00,0.14,0.00,0.00,0.00,0.05,-0.00
00:07:35.625 [TUNER] 1979,1000,-0.00,0.00,0.14,0.00,0.00,0.00,0.05,-0.00
00:07:35.657 [TUNER] 1980,1000,-0.00,0.00,0.14,0.00,0.00,0.00,0.05,-0.00
00:07:35.694 [TUNER] 1981,1000,-0.00,0.00,0.14,0.00,0.00,0.00,0.05,-0.00
00:07:35.694 [TUNER] 1982,1000,-0.00,0.00,0.14,0.00,0.00,0.00,0.05,-0.00
00:07:35.728 [TUNER] 1983,1000,-0.00,0.00,0.14,0.00,0.00,0.00,0.05,-0.00
00:07:35.729 [TUNER] 1984,1000,-0.00,0.00,0.14,0.00,0.00,0.00,0.05,-0.00
00:07:35.764 [TUNER] 1985,1000,-0.00,0.00,0.14,0.00,0.00,0.00,0.05,-0.00
00:07:35.765 [TUNER] 1986,1000,-0.00,0.00,0.14,0.00,0.00,0.00,0.05,-0.00
00:07:35.798 [TUNER] 1987,1000,-0.00,0.00,0.14,0.00,0.00,0.00,0.05,-0.00
00:07:35.833 [TUNER] 1988,1000,-0.00,0.00,0.14,0.00,0.00,0.00,0.05,-0.00
00:07:35.834 [TUNER] 1989,1000,-0.00,0.00,0.14,0.00,0.00,0.00,0.05,-0.00
00:07:35.870 [TUNER] 1990,1000,-0.00,0.00,0.14,0.00,0.00,0.00,0.05,-0.00
00:07:35.873 [TUNER] 1991,1000,-0.00,0.00,0.14,0.00,0.00,0.00,0.05,-0.00
00:07:35.902 [TUNER] 1992,1000,-0.00,0.00,0.14,0.00,0.00,0.00,0.05,-0.00
00:07:35.939 [TUNER] 1993,1000,-0.00,0.00,0.14,0.00,0.00,0.00,0.05,-0.00
00:07:35.940 [TUNER] 1994,1000,-0.00,0.00,0.14,0.00,0.00,0.00,0.05,-0.00
00:07:35.972 [TUNER] 1995,1000,-0.00,0.00,0.14,0.00,0.00,0.00,0.05,-0.00
00:07:35.973 [TUNER] 1996,1000,-0.00,0.00,0.14,0.00,0.00,0.00,0.05,-0.00
00:07:36.007 [TUNER] 1997,1000,-0.00,0.00,0.14,0.00,0.00,0.00,0.05,-0.00
00:07:36.042 [TUNER] 1998,1000,-0.00,0.00,0.14,0.00,0.00,0.00,0.05,-0.00
00:07:36.042 [TUNER] 1999,1000,-0.00,0.00,0.14,0.00,0.00,0.00,0.05,-0.00
00:07:36.077 [TUNER] --- CSV END ---