00:01:51.660 [TUNER] --- CSV START ---
00:01:51.660 [TUNER] Metadata,Profile(Accel:12.0 Jerk:100.0),PID_0(P:13.59964 I:531.20721 D:0.00000),PID_1(P:14.71500 I:570.94196 D:0.00000)
00:01:51.661 [TUNER] Tick,DeltaTime_us,Reading_0,Setpoint_0,Output_0,int_0,Reading_1,Setpoint_1,Output_1,int_1
00:01:51.661 [TUNER] 0,0,0.00,0.10,0.09,0.00,0.00,0.10,0.22,0.00
00:01:51.662 [TUNER] 1,975,0.00,0.30,0.09,0.00,0.00,0.30,0.22,0.00
00:01:51.663 [TUNER] 2,1000,0.00,0.60,0.09,0.00,0.00,0.60,0.23,0.00
00:01:51.676 [TUNER] 3,1000,0.00,1.00,0.09,0.00,0.00,1.00,0.23,0.00
00:01:51.711 [TUNER] 4,1000,0.00,1.50,0.11,0.00,0.00,1.50,0.25,0.00
00:01:51.712 [TUNER] 5,1000,0.00,2.10,0.11,0.00,0.00,2.10,0.25,0.00
00:01:51.747 [TUNER] 6,1000,0.00,2.80,0.13,0.00,0.00,2.80,0.27,0.00
00:01:51.748 [TUNER] 7,1000,0.00,3.60,0.13,0.00,0.00,3.60,0.27,0.00
00:01:51.783 [TUNER] 8,1057,0.00,4.50,0.16,0.00,0.00,4.50,0.30,0.00
00:01:51.785 [TUNER] 9,948,0.00,5.50,0.16,0.00,0.00,5.50,0.30,0.00
00:01:51.816 [TUNER] 10,995,0.00,6.60,0.20,0.00,0.00,6.60,0.34,0.00
00:01:51.852 [TUNER] 11,1002,0.00,7.80,0.20,0.00,0.00,7.80,0.34,0.00
00:01:51.852 [TUNER] 12,998,0.00,9.10,0.24,0.00,0.00,9.10,0.39,0.00
00:01:51.889 [TUNER] 13,1000,0.00,10.50,0.27,0.00,0.00,10.50,0.42,0.00
00:01:51.889 [TUNER] 14,1000,0.00,12.00,0.27,0.00,0.00,12.00,0.42,0.00
00:01:51.922 [TUNER] 15,1000,0.00,13.60,0.33,0.00,0.00,13.60,0.49,0.00
00:01:51.957 [TUNER] 16,1000,0.00,15.30,0.33,0.00,0.00,15.30,0.49,0.00
00:01:51.957 [TUNER] 17,1000,0.00,17.10,0.40,0.00,0.00,17.10,0.56,0.00
00:01:51.992 [TUNER] 18,1000,0.00,19.00,0.40,0.00,0.00,19.00,0.56,0.00
00:01:51.992 [TUNER] 19,1000,0.00,21.00,0.48,0.00,0.00,21.00,0.65,0.00
00:01:52.027 [TUNER] 20,1000,0.00,23.10,0.52,0.00,0.00,23.10,0.69,0.00
00:01:52.065 [TUNER] 21,1000,0.00,25.30,0.52,0.00,0.00,25.30,0.69,0.00
00:01:52.065 [TUNER] 22,1000,0.00,27.60,0.62,0.00,5.16,27.60,0.71,0.00
00:01:52.096 [TUNER] 23,1000,0.00,30.00,0.62,0.00,5.16,30.00,0.71,0.00
00:01:52.098 [TUNER] 24,1000,1.72,32.50,0.70,0.00,12.72,32.50,0.70,0.00
00:01:52.131 [TUNER] 25,1000,1.72,35.10,0.70,0.00,12.72,35.10,0.70,0.00
00:01:52.132 [TUNER] 26,1000,8.25,37.80,0.72,0.00,18.76,37.80,0.72,0.00
00:01:52.166 [TUNER] 27,1000,8.25,40.60,0.72,0.00,18.76,40.60,0.72,0.00
00:01:52.202 [TUNER] 28,1000,15.19,43.50,0.74,0.00,23.60,43.50,0.76,0.00
00:01:52.202 [TUNER] 29,1000,15.19,46.50,0.74,0.00,23.60,46.50,0.76,0.00
00:01:52.274 [TUNER] 30,1000,19.02,49.60,0.81,0.00,25.75,49.60,0.85,0.00
00:01:52.274 [TUNER] 31,1000,19.02,52.80,0.81,0.00,25.75,52.80,0.85,0.00
00:01:52.274 [TUNER] 32,1000,18.65,56.10,0.95,0.00,25.76,56.10,0.98,0.00
00:01:52.306 [TUNER] 33,1000,18.65,59.50,0.95,0.00,25.76,59.50,0.98,0.00
00:01:52.307 [TUNER] 34,1000,25.23,63.00,1.00,0.00,32.63,63.00,1.03,0.00
00:01:52.341 [TUNER] 35,1000,25.23,66.60,1.00,0.00,32.63,66.60,1.03,0.00
00:01:52.342 [TUNER] 36,1000,32.21,70.30,1.05,0.00,38.13,70.30,1.10,0.00
00:01:52.377 [TUNER] 37,1000,32.21,74.10,1.05,0.00,38.13,74.10,1.10,0.00
00:01:52.412 [TUNER] 38,1000,39.51,78.00,1.10,0.00,44.25,78.00,1.17,0.00
00:01:52.413 [TUNER] 39,1000,39.51,82.00,1.10,0.00,44.25,82.00,1.17,0.00
00:01:52.449 [TUNER] 40,1000,45.36,86.10,1.19,0.00,50.86,86.10,1.24,0.00
00:01:52.450 [TUNER] 41,1000,45.36,90.30,1.19,0.00,50.86,90.30,1.24,0.00
00:01:52.482 [TUNER] 42,1002,56.88,94.60,1.19,0.00,57.85,94.60,1.31,0.00
00:01:52.518 [TUNER] 43,1000,56.88,99.00,1.19,0.00,57.85,99.00,1.31,0.00
00:01:52.519 [TUNER] 44,998,64.42,103.50,1.26,0.00,65.20,103.50,1.38,0.00
00:01:52.552 [TUNER] 45,1000,64.42,108.10,1.26,0.00,65.20,108.10,1.38,0.00
00:01:52.588 [TUNER] 46,1000,75.59,112.80,1.29,0.00,72.78,112.80,1.46,0.00
00:01:52.588 [TUNER] 47,1000,75.59,117.60,1.29,0.00,72.78,117.60,1.46,0.00
00:01:52.621 [TUNER] 48,1000,86.24,122.50,1.32,0.00,82.27,122.50,1.52,0.00
00:01:52.623 [TUNER] 49,1000,86.24,127.50,1.32,0.00,82.27,127.50,1.52,0.00
00:01:52.658 [TUNER] 50,1000,99.92,132.60,1.32,0.00,95.03,132.60,1.54,0.00
00:01:52.658 [TUNER] 51,1000,99.92,137.80,1.32,0.00,95.03,137.80,1.54,0.00
00:01:52.691 [TUNER] 52,1000,110.86,143.10,1.36,0.00,108.66,143.10,1.54,0.00
00:01:52.692 [TUNER] 53,1000,110.86,148.50,1.36,0.00,108.66,148.50,1.54,0.00
00:01:52.728 [TUNER] 54,1002,124.71,154.00,1.36,0.00,121.24,154.00,1.56,0.00
00:01:52.762 [TUNER] 55,998,124.71,159.60,1.36,0.00,121.24,159.60,1.56,0.00
00:01:52.762 [TUNER] 56,1000,139.35,165.30,1.35,0.00,134.85,165.30,1.58,0.00
00:01:52.797 [TUNER] 57,1000,139.35,171.10,1.35,0.00,134.85,171.10,1.58,0.00
00:01:52.798 [TUNER] 58,1000,156.15,177.00,1.32,0.00,147.39,177.00,1.61,0.00
00:01:52.832 [TUNER] 59,1000,156.15,183.00,1.32,0.00,147.39,183.00,1.61,0.00
00:01:52.833 [TUNER] 60,1000,172.93,189.10,1.28,0.00,160.78,189.10,1.63,0.00
00:01:52.866 [TUNER] 61,1000,172.93,195.30,1.28,0.00,160.78,195.30,1.63,0.00
00:01:52.903 [TUNER] 62,1000,188.26,201.60,1.27,0.00,175.10,201.60,1.65,0.00
00:01:52.903 [TUNER] 63,1000,188.26,208.00,1.27,0.00,175.10,208.00,1.65,0.00
00:01:52.935 [TUNER] 64,1000,207.31,214.50,1.21,0.00,184.75,214.50,1.74,0.00
00:01:52.936 [TUNER] 65,1000,207.31,221.10,1.21,0.00,184.75,221.10,1.74,0.00
00:01:52.970 [TUNER] 66,1000,220.82,227.80,1.22,0.00,201.06,227.80,1.74,0.00
00:01:52.970 [TUNER] 67,1000,220.82,234.60,1.22,0.00,201.06,234.60,1.74,0.00
00:01:53.006 [TUNER] 68,1000,236.79,241.50,1.21,0.00,215.83,241.50,1.77,0.00
00:01:53.042 [TUNER] 69,1000,236.79,248.50,1.21,0.00,215.83,248.50,1.77,0.00
00:01:53.042 [TUNER] 70,1000,258.16,255.60,1.12,0.00,227.64,255.60,1.85,0.00
00:01:53.076 [TUNER] 71,1000,258.16,262.80,1.12,0.00,227.64,262.80,1.85,0.00
00:01:53.076 [TUNER] 72,1000,275.25,270.10,1.10,0.00,247.40,270.10,1.81,0.00
00:01:53.112 [TUNER] 73,1000,275.25,277.50,1.10,0.00,247.40,277.50,1.81,0.00
00:01:53.112 [TUNER] 74,1000,292.36,285.00,1.08,0.00,258.05,285.00,1.92,0.00
00:01:53.146 [TUNER] 75,1000,292.36,292.60,1.08,0.00,258.05,292.60,1.92,0.00
00:01:53.181 [TUNER] 76,1000,306.04,300.30,1.11,0.00,276.88,300.30,1.91,0.00
00:01:53.183 [TUNER] 77,1000,306.04,308.10,1.11,0.00,276.88,308.10,1.91,0.00
00:01:53.221 [TUNER] 78,1000,308.40,316.00,1.31,0.00,293.66,316.00,1.94,0.00
00:01:53.221 [TUNER] 79,1000,308.40,324.00,1.31,0.00,293.66,324.00,1.94,0.00
00:01:53.253 [TUNER] 80,1000,305.14,332.10,1.62,0.00,317.40,332.10,1.86,0.00
00:01:53.254 [TUNER] 81,1000,305.14,340.30,1.62,0.00,317.40,340.30,1.86,0.00
00:01:53.286 [TUNER] 82,1000,305.96,348.60,1.90,0.00,338.10,348.60,1.82,0.00
00:01:53.324 [TUNER] 83,1000,305.96,357.00,1.90,0.00,338.10,357.00,1.82,0.00
00:01:53.324 [TUNER] 84,1000,313.49,365.50,2.09,0.00,354.67,365.50,1.86,0.00
00:01:53.357 [TUNER] 85,1000,313.49,374.10,2.09,0.00,354.67,374.10,1.86,0.00
00:01:53.358 [TUNER] 86,1000,326.39,382.80,2.23,0.00,371.35,382.80,1.89,0.00
00:01:53.391 [TUNER] 87,1000,326.39,391.60,2.23,0.00,371.35,391.60,1.89,0.00
00:01:53.392 [TUNER] 88,1000,360.76,400.50,2.07,0.00,389.86,400.50,1.91,0.00
00:01:53.426 [TUNER] 89,1000,360.76,409.50,2.07,0.00,389.86,409.50,1.91,0.00
00:01:53.464 [TUNER] 90,1000,388.25,418.60,1.99,0.00,408.10,418.60,1.94,0.00
00:01:53.464 [TUNER] 91,1000,388.25,427.80,1.99,0.00,408.10,427.80,1.94,0.00
00:01:53.497 [TUNER] 92,1000,420.56,437.10,1.84,0.00,419.25,437.10,2.09,0.00
00:01:53.498 [TUNER] 93,1000,420.56,446.50,1.84,0.00,419.25,446.50,2.09,0.00
00:01:53.533 [TUNER] 94,1000,437.81,456.00,1.90,0.00,436.77,456.00,2.15,0.00
00:01:53.533 [TUNER] 95,1000,437.81,465.60,1.90,0.00,436.77,465.60,2.15,0.00
00:01:53.567 [TUNER] 96,1000,449.90,475.30,2.04,0.00,450.78,475.30,2.27,0.00
00:01:53.604 [TUNER] 97,1000,449.90,485.10,2.04,0.00,450.78,485.10,2.27,0.00
00:01:53.605 [TUNER] 98,1000,459.56,495.00,2.24,0.00,465.43,495.00,2.40,0.00
00:01:53.636 [TUNER] 99,1000,459.56,505.00,2.24,0.00,465.43,505.00,2.40,0.00
00:01:53.637 [TUNER] 100,1000,465.58,515.10,2.50,0.00,489.17,515.10,2.40,0.00
00:01:53.674 [TUNER] 101,1000,465.58,525.30,2.50,0.00,489.17,525.30,2.40,0.00
00:01:53.675 [TUNER] 102,1000,484.14,535.60,2.60,0.00,506.44,535.60,2.50,0.00
00:01:53.706 [TUNER] 103,1000,484.14,546.00,2.60,0.00,506.44,546.00,2.50,0.00
00:01:53.742 [TUNER] 104,1000,507.58,556.50,2.64,0.00,523.70,556.50,2.61,0.00
00:01:53.742 [TUNER] 105,1000,507.58,567.10,2.64,0.00,523.70,567.10,2.61,0.00
00:01:53.777 [TUNER] 106,1000,540.07,577.80,2.55,0.00,539.23,577.80,2.76,0.00
00:01:53.778 [TUNER] 107,1000,540.07,588.60,2.55,0.00,539.23,588.60,2.76,0.00
00:01:53.813 [TUNER] 108,1000,584.96,599.50,2.27,0.00,551.64,599.50,2.97,0.00
00:01:53.814 [TUNER] 109,1000,584.96,610.50,2.27,0.00,551.64,610.50,2.97,0.00
00:01:53.848 [TUNER] 110,1000,634.62,621.60,1.90,0.00,585.63,621.60,2.86,0.00
00:01:53.884 [TUNER] 111,1000,634.62,632.80,1.90,0.00,585.63,632.80,2.86,0.00
00:01:53.886 [TUNER] 112,1002,681.05,644.10,1.56,0.00,621.26,644.10,2.71,0.00
00:01:53.920 [TUNER] 113,1000,681.05,655.50,1.56,0.00,621.26,655.50,2.71,0.00
00:01:53.922 [TUNER] 114,998,709.94,667.00,1.46,0.00,660.39,667.00,2.50,0.00
00:01:53.954 [TUNER] 115,1000,709.94,678.60,1.46,0.00,660.39,678.60,2.50,0.00
00:01:53.956 [TUNER] 116,1000,715.70,690.30,1.69,0.00,676.06,690.30,2.66,0.00
00:01:53.989 [TUNER] 117,1000,715.70,702.10,1.69,0.00,676.06,702.10,2.66,0.00
00:01:54.022 [TUNER] 118,1000,711.72,714.00,2.10,0.00,683.45,714.00,2.95,0.00
00:01:54.023 [TUNER] 119,1000,711.72,726.00,2.10,0.00,683.45,726.00,2.95,0.00
00:01:54.057 [TUNER] 120,1000,717.13,738.00,2.39,0.00,692.79,738.00,3.24,0.00
00:01:54.057 [TUNER] 121,1000,717.13,750.00,2.39,0.00,692.79,750.00,3.24,0.00
00:01:54.092 [TUNER] 122,1000,726.61,762.00,2.65,0.00,715.73,762.00,3.34,0.00
00:01:54.093 [TUNER] 123,1000,726.61,774.00,2.65,0.00,715.73,774.00,3.34,0.00
00:01:54.127 [TUNER] 124,1002,733.97,786.00,2.96,0.00,757.86,786.00,3.13,0.00
00:01:54.162 [TUNER] 125,998,733.97,798.00,2.96,0.00,757.86,798.00,3.13,0.00
00:01:54.162 [TUNER] 126,1000,755.80,810.00,3.07,0.00,805.88,810.00,2.80,0.00
00:01:54.198 [TUNER] 127,1000,755.80,822.00,3.07,0.00,805.88,822.00,2.80,0.00
00:01:54.199 [TUNER] 128,1000,810.81,834.00,2.70,0.00,833.69,834.00,2.77,0.00
00:01:54.233 [TUNER] 129,1000,810.81,846.00,2.70,0.00,833.69,846.00,2.77,0.00
00:01:54.234 [TUNER] 130,1000,870.27,858.00,2.23,0.00,835.32,858.00,3.15,0.00
00:01:54.267 [TUNER] 131,1000,870.27,870.00,2.23,0.00,835.32,870.00,3.15,0.00
00:01:54.304 [TUNER] 132,1000,898.95,882.00,2.17,0.00,855.53,882.00,3.26,0.00
00:01:54.305 [TUNER] 133,1000,898.95,894.00,2.17,0.00,855.53,894.00,3.26,0.00
00:01:54.338 [TUNER] 134,1000,911.58,906.00,2.34,0.00,900.90,906.00,2.97,0.00
00:01:54.338 [TUNER] 135,1000,911.58,918.00,2.34,0.00,900.90,918.00,2.97,0.00
00:01:54.372 [TUNER] 136,1000,904.51,930.00,2.82,0.00,945.78,930.00,2.67,0.00
00:01:54.407 [TUNER] 137,1000,904.51,942.00,2.82,0.00,945.78,942.00,2.67,0.00
00:01:54.407 [TUNER] 138,1000,926.34,954.00,2.90,0.00,954.20,954.00,2.92,0.00
00:01:54.441 [TUNER] 139,1000,926.34,966.00,2.90,0.00,954.20,966.00,2.92,0.00
00:01:54.442 [TUNER] 140,1000,929.96,978.00,3.25,0.00,965.99,978.00,3.14,0.00
00:01:54.476 [TUNER] 141,1000,929.96,990.00,3.25,0.00,965.99,990.00,3.14,0.00
00:01:54.477 [TUNER] 142,1000,929.61,1002.00,3.68,0.00,1011.72,1002.00,2.83,0.00
00:01:54.512 [TUNER] 143,1000,929.61,1014.00,3.68,0.00,1011.72,1014.00,2.83,0.00
00:01:54.547 [TUNER] 144,1000,948.14,1026.00,3.86,0.00,1043.03,1026.00,2.73,0.00
00:01:54.548 [TUNER] 145,1000,948.14,1038.00,3.86,0.00,1043.03,1038.00,2.73,0.00
00:01:54.582 [TUNER] 146,1000,1011.07,1050.00,3.40,0.00,1025.13,1050.00,3.40,0.00
00:01:54.583 [TUNER] 147,1000,1011.07,1062.00,3.40,0.00,1025.13,1062.00,3.40,0.00
00:01:54.617 [TUNER] 148,1000,1066.56,1074.00,3.00,0.00,1002.22,1074.00,4.19,0.00
00:01:54.618 [TUNER] 149,1000,1066.56,1086.00,3.00,0.00,1002.22,1086.00,4.19,0.00
00:01:54.691 [TUNER] 150,1000,1105.80,1098.00,2.81,0.00,1028.56,1098.00,4.26,0.00
00:01:54.692 [TUNER] 151,1000,1105.80,1110.00,2.81,0.00,1028.56,1110.00,4.26,0.00
00:01:54.692 [TUNER] 152,1000,1161.25,1122.00,2.37,0.00,1083.99,1122.00,3.86,0.00
00:01:54.723 [TUNER] 153,1000,1161.25,1134.00,2.37,0.00,1083.99,1134.00,3.86,0.00
00:01:54.723 [TUNER] 154,1000,1167.81,1146.00,2.61,0.00,1164.42,1146.00,3.04,0.00
00:01:54.757 [TUNER] 155,1000,1167.81,1158.00,2.61,0.00,1164.42,1158.00,3.04,0.00
00:01:54.758 [TUNER] 156,1000,1142.13,1170.00,3.34,0.00,1249.38,1170.00,2.07,0.00
00:01:54.792 [TUNER] 157,1000,1142.13,1182.00,3.34,0.00,1249.38,1182.00,2.07,0.00
00:01:54.828 [TUNER] 158,1000,1161.11,1194.00,3.46,0.00,1344.83,1194.00,0.87,0.00
00:01:54.828 [TUNER] 159,1000,1161.11,1206.00,3.46,0.00,1344.83,1206.00,0.87,0.00
00:01:54.901 [TUNER] 160,1000,1231.26,1218.00,2.85,0.00,1350.75,1218.00,1.01,0.00
00:01:54.902 [TUNER] 161,1000,1231.26,1230.00,2.85,0.00,1350.75,1230.00,1.01,0.00
00:01:54.902 [TUNER] 162,1000,1316.60,1242.00,1.96,0.00,1355.49,1242.00,1.19,0.00
00:01:54.903 [TUNER] 163,1000,1316.60,1254.00,1.96,0.00,1355.49,1254.00,1.19,0.00
00:01:54.933 [TUNER] 164,1000,1369.40,1266.00,1.48,0.00,1311.18,1266.00,2.16,0.00
00:01:54.966 [TUNER] 165,1000,1369.40,1278.00,1.48,0.00,1311.18,1278.00,2.16,0.00
00:01:54.967 [TUNER] 166,1000,1404.77,1290.00,1.23,0.00,1253.39,1290.00,3.43,0.00
00:01:55.003 [TUNER] 167,1000,1404.77,1301.90,1.23,0.00,1253.39,1301.90,3.43,0.00
00:01:55.004 [TUNER] 168,1000,1335.14,1313.70,2.50,0.00,1220.91,1313.70,4.39,0.00
00:01:55.037 [TUNER] 169,1000,1335.14,1325.40,2.50,0.00,1220.91,1325.40,4.39,0.00
00:01:55.038 [TUNER] 170,1000,1276.00,1337.00,3.71,0.00,1222.41,1337.00,4.86,0.00
00:01:55.072 [TUNER] 171,1000,1276.00,1348.50,3.71,0.00,1222.41,1348.50,4.86,0.00
00:01:55.107 [TUNER] 172,1000,1256.17,1359.90,4.42,0.00,1266.56,1359.90,4.68,0.00
00:01:55.141 [TUNER] 173,1000,1256.17,1371.20,4.42,0.00,1266.56,1371.20,4.68,0.00
00:01:55.142 [TUNER] 174,1000,1284.98,1382.40,4.46,0.00,1286.42,1382.40,4.85,0.00
00:01:55.143 [TUNER] 175,1000,1284.98,1393.50,4.46,0.00,1286.42,1393.50,4.85,0.00
00:01:55.179 [TUNER] 176,1000,1314.90,1404.50,4.47,0.00,1360.72,1404.50,4.15,0.00
00:01:55.180 [TUNER] 177,1000,1314.90,1415.40,4.47,0.00,1360.72,1415.40,4.15,0.00
00:01:55.211 [TUNER] 178,1000,1412.71,1426.20,3.47,0.00,1466.55,1426.20,2.89,0.00
00:01:55.248 [TUNER] 179,1000,1412.71,1436.90,3.47,0.00,1466.55,1436.90,2.89,0.00
00:01:55.248 [TUNER] 180,1000,1532.20,1447.50,2.07,0.00,1544.34,1447.50,1.97,0.00
00:01:55.283 [TUNER] 181,1000,1532.20,1458.00,2.07,0.00,1544.34,1458.00,1.97,0.00
00:01:55.283 [TUNER] 182,1002,1634.25,1468.40,0.81,0.00,1654.26,1468.40,0.47,0.00
00:01:55.318 [TUNER] 183,1000,1634.25,1478.70,0.81,0.00,1654.26,1478.70,0.47,0.00
00:01:55.320 [TUNER] 184,998,1723.58,1488.90,-0.36,0.00,1670.80,1488.90,0.34,0.00
00:01:55.352 [TUNER] 185,1000,1723.58,1499.00,-0.36,0.00,1670.80,1499.00,0.34,0.00
00:01:55.386 [TUNER] 186,1000,1763.71,1509.00,-0.88,0.00,1671.66,1509.00,0.46,0.00
00:01:55.388 [TUNER] 187,1000,1763.71,1518.90,-0.88,0.00,1671.66,1518.90,0.46,0.00
00:01:55.422 [TUNER] 188,1000,1759.73,1528.70,-0.78,0.00,1617.37,1528.70,1.46,0.00
00:01:55.422 [TUNER] 189,1000,1759.73,1538.40,-0.78,0.00,1617.37,1538.40,1.46,0.00
00:01:55.457 [TUNER] 190,1000,1634.57,1548.00,1.11,0.00,1525.84,1548.00,3.14,0.00
00:01:55.457 [TUNER] 191,1000,1634.57,1557.50,1.11,0.00,1525.84,1557.50,3.14,0.00
00:01:55.492 [TUNER] 192,1000,1518.98,1566.90,3.01,0.00,1486.97,1566.90,4.10,0.00
00:01:55.527 [TUNER] 193,1000,1518.98,1576.20,3.01,0.00,1486.97,1576.20,4.10,0.00
00:01:55.528 [TUNER] 194,1002,1412.46,1585.40,4.91,0.00,1486.35,1585.40,4.51,0.00
00:01:55.565 [TUNER] 195,998,1412.46,1594.50,4.91,0.00,1486.35,1594.50,4.51,0.00
00:01:55.566 [TUNER] 196,1000,1425.92,1603.50,5.18,0.00,1462.67,1603.50,5.30,0.00
00:01:55.598 [TUNER] 197,1000,1425.92,1612.40,5.18,0.00,1462.67,1612.40,5.30,0.00
00:01:55.598 [TUNER] 198,1000,1429.37,1621.20,5.60,0.00,1491.41,1621.20,5.31,0.00
00:01:55.632 [TUNER] 199,1000,1429.37,1629.90,5.60,0.00,1491.41,1629.90,5.31,0.00
00:01:55.667 [TUNER] 200,1000,1471.48,1638.50,5.46,0.00,1541.72,1638.50,4.95,0.00
00:01:55.669 [TUNER] 201,1000,1471.48,1647.00,5.46,0.00,1541.72,1647.00,4.95,0.00
00:01:55.704 [TUNER] 202,1000,1507.22,1655.40,5.37,0.00,1513.56,1655.40,5.79,0.00
00:01:55.706 [TUNER] 203,1000,1507.22,1663.70,5.37,0.00,1513.56,1663.70,5.79,0.00
00:01:55.737 [TUNER] 204,1000,1552.82,1671.90,5.12,0.00,1581.95,1671.90,5.15,0.00
00:01:55.738 [TUNER] 205,1000,1552.82,1680.00,5.12,0.00,1581.95,1680.00,5.15,0.00
00:01:55.771 [TUNER] 206,1000,1694.11,1688.00,3.43,0.00,1658.99,1688.00,4.30,0.00
00:01:55.806 [TUNER] 207,1000,1694.11,1695.90,3.43,0.00,1658.99,1695.90,4.30,0.00
00:01:55.807 [TUNER] 208,1000,1855.24,1703.70,1.30,0.00,1763.58,1703.70,2.94,0.00
00:01:55.841 [TUNER] 209,1000,1855.24,1711.40,1.30,0.00,1763.58,1711.40,2.94,0.00
00:01:55.841 [TUNER] 210,1000,1985.87,1719.00,-0.53,0.00,1818.05,1719.00,2.26,0.00
00:01:55.877 [TUNER] 211,1000,1985.87,1726.50,-0.53,0.00,1818.05,1726.50,2.26,0.00
00:01:55.877 [TUNER] 212,1000,1975.26,1733.90,-0.43,0.00,1825.54,1733.90,2.28,0.00
00:01:55.913 [TUNER] 213,1000,1975.26,1741.20,-0.43,0.00,1825.54,1741.20,2.28,0.00
00:01:55.946 [TUNER] 214,1000,1886.02,1748.40,0.85,0.00,1809.20,1748.40,2.68,0.00
00:01:55.947 [TUNER] 215,1000,1886.02,1755.50,0.85,0.00,1809.20,1755.50,2.68,0.00
00:01:55.982 [TUNER] 216,1000,1775.11,1762.50,2.55,0.00,1748.02,1762.50,3.82,0.00
00:01:55.983 [TUNER] 217,1000,1775.11,1769.40,2.55,0.00,1748.02,1769.40,3.82,0.00
00:01:56.018 [TUNER] 218,1000,1660.62,1776.20,4.43,0.00,1757.49,1776.20,3.92,0.00
00:01:56.020 [TUNER] 219,1000,1660.62,1782.90,4.43,0.00,1757.49,1782.90,3.92,0.00
00:01:56.053 [TUNER] 220,1000,1629.16,1789.50,5.22,0.00,1756.47,1789.50,4.18,0.00
00:01:56.088 [TUNER] 221,1000,1629.16,1796.00,5.22,0.00,1756.47,1796.00,4.18,0.00
00:01:56.089 [TUNER] 222,1000,1657.24,1802.40,5.18,0.00,1738.48,1802.40,4.72,0.00
00:01:56.122 [TUNER] 223,1000,1657.24,1808.70,5.18,0.00,1738.48,1808.70,4.72,0.00
00:01:56.157 [TUNER] 224,1000,1738.13,1814.90,4.35,0.00,1792.81,1814.90,4.14,0.00
00:01:56.157 [TUNER] 225,1000,1738.13,1821.00,4.35,0.00,1792.81,1821.00,4.14,0.00
00:01:56.157 [TUNER] 226,1000,1806.27,1827.00,3.62,0.00,1846.58,1827.00,3.51,0.00
00:01:56.192 [TUNER] 227,1000,1806.27,1832.90,3.62,0.00,1846.58,1832.90,3.51,0.00
00:01:56.229 [TUNER] 228,1000,1883.12,1838.70,2.70,0.00,1925.68,1838.70,2.44,0.00
00:01:56.229 [TUNER] 229,1000,1883.12,1844.40,2.70,0.00,1925.68,1844.40,2.44,0.00
00:01:56.261 [TUNER] 230,1000,1942.89,1850.00,1.95,0.00,1947.72,1850.00,2.18,0.00
00:01:56.261 [TUNER] 231,1000,1942.89,1855.50,1.95,0.00,1947.72,1855.50,2.18,0.00
00:01:56.301 [TUNER] 232,1000,2011.31,1860.90,1.02,0.00,2003.16,1860.90,1.37,0.00
00:01:56.302 [TUNER] 233,1000,2011.31,1866.20,1.02,0.00,2003.16,1866.20,1.37,0.00
00:01:56.332 [TUNER] 234,1000,2060.90,1871.40,0.30,0.00,1983.93,1871.40,1.69,0.00
00:01:56.369 [TUNER] 235,1000,2060.90,1876.50,0.30,0.00,1983.93,1876.50,1.69,0.00
00:01:56.370 [TUNER] 236,1000,2095.41,1881.50,-0.25,0.00,1997.76,1881.50,1.51,0.00
00:01:56.403 [TUNER] 237,1000,2095.41,1886.40,-0.25,0.00,1997.76,1886.40,1.51,0.00
00:01:56.404 [TUNER] 238,1000,2052.59,1891.20,0.30,0.00,1971.03,1891.20,1.97,0.00
00:01:56.438 [TUNER] 239,1000,2052.59,1895.90,0.30,0.00,1971.03,1895.90,1.97,0.00
00:01:56.438 [TUNER] 240,1000,1913.52,1900.50,2.31,0.00,1973.70,1900.50,1.99,0.00
00:01:56.472 [TUNER] 241,1000,1913.52,1905.00,2.31,0.00,1973.70,1905.00,1.99,0.00
00:01:56.507 [TUNER] 242,1000,1798.84,1909.40,4.12,0.00,1956.93,1909.40,2.32,0.00
00:01:56.508 [TUNER] 243,1000,1798.84,1913.70,4.12,0.00,1956.93,1913.70,2.32,0.00
00:01:56.542 [TUNER] 244,1000,1746.60,1917.90,5.14,0.00,1902.28,1917.90,3.28,0.00
00:01:56.542 [TUNER] 245,1000,1746.60,1922.00,5.14,0.00,1902.28,1922.00,3.28,0.00
00:01:56.578 [TUNER] 246,1000,1783.84,1926.00,4.90,0.00,1891.21,1926.00,3.61,0.00
00:01:56.613 [TUNER] 247,1000,1783.84,1929.90,4.90,0.00,1891.21,1929.90,3.61,0.00
00:01:56.614 [TUNER] 248,1000,1908.13,1933.70,3.35,0.00,1841.12,1933.70,4.57,0.00
00:01:56.647 [TUNER] 249,1000,1908.13,1937.40,3.35,0.00,1841.12,1937.40,4.57,0.00
00:01:56.648 [TUNER] 250,1000,1870.12,1941.00,4.05,0.00,1873.20,1941.00,4.29,0.00
00:01:56.682 [TUNER] 251,1000,1870.12,1944.50,4.05,0.00,1873.20,1944.50,4.29,0.00
00:01:56.683 [TUNER] 252,1002,1837.65,1947.90,4.71,0.00,1910.48,1947.90,3.89,0.00
00:01:56.717 [TUNER] 253,1000,1837.65,1951.20,4.71,0.00,1910.48,1951.20,3.89,0.00
00:01:56.752 [TUNER] 254,998,1800.31,1954.40,5.48,0.00,1975.53,1954.40,3.01,0.00
00:01:56.754 [TUNER] 255,1000,1800.31,1957.50,5.48,0.00,1975.53,1957.50,3.01,0.00
00:01:56.789 [TUNER] 256,1000,1823.38,1960.50,5.40,0.00,1966.99,1960.50,3.23,0.00
00:01:56.791 [TUNER] 257,1000,1823.38,1963.40,5.40,0.00,1966.99,1963.40,3.23,0.00
00:01:56.822 [TUNER] 258,1000,1932.89,1966.20,4.02,0.00,1913.76,1966.20,4.16,0.00
00:01:56.823 [TUNER] 259,1000,1932.89,1968.90,4.02,0.00,1913.76,1968.90,4.16,0.00
00:01:56.857 [TUNER] 260,1000,2085.78,1971.50,1.90,0.00,1908.98,1971.50,4.38,0.00
00:01:56.891 [TUNER] 261,1000,2085.78,1974.00,1.90,0.00,1908.98,1974.00,4.38,0.00
00:01:56.892 [TUNER] 262,1000,2244.17,1976.40,-0.47,0.00,1913.75,1976.40,4.46,0.00
00:01:56.927 [TUNER] 263,1000,2244.17,1978.70,-0.47,0.00,1913.75,1978.70,4.46,0.00
00:01:56.927 [TUNER] 264,1002,2349.44,1980.90,-2.23,0.00,1987.32,1980.90,3.44,0.00
00:01:56.962 [TUNER] 265,998,2349.44,1983.00,-2.23,0.00,1987.32,1983.00,3.44,0.00
00:01:56.963 [TUNER] 266,1000,2235.72,1985.00,-0.88,0.00,2066.47,1985.00,2.25,0.00
00:01:56.998 [TUNER] 267,1000,2235.72,1986.90,-0.88,0.00,2066.47,1986.90,2.25,0.00
00:01:57.034 [TUNER] 268,1000,2073.78,1988.70,1.28,0.00,2165.16,1988.70,0.66,0.00
00:01:57.034 [TUNER] 269,1000,2073.78,1990.40,1.28,0.00,2165.16,1990.40,0.66,0.00
00:01:57.067 [TUNER] 270,1000,1923.60,1992.00,3.44,0.00,2180.54,1992.00,0.27,0.00
00:01:57.068 [TUNER] 271,1000,1923.60,1993.50,3.44,0.00,2180.54,1993.50,0.27,0.00
00:01:57.102 [TUNER] 272,1000,1832.67,1994.90,4.90,0.00,2069.15,1994.90,1.87,0.00
00:01:57.138 [TUNER] 273,1000,1832.67,1996.20,4.90,0.00,2069.15,1996.20,1.87,0.00
00:01:57.140 [TUNER] 274,1000,1902.52,1997.40,4.08,0.00,1959.41,1997.40,3.56,0.00
00:01:57.172 [TUNER] 275,1000,1902.52,1998.50,4.08,0.00,1959.41,1998.50,3.56,0.00
00:01:57.172 [TUNER] 276,1000,1910.30,1999.50,4.10,0.00,1974.71,1999.50,3.40,0.00
00:01:57.207 [TUNER] 277,1000,1910.30,2000.40,4.10,0.00,1974.71,2000.40,3.40,0.00
00:01:57.208 [TUNER] 278,1000,1919.96,2001.20,4.08,0.00,1988.67,2001.20,3.23,0.00
00:01:57.242 [TUNER] 279,1000,1919.96,2001.90,4.08,0.00,1988.67,2001.90,3.23,0.00
00:01:57.277 [TUNER] 280,1000,1929.40,2002.50,4.05,0.00,2049.65,2002.50,2.30,0.00
00:01:57.277 [TUNER] 281,1000,1979.04,2003.00,3.40,0.00,2112.96,2003.00,1.32,0.00
00:01:57.313 [TUNER] 282,1000,1979.04,2003.40,3.40,0.00,2112.96,2003.40,1.32,0.00
00:01:57.314 [TUNER] 283,1000,2081.97,2003.70,1.92,0.00,2130.63,2003.70,0.92,0.00
00:01:57.348 [TUNER] 284,1000,2081.97,2003.90,1.92,0.00,2130.63,2003.90,0.92,0.00
00:01:57.348 [TUNER] 285,1000,2153.50,2004.00,0.80,0.00,2146.05,2004.00,0.54,0.00
00:01:57.383 [TUNER] 286,1000,2153.50,2000.00,0.80,0.00,2146.05,2000.00,0.54,0.00
00:01:57.417 [TUNER] 287,1002,2223.97,2000.00,-0.46,0.00,2042.94,2000.00,1.94,0.00
00:01:57.419 [TUNER] 288,1000,2223.97,2000.00,-0.46,0.00,2042.94,2000.00,1.94,0.00
00:01:57.452 [TUNER] 289,998,2226.32,2000.00,-0.73,0.00,1995.51,2000.00,2.65,0.00
00:01:57.455 [TUNER] 290,1000,2226.32,2000.00,-0.73,0.00,1995.51,2000.00,2.65,0.00
00:01:57.488 [TUNER] 291,1000,2126.39,2000.00,0.49,0.00,1933.15,2000.00,3.64,0.00
00:01:57.523 [TUNER] 292,1000,2126.39,2000.00,0.49,0.00,1933.15,2000.00,3.64,0.00
00:01:57.525 [TUNER] 293,1000,1998.33,2000.00,2.24,0.00,1943.39,2000.00,3.55,0.00
00:01:57.559 [TUNER] 294,1000,1998.33,2000.00,2.24,0.00,1943.39,2000.00,3.55,0.00
00:01:57.560 [TUNER] 295,1000,1921.66,2000.00,3.36,0.00,1963.61,2000.00,3.30,0.00
00:01:57.592 [TUNER] 296,1000,1921.66,2000.00,3.36,0.00,1963.61,2000.00,3.30,0.00
00:01:57.627 [TUNER] 297,1000,1894.69,2000.00,3.84,0.00,1993.53,2000.00,2.87,0.00
00:01:57.628 [TUNER] 298,1000,1894.69,2000.00,3.84,0.00,1993.53,2000.00,2.87,0.00
00:01:57.662 [TUNER] 299,1000,1921.21,2000.00,3.56,0.00,1995.13,2000.00,2.85,0.00
00:01:57.662 [TUNER] 300,1000,1921.21,2000.00,3.56,0.00,1995.13,2000.00,2.85,0.00
00:01:57.697 [TUNER] 301,1000,1930.40,2000.00,3.51,0.00,1948.31,2000.00,3.60,0.00
00:01:57.732 [TUNER] 302,1000,1930.40,2000.00,3.51,0.00,1948.31,2000.00,3.60,0.00
00:01:57.733 [TUNER] 303,1000,1903.40,2000.00,3.98,0.00,1958.95,2000.00,3.49,0.00
00:01:57.767 [TUNER] 304,1000,1903.40,2000.00,3.98,0.00,1958.95,2000.00,3.49,0.00
00:01:57.767 [TUNER] 305,1000,1965.98,2000.00,3.17,0.00,1934.83,2000.00,3.92,0.00
00:01:57.801 [TUNER] 306,1000,1965.98,2000.00,3.17,0.00,1934.83,2000.00,3.92,0.00
00:01:57.837 [TUNER] 307,1000,2029.78,2000.00,2.27,0.00,1982.53,2000.00,3.23,0.00
00:01:57.838 [TUNER] 308,1000,2029.78,2000.00,2.27,0.00,1982.53,2000.00,3.23,0.00
00:01:57.872 [TUNER] 309,1000,2091.14,2000.00,1.34,0.00,2034.44,2000.00,2.43,0.00
00:01:57.872 [TUNER] 310,1000,2091.14,2000.00,1.34,0.00,2034.44,2000.00,2.43,0.00
00:01:57.908 [TUNER] 311,1000,2074.94,2000.00,1.48,0.00,2132.66,2000.00,0.83,0.00
00:01:57.942 [TUNER] 312,1000,2074.94,2000.00,1.48,0.00,2132.66,2000.00,0.83,0.00
00:01:57.942 [TUNER] 313,1000,2070.57,2000.00,1.46,0.00,2145.95,2000.00,0.47,0.00
00:01:57.978 [TUNER] 314,1000,2070.57,2000.00,1.46,0.00,2145.95,2000.00,0.47,0.00
00:01:57.979 [TUNER] 315,1000,1994.91,2000.00,2.50,0.00,2115.35,2000.00,0.79,0.00
00:01:58.013 [TUNER] 316,1000,1994.91,2000.00,2.50,0.00,2115.35,2000.00,0.79,0.00
00:01:58.013 [TUNER] 317,1000,1941.26,2000.00,3.29,0.00,1982.63,2000.00,2.76,0.00
00:01:58.049 [TUNER] 318,1000,1941.26,2000.00,3.29,0.00,1982.63,2000.00,2.76,0.00
00:01:58.082 [TUNER] 319,1000,1874.28,2000.00,4.33,0.00,1921.13,2000.00,3.76,0.00
00:01:58.119 [TUNER] 320,1000,1874.28,2000.00,4.33,0.00,1921.13,2000.00,3.76,0.00
00:01:58.121 [TUNER] 321,1000,1860.22,2000.00,4.68,0.00,1920.03,2000.00,3.87,0.00
00:01:58.122 [TUNER] 322,1000,1860.22,2000.00,4.68,0.00,1920.03,2000.00,3.87,0.00
00:01:58.153 [TUNER] 323,1000,1928.00,2000.00,3.83,0.00,1938.05,2000.00,3.67,0.00
00:01:58.189 [TUNER] 324,1000,1928.00,2000.00,3.83,0.00,1938.05,2000.00,3.67,0.00
00:01:58.223 [TUNER] 325,1000,2013.15,2000.00,2.66,0.00,1979.95,2000.00,3.08,0.00
00:01:58.224 [TUNER] 326,1000,2013.15,2000.00,2.66,0.00,1979.95,2000.00,3.08,0.00
00:01:58.224 [TUNER] 327,1000,2117.34,2000.00,1.12,0.00,1982.55,2000.00,3.06,0.00
00:01:58.258 [TUNER] 328,1000,2117.34,2000.00,1.12,0.00,1982.55,2000.00,3.06,0.00
00:01:58.291 [TUNER] 329,1000,2095.90,2000.00,1.31,0.00,2022.43,2000.00,2.45,0.00
00:01:58.293 [TUNER] 330,1000,2095.90,2000.00,1.31,0.00,2022.43,2000.00,2.45,0.00
00:01:58.327 [TUNER] 331,1000,2040.95,2000.00,2.01,0.00,2002.79,2000.00,2.73,0.00
00:01:58.327 [TUNER] 332,1000,2040.95,2000.00,2.01,0.00,2002.79,2000.00,2.73,0.00
00:01:58.362 [TUNER] 333,1000,1952.32,2000.00,3.27,0.00,2004.26,2000.00,2.71,0.00
00:01:58.362 [TUNER] 334,1000,1952.32,2000.00,3.27,0.00,2004.26,2000.00,2.71,0.00
00:01:58.397 [TUNER] 335,1000,1910.62,2000.00,3.93,0.00,1976.22,2000.00,3.15,0.00
00:01:58.433 [TUNER] 336,1000,1910.62,2000.00,3.93,0.00,1976.22,2000.00,3.15,0.00
00:01:58.434 [TUNER] 337,1000,1949.42,2000.00,3.46,0.00,1989.88,2000.00,2.96,0.00
00:01:58.469 [TUNER] 338,1000,1949.42,2000.00,3.46,0.00,1989.88,2000.00,2.96,0.00
00:01:58.469 [TUNER] 339,1000,2009.67,2000.00,2.63,0.00,2004.24,2000.00,2.74,0.00
00:01:58.503 [TUNER] 340,1000,2009.67,2000.00,2.63,0.00,2004.24,2000.00,2.74,0.00
00:01:58.503 [TUNER] 341,1000,2054.43,2000.00,1.96,0.00,2026.03,2000.00,2.39,0.00
00:01:58.538 [TUNER] 342,1000,2054.43,2000.00,1.96,0.00,2026.03,2000.00,2.39,0.00
00:01:58.574 [TUNER] 343,1000,2121.16,2000.00,0.92,0.00,2055.49,2000.00,1.89,0.00
00:01:58.575 [TUNER] 344,1000,2121.16,2000.00,0.92,0.00,2055.49,2000.00,1.89,0.00
00:01:58.607 [TUNER] 345,1000,2124.73,2000.00,0.74,0.00,2029.24,2000.00,2.25,0.00
00:01:58.607 [TUNER] 346,1000,2124.73,2000.00,0.74,0.00,2029.24,2000.00,2.25,0.00
00:01:58.641 [TUNER] 347,1000,2065.73,2000.00,1.47,0.00,2035.73,2000.00,2.11,0.00
00:01:58.677 [TUNER] 348,1000,2065.73,2000.00,1.47,0.00,2035.73,2000.00,2.11,0.00
00:01:58.678 [TUNER] 349,1000,2008.22,2000.00,2.25,0.00,2004.84,2000.00,2.56,0.00
00:01:58.712 [TUNER] 350,1000,2008.22,2000.00,2.25,0.00,2004.84,2000.00,2.56,0.00
00:01:58.712 [TUNER] 351,1000,1996.58,2000.00,2.41,0.00,2026.51,2000.00,2.21,0.00
00:01:58.750 [TUNER] 352,1000,1996.58,2000.00,2.41,0.00,2026.51,2000.00,2.21,0.00
00:01:58.782 [TUNER] 353,1000,2004.44,2000.00,2.30,0.00,1997.46,2000.00,2.64,0.00
00:01:58.784 [TUNER] 354,1000,2004.44,2000.00,2.30,0.00,1997.46,2000.00,2.64,0.00
00:01:58.817 [TUNER] 355,1000,1974.65,2000.00,2.73,0.00,2015.46,2000.00,2.36,0.00
00:01:58.817 [TUNER] 356,1000,1974.65,2000.00,2.73,0.00,2015.46,2000.00,2.36,0.00
00:01:58.853 [TUNER] 357,1002,1981.35,2000.00,2.66,0.00,1986.53,2000.00,2.80,0.00
00:01:58.888 [TUNER] 358,1000,1981.35,2000.00,2.66,0.00,1986.53,2000.00,2.80,0.00
00:01:58.888 [TUNER] 359,998,1977.19,2000.00,2.74,0.00,1991.65,2000.00,2.73,0.00
00:01:58.922 [TUNER] 360,1000,1977.19,2000.00,2.74,0.00,1991.65,2000.00,2.73,0.00
00:01:58.922 [TUNER] 361,1000,2014.70,2000.00,2.21,0.00,1983.32,2000.00,2.87,0.00
00:01:58.957 [TUNER] 362,1000,2014.70,2000.00,2.21,0.00,1983.32,2000.00,2.87,0.00
00:01:58.957 [TUNER] 363,1000,2020.66,2000.00,2.11,0.00,2002.43,2000.00,2.59,0.00
00:01:58.992 [TUNER] 364,1000,2020.66,2000.00,2.11,0.00,2002.43,2000.00,2.59,0.00
00:01:59.027 [TUNER] 365,1000,2042.60,2000.00,1.77,0.00,2040.05,2000.00,1.99,0.00
00:01:59.027 [TUNER] 366,1000,2042.60,2000.00,1.77,0.00,2040.05,2000.00,1.99,0.00
00:01:59.063 [TUNER] 367,1000,2036.11,2000.00,1.82,0.00,2058.12,2000.00,1.66,0.00
00:01:59.063 [TUNER] 368,1000,2036.11,2000.00,1.82,0.00,2058.12,2000.00,1.66,0.00
00:01:59.098 [TUNER] 369,1000,2046.38,2000.00,1.63,0.00,2079.44,2000.00,1.25,0.00
00:01:59.134 [TUNER] 370,1000,2046.38,2000.00,1.63,0.00,2079.44,2000.00,1.25,0.00
00:01:59.136 [TUNER] 371,1000,2009.92,2000.00,2.11,0.00,2070.73,2000.00,1.30,0.00
00:01:59.169 [TUNER] 372,1000,2009.92,2000.00,2.11,0.00,2070.73,2000.00,1.30,0.00
00:01:59.170 [TUNER] 373,1000,1975.60,2000.00,2.61,0.00,2080.95,2000.00,1.06,0.00
00:01:59.202 [TUNER] 374,1000,1975.60,2000.00,2.61,0.00,2080.95,2000.00,1.06,0.00
00:01:59.238 [TUNER] 375,1000,2015.15,2000.00,2.05,0.00,2042.73,2000.00,1.57,0.00
00:01:59.239 [TUNER] 376,1000,2015.15,2000.00,2.05,0.00,2042.73,2000.00,1.57,0.00
00:01:59.272 [TUNER] 377,1000,2033.04,2000.00,1.77,0.00,2031.06,2000.00,1.71,-0.00
00:01:59.273 [TUNER] 378,1000,2033.04,2000.00,1.77,0.00,2031.06,2000.00,1.71,-0.00
00:01:59.306 [TUNER] 379,1000,2074.85,2000.00,1.13,0.00,1990.79,2000.00,2.31,-0.00
00:01:59.341 [TUNER] 380,1000,2074.85,2000.00,1.13,0.00,1990.79,2000.00,2.31,-0.00
00:01:59.342 [TUNER] 381,1000,2013.80,2000.00,1.94,0.00,2003.25,2000.00,2.13,-0.00
00:01:59.377 [TUNER] 382,1000,2013.80,2000.00,1.94,0.00,2003.25,2000.00,2.13,-0.00
00:01:59.378 [TUNER] 383,1000,1961.52,2000.00,2.69,0.00,1984.01,2000.00,2.43,0.00
00:01:59.412 [TUNER] 384,1000,1961.52,2000.00,2.69,0.00,1984.01,2000.00,2.43,0.00
00:01:59.448 [TUNER] 385,1000,1945.47,2000.00,2.97,0.00,1994.39,2000.00,2.28,0.00
00:01:59.448 [TUNER] 386,1000,1945.47,2000.00,2.97,0.00,1994.39,2000.00,2.28,0.00
00:01:59.485 [TUNER] 387,1000,1991.05,2000.00,2.36,0.00,2004.41,2000.00,2.13,0.00
00:01:59.488 [TUNER] 388,1000,1991.05,2000.00,2.36,0.00,2004.41,2000.00,2.13,0.00
00:01:59.517 [TUNER] 389,1000,2018.92,2000.00,1.96,0.00,1993.53,2000.00,2.30,0.00
00:01:59.553 [TUNER] 390,1000,2018.92,2000.00,1.96,0.00,1993.53,2000.00,2.30,0.00
00:01:59.554 [TUNER] 391,1000,2066.98,2000.00,1.23,0.00,1996.85,2000.00,2.25,0.00
00:01:59.588 [TUNER] 392,1000,2066.98,2000.00,1.23,0.00,1996.85,2000.00,2.25,0.00
00:01:59.588 [TUNER] 393,1000,2052.18,2000.00,1.38,-0.00,1990.91,2000.00,2.35,0.00
00:01:59.622 [TUNER] 394,1000,2052.18,2000.00,1.38,-0.00,1990.91,2000.00,2.35,0.00
00:01:59.658 [TUNER] 395,1000,2021.43,2000.00,1.78,-0.00,2005.06,2000.00,2.13,0.00
00:01:59.658 [TUNER] 396,1000,2021.43,2000.00,1.78,-0.00,2005.06,2000.00,2.13,0.00
00:01:59.692 [TUNER] 397,1000,1995.12,2000.00,2.14,-0.00,1980.31,2000.00,2.52,0.00
00:01:59.693 [TUNER] 398,1000,1995.12,2000.00,2.14,-0.00,1980.31,2000.00,2.52,0.00
00:01:59.727 [TUNER] 399,1000,1948.30,2000.00,2.83,0.00,1998.30,2000.00,2.26,0.00
00:01:59.762 [TUNER] 400,1000,1948.30,2000.00,2.83,0.00,1998.30,2000.00,2.26,0.00
00:01:59.763 [TUNER] 401,1000,1970.97,2000.00,2.55,0.00,1968.02,2000.00,2.74,0.00
00:01:59.798 [TUNER] 402,1000,1970.97,2000.00,2.55,0.00,1968.02,2000.00,2.74,0.00
00:01:59.798 [TUNER] 403,1000,1978.80,2000.00,2.47,0.00,1985.03,2000.00,2.51,0.00
00:01:59.836 [TUNER] 404,1000,1978.80,2000.00,2.47,0.00,1985.03,2000.00,2.51,0.00
00:01:59.869 [TUNER] 405,1000,2024.58,2000.00,1.82,0.00,1986.62,2000.00,2.50,0.00
00:01:59.870 [TUNER] 406,1000,2024.58,2000.00,1.82,0.00,1986.62,2000.00,2.50,0.00
00:01:59.904 [TUNER] 407,1000,2013.10,2000.00,1.96,0.00,2013.65,2000.00,2.09,0.00
00:01:59.904 [TUNER] 408,1000,2013.10,2000.00,1.96,0.00,2013.65,2000.00,2.09,0.00
00:01:59.937 [TUNER] 409,1000,2031.41,2000.00,1.68,0.00,2021.54,2000.00,1.94,0.00
00:01:59.972 [TUNER] 410,1000,2031.41,2000.00,1.68,0.00,2021.54,2000.00,1.94,0.00
00:01:59.973 [TUNER] 411,1000,2030.59,2000.00,1.66,-0.00,2039.87,2000.00,1.63,0.00
00:02:00.007 [TUNER] 412,1000,2030.59,2000.00,1.66,-0.00,2039.87,2000.00,1.63,0.00
00:02:00.008 [TUNER] 413,1000,2035.08,2000.00,1.56,-0.00,2030.49,2000.00,1.73,-0.00
00:02:00.041 [TUNER] 414,1000,2035.08,2000.00,1.56,-0.00,2030.49,2000.00,1.73,-0.00
00:02:00.079 [TUNER] 415,1000,1992.30,2000.00,2.15,-0.00,2012.67,2000.00,1.98,-0.00
00:02:00.080 [TUNER] 416,1000,1992.30,2000.00,2.15,-0.00,2012.67,2000.00,1.98,-0.00
00:02:00.113 [TUNER] 417,1000,1963.22,2000.00,2.59,-0.00,2024.19,2000.00,1.78,-0.00
00:02:00.114 [TUNER] 418,1000,1963.22,2000.00,2.59,-0.00,2024.19,2000.00,1.78,-0.00
00:02:00.148 [TUNER] 419,1000,1960.58,2000.00,2.66,0.00,2031.69,2000.00,1.64,-0.00
00:02:00.183 [TUNER] 420,1000,1960.58,2000.00,2.66,0.00,2031.69,2000.00,1.64,-0.00
00:02:00.183 [TUNER] 421,1000,1984.23,2000.00,2.36,0.00,2044.55,2000.00,1.40,-0.00
00:02:00.220 [TUNER] 422,1000,1984.23,2000.00,2.36,0.00,2044.55,2000.00,1.40,-0.00
00:02:00.221 [TUNER] 423,1000,2027.21,2000.00,1.74,0.00,1994.72,2000.00,2.14,-0.00
00:02:00.253 [TUNER] 424,1000,2027.21,2000.00,1.74,0.00,1994.72,2000.00,2.14,-0.00
00:02:00.287 [TUNER] 425,1000,1996.30,2000.00,2.17,0.00,2004.67,2000.00,1.98,-0.00
00:02:00.288 [TUNER] 426,1000,1996.30,2000.00,2.17,0.00,2004.67,2000.00,1.98,-0.00
00:02:00.322 [TUNER] 427,1002,2000.38,2000.00,2.11,0.00,1971.04,2000.00,2.51,-0.00
00:02:00.322 [TUNER] 428,1000,2000.38,2000.00,2.11,0.00,1971.04,2000.00,2.51,-0.00
00:02:00.357 [TUNER] 429,998,1964.90,2000.00,2.63,0.00,1975.82,2000.00,2.47,-0.00
00:02:00.392 [TUNER] 430,1000,1964.90,2000.00,2.63,0.00,1975.82,2000.00,2.47,-0.00
00:02:00.392 [TUNER] 431,1000,1968.79,2000.00,2.61,0.00,1965.50,2000.00,2.66,-0.00
00:02:00.427 [TUNER] 432,1000,1968.79,2000.00,2.61,0.00,1965.50,2000.00,2.66,-0.00
00:02:00.428 [TUNER] 433,1000,1965.03,2000.00,2.70,0.00,1970.99,2000.00,2.61,0.00
00:02:00.462 [TUNER] 434,1000,1965.03,2000.00,2.70,0.00,1970.99,2000.00,2.61,0.00
00:02:00.497 [TUNER] 435,1000,2011.85,2000.00,2.05,0.00,1997.72,2000.00,2.22,0.00
00:02:00.498 [TUNER] 436,1000,2011.85,2000.00,2.05,0.00,1997.72,2000.00,2.22,0.00
00:02:00.533 [TUNER] 437,1000,2073.35,2000.00,1.14,0.00,1989.89,2000.00,2.35,0.00
00:02:00.533 [TUNER] 438,1000,2073.35,2000.00,1.14,0.00,1989.89,2000.00,2.35,0.00
00:02:00.567 [TUNER] 439,1000,2127.71,2000.00,0.26,-0.00,2024.86,2000.00,1.81,-0.00
00:02:00.602 [TUNER] 440,1000,2127.71,2000.00,0.26,-0.00,2024.86,2000.00,1.81,-0.00
00:02:00.604 [TUNER] 441,1000,2068.12,2000.00,1.00,-0.00,2008.17,2000.00,2.04,-0.00
00:02:00.638 [TUNER] 442,1000,2068.12,2000.00,1.00,-0.00,2008.17,2000.00,2.04,-0.00
00:02:00.640 [TUNER] 443,1000,2001.54,2000.00,1.90,-0.00,2013.72,2000.00,1.95,-0.00
00:02:00.671 [TUNER] 444,1000,2001.54,2000.00,1.90,-0.00,2013.72,2000.00,1.95,-0.00
00:02:00.707 [TUNER] 445,1000,1953.44,2000.00,2.61,-0.00,1973.48,2000.00,2.57,-0.00
00:02:00.708 [TUNER] 446,1000,1953.44,2000.00,2.61,-0.00,1973.48,2000.00,2.57,-0.00
00:02:00.744 [TUNER] 447,1000,1940.72,2000.00,2.84,-0.00,1975.66,2000.00,2.56,0.00
00:02:00.744 [TUNER] 448,1000,1940.72,2000.00,2.84,-0.00,1975.66,2000.00,2.56,0.00
00:02:00.777 [TUNER] 449,1000,1964.91,2000.00,2.55,-0.00,1960.22,2000.00,2.84,0.00
00:02:00.813 [TUNER] 450,1000,1964.91,2000.00,2.55,-0.00,1960.22,2000.00,2.84,0.00
00:02:00.813 [TUNER] 451,1000,1982.54,2000.00,2.33,0.00,1987.38,2000.00,2.45,0.00
00:02:00.848 [TUNER] 452,1000,1982.54,2000.00,2.33,0.00,1987.38,2000.00,2.45,0.00
00:02:00.848 [TUNER] 453,1000,2046.48,2000.00,1.41,-0.00,2007.39,2000.00,2.15,0.00
00:02:00.882 [TUNER] 454,1000,2046.48,2000.00,1.41,-0.00,2007.39,2000.00,2.15,0.00
00:02:00.916 [TUNER] 455,1000,2073.57,2000.00,0.97,-0.00,2023.40,2000.00,1.89,0.00
00:02:00.918 [TUNER] 456,1000,2073.57,2000.00,0.97,-0.00,2023.40,2000.00,1.89,0.00
00:02:00.952 [TUNER] 457,1000,2103.83,2000.00,0.44,-0.00,2022.47,2000.00,1.87,0.00
00:02:00.954 [TUNER] 458,1000,2103.83,2000.00,0.44,-0.00,2022.47,2000.00,1.87,0.00
00:02:00.988 [TUNER] 459,1000,2047.29,2000.00,1.16,-0.00,2018.28,2000.00,1.91,-0.00
00:02:01.023 [TUNER] 460,1000,2047.29,2000.00,1.16,-0.00,2018.28,2000.00,1.91,-0.00
00:02:01.024 [TUNER] 461,1000,1984.88,2000.00,2.03,-0.00,2037.27,2000.00,1.59,-0.00
00:02:01.058 [TUNER] 462,1000,1984.88,2000.00,2.03,-0.00,2037.27,2000.00,1.59,-0.00
00:02:01.058 [TUNER] 463,1000,1907.46,2000.00,3.18,-0.00,2021.53,2000.00,1.80,-0.00
00:02:01.092 [TUNER] 464,1000,1907.46,2000.00,3.18,-0.00,2021.53,2000.00,1.80,-0.00
00:02:01.128 [TUNER] 465,1000,1898.79,2000.00,3.40,-0.00,2032.99,2000.00,1.59,-0.00
00:02:01.128 [TUNER] 466,1000,1898.79,2000.00,3.40,-0.00,2032.99,2000.00,1.59,-0.00
00:02:01.162 [TUNER] 467,1000,1989.78,2000.00,2.18,-0.00,1990.62,2000.00,2.23,-0.00
00:02:01.162 [TUNER] 468,1000,1989.78,2000.00,2.18,-0.00,1990.62,2000.00,2.23,-0.00
00:02:01.197 [TUNER] 469,1000,2005.88,2000.00,1.95,-0.00,2006.55,2000.00,1.98,-0.00
00:02:01.234 [TUNER] 470,1000,2005.88,2000.00,1.95,-0.00,2006.55,2000.00,1.98,-0.00
00:02:01.236 [TUNER] 471,1000,2047.96,2000.00,1.33,-0.00,1988.37,2000.00,2.27,-0.00
00:02:01.267 [TUNER] 472,1000,2047.96,2000.00,1.33,-0.00,1988.37,2000.00,2.27,-0.00
00:02:01.303 [TUNER] 473,1000,1999.16,2000.00,1.99,-0.00,1991.00,2000.00,2.24,-0.00
00:02:01.304 [TUNER] 474,1000,1999.16,2000.00,1.99,-0.00,1991.00,2000.00,2.24,-0.00
00:02:01.337 [TUNER] 475,1000,1939.50,2000.00,2.87,-0.00,1989.67,2000.00,2.27,-0.00
00:02:01.339 [TUNER] 476,1000,1939.50,2000.00,2.87,-0.00,1989.67,2000.00,2.27,-0.00
00:02:01.372 [TUNER] 477,1000,1896.93,2000.00,3.55,0.00,1993.76,2000.00,2.22,-0.00
00:02:01.373 [TUNER] 478,1000,1896.93,2000.00,3.55,0.00,1993.76,2000.00,2.22,-0.00
00:02:01.408 [TUNER] 479,1000,1928.16,2000.00,3.21,0.00,2003.91,2000.00,2.06,-0.00
00:02:01.442 [TUNER] 480,1000,1928.16,2000.00,3.21,0.00,2003.91,2000.00,2.06,-0.00
00:02:01.443 [TUNER] 481,1000,2008.12,2000.00,2.11,0.00,2013.74,2000.00,1.90,-0.00
00:02:01.477 [TUNER] 482,1000,2008.12,2000.00,2.11,0.00,2013.74,2000.00,1.90,-0.00
00:02:01.478 [TUNER] 483,1000,2058.35,2000.00,1.37,0.00,2019.89,2000.00,1.79,-0.00
00:02:01.512 [TUNER] 484,1000,2058.35,2000.00,1.37,0.00,2019.89,2000.00,1.79,-0.00
00:02:01.548 [TUNER] 485,1000,2043.55,2000.00,1.52,0.00,1999.04,2000.00,2.10,-0.00
00:02:01.549 [TUNER] 486,1000,2043.55,2000.00,1.52,0.00,1999.04,2000.00,2.10,-0.00
00:02:01.582 [TUNER] 487,1000,1978.45,2000.00,2.43,0.00,1997.82,2000.00,2.12,-0.00
00:02:01.583 [TUNER] 488,1000,1978.45,2000.00,2.43,0.00,1997.82,2000.00,2.12,-0.00
00:02:01.617 [TUNER] 489,1000,1959.02,2000.00,2.74,0.00,1955.61,2000.00,2.79,-0.00
00:02:01.653 [TUNER] 490,1000,1959.02,2000.00,2.74,0.00,1955.61,2000.00,2.79,-0.00
00:02:01.654 [TUNER] 491,1000,1950.34,2000.00,2.91,0.00,1971.67,2000.00,2.58,-0.00
00:02:01.687 [TUNER] 492,1000,1950.34,2000.00,2.91,0.00,1971.67,2000.00,2.58,-0.00
00:02:01.688 [TUNER] 493,1000,1996.66,2000.00,2.28,0.00,1965.62,2000.00,2.71,0.00
00:02:01.722 [TUNER] 494,1000,1996.66,2000.00,2.28,0.00,1965.62,2000.00,2.71,0.00
00:02:01.758 [TUNER] 495,1000,2006.23,2000.00,2.14,0.00,1988.26,2000.00,2.39,0.00
00:02:01.758 [TUNER] 496,1000,2006.23,2000.00,2.14,0.00,1988.26,2000.00,2.39,0.00
00:02:01.793 [TUNER] 497,1002,2035.78,2000.00,1.70,0.00,2002.53,2000.00,2.18,0.00
00:02:01.794 [TUNER] 498,1000,2035.78,2000.00,1.70,0.00,2002.53,2000.00,2.18,0.00
00:02:01.826 [TUNER] 499,998,2048.25,2000.00,1.48,0.00,2030.25,2000.00,1.74,-0.00
00:02:01.863 [TUNER] 500,1000,2048.25,2000.00,1.48,0.00,2030.25,2000.00,1.74,-0.00
00:02:01.863 [TUNER] 501,1000,2090.45,2000.00,0.81,-0.00,2034.82,2000.00,1.63,-0.00
00:02:01.898 [TUNER] 502,1000,2090.45,2000.00,0.81,-0.00,2034.82,2000.00,1.63,-0.00
00:02:01.898 [TUNER] 503,1000,2091.57,2000.00,0.70,-0.00,2033.32,2000.00,1.61,-0.00
00:02:01.932 [TUNER] 504,1000,2091.57,2000.00,0.70,-0.00,2033.32,2000.00,1.61,-0.00
00:02:01.967 [TUNER] 505,1000,2078.72,2000.00,0.79,-0.00,2040.70,2000.00,1.46,-0.00
00:02:01.968 [TUNER] 506,1000,2078.72,2000.00,0.79,-0.00,2040.70,2000.00,1.46,-0.00
00:02:02.003 [TUNER] 507,1000,1996.28,2000.00,1.92,-0.00,2017.41,2000.00,1.78,-0.00
00:02:02.004 [TUNER] 508,1000,1996.28,2000.00,1.92,-0.00,2017.41,2000.00,1.78,-0.00
00:02:02.037 [TUNER] 509,1000,1920.02,2000.00,3.04,-0.00,2048.60,2000.00,1.27,-0.00
00:02:02.072 [TUNER] 510,1000,1920.02,2000.00,3.04,-0.00,2048.60,2000.00,1.27,-0.00
00:02:02.073 [TUNER] 511,1000,1919.14,2000.00,3.14,-0.00,2001.39,2000.00,1.96,-0.00
00:02:02.107 [TUNER] 512,1000,1919.14,2000.00,3.14,-0.00,2001.39,2000.00,1.96,-0.00
00:02:02.108 [TUNER] 513,1000,1942.49,2000.00,2.88,0.00,2004.85,2000.00,1.90,-0.00
00:02:02.141 [TUNER] 514,1000,1942.49,2000.00,2.88,0.00,2004.85,2000.00,1.90,-0.00
00:02:02.177 [TUNER] 515,1000,1980.07,2000.00,2.39,0.00,1973.27,2000.00,2.40,-0.00
00:02:02.177 [TUNER] 516,1000,1980.07,2000.00,2.39,0.00,1973.27,2000.00,2.40,-0.00
00:02:02.212 [TUNER] 517,1000,2013.57,2000.00,1.92,0.00,1965.18,2000.00,2.56,-0.00
00:02:02.213 [TUNER] 518,1000,2013.57,2000.00,1.92,0.00,1965.18,2000.00,2.56,-0.00
00:02:02.248 [TUNER] 519,1000,2038.65,2000.00,1.54,-0.00,1958.70,2000.00,2.70,-0.00
00:02:02.283 [TUNER] 520,1000,2038.65,2000.00,1.54,-0.00,1958.70,2000.00,2.70,-0.00
00:02:02.283 [TUNER] 521,1000,1959.07,2000.00,2.66,0.00,1970.71,2000.00,2.56,-0.00
00:02:02.319 [TUNER] 522,1000,1959.07,2000.00,2.66,0.00,1970.71,2000.00,2.56,-0.00
00:02:02.321 [TUNER] 523,1000,1941.79,2000.00,2.96,0.00,1988.90,2000.00,2.30,-0.00
00:02:02.352 [TUNER] 524,1000,1941.79,2000.00,2.96,0.00,1988.90,2000.00,2.30,-0.00
00:02:02.387 [TUNER] 525,1000,1943.43,2000.00,3.00,0.00,1991.43,2000.00,2.28,-0.00
00:02:02.387 [TUNER] 526,1000,1943.43,2000.00,3.00,0.00,1991.43,2000.00,2.28,-0.00
00:02:02.422 [TUNER] 527,1000,1991.13,2000.00,2.36,0.00,2031.25,2000.00,1.65,-0.00
00:02:02.422 [TUNER] 528,1000,1991.13,2000.00,2.36,0.00,2031.25,2000.00,1.65,-0.00
00:02:02.458 [TUNER] 529,1000,2065.37,2000.00,1.28,0.00,2011.56,2000.00,1.93,-0.00
00:02:02.493 [TUNER] 530,1000,2065.37,2000.00,1.28,0.00,2011.56,2000.00,1.93,-0.00
00:02:02.493 [TUNER] 531,1000,2090.40,2000.00,0.84,-0.00,2007.84,2000.00,1.98,-0.00
00:02:02.528 [TUNER] 532,1000,2090.40,2000.00,0.84,-0.00,2007.84,2000.00,1.98,-0.00
00:02:02.528 [TUNER] 533,1000,2043.42,2000.00,1.44,-0.00,1979.09,2000.00,2.42,-0.00
00:02:02.560 [TUNER] 534,1000,2043.42,2000.00,1.44,-0.00,1979.09,2000.00,2.42,-0.00
00:02:02.598 [TUNER] 535,1000,2005.84,2000.00,1.94,-0.00,1968.12,2000.00,2.62,-0.00
00:02:02.598 [TUNER] 536,1000,2005.84,2000.00,1.94,-0.00,1968.12,2000.00,2.62,-0.00
00:02:02.632 [TUNER] 537,1000,1974.05,2000.00,2.40,-0.00,1945.59,2000.00,3.01,0.00
00:02:02.632 [TUNER] 538,1000,1974.05,2000.00,2.40,-0.00,1945.59,2000.00,3.01,0.00
00:02:02.667 [TUNER] 539,1000,1903.96,2000.00,3.46,0.00,1965.37,2000.00,2.76,0.00
00:02:02.702 [TUNER] 540,1000,1903.96,2000.00,3.46,0.00,1965.37,2000.00,2.76,0.00
00:02:02.703 [TUNER] 541,1000,1894.27,2000.00,3.70,0.00,1996.66,2000.00,2.31,0.00
00:02:02.739 [TUNER] 542,1000,1894.27,2000.00,3.70,0.00,1996.66,2000.00,2.31,0.00
00:02:02.739 [TUNER] 543,1000,1951.80,2000.00,2.97,0.00,2025.12,2000.00,1.86,0.00
00:02:02.772 [TUNER] 544,1000,1951.80,2000.00,2.97,0.00,2025.12,2000.00,1.86,0.00
00:02:02.807 [TUNER] 545,1000,2064.83,2000.00,1.36,0.00,2025.56,2000.00,1.82,0.00
00:02:02.808 [TUNER] 546,1000,2064.83,2000.00,1.36,0.00,2025.56,2000.00,1.82,0.00
00:02:02.844 [TUNER] 547,1000,2105.43,2000.00,0.70,0.00,2031.06,2000.00,1.71,-0.00
00:02:02.844 [TUNER] 548,1000,2105.43,2000.00,0.70,0.00,2031.06,2000.00,1.71,-0.00
00:02:02.876 [TUNER] 549,1000,2158.53,2000.00,-0.19,-0.00,2044.06,2000.00,1.46,-0.00
00:02:02.912 [TUNER] 550,1000,2158.53,2000.00,-0.19,-0.00,2044.06,2000.00,1.46,-0.00
00:02:02.913 [TUNER] 551,1000,2127.13,2000.00,0.10,-0.00,2018.37,2000.00,1.82,-0.00
00:02:02.949 [TUNER] 552,1000,2127.13,2000.00,0.10,-0.00,2018.37,2000.00,1.82,-0.00
00:02:02.949 [TUNER] 553,1000,2059.06,2000.00,0.96,-0.00,2015.01,2000.00,1.85,-0.00
00:02:02.982 [TUNER] 554,1000,2059.06,2000.00,0.96,-0.00,2015.01,2000.00,1.85,-0.00
00:02:03.017 [TUNER] 555,1000,1963.37,2000.00,2.30,-0.00,1974.52,2000.00,2.48,-0.00
00:02:03.018 [TUNER] 556,1000,1963.37,2000.00,2.30,-0.00,1974.52,2000.00,2.48,-0.00
00:02:03.053 [TUNER] 557,1000,1861.05,2000.00,3.84,-0.00,1998.82,2000.00,2.12,-0.00
00:02:03.055 [TUNER] 558,1000,1861.05,2000.00,3.84,-0.00,1998.82,2000.00,2.12,-0.00
00:02:03.087 [TUNER] 559,1000,1942.41,2000.00,2.80,-0.00,1970.16,2000.00,2.58,-0.00
00:02:03.122 [TUNER] 560,1000,1942.41,2000.00,2.80,-0.00,1970.16,2000.00,2.58,-0.00
00:02:03.158 [TUNER] 561,1000,2010.93,2000.00,1.85,-0.00,1993.61,2000.00,2.24,-0.00
00:02:03.158 [TUNER] 562,1000,2010.93,2000.00,1.85,-0.00,1993.61,2000.00,2.24,-0.00
00:02:03.159 [TUNER] 563,1000,2070.90,2000.00,0.96,-0.00,1990.04,2000.00,2.30,-0.00
00:02:03.194 [TUNER] 564,1000,2070.90,2000.00,0.96,-0.00,1990.04,2000.00,2.30,-0.00
00:02:03.226 [TUNER] 565,1000,1991.74,2000.00,2.05,-0.00,2012.96,2000.00,1.95,-0.00
00:02:03.227 [TUNER] 566,1000,1991.74,2000.00,2.05,-0.00,2012.96,2000.00,1.95,-0.00
00:02:03.261 [TUNER] 567,1002,1957.26,2000.00,2.56,-0.00,2010.28,2000.00,1.98,-0.00
00:02:03.263 [TUNER] 568,1000,1957.26,2000.00,2.56,-0.00,2010.28,2000.00,1.98,-0.00
00:02:03.297 [TUNER] 569,998,1913.20,2000.00,3.25,-0.00,2010.65,2000.00,1.96,-0.00
00:02:03.332 [TUNER] 570,1000,1913.20,2000.00,3.25,-0.00,2010.65,2000.00,1.96,-0.00
00:02:03.333 [TUNER] 571,1000,1937.74,2000.00,2.99,0.00,2024.29,2000.00,1.73,-0.00
00:02:03.366 [TUNER] 572,1000,1937.74,2000.00,2.99,0.00,2024.29,2000.00,1.73,-0.00
00:02:03.368 [TUNER] 573,1000,2017.50,2000.00,1.88,0.00,1993.97,2000.00,2.19,-0.00
00:02:03.401 [TUNER] 574,1000,2017.50,2000.00,1.88,0.00,1993.97,2000.00,2.19,-0.00
00:02:03.438 [TUNER] 575,1000,2034.93,2000.00,1.61,-0.00,2000.64,2000.00,2.09,-0.00
00:02:03.439 [TUNER] 576,1000,2034.93,2000.00,1.61,-0.00,2000.64,2000.00,2.09,-0.00
00:02:03.471 [TUNER] 577,1000,2012.79,2000.00,1.90,-0.00,1968.17,2000.00,2.60,-0.00
00:02:03.471 [TUNER] 578,1000,2012.79,2000.00,1.90,-0.00,1968.17,2000.00,2.60,-0.00
00:02:03.507 [TUNER] 579,1000,1964.15,2000.00,2.60,0.00,1978.28,2000.00,2.48,-0.00
00:02:03.542 [TUNER] 580,1000,1964.15,2000.00,2.60,0.00,1978.28,2000.00,2.48,-0.00
00:02:03.542 [TUNER] 581,1003,1970.16,2000.00,2.55,0.00,1950.78,2000.00,2.94,0.00
00:02:03.579 [TUNER] 582,997,1970.16,2000.00,2.55,0.00,1950.78,2000.00,2.94,0.00
00:02:03.582 [TUNER] 583,1000,1945.02,2000.00,2.95,0.00,1974.55,2000.00,2.62,0.00
00:02:03.612 [TUNER] 584,1000,1945.02,2000.00,2.95,0.00,1974.55,2000.00,2.62,0.00
00:02:03.647 [TUNER] 585,1000,1961.48,2000.00,2.76,0.00,1997.13,2000.00,2.29,0.00
00:02:03.648 [TUNER] 586,1000,1961.48,2000.00,2.76,0.00,1997.13,2000.00,2.29,0.00
00:02:03.684 [TUNER] 587,1000,1984.95,2000.00,2.46,0.00,2027.22,2000.00,1.82,0.00
00:02:03.684 [TUNER] 588,1000,1984.95,2000.00,2.46,0.00,2027.22,2000.00,1.82,0.00
00:02:03.718 [TUNER] 589,1000,2056.99,2000.00,1.42,0.00,2027.24,2000.00,1.79,0.00
00:02:03.752 [TUNER] 590,1000,2056.99,2000.00,1.42,0.00,2027.24,2000.00,1.79,0.00
00:02:03.753 [TUNER] 591,1000,2083.70,2000.00,0.97,0.00,2027.25,2000.00,1.75,-0.00
00:02:03.786 [TUNER] 592,1000,2083.70,2000.00,0.97,0.00,2027.25,2000.00,1.75,-0.00
00:02:03.787 [TUNER] 593,1000,2129.12,2000.00,0.21,-0.00,2042.73,2000.00,1.48,-0.00
00:02:03.822 [TUNER] 594,1000,2129.12,2000.00,0.21,-0.00,2042.73,2000.00,1.48,-0.00
00:02:03.858 [TUNER] 595,1000,2101.88,2000.00,0.47,-0.00,2029.33,2000.00,1.64,-0.00
00:02:03.858 [TUNER] 596,1000,2101.88,2000.00,0.47,-0.00,2029.33,2000.00,1.64,-0.00
00:02:03.893 [TUNER] 597,1000,2021.68,2000.00,1.54,-0.00,2040.96,2000.00,1.42,-0.00
00:02:03.893 [TUNER] 598,1000,2021.68,2000.00,1.54,-0.00,2040.96,2000.00,1.42,-0.00
00:02:03.927 [TUNER] 599,1000,1907.70,2000.00,3.19,-0.00,1990.12,2000.00,2.18,-0.00
00:02:03.965 [TUNER] 600,1000,1907.70,2000.00,3.19,-0.00,1990.12,2000.00,2.18,-0.00
00:02:03.966 [TUNER] 601,1000,1883.51,2000.00,3.65,-0.00,1992.40,2000.00,2.16,-0.00
00:02:03.998 [TUNER] 602,1000,1883.51,2000.00,3.65,-0.00,1992.40,2000.00,2.16,-0.00
00:02:03.999 [TUNER] 603,1000,1927.74,2000.00,3.12,0.00,1966.74,2000.00,2.57,-0.00
00:02:04.032 [TUNER] 604,1000,1927.74,2000.00,3.12,0.00,1966.74,2000.00,2.57,-0.00
00:02:04.067 [TUNER] 605,1000,2004.35,2000.00,2.07,0.00,1975.42,2000.00,2.47,-0.00
00:02:04.071 [TUNER] 606,1000,2004.35,2000.00,2.07,0.00,1975.42,2000.00,2.47,-0.00
00:02:04.101 [TUNER] 607,1000,2093.12,2000.00,0.77,-0.00,1982.36,2000.00,2.39,-0.00
00:02:04.102 [TUNER] 608,1000,2093.12,2000.00,0.77,-0.00,1982.36,2000.00,2.39,-0.00
00:02:04.140 [TUNER] 609,1000,2086.83,2000.00,0.76,-0.00,2001.66,2000.00,2.11,-0.00
00:02:04.174 [TUNER] 610,1000,2086.83,2000.00,0.76,-0.00,2001.66,2000.00,2.11,-0.00
00:02:04.176 [TUNER] 611,1000,2028.54,2000.00,1.52,-0.00,2006.79,2000.00,2.02,-0.00
00:02:04.207 [TUNER] 612,1000,2028.54,2000.00,1.52,-0.00,2006.79,2000.00,2.02,-0.00
00:02:04.208 [TUNER] 613,1000,1990.50,2000.00,2.05,-0.00,1983.40,2000.00,2.39,-0.00
00:02:04.242 [TUNER] 614,1000,1990.50,2000.00,2.05,-0.00,1983.40,2000.00,2.39,-0.00
00:02:04.278 [TUNER] 615,1000,1984.11,2000.00,2.15,-0.00,2002.49,2000.00,2.10,-0.00
00:02:04.278 [TUNER] 616,1000,1984.11,2000.00,2.15,-0.00,2002.49,2000.00,2.10,-0.00
00:02:04.314 [TUNER] 617,1000,1936.06,2000.00,2.87,-0.00,1979.97,2000.00,2.46,-0.00
00:02:04.314 [TUNER] 618,1000,1936.06,2000.00,2.87,-0.00,1979.97,2000.00,2.46,-0.00
00:02:04.348 [TUNER] 619,1000,1921.67,2000.00,3.15,-0.00,1996.31,2000.00,2.22,-0.00
00:02:04.383 [TUNER] 620,1000,1932.09,2000.00,3.05,0.00,1957.48,2000.00,2.81,0.00
00:02:04.383 [TUNER] 621,1000,1932.09,2000.00,3.05,0.00,1957.48,2000.00,2.81,0.00
00:02:04.419 [TUNER] 622,1000,1954.78,2000.00,2.79,0.00,1956.18,2000.00,2.88,0.00
00:02:04.420 [TUNER] 623,1000,1954.78,2000.00,2.79,0.00,1956.18,2000.00,2.88,0.00
00:02:04.454 [TUNER] 624,1000,2000.21,2000.00,2.17,0.00,1975.56,2000.00,2.63,0.00
00:02:04.489 [TUNER] 625,1000,2000.21,2000.00,2.17,0.00,1975.56,2000.00,2.63,0.00
00:02:04.491 [TUNER] 626,1000,2036.55,2000.00,1.64,0.00,1977.32,2000.00,2.63,0.00
00:02:04.522 [TUNER] 627,1000,2036.55,2000.00,1.64,0.00,1977.32,2000.00,2.63,0.00
00:02:04.522 [TUNER] 628,1000,2060.47,2000.00,1.25,-0.00,2028.55,2000.00,1.84,0.00
00:02:04.557 [TUNER] 629,1000,2060.47,2000.00,1.25,-0.00,2028.55,2000.00,1.84,0.00
00:02:04.592 [TUNER] 630,1000,2065.87,2000.00,1.10,-0.00,2026.58,2000.00,1.84,0.00
00:02:04.594 [TUNER] 631,1000,2065.87,2000.00,1.10,-0.00,2026.58,2000.00,1.84,0.00
00:02:04.628 [TUNER] 632,1000,2032.39,2000.00,1.52,-0.00,2059.37,2000.00,1.29,-0.00
00:02:04.628 [TUNER] 633,1000,2032.39,2000.00,1.52,-0.00,2059.37,2000.00,1.29,-0.00
00:02:04.661 [TUNER] 634,1000,1981.55,2000.00,2.24,-0.00,2035.78,2000.00,1.59,-0.00
00:02:04.698 [TUNER] 635,1000,1981.55,2000.00,2.24,-0.00,2035.78,2000.00,1.59,-0.00
00:02:04.698 [TUNER] 636,1000,1904.80,2000.00,3.38,-0.00,2059.86,2000.00,1.17,-0.00
00:02:04.733 [TUNER] 637,1000,1904.80,2000.00,3.38,-0.00,2059.86,2000.00,1.17,-0.00
00:02:04.734 [TUNER] 638,1000,1924.14,2000.00,3.20,0.00,2034.45,2000.00,1.51,-0.00
00:02:04.767 [TUNER] 639,1000,1924.14,2000.00,3.20,0.00,2034.45,2000.00,1.51,-0.00
00:02:04.803 [TUNER] 640,1000,1967.11,2000.00,2.65,0.00,2029.58,2000.00,1.54,-0.00
00:02:04.804 [TUNER] 641,1000,1967.11,2000.00,2.65,0.00,2029.58,2000.00,1.54,-0.00
00:02:04.838 [TUNER] 642,1000,2053.03,2000.00,1.42,0.00,1991.33,2000.00,2.12,-0.00
00:02:04.840 [TUNER] 643,1000,2053.03,2000.00,1.42,0.00,1991.33,2000.00,2.12,-0.00
00:02:04.873 [TUNER] 644,1000,2061.63,2000.00,1.24,-0.00,1984.78,2000.00,2.23,-0.00
00:02:04.907 [TUNER] 645,1000,2061.63,2000.00,1.24,-0.00,1984.78,2000.00,2.23,-0.00
00:02:04.908 [TUNER] 646,1000,2054.76,2000.00,1.28,-0.00,1977.83,2000.00,2.36,-0.00
00:02:04.942 [TUNER] 647,1000,2054.76,2000.00,1.28,-0.00,1977.83,2000.00,2.36,-0.00
00:02:04.943 [TUNER] 648,1000,1992.58,2000.00,2.13,-0.00,1973.98,2000.00,2.44,-0.00
00:02:04.977 [TUNER] 649,1000,1992.58,2000.00,2.13,-0.00,1973.98,2000.00,2.44,-0.00
00:02:05.013 [TUNER] 650,1000,1947.98,2000.00,2.79,-0.00,1981.21,2000.00,2.36,-0.00
00:02:05.013 [TUNER] 651,1000,1947.98,2000.00,2.79,-0.00,1981.21,2000.00,2.36,-0.00
00:02:05.047 [TUNER] 652,1000,1977.59,2000.00,2.41,0.00,1957.79,2000.00,2.75,-0.00
00:02:05.048 [TUNER] 653,1000,1977.59,2000.00,2.41,0.00,1957.79,2000.00,2.75,-0.00
00:02:05.082 [TUNER] 654,1000,1985.82,2000.00,2.32,0.00,1985.43,2000.00,2.36,-0.00
00:02:05.120 [TUNER] 655,1000,1985.82,2000.00,2.32,0.00,1985.43,2000.00,2.36,-0.00
00:02:05.121 [TUNER] 656,1000,2009.58,2000.00,1.98,0.00,1964.60,2000.00,2.71,0.00
00:02:05.153 [TUNER] 657,1000,2009.58,2000.00,1.98,0.00,1964.60,2000.00,2.71,0.00
00:02:05.154 [TUNER] 658,1000,2016.56,2000.00,1.87,0.00,1997.76,2000.00,2.22,0.00
00:02:05.187 [TUNER] 659,1000,2016.56,2000.00,1.87,0.00,1997.76,2000.00,2.22,0.00
00:02:05.224 [TUNER] 660,1000,2035.89,2000.00,1.57,-0.00,2000.23,2000.00,2.19,0.00
00:02:05.225 [TUNER] 661,1000,2035.89,2000.00,1.57,-0.00,2000.23,2000.00,2.19,0.00
00:02:05.257 [TUNER] 662,1000,1991.22,2000.00,2.19,-0.00,1998.78,2000.00,2.21,0.00
00:02:05.257 [TUNER] 663,1000,1991.22,2000.00,2.19,-0.00,1998.78,2000.00,2.21,0.00
00:02:05.291 [TUNER] 664,1000,1993.29,2000.00,2.17,-0.00,1985.58,2000.00,2.42,0.00
00:02:05.328 [TUNER] 665,1000,1993.29,2000.00,2.17,-0.00,1985.58,2000.00,2.42,0.00
00:02:05.328 [TUNER] 666,1000,1979.47,2000.00,2.38,0.00,1978.47,2000.00,2.55,0.00
00:02:05.363 [TUNER] 667,1000,1979.47,2000.00,2.38,0.00,1978.47,2000.00,2.55,0.00
00:02:05.363 [TUNER] 668,1000,1990.76,2000.00,2.23,0.00,1991.67,2000.00,2.36,0.00
00:02:05.398 [TUNER] 669,1000,1990.76,2000.00,2.23,0.00,1991.67,2000.00,2.36,0.00
00:02:05.438 [TUNER] 670,1000,1974.02,2000.00,2.49,0.00,1993.64,2000.00,2.34,0.00
00:02:05.438 [TUNER] 671,1000,1974.02,2000.00,2.49,0.00,1993.64,2000.00,2.34,0.00
00:02:05.484 [TUNER] 672,1002,1965.39,2000.00,2.64,0.00,2022.29,2000.00,1.90,0.00
00:02:05.484 [TUNER] 673,1000,1965.39,2000.00,2.64,0.00,2022.29,2000.00,1.90,0.00
00:02:05.500 [TUNER] 674,998,1985.06,2000.00,2.39,0.00,2015.10,2000.00,1.98,0.00
00:02:05.536 [TUNER] 675,1000,1985.06,2000.00,2.39,0.00,2015.10,2000.00,1.98,0.00
00:02:05.536 [TUNER] 676,1000,2014.13,2000.00,1.98,0.00,2045.03,2000.00,1.49,-0.00
00:02:05.573 [TUNER] 677,1000,2014.13,2000.00,1.98,0.00,2045.03,2000.00,1.49,-0.00
00:02:05.573 [TUNER] 678,1000,2082.05,2000.00,0.97,-0.00,2022.59,2000.00,1.80,-0.00
00:02:05.609 [TUNER] 679,1000,2082.05,2000.00,0.97,-0.00,2022.59,2000.00,1.80,-0.00
00:02:05.644 [TUNER] 680,1000,2103.74,2000.00,0.56,-0.00,2037.27,2000.00,1.54,-0.00
00:02:05.645 [TUNER] 681,1000,2103.74,2000.00,0.56,-0.00,2037.27,2000.00,1.54,-0.00
00:02:05.677 [TUNER] 682,1000,2114.23,2000.00,0.30,-0.00,2024.97,2000.00,1.69,-0.00
00:02:05.678 [TUNER] 683,1000,2114.23,2000.00,0.30,-0.00,2024.97,2000.00,1.69,-0.00
00:02:05.712 [TUNER] 684,1002,2043.06,2000.00,1.22,-0.00,2028.26,2000.00,1.61,-0.00
00:02:05.748 [TUNER] 685,998,2043.06,2000.00,1.22,-0.00,2028.26,2000.00,1.61,-0.00
00:02:05.749 [TUNER] 686,1000,1954.48,2000.00,2.47,-0.00,1992.55,2000.00,2.14,-0.00
00:02:05.782 [TUNER] 687,1000,1954.48,2000.00,2.47,-0.00,1992.55,2000.00,2.14,-0.00
00:02:05.783 [TUNER] 688,1000,1914.07,2000.00,3.11,-0.00,1997.78,2000.00,2.07,-0.00
00:02:05.817 [TUNER] 689,1000,1914.07,2000.00,3.11,-0.00,1997.78,2000.00,2.07,-0.00
00:02:05.854 [TUNER] 690,1000,1919.54,2000.00,3.13,-0.00,1983.07,2000.00,2.31,-0.00
00:02:05.855 [TUNER] 691,1000,1919.54,2000.00,3.13,-0.00,1983.07,2000.00,2.31,-0.00
00:02:05.888 [TUNER] 692,1000,1961.71,2000.00,2.59,-0.00,1971.30,2000.00,2.51,-0.00
00:02:05.889 [TUNER] 693,1000,1961.71,2000.00,2.59,-0.00,1971.30,2000.00,2.51,-0.00
00:02:05.922 [TUNER] 694,1000,2009.19,2000.00,1.94,-0.00,1975.63,2000.00,2.48,-0.00
00:02:05.959 [TUNER] 695,1000,2009.19,2000.00,1.94,-0.00,1975.63,2000.00,2.48,-0.00
00:02:05.960 [TUNER] 696,1000,2043.74,2000.00,1.42,-0.00,1960.20,2000.00,2.75,-0.00
00:02:05.992 [TUNER] 697,1000,2043.74,2000.00,1.42,-0.00,1960.20,2000.00,2.75,-0.00
00:02:05.994 [TUNER] 698,1000,2031.86,2000.00,1.55,-0.00,1990.80,2000.00,2.31,-0.00
00:02:06.027 [TUNER] 699,1000,2031.86,2000.00,1.55,-0.00,1990.80,2000.00,2.31,-0.00
00:02:06.063 [TUNER] 700,1000,2008.62,2000.00,1.86,-0.00,1989.51,2000.00,2.34,0.00
00:02:06.064 [TUNER] 701,1000,2008.62,2000.00,1.86,-0.00,1989.51,2000.00,2.34,0.00
00:02:06.100 [TUNER] 702,1000,1957.38,2000.00,2.60,-0.00,2045.18,2000.00,1.47,-0.00
00:02:06.104 [TUNER] 703,1000,1957.38,2000.00,2.60,-0.00,2045.18,2000.00,1.47,-0.00
00:02:06.133 [TUNER] 704,1000,1930.13,2000.00,3.04,-0.00,2038.17,2000.00,1.53,-0.00
00:02:06.169 [TUNER] 705,1000,1930.13,2000.00,3.04,-0.00,2038.17,2000.00,1.53,-0.00
00:02:06.170 [TUNER] 706,1000,1930.67,2000.00,3.11,0.00,2061.77,2000.00,1.11,-0.00
00:02:06.202 [TUNER] 707,1000,1930.67,2000.00,3.11,0.00,2061.77,2000.00,1.11,-0.00
00:02:06.204 [TUNER] 708,1000,1968.89,2000.00,2.62,0.00,2025.67,2000.00,1.61,-0.00
00:02:06.238 [TUNER] 709,1000,1968.89,2000.00,2.62,0.00,2025.67,2000.00,1.61,-0.00
00:02:06.272 [TUNER] 710,1000,1994.32,2000.00,2.28,0.00,1993.35,2000.00,2.09,-0.00
00:02:06.273 [TUNER] 711,1000,1994.32,2000.00,2.28,0.00,1993.35,2000.00,2.09,-0.00
00:02:06.308 [TUNER] 712,1000,2024.97,2000.00,1.84,0.00,1957.19,2000.00,2.68,-0.00
00:02:06.309 [TUNER] 713,1000,2024.97,2000.00,1.84,0.00,1957.19,2000.00,2.68,-0.00
00:02:06.342 [TUNER] 714,1000,2020.29,2000.00,1.88,0.00,1940.29,2000.00,2.99,-0.00
00:02:06.378 [TUNER] 715,1000,2020.29,2000.00,1.88,0.00,1940.29,2000.00,2.99,-0.00
00:02:06.378 [TUNER] 716,1000,1975.30,2000.00,2.52,0.00,1969.72,2000.00,2.59,-0.00
00:02:06.415 [TUNER] 717,1000,1975.30,2000.00,2.52,0.00,1969.72,2000.00,2.59,-0.00
00:02:06.417 [TUNER] 718,1000,1961.65,2000.00,2.75,0.00,1958.90,2000.00,2.80,0.00
00:02:06.447 [TUNER] 719,1000,1961.65,2000.00,2.75,0.00,1958.90,2000.00,2.80,0.00
00:02:06.482 [TUNER] 720,1000,1976.50,2000.00,2.57,0.00,1984.61,2000.00,2.44,0.00
00:02:06.483 [TUNER] 721,1000,1976.50,2000.00,2.57,0.00,1984.61,2000.00,2.44,0.00
00:02:06.519 [TUNER] 722,1000,2039.92,2000.00,1.66,0.00,1974.25,2000.00,2.62,0.00
00:02:06.521 [TUNER] 723,1000,2039.92,2000.00,1.66,0.00,1974.25,2000.00,2.62,0.00
00:02:06.552 [TUNER] 724,1000,2039.12,2000.00,1.63,0.00,2008.92,2000.00,2.10,0.00
00:02:06.586 [TUNER] 725,1000,2039.12,2000.00,1.63,0.00,2008.92,2000.00,2.10,0.00
00:02:06.587 [TUNER] 726,1000,2040.19,2000.00,1.58,0.00,1998.85,2000.00,2.25,0.00
00:02:06.623 [TUNER] 727,1000,2040.19,2000.00,1.58,0.00,1998.85,2000.00,2.25,0.00
00:02:06.623 [TUNER] 728,1000,1980.92,2000.00,2.40,0.00,2030.31,2000.00,1.75,0.00
00:02:06.657 [TUNER] 729,1000,1980.92,2000.00,2.40,0.00,2030.31,2000.00,1.75,0.00
00:02:06.692 [TUNER] 730,1000,1959.27,2000.00,2.74,0.00,2021.12,2000.00,1.86,-0.00
00:02:06.692 [TUNER] 731,1000,1959.27,2000.00,2.74,0.00,2021.12,2000.00,1.86,-0.00
00:02:06.728 [TUNER] 732,1000,1950.54,2000.00,2.91,0.00,1986.28,2000.00,2.39,0.00
00:02:06.728 [TUNER] 733,1000,1950.54,2000.00,2.91,0.00,1986.28,2000.00,2.39,0.00
00:02:06.763 [TUNER] 734,1000,1981.36,2000.00,2.51,0.00,1972.15,2000.00,2.63,0.00
00:02:06.800 [TUNER] 735,1000,1981.36,2000.00,2.51,0.00,1972.15,2000.00,2.63,0.00
00:02:06.803 [TUNER] 736,1000,2048.96,2000.00,1.54,0.00,1952.26,2000.00,2.98,0.00
00:02:06.832 [TUNER] 737,1000,2048.96,2000.00,1.54,0.00,1952.26,2000.00,2.98,0.00
00:02:06.833 [TUNER] 738,1000,2070.40,2000.00,1.17,0.00,1989.60,2000.00,2.44,0.00
00:02:06.867 [TUNER] 739,1000,2070.40,2000.00,1.17,0.00,1989.60,2000.00,2.44,0.00
00:02:06.904 [TUNER] 740,1000,2034.30,2000.00,1.63,0.00,2012.61,2000.00,2.09,0.00
00:02:06.905 [TUNER] 741,1000,2034.30,2000.00,1.63,0.00,2012.61,2000.00,2.09,0.00
00:02:06.938 [TUNER] 742,1002,1989.59,2000.00,2.25,0.00,2051.19,2000.00,1.46,0.00
00:02:06.939 [TUNER] 743,1000,1989.59,2000.00,2.25,0.00,2051.19,2000.00,1.46,0.00
00:02:06.972 [TUNER] 744,998,1959.70,2000.00,2.70,0.00,1993.50,2000.00,2.32,0.00
00:02:07.008 [TUNER] 745,1000,1959.70,2000.00,2.70,0.00,1993.50,2000.00,2.32,0.00
00:02:07.009 [TUNER] 746,1000,1966.35,2000.00,2.64,0.00,1998.55,2000.00,2.25,0.00
00:02:07.045 [TUNER] 747,1000,1966.35,2000.00,2.64,0.00,1998.55,2000.00,2.25,0.00
00:02:07.046 [TUNER] 748,1000,2043.83,2000.00,1.54,0.00,1980.25,2000.00,2.54,0.00
00:02:07.077 [TUNER] 749,1000,2043.83,2000.00,1.54,0.00,1980.25,2000.00,2.54,0.00
00:02:07.112 [TUNER] 750,1000,2007.88,2000.00,2.02,0.00,1989.66,2000.00,2.41,0.00
00:02:07.113 [TUNER] 751,1000,2007.88,2000.00,2.02,0.00,1989.66,2000.00,2.41,0.00
00:02:07.148 [TUNER] 752,1000,1980.84,2000.00,2.41,0.00,1988.60,2000.00,2.44,0.00
00:02:07.149 [TUNER] 753,1000,1980.84,2000.00,2.41,0.00,1988.60,2000.00,2.44,0.00
00:02:07.181 [TUNER] 754,1002,1953.50,2000.00,2.83,0.00,1973.43,2000.00,2.69,0.00
00:02:07.218 [TUNER] 755,998,1953.50,2000.00,2.83,0.00,1973.43,2000.00,2.69,0.00
00:02:07.220 [TUNER] 756,1000,1982.64,2000.00,2.46,0.00,1986.54,2000.00,2.52,0.00
00:02:07.254 [TUNER] 757,1000,1982.64,2000.00,2.46,0.00,1986.54,2000.00,2.52,0.00
00:02:07.256 [TUNER] 758,1000,2000.16,2000.00,2.22,0.00,1989.54,2000.00,2.48,0.00
00:02:07.289 [TUNER] 759,1000,2000.16,2000.00,2.22,0.00,1989.54,2000.00,2.48,0.00
00:02:07.321 [TUNER] 760,1000,2024.49,2000.00,1.86,0.00,2043.48,2000.00,1.64,0.00
00:02:07.322 [TUNER] 761,1000,2024.49,2000.00,1.86,0.00,2043.48,2000.00,1.64,0.00
00:02:07.357 [TUNER] 762,1000,2047.39,2000.00,1.50,0.00,2031.65,2000.00,1.78,0.00
00:02:07.358 [TUNER] 763,1000,2047.39,2000.00,1.50,0.00,2031.65,2000.00,1.78,0.00
00:02:07.392 [TUNER] 764,1000,2067.43,2000.00,1.15,-0.00,2053.12,2000.00,1.40,-0.00
00:02:07.428 [TUNER] 765,1000,2067.43,2000.00,1.15,-0.00,2053.12,2000.00,1.40,-0.00
00:02:07.428 [TUNER] 766,1000,2095.48,2000.00,0.67,-0.00,2013.60,2000.00,1.97,-0.00
00:02:07.463 [TUNER] 767,1000,2095.48,2000.00,0.67,-0.00,2013.60,2000.00,1.97,-0.00
00:02:07.463 [TUNER] 768,1000,2054.36,2000.00,1.17,-0.00,2030.08,2000.00,1.69,-0.00
00:02:07.497 [TUNER] 769,1000,2054.36,2000.00,1.17,-0.00,2030.08,2000.00,1.69,-0.00
00:02:07.536 [TUNER] 770,1000,1999.12,2000.00,1.92,-0.00,2007.19,2000.00,2.02,-0.00
00:02:07.538 [TUNER] 771,1000,1999.12,2000.00,1.92,-0.00,2007.19,2000.00,2.02,-0.00
00:02:07.567 [TUNER] 772,1000,1936.04,2000.00,2.85,-0.00,2031.83,2000.00,1.62,-0.00
00:02:07.569 [TUNER] 773,1000,1936.04,2000.00,2.85,-0.00,2031.83,2000.00,1.62,-0.00
00:02:07.602 [TUNER] 774,1000,1950.86,2000.00,2.70,-0.00,2012.03,2000.00,1.90,-0.00
00:02:07.638 [TUNER] 775,1000,1950.86,2000.00,2.70,-0.00,2012.03,2000.00,1.90,-0.00
00:02:07.638 [TUNER] 776,1000,1978.17,2000.00,2.35,-0.00,2015.09,2000.00,1.83,-0.00
00:02:07.672 [TUNER] 777,1000,1978.17,2000.00,2.35,-0.00,2015.09,2000.00,1.83,-0.00
00:02:07.673 [TUNER] 778,1000,2006.90,2000.00,1.96,-0.00,1993.48,2000.00,2.16,-0.00
00:02:07.707 [TUNER] 779,1000,2006.90,2000.00,1.96,-0.00,1993.48,2000.00,2.16,-0.00
00:02:07.743 [TUNER] 780,1000,2012.70,2000.00,1.86,-0.00,1971.04,2000.00,2.52,-0.00
00:02:07.743 [TUNER] 781,1000,2012.70,2000.00,1.86,-0.00,1971.04,2000.00,2.52,-0.00
00:02:07.778 [TUNER] 782,1000,2043.11,2000.00,1.40,-0.00,1987.45,2000.00,2.30,-0.00
00:02:07.779 [TUNER] 783,1000,2043.11,2000.00,1.40,-0.00,1987.45,2000.00,2.30,-0.00
00:02:07.813 [TUNER] 784,1000,2053.69,2000.00,1.20,-0.00,1991.98,2000.00,2.24,-0.00
00:02:07.848 [TUNER] 785,1000,2053.69,2000.00,1.20,-0.00,1991.98,2000.00,2.24,-0.00
00:02:07.849 [TUNER] 786,1000,1996.88,2000.00,1.98,-0.00,2012.79,2000.00,1.92,-0.00
00:02:07.883 [TUNER] 787,1000,1996.88,2000.00,1.98,-0.00,2012.79,2000.00,1.92,-0.00
00:02:07.885 [TUNER] 788,1000,2004.68,2000.00,1.87,-0.00,1976.18,2000.00,2.48,-0.00
00:02:07.917 [TUNER] 789,1000,2004.68,2000.00,1.87,-0.00,1976.18,2000.00,2.48,-0.00
00:02:07.951 [TUNER] 790,1000,2000.62,2000.00,1.92,-0.00,1995.00,2000.00,2.21,-0.00
00:02:07.952 [TUNER] 791,1000,2000.62,2000.00,1.92,-0.00,1995.00,2000.00,2.21,-0.00
00:02:07.991 [TUNER] 792,1000,2007.67,2000.00,1.82,-0.00,1986.00,2000.00,2.36,-0.00
00:02:07.992 [TUNER] 793,1000,2007.67,2000.00,1.82,-0.00,1986.00,2000.00,2.36,-0.00
00:02:08.022 [TUNER] 794,1000,1954.90,2000.00,2.58,-0.00,1999.41,2000.00,2.16,-0.00
00:02:08.057 [TUNER] 795,1000,1954.90,2000.00,2.58,-0.00,1999.41,2000.00,2.16,-0.00
00:02:08.059 [TUNER] 796,1000,1953.92,2000.00,2.65,-0.00,1998.12,2000.00,2.19,-0.00
00:02:08.092 [TUNER] 797,1000,1953.92,2000.00,2.65,-0.00,1998.12,2000.00,2.19,-0.00
00:02:08.093 [TUNER] 798,1000,1953.14,2000.00,2.71,-0.00,1998.80,2000.00,2.18,-0.00
00:02:08.129 [TUNER] 799,1000,1953.14,2000.00,2.71,-0.00,1998.80,2000.00,2.18,-0.00
00:02:08.164 [TUNER] 800,1000,1974.84,2000.00,2.44,0.00,1994.20,2000.00,2.25,-0.00
00:02:08.198 [TUNER] 801,1000,1974.84,2000.00,2.44,0.00,1994.20,2000.00,2.25,-0.00
00:02:08.237 [TUNER] 802,1000,1983.62,2000.00,2.34,0.00,1983.64,2000.00,2.43,0.00
00:02:08.238 [TUNER] 803,1000,1983.62,2000.00,2.34,0.00,1983.64,2000.00,2.43,0.00
00:02:08.238 [TUNER] 804,1000,2014.69,2000.00,1.90,0.00,2014.71,2000.00,1.95,-0.00
00:02:08.239 [TUNER] 805,1000,2014.69,2000.00,1.90,0.00,2014.71,2000.00,1.95,-0.00
00:02:08.267 [TUNER] 806,1000,2036.11,2000.00,1.57,-0.00,2001.77,2000.00,2.14,-0.00
00:02:08.303 [TUNER] 807,1000,2036.11,2000.00,1.57,-0.00,2001.77,2000.00,2.14,-0.00
00:02:08.305 [TUNER] 808,1000,2044.66,2000.00,1.40,-0.00,2029.21,2000.00,1.70,-0.00
00:02:08.336 [TUNER] 809,1000,2044.66,2000.00,1.40,-0.00,2029.21,2000.00,1.70,-0.00
00:02:08.374 [TUNER] 810,1000,2063.53,2000.00,1.08,-0.00,2008.21,2000.00,2.00,-0.00
00:02:08.375 [TUNER] 811,1000,2063.53,2000.00,1.08,-0.00,2008.21,2000.00,2.00,-0.00
00:02:08.407 [TUNER] 812,1002,2028.42,2000.00,1.53,-0.00,2030.51,2000.00,1.64,-0.00
00:02:08.408 [TUNER] 813,1000,2028.42,2000.00,1.53,-0.00,2030.51,2000.00,1.64,-0.00
00:02:08.442 [TUNER] 814,998,2013.12,2000.00,1.72,-0.00,2030.27,2000.00,1.61,-0.00
00:02:08.479 [TUNER] 815,1000,2013.12,2000.00,1.72,-0.00,2030.27,2000.00,1.61,-0.00
00:02:08.479 [TUNER] 816,1000,1966.14,2000.00,2.40,-0.00,2045.14,2000.00,1.34,-0.00
00:02:08.510 [TUNER] 817,1000,1966.14,2000.00,2.40,-0.00,2045.14,2000.00,1.34,-0.00
00:02:08.511 [TUNER] 818,1000,1968.06,2000.00,2.40,-0.00,2002.06,2000.00,1.97,-0.00
00:02:08.548 [TUNER] 819,1000,1968.06,2000.00,2.40,-0.00,2002.06,2000.00,1.97,-0.00
00:02:08.582 [TUNER] 820,1000,1954.14,2000.00,2.64,-0.00,1989.93,2000.00,2.16,-0.00
00:02:08.582 [TUNER] 821,1000,1954.14,2000.00,2.64,-0.00,1989.93,2000.00,2.16,-0.00
00:02:08.617 [TUNER] 822,1000,1972.21,2000.00,2.43,-0.00,1981.94,2000.00,2.30,-0.00
00:02:08.621 [TUNER] 823,1000,1972.21,2000.00,2.43,-0.00,1981.94,2000.00,2.30,-0.00
00:02:08.654 [TUNER] 824,1002,1984.34,2000.00,2.28,-0.00,1985.26,2000.00,2.27,-0.00
00:02:08.688 [TUNER] 825,998,1984.34,2000.00,2.28,-0.00,1985.26,2000.00,2.27,-0.00
00:02:08.690 [TUNER] 826,1000,2010.75,2000.00,1.91,-0.00,1992.56,2000.00,2.17,-0.00
00:02:08.721 [TUNER] 827,1000,2010.75,2000.00,1.91,-0.00,1992.56,2000.00,2.17,-0.00
00:02:08.722 [TUNER] 828,1006,2041.09,2000.00,1.45,-0.00,1977.16,2000.00,2.42,-0.00
00:02:08.759 [TUNER] 829,996,2041.09,2000.00,1.45,-0.00,1977.16,2000.00,2.42,-0.00
00:02:08.792 [TUNER] 830,998,2026.42,2000.00,1.62,-0.00,2001.28,2000.00,2.07,-0.00
00:02:08.793 [TUNER] 831,1000,2026.42,2000.00,1.62,-0.00,2001.28,2000.00,2.07,-0.00
00:02:08.830 [TUNER] 832,1000,2023.16,2000.00,1.64,-0.00,1977.28,2000.00,2.44,-0.00
00:02:08.831 [TUNER] 833,1000,2023.16,2000.00,1.64,-0.00,1977.28,2000.00,2.44,-0.00
00:02:08.863 [TUNER] 834,1000,1996.50,2000.00,2.01,-0.00,2013.05,2000.00,1.90,-0.00
00:02:08.898 [TUNER] 835,1000,1996.50,2000.00,2.01,-0.00,2013.05,2000.00,1.90,-0.00
00:02:08.899 [TUNER] 836,1000,1995.79,2000.00,2.02,-0.00,2010.75,2000.00,1.92,-0.00
00:02:08.934 [TUNER] 837,1000,1995.79,2000.00,2.02,-0.00,2010.75,2000.00,1.92,-0.00
00:02:08.935 [TUNER] 838,1000,1952.27,2000.00,2.66,-0.00,2017.50,2000.00,1.81,-0.00
00:02:08.967 [TUNER] 839,1000,1952.27,2000.00,2.66,-0.00,2017.50,2000.00,1.81,-0.00
00:02:09.004 [TUNER] 840,1000,1970.71,2000.00,2.44,-0.00,1974.79,2000.00,2.46,-0.00
00:02:09.005 [TUNER] 841,1000,1970.71,2000.00,2.44,-0.00,1974.79,2000.00,2.46,-0.00
00:02:09.038 [TUNER] 842,1000,1978.60,2000.00,2.36,-0.00,1973.27,2000.00,2.52,-0.00
00:02:09.040 [TUNER] 843,1000,1978.60,2000.00,2.36,-0.00,1973.27,2000.00,2.52,-0.00
00:02:09.073 [TUNER] 844,1000,2008.96,2000.00,1.94,-0.00,1975.49,2000.00,2.51,-0.00
00:02:09.108 [TUNER] 845,1000,2008.96,2000.00,1.94,-0.00,1975.49,2000.00,2.51,-0.00
00:02:09.108 [TUNER] 846,1000,1998.88,2000.00,2.08,-0.00,1975.54,2000.00,2.54,-0.00
00:02:09.145 [TUNER] 847,1000,1998.88,2000.00,2.08,-0.00,1975.54,2000.00,2.54,-0.00
00:02:09.145 [TUNER] 848,1000,2006.29,2000.00,1.97,-0.00,2004.79,2000.00,2.10,-0.00
00:02:09.176 [TUNER] 849,1000,2006.29,2000.00,1.97,-0.00,2004.79,2000.00,2.10,-0.00
00:02:09.213 [TUNER] 850,1000,2003.62,2000.00,2.00,-0.00,2012.73,2000.00,1.97,-0.00
00:02:09.213 [TUNER] 851,1000,2003.62,2000.00,2.00,-0.00,2012.73,2000.00,1.97,-0.00
00:02:09.249 [TUNER] 852,1000,1996.33,2000.00,2.10,-0.00,2044.86,2000.00,1.45,-0.00
00:02:09.249 [TUNER] 853,1000,1996.33,2000.00,2.10,-0.00,2044.86,2000.00,1.45,-0.00
00:02:09.282 [TUNER] 854,1000,2035.17,2000.00,1.54,-0.00,2029.32,2000.00,1.64,-0.00
00:02:09.321 [TUNER] 855,1000,2035.17,2000.00,1.54,-0.00,2029.32,2000.00,1.64,-0.00
00:02:09.353 [TUNER] 856,1000,2040.47,2000.00,1.42,-0.00,2061.56,2000.00,1.10,-0.00
00:02:09.357 [TUNER] 857,1000,2040.47,2000.00,1.42,-0.00,2061.56,2000.00,1.10,-0.00
00:02:09.357 [TUNER] 858,1000,2067.04,2000.00,0.99,-0.00,2034.09,2000.00,1.46,-0.00
00:02:09.389 [TUNER] 859,1000,2067.04,2000.00,0.99,-0.00,2034.09,2000.00,1.46,-0.00
00:02:09.423 [TUNER] 860,1000,1998.96,2000.00,1.92,-0.00,2022.43,2000.00,1.61,-0.00
00:02:09.423 [TUNER] 861,1000,1998.96,2000.00,1.92,-0.00,2022.43,2000.00,1.61,-0.00
00:02:09.457 [TUNER] 862,1000,1966.84,2000.00,2.39,-0.00,1980.45,2000.00,2.25,-0.00
00:02:09.458 [TUNER] 863,1000,1966.84,2000.00,2.39,-0.00,1980.45,2000.00,2.25,-0.00
00:02:09.492 [TUNER] 864,1000,1899.90,2000.00,3.41,-0.00,1981.23,2000.00,2.26,-0.00
00:02:09.529 [TUNER] 865,1000,1899.90,2000.00,3.41,-0.00,1981.23,2000.00,2.26,-0.00
00:02:09.529 [TUNER] 866,1000,1906.48,2000.00,3.42,0.00,1980.14,2000.00,2.30,-0.00
00:02:09.565 [TUNER] 867,1000,1906.48,2000.00,3.42,0.00,1980.14,2000.00,2.30,-0.00
00:02:09.565 [TUNER] 868,1000,1978.75,2000.00,2.46,0.00,1956.93,2000.00,2.69,-0.00
00:02:09.596 [TUNER] 869,1000,1978.75,2000.00,2.46,0.00,1956.93,2000.00,2.69,-0.00
00:02:09.634 [TUNER] 870,1000,2065.78,2000.00,1.20,0.00,1986.47,2000.00,2.27,-0.00
00:02:09.635 [TUNER] 871,1000,2065.78,2000.00,1.20,0.00,1986.47,2000.00,2.27,-0.00
00:02:09.704 [TUNER] 872,1000,2087.29,2000.00,0.82,-0.00,1998.07,2000.00,2.10,-0.00
00:02:09.704 [TUNER] 873,1000,2087.29,2000.00,0.82,-0.00,1998.07,2000.00,2.10,-0.00
00:02:09.704 [TUNER] 874,1000,2090.76,2000.00,0.67,-0.00,2009.07,2000.00,1.93,-0.00
00:02:09.704 [TUNER] 875,1000,2090.76,2000.00,0.67,-0.00,2009.07,2000.00,1.93,-0.00
00:02:09.739 [TUNER] 876,1000,2057.45,2000.00,1.07,-0.00,1976.64,2000.00,2.43,-0.00
00:02:09.776 [TUNER] 877,1000,2057.45,2000.00,1.07,-0.00,1976.64,2000.00,2.43,-0.00
00:02:09.777 [TUNER] 878,1000,1982.70,2000.00,2.10,-0.00,2000.52,2000.00,2.08,-0.00
00:02:09.807 [TUNER] 879,1000,1982.70,2000.00,2.10,-0.00,2000.52,2000.00,2.08,-0.00
00:02:09.844 [TUNER] 880,1000,1898.85,2000.00,3.35,-0.00,1986.98,2000.00,2.29,-0.00
00:02:09.846 [TUNER] 881,1000,1898.85,2000.00,3.35,-0.00,1986.98,2000.00,2.29,-0.00
00:02:09.878 [TUNER] 882,1002,1846.90,2000.00,4.22,0.00,2001.51,2000.00,2.08,-0.00
00:02:09.879 [TUNER] 883,1000,1846.90,2000.00,4.22,0.00,2001.51,2000.00,2.08,-0.00
00:02:09.913 [TUNER] 884,998,1897.14,2000.00,3.64,0.00,1988.15,2000.00,2.29,-0.00
00:02:09.914 [TUNER] 885,1000,1897.14,2000.00,3.64,0.00,1988.15,2000.00,2.29,-0.00
00:02:09.949 [TUNER] 886,1000,1931.77,2000.00,3.25,0.00,1985.68,2000.00,2.34,-0.00
00:02:09.982 [TUNER] 887,1000,1931.77,2000.00,3.25,0.00,1985.68,2000.00,2.34,-0.00
00:02:09.983 [TUNER] 888,1000,1976.65,2000.00,2.66,0.00,1980.26,2000.00,2.44,-0.00
00:02:10.017 [TUNER] 889,1000,1976.65,2000.00,2.66,0.00,1980.26,2000.00,2.44,-0.00
00:02:10.018 [TUNER] 890,1000,2007.40,2000.00,2.23,0.00,1953.59,2000.00,2.89,0.00
00:02:10.052 [TUNER] 891,1000,2007.40,2000.00,2.23,0.00,1953.59,2000.00,2.89,0.00
00:02:10.088 [TUNER] 892,1000,1997.63,2000.00,2.37,0.00,1975.21,2000.00,2.60,0.00
00:02:10.089 [TUNER] 893,1000,1997.63,2000.00,2.37,0.00,1975.21,2000.00,2.60,0.00
00:02:10.125 [TUNER] 894,1002,2021.83,2000.00,2.02,0.00,1969.58,2000.00,2.72,0.00
00:02:10.127 [TUNER] 895,998,2021.83,2000.00,2.02,0.00,1969.58,2000.00,2.72,0.00
00:02:10.157 [TUNER] 896,1000,2049.35,2000.00,1.59,0.00,2016.15,2000.00,2.01,0.00
00:02:10.197 [TUNER] 897,1000,2049.35,2000.00,1.59,0.00,2016.15,2000.00,2.01,0.00
00:02:10.199 [TUNER] 898,1000,2065.56,2000.00,1.30,0.00,2013.23,2000.00,2.04,0.00
00:02:10.227 [TUNER] 899,1000,2012.52,2000.00,2.02,0.00,2049.53,2000.00,1.48,0.00
00:02:10.263 [TUNER] 900,1000,2012.52,2000.00,2.02,0.00,2049.53,2000.00,1.48,0.00
00:02:10.263 [TUNER] 901,1000,2000.40,2000.00,2.18,0.00,2060.97,2000.00,1.24,-0.00
00:02:10.297 [TUNER] 902,1000,2000.40,2000.00,2.18,0.00,2060.97,2000.00,1.24,-0.00
00:02:10.298 [TUNER] 903,1000,1985.17,2000.00,2.40,0.00,2062.83,2000.00,1.14,-0.00
00:02:10.332 [TUNER] 904,1000,1985.17,2000.00,2.40,0.00,2062.83,2000.00,1.14,-0.00
00:02:10.334 [TUNER] 905,1000,2019.37,2000.00,1.92,0.00,2023.08,2000.00,1.70,-0.00
00:02:10.366 [TUNER] 906,1000,2019.37,2000.00,1.92,0.00,2023.08,2000.00,1.70,-0.00
00:02:10.402 [TUNER] 907,1000,2053.60,2000.00,1.39,0.00,1965.51,2000.00,2.59,-0.00
00:02:10.405 [TUNER] 908,1000,2053.60,2000.00,1.39,0.00,1965.51,2000.00,2.59,-0.00
00:02:10.438 [TUNER] 909,1000,2048.34,2000.00,1.41,-0.00,1974.43,2000.00,2.49,-0.00
00:02:10.440 [TUNER] 910,1000,2048.34,2000.00,1.41,-0.00,1974.43,2000.00,2.49,-0.00
00:02:10.473 [TUNER] 911,1000,2042.42,2000.00,1.45,-0.00,1959.24,2000.00,2.76,-0.00
00:02:10.507 [TUNER] 912,1000,2042.42,2000.00,1.45,-0.00,1959.24,2000.00,2.76,-0.00
00:02:10.508 [TUNER] 913,1000,2010.19,2000.00,1.88,-0.00,1995.19,2000.00,2.23,-0.00
00:02:10.544 [TUNER] 914,1000,2010.19,2000.00,1.88,-0.00,1995.19,2000.00,2.23,-0.00
00:02:10.546 [TUNER] 915,1000,1977.53,2000.00,2.35,-0.00,1991.30,2000.00,2.30,-0.00
00:02:10.615 [TUNER] 916,1000,1977.53,2000.00,2.35,-0.00,1991.30,2000.00,2.30,-0.00
00:02:10.615 [TUNER] 917,1002,1937.31,2000.00,2.96,0.00,1991.23,2000.00,2.31,-0.00
00:02:10.615 [TUNER] 918,1000,1937.31,2000.00,2.96,0.00,1991.23,2000.00,2.31,-0.00
00:02:10.648 [TUNER] 919,998,1955.71,2000.00,2.76,0.00,1988.54,2000.00,2.36,0.00
00:02:10.651 [TUNER] 920,1000,1955.71,2000.00,2.76,0.00,1988.54,2000.00,2.36,0.00
00:02:10.682 [TUNER] 921,1000,1976.91,2000.00,2.49,0.00,1980.83,2000.00,2.50,0.00
00:02:10.719 [TUNER] 922,1000,1976.91,2000.00,2.49,0.00,1980.83,2000.00,2.50,0.00
00:02:10.719 [TUNER] 923,1000,2079.76,2000.00,1.01,0.00,2019.33,2000.00,1.91,0.00
00:02:10.753 [TUNER] 924,1000,2079.76,2000.00,1.01,0.00,2019.33,2000.00,1.91,0.00
00:02:10.755 [TUNER] 925,1000,2077.86,2000.00,0.95,-0.00,1998.59,2000.00,2.22,0.00
00:02:10.789 [TUNER] 926,1000,2077.86,2000.00,0.95,-0.00,1998.59,2000.00,2.22,0.00
00:02:10.822 [TUNER] 927,1000,2038.54,2000.00,1.45,-0.00,2004.34,2000.00,2.13,0.00
00:02:10.822 [TUNER] 928,1000,2038.54,2000.00,1.45,-0.00,2004.34,2000.00,2.13,0.00
00:02:10.859 [TUNER] 929,1000,2001.94,2000.00,1.94,-0.00,1957.39,2000.00,2.87,0.00
00:02:10.860 [TUNER] 930,1000,2001.94,2000.00,1.94,-0.00,1957.39,2000.00,2.87,0.00
00:02:10.892 [TUNER] 931,1000,1958.91,2000.00,2.57,-0.00,1976.53,2000.00,2.61,0.00
00:02:10.927 [TUNER] 932,1000,1958.91,2000.00,2.57,-0.00,1976.53,2000.00,2.61,0.00
00:02:10.928 [TUNER] 933,1000,1927.92,2000.00,3.07,-0.00,1967.78,2000.00,2.78,0.00
00:02:10.965 [TUNER] 934,1000,1927.92,2000.00,3.07,-0.00,1967.78,2000.00,2.78,0.00
00:02:10.966 [TUNER] 935,1000,1910.00,2000.00,3.41,0.00,2017.49,2000.00,2.03,0.00
00:02:10.997 [TUNER] 936,1000,1910.00,2000.00,3.41,0.00,2017.49,2000.00,2.03,0.00
00:02:11.034 [TUNER] 937,1000,1954.08,2000.00,2.86,0.00,2033.20,2000.00,1.76,0.00
00:02:11.034 [TUNER] 938,1000,1954.08,2000.00,2.86,0.00,2033.20,2000.00,1.76,0.00
00:02:11.067 [TUNER] 939,1000,2016.83,2000.00,1.99,0.00,2054.35,2000.00,1.38,-0.00
00:02:11.068 [TUNER] 940,1000,2016.83,2000.00,1.99,0.00,2054.35,2000.00,1.38,-0.00
00:02:11.103 [TUNER] 941,1000,2132.32,2000.00,0.27,-0.00,2035.20,2000.00,1.63,-0.00
00:02:11.140 [TUNER] 942,1000,2132.32,2000.00,0.27,-0.00,2035.20,2000.00,1.63,-0.00
00:02:11.140 [TUNER] 943,1000,2159.42,2000.00,-0.26,-0.00,2028.47,2000.00,1.69,-0.00
00:02:11.172 [TUNER] 944,1000,2159.42,2000.00,-0.26,-0.00,2028.47,2000.00,1.69,-0.00
00:02:11.173 [TUNER] 945,1000,2151.90,2000.00,-0.32,-0.00,2017.93,2000.00,1.83,-0.00
00:02:11.207 [TUNER] 946,1000,2151.90,2000.00,-0.32,-0.00,2017.93,2000.00,1.83,-0.00
00:02:11.242 [TUNER] 947,1000,2061.69,2000.00,0.84,-0.00,2026.68,2000.00,1.67,-0.00
00:02:11.242 [TUNER] 948,1000,2061.69,2000.00,0.84,-0.00,2026.68,2000.00,1.67,-0.00
00:02:11.280 [TUNER] 949,1000,1963.76,2000.00,2.21,-0.00,2031.96,2000.00,1.55,-0.00
00:02:11.280 [TUNER] 950,1000,1963.76,2000.00,2.21,-0.00,2031.96,2000.00,1.55,-0.00
00:02:11.313 [TUNER] 951,1000,1911.18,2000.00,3.02,-0.00,1991.51,2000.00,2.16,-0.00
00:02:11.347 [TUNER] 952,1000,1911.18,2000.00,3.02,-0.00,1991.51,2000.00,2.16,-0.00
00:02:11.348 [TUNER] 953,1000,1920.66,2000.00,2.97,-0.00,2003.83,2000.00,1.97,-0.00
00:02:11.385 [TUNER] 954,1000,1920.66,2000.00,2.97,-0.00,2003.83,2000.00,1.97,-0.00
00:02:11.386 [TUNER] 955,1000,1974.64,2000.00,2.27,-0.00,1969.01,2000.00,2.52,-0.00
00:02:11.416 [TUNER] 956,1000,1974.64,2000.00,2.27,-0.00,1969.01,2000.00,2.52,-0.00
00:02:11.453 [TUNER] 957,1000,2016.10,2000.00,1.69,-0.00,1973.80,2000.00,2.48,-0.00
00:02:11.453 [TUNER] 958,1000,2016.10,2000.00,1.69,-0.00,1973.80,2000.00,2.48,-0.00
00:02:11.485 [TUNER] 959,1000,2069.88,2000.00,0.88,-0.00,1987.93,2000.00,2.29,-0.00
00:02:11.486 [TUNER] 960,1000,2069.88,2000.00,0.88,-0.00,1987.93,2000.00,2.29,-0.00
00:02:11.521 [TUNER] 961,1000,2042.47,2000.00,1.21,-0.00,2016.43,2000.00,1.85,-0.00
00:02:11.556 [TUNER] 962,1000,2042.47,2000.00,1.21,-0.00,2016.43,2000.00,1.85,-0.00
00:02:11.557 [TUNER] 963,1000,2017.10,2000.00,1.54,-0.00,2006.58,2000.00,1.98,-0.00
00:02:11.591 [TUNER] 964,1000,2017.10,2000.00,1.54,-0.00,2006.58,2000.00,1.98,-0.00
00:02:11.592 [TUNER] 965,1000,1952.14,2000.00,2.47,-0.00,2000.41,2000.00,2.08,-0.00
00:02:11.625 [TUNER] 966,1000,1952.14,2000.00,2.47,-0.00,2000.41,2000.00,2.08,-0.00
00:02:11.663 [TUNER] 967,1000,1956.86,2000.00,2.45,-0.00,2004.08,2000.00,2.02,-0.00
00:02:11.663 [TUNER] 968,1000,1956.86,2000.00,2.45,-0.00,2004.08,2000.00,2.02,-0.00
00:02:11.697 [TUNER] 969,1000,1943.46,2000.00,2.69,-0.00,1981.23,2000.00,2.37,-0.00
00:02:11.697 [TUNER] 970,1000,1943.46,2000.00,2.69,-0.00,1981.23,2000.00,2.37,-0.00
00:02:11.732 [TUNER] 971,1000,1937.90,2000.00,2.84,-0.00,1990.45,2000.00,2.25,-0.00
00:02:11.766 [TUNER] 972,1000,1937.90,2000.00,2.84,-0.00,1990.45,2000.00,2.25,-0.00
00:02:11.768 [TUNER] 973,1000,1950.63,2000.00,2.71,-0.00,1973.77,2000.00,2.52,-0.00
00:02:11.802 [TUNER] 974,1000,1950.63,2000.00,2.71,-0.00,1973.77,2000.00,2.52,-0.00
00:02:11.804 [TUNER] 975,1000,1950.50,2000.00,2.77,0.00,1998.22,2000.00,2.17,-0.00
00:02:11.836 [TUNER] 976,1000,1950.50,2000.00,2.77,0.00,1998.22,2000.00,2.17,-0.00
00:02:11.872 [TUNER] 977,1000,2036.30,2000.00,1.56,-0.00,1986.86,2000.00,2.35,-0.00
00:02:11.872 [TUNER] 978,1000,2036.30,2000.00,1.56,-0.00,1986.86,2000.00,2.35,-0.00
00:02:11.906 [TUNER] 979,1000,2063.71,2000.00,1.12,-0.00,2010.41,2000.00,1.99,-0.00
00:02:11.907 [TUNER] 980,1000,2063.71,2000.00,1.12,-0.00,2010.41,2000.00,1.99,-0.00
00:02:11.941 [TUNER] 981,1000,2109.69,2000.00,0.38,-0.00,2010.35,2000.00,1.98,-0.00
00:02:11.977 [TUNER] 982,1000,2109.69,2000.00,0.38,-0.00,2010.35,2000.00,1.98,-0.00
00:02:11.977 [TUNER] 983,1000,2067.44,2000.00,0.88,-0.00,2027.49,2000.00,1.70,-0.00
00:02:12.013 [TUNER] 984,1000,2067.44,2000.00,0.88,-0.00,2027.49,2000.00,1.70,-0.00
00:02:12.013 [TUNER] 985,1000,2001.00,2000.00,1.79,-0.00,2017.14,2000.00,1.83,-0.00
00:02:12.047 [TUNER] 986,1000,2001.00,2000.00,1.79,-0.00,2017.14,2000.00,1.83,-0.00
00:02:12.082 [TUNER] 987,1002,1904.59,2000.00,3.20,-0.00,2018.77,2000.00,1.78,-0.00
00:02:12.083 [TUNER] 988,1000,1904.59,2000.00,3.20,-0.00,2018.77,2000.00,1.78,-0.00
00:02:12.117 [TUNER] 989,998,1836.68,2000.00,4.30,-0.00,2017.45,2000.00,1.78,-0.00
00:02:12.117 [TUNER] 990,1000,1836.68,2000.00,4.30,-0.00,2017.45,2000.00,1.78,-0.00
00:02:12.153 [TUNER] 991,1000,1886.83,2000.00,3.73,0.00,2022.86,2000.00,1.68,-0.00
00:02:12.188 [TUNER] 992,1000,1886.83,2000.00,3.73,0.00,2022.86,2000.00,1.68,-0.00
00:02:12.188 [TUNER] 993,1000,1985.36,2000.00,2.41,0.00,2035.77,2000.00,1.45,-0.00
00:02:12.223 [TUNER] 994,1000,1985.36,2000.00,2.41,0.00,2035.77,2000.00,1.45,-0.00
00:02:12.223 [TUNER] 995,1000,2076.22,2000.00,1.09,0.00,1996.28,2000.00,2.03,-0.00
00:02:12.257 [TUNER] 996,1000,2076.22,2000.00,1.09,0.00,1996.28,2000.00,2.03,-0.00
00:02:12.292 [TUNER] 997,1000,2032.08,2000.00,1.66,0.00,1993.90,2000.00,2.07,-0.00
00:02:12.293 [TUNER] 998,1000,2032.08,2000.00,1.66,0.00,1993.90,2000.00,2.07,-0.00
00:02:12.327 [TUNER] 999,1000,2005.35,2000.00,2.02,-0.00,1967.94,2000.00,2.49,-0.00
00:02:12.328 [TUNER] 1000,1000,1943.10,1999.90,2.89,0.00,1971.35,1999.90,2.46,-0.00
00:02:12.363 [TUNER] 1001,1000,1943.10,1999.70,2.89,0.00,1971.35,1999.70,2.46,-0.00
00:02:12.398 [TUNER] 1002,1000,1916.00,1999.40,3.34,0.00,1988.52,1999.40,2.21,-0.00
00:02:12.398 [TUNER] 1003,1000,1916.00,1999.00,3.34,0.00,1988.52,1999.00,2.21,-0.00
00:02:12.432 [TUNER] 1004,1000,1967.47,1998.50,2.66,0.00,1968.79,1998.50,2.52,-0.00
00:02:12.436 [TUNER] 1005,1000,1967.47,1997.90,2.66,0.00,1968.79,1997.90,2.52,-0.00
00:02:12.468 [TUNER] 1006,1000,2017.23,1997.20,1.94,0.00,1999.39,1997.20,2.05,-0.00
00:02:12.502 [TUNER] 1007,1000,2017.23,1996.40,1.94,0.00,1999.39,1996.40,2.05,-0.00
00:02:12.504 [TUNER] 1008,1000,2055.33,1995.50,1.34,0.00,1979.20,1995.50,2.34,-0.00
00:02:12.539 [TUNER] 1009,1000,2055.33,1994.50,1.34,0.00,1979.20,1994.50,2.34,-0.00
00:02:12.541 [TUNER] 1010,1000,2049.72,1993.40,1.32,0.00,2007.72,1993.40,1.87,-0.00
00:02:12.573 [TUNER] 1011,1000,2049.72,1992.20,1.32,0.00,2007.72,1992.20,1.87,-0.00
00:02:12.607 [TUNER] 1012,1000,2045.24,1990.90,1.29,-0.00,1984.15,1990.90,2.18,-0.00
00:02:12.608 [TUNER] 1013,1000,2045.24,1989.50,1.29,-0.00,1984.15,1989.50,2.18,-0.00
00:02:12.643 [TUNER] 1014,1000,1957.47,1988.00,2.47,-0.00,1982.47,1988.00,2.17,-0.00
00:02:12.644 [TUNER] 1015,1000,1957.47,1986.40,2.47,-0.00,1982.47,1986.40,2.17,-0.00
00:02:12.678 [TUNER] 1016,1000,1962.85,1984.70,2.38,0.00,1969.11,1984.70,2.33,-0.00
00:02:12.713 [TUNER] 1017,1000,1962.85,1982.90,2.38,0.00,1969.11,1982.90,2.33,-0.00
00:02:12.714 [TUNER] 1018,1000,1963.71,1981.00,2.33,0.00,1967.00,1981.00,2.32,-0.00
00:02:12.748 [TUNER] 1019,1000,1963.71,1979.00,2.33,0.00,1967.00,1979.00,2.32,-0.00
00:02:12.749 [TUNER] 1020,1000,1995.33,1976.90,1.82,0.00,1984.22,1976.90,1.99,-0.00
00:02:12.783 [TUNER] 1021,1000,1995.33,1974.70,1.82,0.00,1984.22,1974.70,1.99,-0.00
00:02:12.818 [TUNER] 1022,1002,1989.31,1972.40,1.82,-0.00,1973.55,1972.40,2.08,-0.00
00:02:12.819 [TUNER] 1023,1000,1989.31,1970.00,1.82,-0.00,1973.55,1970.00,2.08,-0.00
00:02:12.853 [TUNER] 1024,998,1992.15,1967.50,1.68,-0.00,2008.79,1967.50,1.43,-0.00
00:02:12.854 [TUNER] 1025,1000,1992.15,1964.90,1.68,-0.00,2008.79,1964.90,1.43,-0.00
00:02:12.888 [TUNER] 1026,1000,2007.78,1962.20,1.34,-0.00,1979.85,1962.20,1.76,-0.00
00:02:12.924 [TUNER] 1027,1000,2007.78,1959.40,1.34,-0.00,1979.85,1959.40,1.76,-0.00
00:02:12.925 [TUNER] 1028,1000,2021.99,1956.50,1.00,-0.00,1987.62,1956.50,1.52,-0.00
00:02:12.957 [TUNER] 1029,1000,2021.99,1953.50,1.00,-0.00,1987.62,1953.50,1.52,-0.00
00:02:12.958 [TUNER] 1030,1000,2019.62,1950.40,0.87,-0.00,1945.74,1950.40,2.04,-0.00
00:02:12.992 [TUNER] 1031,1000,2019.62,1947.20,0.87,-0.00,1945.74,1947.20,2.04,-0.00
00:02:13.028 [TUNER] 1032,1000,1964.46,1943.90,1.50,-0.00,1946.59,1943.90,1.93,-0.00
00:02:13.029 [TUNER] 1033,1000,1964.46,1940.50,1.50,-0.00,1946.59,1940.50,1.93,-0.00
00:02:13.062 [TUNER] 1034,1002,1926.67,1937.00,1.92,-0.00,1948.40,1937.00,1.78,-0.00
00:02:13.063 [TUNER] 1035,998,1926.67,1933.40,1.92,-0.00,1948.40,1933.40,1.78,-0.00
00:02:13.099 [TUNER] 1036,1000,1842.45,1929.70,3.06,-0.00,1980.28,1929.70,1.14,-0.00
00:02:13.132 [TUNER] 1037,1000,1842.45,1925.90,3.06,-0.00,1980.28,1925.90,1.14,-0.00
00:02:13.133 [TUNER] 1038,1000,1848.50,1922.00,2.94,-0.00,1977.66,1922.00,0.99,-0.00
00:02:13.169 [TUNER] 1039,1000,1848.50,1918.00,2.94,-0.00,1977.66,1918.00,0.99,-0.00
00:02:13.169 [TUNER] 1040,1000,1909.60,1913.90,1.99,-0.00,1947.71,1913.90,1.27,-0.00
00:02:13.202 [TUNER] 1041,1000,1909.60,1909.70,1.99,-0.00,1947.71,1909.70,1.27,-0.00
00:02:13.239 [TUNER] 1042,1000,1926.67,1905.40,1.62,-0.00,1938.24,1905.40,1.23,-0.00
00:02:13.239 [TUNER] 1043,1000,1926.67,1901.00,1.62,-0.00,1938.24,1901.00,1.23,-0.00
00:02:13.275 [TUNER] 1044,1000,1934.77,1896.50,1.33,-0.00,1904.51,1896.50,1.58,-0.00
00:02:13.278 [TUNER] 1045,1000,1934.77,1891.90,1.33,-0.00,1904.51,1891.90,1.58,-0.00
00:02:13.307 [TUNER] 1046,1000,1927.51,1887.20,1.25,-0.00,1886.12,1887.20,1.71,-0.00
00:02:13.344 [TUNER] 1047,1000,1927.51,1882.40,1.25,-0.00,1886.12,1882.40,1.71,-0.00
00:02:13.344 [TUNER] 1048,1000,1913.11,1877.50,1.27,-0.00,1867.97,1877.50,1.83,-0.00
00:02:13.379 [TUNER] 1049,1000,1913.11,1872.50,1.27,-0.00,1867.97,1872.50,1.83,-0.00
00:02:13.380 [TUNER] 1050,1000,1829.43,1867.40,2.30,-0.00,1848.29,1867.40,1.99,-0.00
00:02:13.412 [TUNER] 1051,1000,1829.43,1862.20,2.30,-0.00,1848.29,1862.20,1.99,-0.00
00:02:13.452 [TUNER] 1052,1000,1805.44,1856.90,2.53,-0.00,1868.64,1856.90,1.51,-0.00
00:02:13.453 [TUNER] 1053,1000,1805.44,1851.50,2.53,-0.00,1868.64,1851.50,1.51,-0.00
00:02:13.483 [TUNER] 1054,1000,1851.53,1846.00,1.74,-0.00,1848.83,1846.00,1.63,-0.00
00:02:13.485 [TUNER] 1055,1000,1851.53,1840.40,1.74,-0.00,1848.83,1840.40,1.63,-0.00
00:02:13.520 [TUNER] 1056,1000,1907.30,1834.70,0.74,-0.00,1872.50,1834.70,1.06,-0.00
00:02:13.554 [TUNER] 1057,1000,1907.30,1828.90,0.74,-0.00,1872.50,1828.90,1.06,-0.00
00:02:13.557 [TUNER] 1058,1000,1924.43,1823.00,0.23,-0.00,1833.02,1823.00,1.44,-0.00
00:02:13.590 [TUNER] 1059,1000,1924.43,1817.00,0.23,-0.00,1833.02,1817.00,1.44,-0.00
00:02:13.590 [TUNER] 1060,1000,1840.20,1810.90,1.16,-0.00,1820.34,1810.90,1.43,-0.00
00:02:13.624 [TUNER] 1061,1000,1840.20,1804.70,1.16,-0.00,1820.34,1804.70,1.43,-0.00
00:02:13.657 [TUNER] 1062,1000,1767.67,1798.40,2.00,-0.00,1815.34,1798.40,1.29,-0.00
00:02:13.661 [TUNER] 1063,1000,1767.67,1792.00,2.00,-0.00,1815.34,1792.00,1.29,-0.00
00:02:13.693 [TUNER] 1064,1000,1689.03,1785.50,2.98,-0.00,1799.32,1785.50,1.30,-0.00
00:02:13.693 [TUNER] 1065,1000,1689.03,1778.90,2.98,-0.00,1799.32,1778.90,1.30,-0.00
00:02:13.726 [TUNER] 1066,1000,1653.60,1772.20,3.40,-0.00,1801.97,1772.20,1.02,-0.00
00:02:13.764 [TUNER] 1067,1000,1653.60,1765.40,3.40,-0.00,1801.97,1765.40,1.02,-0.00
00:02:13.764 [TUNER] 1068,1000,1774.73,1758.50,1.53,-0.00,1788.62,1758.50,0.97,-0.00
00:02:13.799 [TUNER] 1069,1000,1774.73,1751.50,1.53,-0.00,1788.62,1751.50,0.97,-0.00
00:02:13.799 [TUNER] 1070,1000,1833.83,1744.40,0.43,-0.00,1788.25,1744.40,0.70,-0.00
00:02:13.833 [TUNER] 1071,1000,1833.83,1737.20,0.43,-0.00,1788.25,1737.20,0.70,-0.00
00:02:13.868 [TUNER] 1072,1000,1886.27,1729.90,-0.66,-0.00,1796.55,1729.90,0.28,-0.00
00:02:13.869 [TUNER] 1073,1000,1886.27,1722.50,-0.66,-0.00,1796.55,1722.50,0.28,-0.00
00:02:13.902 [TUNER] 1074,1000,1809.68,1715.00,0.06,-0.00,1763.67,1715.00,0.47,-0.00
00:02:13.904 [TUNER] 1075,1000,1809.68,1707.40,0.06,-0.00,1763.67,1707.40,0.47,-0.00
00:02:13.938 [TUNER] 1076,1000,1756.99,1699.70,0.49,-0.00,1754.55,1699.70,0.30,-0.00
00:02:13.973 [TUNER] 1077,1000,1756.99,1691.90,0.49,-0.00,1754.55,1691.90,0.30,-0.00
00:02:13.973 [TUNER] 1078,1000,1687.36,1684.00,1.21,-0.00,1699.14,1684.00,0.85,-0.00
00:02:14.008 [TUNER] 1079,1000,1687.36,1676.00,1.21,-0.00,1699.14,1676.00,0.85,-0.00
00:02:14.008 [TUNER] 1080,1000,1657.42,1667.90,1.39,-0.00,1646.23,1667.90,1.41,-0.00
00:02:14.043 [TUNER] 1081,1000,1657.42,1659.70,1.39,-0.00,1646.23,1659.70,1.41,-0.00
00:02:14.044 [TUNER] 1082,1000,1640.34,1651.40,1.39,-0.00,1619.36,1651.40,1.58,-0.00
00:02:14.078 [TUNER] 1083,1000,1640.34,1643.00,1.39,-0.00,1619.36,1643.00,1.58,-0.00
00:02:14.113 [TUNER] 1084,1000,1650.73,1634.50,0.99,-0.00,1560.07,1634.50,2.27,-0.00
00:02:14.113 [TUNER] 1085,1000,1650.73,1625.90,0.99,-0.00,1560.07,1625.90,2.27,-0.00
00:02:14.148 [TUNER] 1086,1000,1659.04,1617.20,0.58,-0.00,1555.59,1617.20,2.14,-0.00
00:02:14.149 [TUNER] 1087,1000,1659.04,1608.40,0.58,-0.00,1555.59,1608.40,2.14,-0.00
00:02:14.183 [TUNER] 1088,1000,1636.48,1599.50,0.59,-0.00,1627.60,1599.50,0.77,-0.00
00:02:14.218 [TUNER] 1089,1000,1636.48,1590.50,0.59,-0.00,1627.60,1590.50,0.77,-0.00
00:02:14.219 [TUNER] 1090,1000,1566.90,1581.40,1.28,-0.00,1616.48,1581.40,0.61,-0.00
00:02:14.253 [TUNER] 1091,1000,1566.90,1572.20,1.28,-0.00,1616.48,1572.20,0.61,-0.00
00:02:14.253 [TUNER] 1092,1002,1447.46,1562.90,2.76,-0.00,1621.01,1562.90,0.18,-0.00
00:02:14.288 [TUNER] 1093,1000,1447.46,1553.50,2.76,-0.00,1621.01,1553.50,0.18,-0.00
00:02:14.324 [TUNER] 1094,998,1407.34,1544.00,3.18,-0.00,1596.05,1544.00,0.19,-0.00
00:02:14.325 [TUNER] 1095,1000,1407.34,1534.40,3.18,-0.00,1596.05,1534.40,0.19,-0.00
00:02:14.358 [TUNER] 1096,1000,1572.57,1524.70,0.60,-0.00,1546.57,1524.70,0.59,-0.00
00:02:14.358 [TUNER] 1097,1000,1572.57,1514.90,0.60,-0.00,1546.57,1514.90,0.59,-0.00
00:02:14.394 [TUNER] 1098,1000,1665.23,1505.00,-1.12,-0.00,1546.51,1505.00,0.24,-0.00
00:02:14.394 [TUNER] 1099,1000,1665.23,1495.00,-1.12,-0.00,1546.51,1495.00,0.24,-0.00
00:02:14.427 [TUNER] 1100,1000,1658.62,1484.90,-1.51,-0.00,1543.02,1484.90,-0.09,-0.00
00:02:14.464 [TUNER] 1101,1000,1658.62,1474.70,-1.51,-0.00,1543.02,1474.70,-0.09,-0.00
00:02:14.465 [TUNER] 1102,1000,1562.27,1464.40,-0.60,-0.00,1512.74,1464.40,-0.02,-0.00
00:02:14.498 [TUNER] 1103,1000,1562.27,1454.00,-0.60,-0.00,1512.74,1454.00,-0.02,-0.00
00:02:14.499 [TUNER] 1104,1002,1404.21,1443.50,1.28,-0.00,1482.96,1443.50,0.04,-0.00
00:02:14.532 [TUNER] 1105,998,1404.21,1432.90,1.28,-0.00,1482.96,1432.90,0.04,-0.00
00:02:14.567 [TUNER] 1106,1000,1288.55,1422.20,2.69,-0.00,1444.46,1422.20,0.25,-0.00
00:02:14.604 [TUNER] 1107,1000,1288.55,1411.40,2.69,-0.00,1444.46,1411.40,0.25,-0.00
00:02:14.605 [TUNER] 1108,1000,1231.85,1400.50,3.32,-0.00,1360.02,1400.50,1.20,-0.00
00:02:14.605 [TUNER] 1109,1000,1231.85,1389.50,3.32,-0.00,1360.02,1389.50,1.20,-0.00
00:02:14.637 [TUNER] 1110,1000,1280.99,1378.40,2.43,-0.00,1295.90,1378.40,1.89,-0.00
00:02:14.639 [TUNER] 1111,1000,1280.99,1367.20,2.43,-0.00,1295.90,1367.20,1.89,-0.00
00:02:14.673 [TUNER] 1112,1000,1323.73,1355.90,1.56,-0.00,1265.22,1355.90,2.09,-0.00
00:02:14.708 [TUNER] 1113,1000,1323.73,1344.50,1.56,-0.00,1265.22,1344.50,2.09,-0.00
00:02:14.708 [TUNER] 1114,1000,1407.75,1333.00,0.00,-0.00,1326.58,1333.00,0.83,-0.00
00:02:14.745 [TUNER] 1115,1000,1407.75,1321.40,0.00,-0.00,1326.58,1321.40,0.83,-0.00
00:02:14.746 [TUNER] 1116,1000,1504.17,1309.70,-1.86,-0.00,1348.18,1309.70,0.11,-0.00
00:02:14.777 [TUNER] 1117,1000,1504.17,1297.90,-1.86,-0.00,1348.18,1297.90,0.11,-0.00
00:02:14.812 [TUNER] 1118,1000,1509.15,1286.00,-2.51,-0.00,1368.90,1286.00,-0.67,-0.00
00:02:14.813 [TUNER] 1119,1000,1509.15,1274.00,-2.51,-0.00,1368.90,1274.00,-0.67,-0.00
00:02:14.849 [TUNER] 1120,1000,1497.10,1262.00,-2.95,-0.00,1371.17,1262.00,-1.20,-0.00
00:02:14.849 [TUNER] 1121,1000,1497.10,1250.00,-2.95,-0.00,1371.17,1250.00,-1.20,-0.00
00:02:14.882 [TUNER] 1122,1000,1442.13,1238.00,-2.77,-0.00,1346.56,1238.00,-1.34,-0.00
00:02:14.883 [TUNER] 1123,1000,1442.13,1226.00,-2.77,-0.00,1346.56,1226.00,-1.34,-0.00
00:02:14.918 [TUNER] 1124,1000,1296.30,1214.00,-1.22,-0.00,1329.80,1214.00,-1.60,-0.00
00:02:14.953 [TUNER] 1125,1000,1296.30,1202.00,-1.22,-0.00,1329.80,1202.00,-1.60,-0.00
00:02:14.955 [TUNER] 1126,1000,1098.89,1190.00,1.21,-0.00,1271.72,1190.00,-1.22,-0.00
00:02:14.986 [TUNER] 1127,1000,1098.89,1178.00,1.21,-0.00,1271.72,1178.00,-1.22,-0.00
00:02:14.988 [TUNER] 1128,1000,911.76,1166.00,3.67,-0.00,1146.23,1166.00,0.27,-0.00
00:02:15.022 [TUNER] 1129,1000,911.76,1154.00,3.67,-0.00,1146.23,1154.00,0.27,-0.00
00:02:15.023 [TUNER] 1130,1000,837.64,1142.00,4.65,-0.00,1009.76,1142.00,2.05,-0.00
00:02:15.057 [TUNER] 1131,1000,837.64,1130.00,4.65,-0.00,1009.76,1130.00,2.05,-0.00
00:02:15.098 [TUNER] 1132,1000,955.31,1118.00,2.87,-0.00,910.89,1118.00,3.37,-0.00
00:02:15.100 [TUNER] 1133,1000,955.31,1106.00,2.87,-0.00,910.89,1106.00,3.37,-0.00
00:02:15.126 [TUNER] 1134,1000,1078.65,1094.00,0.86,-0.00,881.62,1094.00,3.67,-0.00
00:02:15.128 [TUNER] 1135,1000,1078.65,1082.00,0.86,-0.00,881.62,1082.00,3.67,-0.00
00:02:15.163 [TUNER] 1136,1000,1191.07,1070.00,-1.15,-0.00,938.95,1070.00,2.59,-0.00
00:02:15.199 [TUNER] 1137,1000,1191.07,1058.00,-1.15,-0.00,938.95,1058.00,2.59,-0.00
00:02:15.200 [TUNER] 1138,1000,1298.19,1046.00,-3.22,-0.00,1041.51,1046.00,0.71,-0.00
00:02:15.234 [TUNER] 1139,1000,1298.19,1034.00,-3.22,-0.00,1041.51,1034.00,0.71,-0.00
00:02:15.234 [TUNER] 1140,1000,1255.03,1022.00,-3.23,-0.00,1106.38,1022.00,-0.71,-0.00
00:02:15.266 [TUNER] 1141,1000,1255.03,1010.00,-3.23,-0.00,1106.38,1010.00,-0.71,-0.00
00:02:15.268 [TUNER] 1142,1000,1129.44,998.00,-2.01,-0.00,1127.35,998.00,-1.55,-0.00
00:02:15.303 [TUNER] 1143,1000,1129.44,986.00,-2.01,-0.00,1127.35,986.00,-1.55,-0.00
00:02:15.336 [TUNER] 1144,1000,999.76,974.00,-0.63,-0.00,1108.05,974.00,-1.79,-0.00
00:02:15.337 [TUNER] 1145,1000,999.76,962.00,-0.63,-0.00,1108.05,962.00,-1.79,-0.00
00:02:15.374 [TUNER] 1146,1000,873.69,950.00,0.82,-0.00,1008.42,950.00,-0.77,-0.00
00:02:15.375 [TUNER] 1147,1000,873.69,938.00,0.82,-0.00,1008.42,938.00,-0.77,-0.00
00:02:15.408 [TUNER] 1148,1000,762.52,926.00,2.15,-0.00,887.49,926.00,0.68,-0.00
00:02:15.409 [TUNER] 1149,1000,762.52,914.00,2.15,-0.00,887.49,914.00,0.68,-0.00
00:02:15.442 [TUNER] 1150,1000,769.79,902.00,1.84,-0.00,898.98,902.00,0.13,-0.00
00:02:15.517 [TUNER] 1151,1000,769.79,890.00,1.84,-0.00,898.98,890.00,0.13,-0.00
00:02:15.518 [TUNER] 1152,1000,809.98,878.00,1.02,-0.00,920.19,878.00,-0.60,-0.00
00:02:15.518 [TUNER] 1153,1000,809.98,866.00,1.02,-0.00,920.19,866.00,-0.60,-0.00
00:02:15.520 [TUNER] 1154,1000,828.38,854.00,0.44,-0.00,1021.35,854.00,-2.66,-0.00
00:02:15.549 [TUNER] 1155,1000,828.38,842.00,0.44,-0.00,1021.35,842.00,-2.66,-0.00
00:02:15.553 [TUNER] 1156,1000,880.89,830.00,-0.67,-0.00,1024.97,830.00,-3.31,-0.00
00:02:15.582 [TUNER] 1157,1000,880.89,818.00,-0.67,-0.00,1024.97,818.00,-3.31,-0.00
00:02:15.618 [TUNER] 1158,1000,1010.53,806.00,-3.01,-0.00,941.96,806.00,-2.62,-0.00
00:02:15.618 [TUNER] 1159,1000,1010.53,794.00,-3.01,-0.00,941.96,794.00,-2.62,-0.00
00:02:15.652 [TUNER] 1160,1000,1107.37,782.00,-5.02,-0.00,863.52,782.00,-1.94,-0.00
00:02:15.653 [TUNER] 1161,1000,1107.37,770.00,-5.02,-0.00,863.52,770.00,-1.94,-0.00
00:02:15.687 [TUNER] 1162,1002,1031.78,758.00,-4.63,-0.00,826.41,758.00,-1.85,-0.00
00:02:15.688 [TUNER] 1163,1000,1031.78,746.00,-4.63,-0.00,826.41,746.00,-1.85,-0.00
00:02:15.723 [TUNER] 1164,998,868.42,734.00,-2.90,-0.00,834.82,734.00,-2.46,-0.00
00:02:15.757 [TUNER] 1165,1000,868.42,722.00,-2.90,-0.00,834.82,722.00,-2.46,-0.00
00:02:15.758 [TUNER] 1166,1000,643.19,710.00,-0.12,-0.00,817.33,710.00,-2.70,-0.00
00:02:15.797 [TUNER] 1167,1000,643.19,698.10,-0.12,-0.00,817.33,698.10,-2.70,-0.00
00:02:15.802 [TUNER] 1168,1000,426.93,686.30,2.75,-0.00,698.53,686.30,-1.34,-0.00
00:02:15.828 [TUNER] 1169,1000,426.93,674.60,2.75,-0.00,698.53,674.60,-1.34,-0.00
00:02:15.828 [TUNER] 1170,1000,257.36,663.00,5.15,-0.00,562.26,663.00,0.41,-0.00
00:02:15.862 [TUNER] 1171,1000,257.36,651.50,5.15,-0.00,562.26,651.50,0.41,-0.00
00:02:15.901 [TUNER] 1172,1000,240.25,640.10,5.47,-0.00,427.48,640.10,2.28,-0.00
00:02:15.906 [TUNER] 1173,1000,240.25,628.80,5.47,-0.00,427.48,628.80,2.28,-0.00
00:02:15.933 [TUNER] 1174,1002,399.77,617.60,3.20,-0.00,319.68,617.60,3.86,-0.00
00:02:15.934 [TUNER] 1175,998,399.77,606.50,3.20,-0.00,319.68,606.50,3.86,-0.00
00:02:15.971 [TUNER] 1176,1000,624.37,595.50,-0.20,-0.00,309.08,595.50,3.99,-0.00
00:02:15.971 [TUNER] 1177,1000,624.37,584.60,-0.20,-0.00,309.08,584.60,3.99,-0.00
00:02:16.003 [TUNER] 1178,1000,817.34,573.80,-3.40,-0.00,408.76,573.80,2.37,-0.00
00:02:16.038 [TUNER] 1179,1000,817.34,563.10,-3.40,-0.00,408.76,563.10,2.37,-0.00
00:02:16.040 [TUNER] 1180,1000,897.84,552.50,-5.18,-0.00,531.46,552.50,0.26,-0.00
00:02:16.073 [TUNER] 1181,1000,897.84,542.00,-5.18,-0.00,531.46,542.00,0.26,-0.00
00:02:16.073 [TUNER] 1182,1000,836.81,531.60,-4.98,-0.00,667.41,531.60,-2.23,-0.00
00:02:16.108 [TUNER] 1183,1000,836.81,521.30,-4.98,-0.00,667.41,521.30,-2.23,-0.00
00:02:16.142 [TUNER] 1184,1000,717.56,511.10,-3.87,-0.00,709.17,511.10,-3.39,-0.00
00:02:16.143 [TUNER] 1185,1000,717.56,501.00,-3.87,-0.00,709.17,501.00,-3.39,-0.00
00:02:16.178 [TUNER] 1186,1000,579.20,491.00,-2.38,-0.00,685.88,491.00,-3.59,-0.00
00:02:16.179 [TUNER] 1187,1000,579.20,481.10,-2.38,-0.00,685.88,481.10,-3.59,-0.00
00:02:16.215 [TUNER] 1188,1000,391.20,471.30,-0.02,-0.00,670.69,471.30,-3.90,-0.00
00:02:16.216 [TUNER] 1189,1000,391.20,461.60,-0.02,-0.00,670.69,461.60,-3.90,-0.00
00:02:16.247 [TUNER] 1190,1000,215.03,452.00,2.34,-0.00,627.61,452.00,-3.77,-0.00
00:02:16.282 [TUNER] 1191,1000,215.03,442.50,2.34,-0.00,627.61,442.50,-3.77,-0.00
00:02:16.320 [TUNER] 1192,1000,106.74,433.10,3.88,-0.00,515.83,433.10,-2.51,-0.00
00:02:16.323 [TUNER] 1193,1000,106.74,423.80,3.88,-0.00,515.83,423.80,-2.51,-0.00
00:02:16.324 [TUNER] 1194,1000,207.37,414.60,2.47,-0.00,333.63,414.60,-0.03,-0.00
00:02:16.355 [TUNER] 1195,1000,207.37,405.50,2.47,-0.00,333.63,405.50,-0.03,-0.00
00:02:16.356 [TUNER] 1196,1000,471.71,396.50,-1.48,-0.00,153.52,396.50,2.62,-0.00
00:02:16.389 [TUNER] 1197,1000,471.71,387.60,-1.48,-0.00,153.52,387.60,2.62,-0.00
00:02:16.422 [TUNER] 1198,1000,703.80,378.80,-5.23,-0.00,40.35,378.80,4.39,-0.00
00:02:16.423 [TUNER] 1199,1000,703.80,370.10,-5.23,-0.00,40.35,370.10,4.39,-0.00
00:02:16.457 [TUNER] 1200,1000,721.10,361.50,-6.10,-0.00,35.71,361.50,4.55,-0.00
00:02:16.458 [TUNER] 1201,1000,721.10,353.00,-6.10,-0.00,35.71,353.00,4.55,-0.00
00:02:16.491 [TUNER] 1202,1000,549.39,344.60,-4.23,-0.00,167.73,344.60,2.55,-0.00
00:02:16.491 [TUNER] 1203,1000,549.39,336.30,-4.23,-0.00,167.73,336.30,2.55,-0.00
00:02:16.527 [TUNER] 1204,1000,279.74,328.10,-0.75,-0.00,324.89,328.10,-0.02,-0.00
00:02:16.563 [TUNER] 1205,1000,279.74,320.00,-0.75,-0.00,324.89,320.00,-0.02,-0.00
00:02:16.563 [TUNER] 1206,1000,3.88,312.00,3.10,-0.00,435.15,312.00,-2.04,-0.00
00:02:16.603 [TUNER] 1207,1000,3.88,304.10,3.10,-0.00,435.15,304.10,-2.04,-0.00
00:02:16.605 [TUNER] 1208,1000,-225.40,296.30,6.54,-0.00,432.31,296.30,-2.40,-0.00
00:02:16.633 [TUNER] 1209,1000,-225.40,288.60,6.54,-0.00,432.31,288.60,-2.40,-0.00
00:02:16.633 [TUNER] 1210,1000,-235.30,281.00,7.00,-0.00,430.03,281.00,-2.77,-0.00
00:02:16.666 [TUNER] 1211,1000,-235.30,273.50,7.00,-0.00,430.03,273.50,-2.77,-0.00
00:02:16.702 [TUNER] 1212,1000,-18.15,266.10,4.13,-0.00,349.18,266.10,-1.91,-0.00
00:02:16.702 [TUNER] 1213,1000,-18.15,258.80,4.13,-0.00,349.18,258.80,-1.91,-0.00
00:02:16.737 [TUNER] 1214,1000,313.63,251.60,-0.66,-0.00,208.90,251.60,-0.03,-0.00
00:02:16.738 [TUNER] 1215,1000,313.63,244.50,-0.66,-0.00,208.90,244.50,-0.03,-0.00
00:02:16.772 [TUNER] 1216,1000,505.18,237.50,-3.76,-0.00,94.96,237.50,1.59,-0.00
00:02:16.807 [TUNER] 1217,1000,505.18,230.60,-3.76,-0.00,94.96,230.60,1.59,-0.00
00:02:16.808 [TUNER] 1218,1000,508.94,223.80,-4.31,-0.00,151.57,223.80,0.62,-0.00
00:02:16.841 [TUNER] 1219,1000,508.94,217.10,-4.31,-0.00,151.57,217.10,0.62,-0.00
00:02:16.842 [TUNER] 1220,1000,410.59,210.50,-3.38,-0.00,303.37,210.50,-1.92,-0.00
00:02:16.877 [TUNER] 1221,1000,410.59,204.00,-3.38,-0.00,303.37,204.00,-1.92,-0.00
00:02:16.912 [TUNER] 1222,1000,223.67,197.60,-1.05,-0.00,373.27,197.60,-3.36,-0.00
00:02:16.912 [TUNER] 1223,1000,223.67,191.30,-1.05,-0.00,373.27,191.30,-3.36,-0.00
00:02:16.949 [TUNER] 1224,1000,39.77,185.10,1.42,-0.00,319.23,185.10,-2.91,-0.00
00:02:16.950 [TUNER] 1225,1000,39.77,179.00,1.42,-0.00,319.23,179.00,-2.91,-0.00
00:02:16.982 [TUNER] 1226,1000,-97.04,173.00,3.39,-0.00,219.30,173.00,-1.68,-0.00
00:02:16.983 [TUNER] 1227,1000,-97.04,167.10,3.39,-0.00,219.30,167.10,-1.68,-0.00
00:02:17.017 [TUNER] 1228,1000,-44.99,161.30,2.73,-0.00,51.74,161.30,0.72,-0.00
00:02:17.053 [TUNER] 1229,1000,-44.99,155.60,2.73,-0.00,51.74,155.60,0.72,-0.00
00:02:17.054 [TUNER] 1230,1000,130.66,150.00,0.20,-0.00,-80.59,150.00,2.76,-0.00
00:02:17.088 [TUNER] 1231,1000,130.66,144.50,0.20,-0.00,-80.59,144.50,2.76,-0.00
00:02:17.089 [TUNER] 1232,1002,291.61,139.10,-2.31,-0.00,-143.42,139.10,3.84,-0.00
00:02:17.124 [TUNER] 1233,1000,291.61,133.80,-2.31,-0.00,-143.42,133.80,3.84,-0.00
00:02:17.159 [TUNER] 1234,998,431.06,128.60,-4.68,-0.00,-95.82,128.60,3.23,-0.00
00:02:17.161 [TUNER] 1235,1000,431.06,123.50,-4.68,-0.00,-95.82,123.50,3.23,-0.00
00:02:17.193 [TUNER] 1236,1000,449.65,118.50,-5.43,-0.00,83.12,118.50,0.48,-0.00
00:02:17.193 [TUNER] 1237,1000,449.65,113.60,-5.43,-0.00,83.12,113.60,0.48,-0.00
00:02:17.227 [TUNER] 1238,1000,345.98,108.80,-4.42,-0.00,241.74,108.80,-2.16,-0.00
00:02:17.264 [TUNER] 1239,1000,345.98,104.10,-4.42,-0.00,241.74,104.10,-2.16,-0.00
00:02:17.264 [TUNER] 1240,1000,223.52,99.50,-3.02,-0.00,262.11,99.50,-2.79,-0.00
00:02:17.298 [TUNER] 1241,1000,223.52,95.00,-3.02,-0.00,262.11,95.00,-2.79,-0.00
00:02:17.299 [TUNER] 1242,1000,139.30,90.60,-2.06,-0.00,250.93,90.60,-2.95,-0.00
00:02:17.332 [TUNER] 1243,1000,139.30,86.30,-2.06,-0.00,250.93,86.30,-2.95,-0.00
00:02:17.333 [TUNER] 1244,1002,128.60,82.10,-2.08,-0.00,231.62,82.10,-2.97,-0.00
00:02:17.367 [TUNER] 1245,998,128.60,78.00,-2.08,-0.00,231.62,78.00,-2.97,-0.00
00:02:17.403 [TUNER] 1246,1000,104.60,74.00,-1.91,-0.00,144.00,74.00,-1.89,-0.00
00:02:17.405 [TUNER] 1247,1000,104.60,70.10,-1.91,-0.00,144.00,70.10,-1.89,-0.00
00:02:17.439 [TUNER] 1248,1000,92.27,66.30,-1.88,-0.00,25.86,66.30,-0.23,-0.00
00:02:17.440 [TUNER] 1249,1000,92.27,62.60,-1.88,-0.00,25.86,62.60,-0.23,-0.00
00:02:17.472 [TUNER] 1250,1000,80.69,59.00,-1.85,-0.00,-72.09,59.00,1.25,-0.00
00:02:17.473 [TUNER] 1251,1000,80.69,55.50,-1.85,-0.00,-72.09,55.50,1.25,-0.00
00:02:17.507 [TUNER] 1252,1000,62.83,52.10,-1.72,-0.00,-138.42,52.10,2.33,-0.00
00:02:17.542 [TUNER] 1253,1000,62.83,48.80,-1.72,-0.00,-138.42,48.80,2.33,-0.00
00:02:17.543 [TUNER] 1254,1000,-6.43,45.60,-0.82,-0.00,-131.35,45.60,2.33,-0.00
00:02:17.578 [TUNER] 1255,1000,-6.43,42.50,-0.82,-0.00,-131.35,42.50,2.33,-0.00
00:02:17.579 [TUNER] 1256,1000,-103.07,39.50,0.56,-0.00,-55.26,39.50,1.22,-0.00
00:02:17.615 [TUNER] 1257,1000,-103.07,36.60,0.56,-0.00,-55.26,36.60,1.22,-0.00
00:02:17.647 [TUNER] 1258,1000,-192.41,33.80,1.93,-0.00,84.65,33.80,-0.98,-0.00
00:02:17.647 [TUNER] 1259,1000,-192.41,31.10,1.93,-0.00,84.65,31.10,-0.98,-0.00
00:02:17.683 [TUNER] 1260,1000,-246.71,28.50,2.88,-0.00,198.29,28.50,-2.93,-0.00
00:02:17.683 [TUNER] 1261,1000,-246.71,26.00,2.88,-0.00,198.29,26.00,-2.93,-0.00
00:02:17.721 [TUNER] 1262,1000,-161.29,23.60,1.85,-0.00,227.36,23.60,-3.67,-0.00
00:02:17.721 [TUNER] 1263,1000,-161.29,21.30,1.85,-0.00,227.36,21.30,-3.67,-0.00
00:02:17.753 [TUNER] 1264,1000,-15.64,19.10,-0.16,-0.00,176.73,19.10,-3.17,-0.00
00:02:17.788 [TUNER] 1265,1000,-15.64,17.00,-0.16,-0.00,176.73,17.00,-3.17,-0.00
00:02:17.789 [TUNER] 1266,1000,159.30,15.00,-2.76,-0.00,70.94,15.00,-1.75,-0.00
00:02:17.823 [TUNER] 1267,1000,159.30,13.10,-2.76,-0.00,70.94,13.10,-1.75,-0.00
00:02:17.824 [TUNER] 1268,1000,285.50,11.30,-4.82,-0.00,-63.51,11.30,0.26,-0.00
00:02:17.859 [TUNER] 1269,1000,285.50,9.60,-4.82,-0.00,-63.51,9.60,0.26,-0.00
00:02:17.860 [TUNER] 1270,1000,252.45,8.00,-4.67,-0.00,-88.60,8.00,0.68,-0.00
00:02:17.893 [TUNER] 1271,1000,252.45,6.50,-4.67,-0.00,-88.60,6.50,0.68,-0.00
00:02:17.928 [TUNER] 1272,1000,152.14,5.10,-3.51,-0.00,47.66,5.10,-1.42,-0.00
00:02:17.929 [TUNER] 1273,1000,152.14,3.80,-3.51,-0.00,47.66,3.80,-1.42,-0.00
00:02:17.963 [TUNER] 1274,1000,58.14,2.60,-2.32,-0.00,173.86,2.60,-3.51,-0.00
00:02:17.964 [TUNER] 1275,1000,58.14,1.50,-2.32,-0.00,173.86,1.50,-3.51,-0.00
00:02:17.998 [TUNER] 1276,1000,22.46,0.50,-1.89,-0.00,195.78,0.50,-4.09,-0.00
00:02:17.999 [TUNER] 1277,1000,22.46,-0.40,-1.89,-0.00,195.78,-0.40,-4.09,-0.00
00:02:18.032 [TUNER] 1278,1000,26.56,-1.20,-2.17,-0.00,127.42,-1.20,-3.70,-0.00
00:02:18.067 [TUNER] 1279,1000,26.56,-1.90,-2.17,-0.00,127.42,-1.90,-3.70,-0.00
00:02:18.070 [TUNER] 1280,1000,22.97,-2.50,-2.17,-0.00,14.31,-2.50,-2.07,-0.00
00:02:18.103 [TUNER] 1281,1000,14.94,-3.00,-2.08,-0.00,-112.13,-3.00,-0.16,-0.00
00:02:18.106 [TUNER] 1282,1000,14.94,-3.40,-2.08,-0.00,-112.13,-3.40,-0.16,-0.00
00:02:18.139 [TUNER] 1283,1000,-34.46,-3.70,-1.38,-0.00,-210.03,-3.70,1.51,-0.00
00:02:18.140 [TUNER] 1284,1000,-34.46,-3.90,-1.38,-0.00,-210.03,-3.90,1.51,-0.00
00:02:18.173 [TUNER] 1285,1000,-108.32,-4.00,-0.27,-0.00,-200.66,-4.00,1.59,-0.00
00:02:18.209 [TUNER] 1286,1000,-108.32,0.00,-0.27,-0.00,-200.66,0.00,1.59,-0.00
00:02:18.210 [TUNER] 1287,1000,-170.84,0.00,0.99,-0.00,-117.58,0.00,1.01,-0.00
00:02:18.242 [TUNER] 1288,1000,-170.84,0.00,0.99,-0.00,-117.58,0.00,1.01,-0.00
00:02:18.242 [TUNER] 1289,1000,-222.57,0.00,1.93,-0.00,-25.34,0.00,-0.32,-0.00
00:02:18.277 [TUNER] 1290,1000,-222.57,0.00,1.93,-0.00,-25.34,0.00,-0.32,-0.00
00:02:18.277 [TUNER] 1291,1000,-160.88,0.00,1.26,-0.00,58.76,0.00,-1.63,-0.00
00:02:18.312 [TUNER] 1292,1000,-160.88,0.00,1.26,-0.00,58.76,0.00,-1.63,-0.00
00:02:18.347 [TUNER] 1293,1000,-10.16,0.00,-0.78,-0.00,95.11,0.00,-2.27,-0.00
00:02:18.348 [TUNER] 1294,1000,-10.16,0.00,-0.78,-0.00,95.11,0.00,-2.27,-0.00
00:02:18.383 [TUNER] 1295,1000,132.76,0.00,-2.87,-0.00,94.99,0.00,-2.38,-0.00
00:02:18.384 [TUNER] 1296,1000,132.76,0.00,-2.87,-0.00,94.99,0.00,-2.38,-0.00
00:02:18.418 [TUNER] 1297,1000,212.72,0.00,-4.18,-0.00,94.89,0.00,-2.48,-0.00
00:02:18.455 [TUNER] 1298,1000,212.72,0.00,-4.18,-0.00,94.89,0.00,-2.48,-0.00
00:02:18.455 [TUNER] 1299,1000,142.69,0.00,-3.38,-0.00,96.53,0.00,-2.62,-0.00
00:02:18.487 [TUNER] 1300,1000,142.69,0.00,-3.38,-0.00,96.53,0.00,-2.62,-0.00
00:02:18.489 [TUNER] 1301,1000,35.12,0.00,-1.95,-0.00,90.97,0.00,-2.64,-0.00
00:02:18.522 [TUNER] 1302,1000,35.12,0.00,-1.95,-0.00,90.97,0.00,-2.64,-0.00
00:02:18.524 [TUNER] 1303,1000,-68.11,0.00,-0.48,-0.00,72.77,0.00,-2.46,-0.00
00:02:18.557 [TUNER] 1304,1000,-68.11,0.00,-0.48,-0.00,72.77,0.00,-2.46,-0.00
00:02:18.594 [TUNER] 1305,1000,-150.70,0.00,0.80,-0.00,49.63,0.00,-2.17,-0.00
00:02:18.596 [TUNER] 1306,1000,-150.70,0.00,0.80,-0.00,49.63,0.00,-2.17,-0.00
00:02:18.628 [TUNER] 1307,1000,-144.61,0.00,0.88,-0.00,31.11,0.00,-1.93,-0.00
00:02:18.629 [TUNER] 1308,1000,-144.61,0.00,0.88,-0.00,31.11,0.00,-1.93,-0.00
00:02:18.664 [TUNER] 1309,1000,-103.67,0.00,0.43,-0.00,-12.91,0.00,-1.27,-0.00
00:02:18.664 [TUNER] 1310,1000,-103.67,0.00,0.43,-0.00,-12.91,0.00,-1.27,-0.00
00:02:18.698 [TUNER] 1311,1000,-38.26,0.00,-0.42,-0.00,-84.20,0.00,-0.13,-0.00
00:02:18.733 [TUNER] 1312,1000,-38.26,0.00,-0.42,-0.00,-84.20,0.00,-0.13,-0.00
00:02:18.734 [TUNER] 1313,1000,17.50,0.00,-1.20,-0.00,-156.70,0.00,1.12,-0.00
00:02:18.767 [TUNER] 1314,1000,17.50,0.00,-1.20,-0.00,-156.70,0.00,1.12,-0.00
00:02:18.769 [TUNER] 1315,1000,58.67,0.00,-1.82,-0.00,-183.77,0.00,1.73,-0.00
00:02:18.804 [TUNER] 1316,1000,58.67,0.00,-1.82,-0.00,-183.77,0.00,1.73,-0.00
00:02:18.805 [TUNER] 1317,1000,84.73,0.00,-2.26,-0.00,-155.61,0.00,1.49,-0.00
00:02:18.839 [TUNER] 1318,1000,84.73,0.00,-2.26,-0.00,-155.61,0.00,1.49,-0.00
00:02:18.874 [TUNER] 1319,1000,83.25,0.00,-2.33,-0.00,-88.41,0.00,0.60,-0.00
00:02:18.875 [TUNER] 1320,1000,83.25,0.00,-2.33,-0.00,-88.41,0.00,0.60,-0.00
00:02:18.907 [TUNER] 1321,1000,52.85,0.00,-1.98,-0.00,-19.19,0.00,-0.39,-0.00
00:02:18.907 [TUNER] 1322,1000,52.85,0.00,-1.98,-0.00,-19.19,0.00,-0.39,-0.00
00:02:18.942 [TUNER] 1323,1000,19.95,0.00,-1.55,-0.00,13.86,0.00,-0.90,-0.00
00:02:18.943 [TUNER] 1324,1000,19.95,0.00,-1.55,-0.00,13.86,0.00,-0.90,-0.00
00:02:18.977 [TUNER] 1325,1000,-6.38,0.00,-1.18,-0.00,12.81,0.00,-0.89,-0.00
00:02:19.012 [TUNER] 1326,1000,-6.38,0.00,-1.18,-0.00,12.81,0.00,-0.89,-0.00
00:02:19.013 [TUNER] 1327,1000,-17.13,0.00,-1.02,-0.00,-18.96,0.00,-0.41,-0.00
00:02:19.048 [TUNER] 1328,1000,-17.13,0.00,-1.02,-0.00,-18.96,0.00,-0.41,-0.00
00:02:19.049 [TUNER] 1329,1000,-13.70,0.00,-1.05,-0.00,-30.63,0.00,-0.20,-0.00
00:02:19.084 [TUNER] 1330,1000,-13.70,0.00,-1.05,-0.00,-30.63,0.00,-0.20,-0.00
00:02:19.088 [TUNER] 1331,1000,-10.96,0.00,-1.08,-0.00,-0.45,0.00,-0.64,-0.00
00:02:19.116 [TUNER] 1332,1000,-10.96,0.00,-1.08,-0.00,-0.45,0.00,-0.64,-0.00
00:02:19.151 [TUNER] 1333,1000,-8.77,0.00,-1.10,-0.00,32.28,0.00,-1.16,-0.00
00:02:19.152 [TUNER] 1334,1000,-8.77,0.00,-1.10,-0.00,32.28,0.00,-1.16,-0.00
00:02:19.188 [TUNER] 1335,1000,-7.02,0.00,-1.11,-0.00,39.57,0.00,-1.31,-0.00
00:02:19.189 [TUNER] 1336,1000,-7.02,0.00,-1.11,-0.00,39.57,0.00,-1.31,-0.00
00:02:19.222 [TUNER] 1337,1002,-3.90,0.00,-1.15,-0.00,33.37,0.00,-1.26,-0.00
00:02:19.223 [TUNER] 1338,1000,-3.90,0.00,-1.15,-0.00,33.37,0.00,-1.26,-0.00
00:02:19.257 [TUNER] 1339,998,-3.12,0.00,-1.16,-0.00,28.42,0.00,-1.22,-0.00
00:02:19.292 [TUNER] 1340,1000,-3.12,0.00,-1.16,-0.00,28.42,0.00,-1.22,-0.00
00:02:19.293 [TUNER] 1341,1000,-12.80,0.00,-1.01,-0.00,26.17,0.00,-1.22,-0.00
00:02:19.327 [TUNER] 1342,1000,-12.80,0.00,-1.01,-0.00,26.17,0.00,-1.22,-0.00
00:02:19.328 [TUNER] 1343,1000,-32.58,0.00,-0.71,-0.00,20.94,0.00,-1.16,-0.00
00:02:19.363 [TUNER] 1344,1000,-32.58,0.00,-0.71,-0.00,20.94,0.00,-1.16,-0.00
00:02:19.364 [TUNER] 1345,1000,-53.55,0.00,-0.37,-0.00,15.03,0.00,-1.09,-0.00
00:02:19.398 [TUNER] 1346,1000,-53.55,0.00,-0.37,-0.00,15.03,0.00,-1.09,-0.00
00:02:19.432 [TUNER] 1347,1000,-68.61,0.00,-0.09,-0.00,6.87,0.00,-0.98,-0.00
00:02:19.470 [TUNER] 1348,1000,-68.61,0.00,-0.09,-0.00,6.87,0.00,-0.98,-0.00
00:02:19.472 [TUNER] 1349,1000,-60.04,0.00,-0.14,-0.00,-4.81,0.00,-0.80,-0.00
00:02:19.472 [TUNER] 1350,1000,-60.04,0.00,-0.14,-0.00,-4.81,0.00,-0.80,-0.00
00:02:19.503 [TUNER] 1351,1000,-48.03,0.00,-0.26,-0.00,-17.59,0.00,-0.60,-0.00
00:02:19.504 [TUNER] 1352,1000,-48.03,0.00,-0.26,-0.00,-17.59,0.00,-0.60,-0.00
00:02:19.538 [TUNER] 1353,1000,-40.15,0.00,-0.32,-0.00,-27.82,0.00,-0.41,-0.00
00:02:19.572 [TUNER] 1354,1000,-40.15,0.00,-0.32,-0.00,-27.82,0.00,-0.41,-0.00
00:02:19.573 [TUNER] 1355,1000,-33.83,0.00,-0.37,-0.00,-34.28,0.00,-0.28,-0.00
00:02:19.609 [TUNER] 1356,1000,-33.83,0.00,-0.37,-0.00,-34.28,0.00,-0.28,-0.00
00:02:19.610 [TUNER] 1357,1000,-28.79,0.00,-0.41,-0.00,-36.02,0.00,-0.21,-0.00
00:02:19.642 [TUNER] 1358,1000,-28.79,0.00,-0.41,-0.00,-36.02,0.00,-0.21,-0.00
00:02:19.643 [TUNER] 1359,1000,-26.46,0.00,-0.41,-0.00,-39.12,0.00,-0.12,-0.00
00:02:19.677 [TUNER] 1360,1000,-26.46,0.00,-0.41,-0.00,-39.12,0.00,-0.12,-0.00
00:02:19.712 [TUNER] 1361,1000,-22.89,0.00,-0.44,-0.00,-46.76,0.00,0.04,-0.00
00:02:19.712 [TUNER] 1362,1000,-22.89,0.00,-0.44,-0.00,-46.76,0.00,0.04,-0.00
00:02:19.748 [TUNER] 1363,1000,-25.18,0.00,-0.38,-0.00,-52.87,0.00,0.19,-0.00
00:02:19.748 [TUNER] 1364,1000,-25.18,0.00,-0.38,-0.00,-52.87,0.00,0.19,-0.00
00:02:19.783 [TUNER] 1365,1000,-27.02,0.00,-0.32,-0.00,-57.76,0.00,0.33,-0.00
00:02:19.784 [TUNER] 1366,1000,-27.02,0.00,-0.32,-0.00,-57.76,0.00,0.33,-0.00
00:02:19.819 [TUNER] 1367,1000,-31.92,0.00,-0.22,-0.00,-63.39,0.00,0.49,-0.00
00:02:19.853 [TUNER] 1368,1000,-31.92,0.00,-0.22,-0.00,-63.39,0.00,0.49,-0.00
00:02:19.855 [TUNER] 1369,1000,-30.69,0.00,-0.21,-0.00,-64.45,0.00,0.58,-0.00
00:02:19.888 [TUNER] 1370,1000,-30.69,0.00,-0.21,-0.00,-64.45,0.00,0.58,-0.00
00:02:19.888 [TUNER] 1371,1000,-27.99,0.00,-0.21,-0.00,-65.31,0.00,0.66,-0.00
00:02:19.922 [TUNER] 1372,1000,-27.99,0.00,-0.21,-0.00,-65.31,0.00,0.66,-0.00
00:02:19.957 [TUNER] 1373,1000,-27.55,0.00,-0.19,-0.00,-60.84,0.00,0.67,-0.00
00:02:19.958 [TUNER] 1374,1000,-27.55,0.00,-0.19,-0.00,-60.84,0.00,0.67,-0.00
00:02:19.992 [TUNER] 1375,1000,-30.63,0.00,-0.12,-0.00,-48.67,0.00,0.54,-0.00
00:02:19.993 [TUNER] 1376,1000,-30.63,0.00,-0.12,-0.00,-48.67,0.00,0.54,-0.00
00:02:20.027 [TUNER] 1377,1000,-33.09,0.00,-0.05,-0.00,-40.65,0.00,0.47,-0.00
00:02:20.028 [TUNER] 1378,1000,-33.09,0.00,-0.05,-0.00,-40.65,0.00,0.47,-0.00
00:02:20.063 [TUNER] 1379,1000,-38.50,0.00,0.07,-0.00,-42.83,0.00,0.55,-0.00
00:02:20.097 [TUNER] 1380,1000,-38.50,0.00,0.07,-0.00,-42.83,0.00,0.55,-0.00
00:02:20.098 [TUNER] 1381,1000,-42.83,0.00,0.17,-0.00,-46.29,0.00,0.66,-0.00
00:02:20.133 [TUNER] 1382,1000,-42.83,0.00,0.17,-0.00,-46.29,0.00,0.66,-0.00
00:02:20.134 [TUNER] 1383,1000,-44.57,0.00,0.24,-0.00,-38.75,0.00,0.59,-0.00
00:02:20.167 [TUNER] 1384,1000,-44.57,0.00,0.24,-0.00,-38.75,0.00,0.59,-0.00
00:02:20.205 [TUNER] 1385,1000,-44.25,0.00,0.28,-0.00,-31.00,0.00,0.51,-0.00
00:02:20.206 [TUNER] 1386,1000,-44.25,0.00,0.28,-0.00,-31.00,0.00,0.51,-0.00
00:02:20.239 [TUNER] 1387,1000,-45.71,0.00,0.35,-0.00,-28.24,0.00,0.50,-0.00
00:02:20.240 [TUNER] 1388,1000,-45.71,0.00,0.35,-0.00,-28.24,0.00,0.50,-0.00
00:02:20.273 [TUNER] 1389,1000,-43.44,0.00,0.37,-0.00,-29.46,0.00,0.55,-0.00
00:02:20.308 [TUNER] 1390,1000,-43.44,0.00,0.37,-0.00,-29.46,0.00,0.55,-0.00
00:02:20.308 [TUNER] 1391,1000,-41.62,0.00,0.39,-0.00,-25.29,0.00,0.52,-0.00
00:02:20.343 [TUNER] 1392,1000,-41.62,0.00,0.39,-0.00,-25.29,0.00,0.52,-0.00
00:02:20.344 [TUNER] 1393,1000,-38.45,0.00,0.38,-0.00,-21.95,0.00,0.50,-0.00
00:02:20.377 [TUNER] 1394,1000,-38.45,0.00,0.38,-0.00,-21.95,0.00,0.50,-0.00
00:02:20.412 [TUNER] 1395,1000,-35.92,0.00,0.39,-0.00,-19.28,0.00,0.48,-0.00
00:02:20.412 [TUNER] 1396,1000,-35.92,0.00,0.39,-0.00,-19.28,0.00,0.48,-0.00
00:02:20.449 [TUNER] 1397,1000,-35.60,0.00,0.42,-0.00,-17.14,0.00,0.47,-0.00
00:02:20.450 [TUNER] 1398,1000,-35.60,0.00,0.42,-0.00,-17.14,0.00,0.47,-0.00
00:02:20.482 [TUNER] 1399,1000,-31.92,0.00,0.41,-0.00,-17.15,0.00,0.49,0.00
00:02:20.518 [TUNER] 1400,1000,-31.92,0.00,0.41,-0.00,-17.15,0.00,0.49,0.00
00:02:20.519 [TUNER] 1401,1000,-28.97,0.00,0.40,-0.00,-15.44,0.00,0.48,0.00
00:02:20.552 [TUNER] 1402,1000,-28.97,0.00,0.40,-0.00,-15.44,0.00,0.48,0.00
00:02:20.553 [TUNER] 1403,1000,-26.61,0.00,0.39,-0.00,-14.07,0.00,0.48,0.00
00:02:20.589 [TUNER] 1404,1000,-26.61,0.00,0.39,-0.00,-14.07,0.00,0.48,0.00
00:02:20.622 [TUNER] 1405,1000,-24.73,0.00,0.39,-0.00,-12.97,0.00,0.48,0.00
00:02:20.623 [TUNER] 1406,1000,-24.73,0.00,0.39,-0.00,-12.97,0.00,0.48,0.00
00:02:20.658 [TUNER] 1407,1002,-19.78,0.00,0.35,-0.00,-12.09,0.00,0.48,0.00
00:02:20.658 [TUNER] 1408,1000,-19.78,0.00,0.35,-0.00,-12.09,0.00,0.48,0.00
00:02:20.695 [TUNER] 1409,998,-15.83,0.00,0.31,0.00,-11.39,0.00,0.48,0.00
00:02:20.727 [TUNER] 1410,1000,-15.83,0.00,0.31,0.00,-11.39,0.00,0.48,0.00
00:02:20.728 [TUNER] 1411,1000,-14.38,0.00,0.31,0.00,-9.12,0.00,0.46,0.00
00:02:20.764 [TUNER] 1412,1000,-14.38,0.00,0.31,0.00,-9.12,0.00,0.46,0.00
00:02:20.764 [TUNER] 1413,1000,-11.50,0.00,0.28,0.00,-9.01,0.00,0.46,0.00
00:02:20.800 [TUNER] 1414,1000,-11.50,0.00,0.28,0.00,-9.01,0.00,0.46,0.00
00:02:20.834 [TUNER] 1415,1000,-9.20,0.00,0.26,0.00,-7.21,0.00,0.45,0.00
00:02:20.834 [TUNER] 1416,1000,-9.20,0.00,0.26,0.00,-7.21,0.00,0.45,0.00
00:02:20.871 [TUNER] 1417,1000,-7.36,0.00,0.24,0.00,-7.48,0.00,0.46,0.00
00:02:20.874 [TUNER] 1418,1000,-7.36,0.00,0.24,0.00,-7.48,0.00,0.46,0.00
00:02:20.902 [TUNER] 1419,1000,-5.89,0.00,0.23,0.00,-5.99,0.00,0.44,0.00
00:02:20.939 [TUNER] 1420,1000,-5.89,0.00,0.23,0.00,-5.99,0.00,0.44,0.00
00:02:20.941 [TUNER] 1421,1000,-4.71,0.00,0.21,0.00,-4.79,0.00,0.43,0.00
00:02:20.973 [TUNER] 1422,1000,-4.71,0.00,0.21,0.00,-4.79,0.00,0.43,0.00
00:02:20.973 [TUNER] 1423,1000,-3.77,0.00,0.21,0.00,-3.83,0.00,0.42,0.00
00:02:21.008 [TUNER] 1424,1000,-3.77,0.00,0.21,0.00,-3.83,0.00,0.42,0.00
00:02:21.042 [TUNER] 1425,1000,-3.02,0.00,0.20,0.00,-3.07,0.00,0.41,0.00
00:02:21.043 [TUNER] 1426,1000,-3.02,0.00,0.20,0.00,-3.07,0.00,0.41,0.00
00:02:21.077 [TUNER] 1427,1000,-2.41,0.00,0.19,0.00,-2.45,0.00,0.41,0.00
00:02:21.077 [TUNER] 1428,1000,-2.41,0.00,0.19,0.00,-2.45,0.00,0.41,0.00
00:02:21.113 [TUNER] 1429,1000,-1.93,0.00,0.19,0.00,-1.96,0.00,0.40,0.00
00:02:21.114 [TUNER] 1430,1000,-1.93,0.00,0.19,0.00,-1.96,0.00,0.40,0.00
00:02:21.148 [TUNER] 1431,1000,-1.54,0.00,0.19,0.00,-1.57,0.00,0.40,0.00
00:02:21.184 [TUNER] 1432,1000,-1.54,0.00,0.19,0.00,-1.57,0.00,0.40,0.00
00:02:21.185 [TUNER] 1433,1000,-1.24,0.00,0.18,0.00,-1.26,0.00,0.40,0.00
00:02:21.221 [TUNER] 1434,1000,-1.24,0.00,0.18,0.00,-1.26,0.00,0.40,0.00
00:02:21.221 [TUNER] 1435,1000,-0.99,0.00,0.18,0.00,-1.00,0.00,0.39,0.00
00:02:21.252 [TUNER] 1436,1000,-0.99,0.00,0.18,0.00,-1.00,0.00,0.39,0.00
00:02:21.289 [TUNER] 1437,1000,0.93,0.00,0.15,0.00,-0.80,0.00,0.39,0.00
00:02:21.290 [TUNER] 1438,1000,0.93,0.00,0.15,0.00,-0.80,0.00,0.39,0.00
00:02:21.322 [TUNER] 1439,1000,2.46,0.00,0.13,0.00,-0.64,0.00,0.39,0.00
00:02:21.323 [TUNER] 1440,1000,2.46,0.00,0.13,0.00,-0.64,0.00,0.39,0.00
00:02:21.357 [TUNER] 1441,1000,1.97,0.00,0.13,0.00,-0.51,0.00,0.39,0.00
00:02:21.394 [TUNER] 1442,1000,1.97,0.00,0.13,0.00,-0.51,0.00,0.39,0.00
00:02:21.394 [TUNER] 1443,1000,3.29,0.00,0.11,0.00,-0.41,0.00,0.39,0.00
00:02:21.428 [TUNER] 1444,1000,3.29,0.00,0.11,0.00,-0.41,0.00,0.39,0.00
00:02:21.429 [TUNER] 1445,1000,2.63,0.00,0.12,0.00,-0.33,0.00,0.39,0.00
00:02:21.463 [TUNER] 1446,1000,2.63,0.00,0.12,0.00,-0.33,0.00,0.39,0.00
00:02:21.497 [TUNER] 1447,1000,2.11,0.00,0.12,0.00,-0.26,0.00,0.39,0.00
00:02:21.498 [TUNER] 1448,1000,2.11,0.00,0.12,0.00,-0.26,0.00,0.39,0.00
00:02:21.533 [TUNER] 1449,1000,1.69,0.00,0.13,0.00,-1.93,0.00,0.41,0.00
00:02:21.534 [TUNER] 1450,1000,1.69,0.00,0.13,0.00,-1.93,0.00,0.41,0.00
00:02:21.569 [TUNER] 1451,1000,1.35,0.00,0.13,0.00,-1.54,0.00,0.41,0.00
00:02:21.570 [TUNER] 1452,1000,1.35,0.00,0.13,0.00,-1.54,0.00,0.41,0.00
00:02:21.603 [TUNER] 1453,1000,2.80,0.00,0.11,0.00,-1.23,0.00,0.41,0.00
00:02:21.674 [TUNER] 1454,1000,2.80,0.00,0.11,0.00,-1.23,0.00,0.41,0.00
00:02:21.675 [TUNER] 1455,1000,2.24,0.00,0.11,0.00,-0.99,0.00,0.40,0.00
00:02:21.676 [TUNER] 1456,1000,2.24,0.00,0.11,0.00,-0.99,0.00,0.40,0.00
00:02:21.676 [TUNER] 1457,1000,1.79,0.00,0.12,0.00,-0.79,0.00,0.40,0.00
00:02:21.706 [TUNER] 1458,1000,1.79,0.00,0.12,0.00,-0.79,0.00,0.40,0.00
00:02:21.706 [TUNER] 1459,1000,3.15,0.00,0.10,0.00,-0.63,0.00,0.40,0.00
00:02:21.743 [TUNER] 1460,1000,3.15,0.00,0.10,0.00,-0.63,0.00,0.40,0.00
00:02:21.777 [TUNER] 1461,1000,2.52,0.00,0.10,0.00,-0.51,0.00,0.40,0.00
00:02:21.777 [TUNER] 1462,1000,2.52,0.00,0.10,0.00,-0.51,0.00,0.40,0.00
00:02:21.812 [TUNER] 1463,1000,2.02,0.00,0.11,0.00,-0.40,0.00,0.40,0.00
00:02:21.812 [TUNER] 1464,1000,2.02,0.00,0.11,0.00,-0.40,0.00,0.40,0.00
00:02:21.847 [TUNER] 1465,1000,1.61,0.00,0.11,0.00,-0.32,0.00,0.40,0.00
00:02:21.884 [TUNER] 1466,1000,1.61,0.00,0.11,0.00,-0.32,0.00,0.40,0.00
00:02:21.885 [TUNER] 1467,1000,1.29,0.00,0.11,0.00,-0.26,0.00,0.40,0.00
00:02:21.918 [TUNER] 1468,1000,1.29,0.00,0.11,0.00,-0.26,0.00,0.40,0.00
00:02:21.918 [TUNER] 1469,1000,1.03,0.00,0.12,0.00,-0.21,0.00,0.39,0.00
00:02:21.953 [TUNER] 1470,1000,1.03,0.00,0.12,0.00,-0.21,0.00,0.39,0.00
00:02:21.989 [TUNER] 1471,1000,0.83,0.00,0.12,0.00,-0.17,0.00,0.39,0.00
00:02:21.991 [TUNER] 1472,1000,0.83,0.00,0.12,0.00,-0.17,0.00,0.39,0.00
00:02:22.024 [TUNER] 1473,1000,0.66,0.00,0.12,0.00,-0.13,0.00,0.39,0.00
00:02:22.025 [TUNER] 1474,1000,0.66,0.00,0.12,0.00,-0.13,0.00,0.39,0.00
00:02:22.057 [TUNER] 1475,1000,0.53,0.00,0.12,0.00,-0.11,0.00,0.39,0.00
00:02:22.092 [TUNER] 1476,1000,0.53,0.00,0.12,0.00,-0.11,0.00,0.39,0.00
00:02:22.093 [TUNER] 1477,1002,0.42,0.00,0.12,0.00,-0.08,0.00,0.39,0.00
00:02:22.128 [TUNER] 1478,1000,0.42,0.00,0.12,0.00,-0.08,0.00,0.39,0.00
00:02:22.128 [TUNER] 1479,998,2.06,0.00,0.10,0.00,-0.07,0.00,0.39,0.00
00:02:22.161 [TUNER] 1480,1000,2.06,0.00,0.10,0.00,-0.07,0.00,0.39,0.00
00:02:22.199 [TUNER] 1481,1000,1.65,0.00,0.10,0.00,-0.05,0.00,0.39,0.00
00:02:22.199 [TUNER] 1482,1000,1.65,0.00,0.10,0.00,-0.05,0.00,0.39,0.00
00:02:22.232 [TUNER] 1483,1000,1.32,0.00,0.10,0.00,-0.04,0.00,0.39,0.00
00:02:22.232 [TUNER] 1484,1000,1.32,0.00,0.10,0.00,-0.04,0.00,0.39,0.00
00:02:22.267 [TUNER] 1485,1000,1.05,0.00,0.11,0.00,-0.03,0.00,0.39,0.00
00:02:22.303 [TUNER] 1486,1000,1.05,0.00,0.11,0.00,-0.03,0.00,0.39,0.00
00:02:22.305 [TUNER] 1487,1000,0.84,0.00,0.11,0.00,-0.03,0.00,0.39,0.00
00:02:22.337 [TUNER] 1488,1000,0.84,0.00,0.11,0.00,-0.03,0.00,0.39,0.00
00:02:22.338 [TUNER] 1489,1000,0.67,0.00,0.11,0.00,-0.02,0.00,0.39,0.00
00:02:22.372 [TUNER] 1490,1000,0.67,0.00,0.11,0.00,-0.02,0.00,0.39,0.00
00:02:22.373 [TUNER] 1491,1000,0.54,0.00,0.11,0.00,-0.02,0.00,0.39,0.00
00:02:22.409 [TUNER] 1492,1000,0.54,0.00,0.11,0.00,-0.02,0.00,0.39,0.00
00:02:22.441 [TUNER] 1493,1000,0.43,0.00,0.11,0.00,-0.01,0.00,0.39,0.00
00:02:22.442 [TUNER] 1494,1000,0.43,0.00,0.11,0.00,-0.01,0.00,0.39,0.00
00:02:22.477 [TUNER] 1495,1000,0.35,0.00,0.11,0.00,-0.01,0.00,0.39,0.00
00:02:22.478 [TUNER] 1496,1000,0.35,0.00,0.11,0.00,-0.01,0.00,0.39,0.00
00:02:22.513 [TUNER] 1497,1000,0.28,0.00,0.11,0.00,-0.01,0.00,0.39,0.00
00:02:22.548 [TUNER] 1498,1000,0.28,0.00,0.11,0.00,-0.01,0.00,0.39,0.00
00:02:22.548 [TUNER] 1499,1000,0.22,0.00,0.11,0.00,-0.01,0.00,0.39,0.00
00:02:22.583 [TUNER] 1500,1000,0.22,0.00,0.11,0.00,-0.01,0.00,0.39,0.00
00:02:22.583 [TUNER] 1501,1000,0.18,0.00,0.11,0.00,-0.01,0.00,0.39,0.00
00:02:22.617 [TUNER] 1502,1000,0.18,0.00,0.11,0.00,-0.01,0.00,0.39,0.00
00:02:22.618 [TUNER] 1503,1000,1.86,0.00,0.09,0.00,-0.00,0.00,0.39,0.00
00:02:22.653 [TUNER] 1504,1000,1.86,0.00,0.09,0.00,-0.00,0.00,0.39,0.00
00:02:22.688 [TUNER] 1505,1000,1.49,0.00,0.09,0.00,-0.00,0.00,0.39,0.00
00:02:22.688 [TUNER] 1506,1000,1.49,0.00,0.09,0.00,-0.00,0.00,0.39,0.00
00:02:22.723 [TUNER] 1507,1000,1.19,0.00,0.10,0.00,-0.00,0.00,0.39,0.00
00:02:22.723 [TUNER] 1508,1000,1.19,0.00,0.10,0.00,-0.00,0.00,0.39,0.00
00:02:22.757 [TUNER] 1509,1000,0.95,0.00,0.10,0.00,-0.00,0.00,0.39,0.00
00:02:22.792 [TUNER] 1510,1000,0.95,0.00,0.10,0.00,-0.00,0.00,0.39,0.00
00:02:22.792 [TUNER] 1511,1000,0.76,0.00,0.10,0.00,-0.00,0.00,0.39,0.00
00:02:22.828 [TUNER] 1512,1000,0.76,0.00,0.10,0.00,-0.00,0.00,0.39,0.00
00:02:22.828 [TUNER] 1513,1000,0.61,0.00,0.10,0.00,-0.00,0.00,0.39,0.00
00:02:22.863 [TUNER] 1514,1000,0.61,0.00,0.10,0.00,-0.00,0.00,0.39,0.00
00:02:22.898 [TUNER] 1515,1000,0.49,0.00,0.10,0.00,-0.00,0.00,0.39,0.00
00:02:22.898 [TUNER] 1516,1000,0.49,0.00,0.10,0.00,-0.00,0.00,0.39,0.00
00:02:22.932 [TUNER] 1517,1000,0.39,0.00,0.10,0.00,-0.00,0.00,0.39,0.00
00:02:22.933 [TUNER] 1518,1000,0.39,0.00,0.10,0.00,-0.00,0.00,0.39,0.00
00:02:22.967 [TUNER] 1519,1000,0.31,0.00,0.10,0.00,-0.00,0.00,0.39,0.00
00:02:22.967 [TUNER] 1520,1000,0.31,0.00,0.10,0.00,-0.00,0.00,0.39,0.00
00:02:23.002 [TUNER] 1521,1000,0.25,0.00,0.10,0.00,-0.00,0.00,0.39,0.00
00:02:23.036 [TUNER] 1522,1000,0.25,0.00,0.10,0.00,-0.00,0.00,0.39,0.00
00:02:23.038 [TUNER] 1523,1000,0.20,0.00,0.11,0.00,-0.00,0.00,0.39,0.00
00:02:23.074 [TUNER] 1524,1000,0.20,0.00,0.11,0.00,-0.00,0.00,0.39,0.00
00:02:23.077 [TUNER] 1525,1000,0.16,0.00,0.11,0.00,-0.00,0.00,0.39,0.00
00:02:23.107 [TUNER] 1526,1000,0.16,0.00,0.11,0.00,-0.00,0.00,0.39,0.00
00:02:23.107 [TUNER] 1527,1000,0.13,0.00,0.11,0.00,-0.00,0.00,0.39,0.00
00:02:23.142 [TUNER] 1528,1000,0.13,0.00,0.11,0.00,-0.00,0.00,0.39,0.00
00:02:23.178 [TUNER] 1529,1000,0.10,0.00,0.11,0.00,-0.00,0.00,0.39,0.00
00:02:23.178 [TUNER] 1530,1000,0.10,0.00,0.11,0.00,-0.00,0.00,0.39,0.00
00:02:23.214 [TUNER] 1531,1000,0.08,0.00,0.11,0.00,-0.00,0.00,0.39,0.00
00:02:23.214 [TUNER] 1532,1000,0.08,0.00,0.11,0.00,-0.00,0.00,0.39,0.00
00:02:23.249 [TUNER] 1533,1000,0.07,0.00,0.11,0.00,-0.00,0.00,0.39,0.00
00:02:23.282 [TUNER] 1534,1000,0.07,0.00,0.11,0.00,-0.00,0.00,0.39,0.00
00:02:23.284 [TUNER] 1535,1000,0.05,0.00,0.11,0.00,-0.00,0.00,0.39,0.00
00:02:23.317 [TUNER] 1536,1000,0.05,0.00,0.11,0.00,-0.00,0.00,0.39,0.00
00:02:23.318 [TUNER] 1537,1000,0.04,0.00,0.11,0.00,-0.00,0.00,0.39,0.00
00:02:23.351 [TUNER] 1538,1000,0.04,0.00,0.11,0.00,-0.00,0.00,0.39,0.00
00:02:23.352 [TUNER] 1539,1000,0.03,0.00,0.11,0.00,-0.00,0.00,0.39,0.00
00:02:23.388 [TUNER] 1540,1000,0.03,0.00,0.11,0.00,-0.00,0.00,0.39,0.00
00:02:23.423 [TUNER] 1541,1000,0.03,0.00,0.11,0.00,-0.00,0.00,0.39,0.00
00:02:23.423 [TUNER] 1542,1000,0.03,0.00,0.11,0.00,-0.00,0.00,0.39,0.00
00:02:23.457 [TUNER] 1543,1000,0.02,0.00,0.11,0.00,-0.00,0.00,0.39,0.00
00:02:23.457 [TUNER] 1544,1000,0.02,0.00,0.11,0.00,-0.00,0.00,0.39,0.00
00:02:23.492 [TUNER] 1545,1000,0.02,0.00,0.11,0.00,-0.00,0.00,0.39,0.00
00:02:23.528 [TUNER] 1546,1000,0.02,0.00,0.11,0.00,-0.00,0.00,0.39,0.00
00:02:23.528 [TUNER] 1547,1002,0.01,0.00,0.11,0.00,-0.00,0.00,0.39,0.00
00:02:23.562 [TUNER] 1548,1000,0.01,0.00,0.11,0.00,-0.00,0.00,0.39,0.00
00:02:23.562 [TUNER] 1549,998,0.01,0.00,0.11,0.00,-0.00,0.00,0.39,0.00
00:02:23.598 [TUNER] 1550,1000,0.01,0.00,0.11,0.00,-0.00,0.00,0.39,0.00
00:02:23.598 [TUNER] 1551,1000,0.01,0.00,0.11,0.00,-0.00,0.00,0.39,0.00
00:02:23.634 [TUNER] 1552,1000,0.01,0.00,0.11,0.00,-0.00,0.00,0.39,0.00
00:02:23.667 [TUNER] 1553,1000,0.01,0.00,0.11,0.00,-0.00,0.00,0.39,0.00
00:02:23.668 [TUNER] 1554,1000,0.01,0.00,0.11,0.00,-0.00,0.00,0.39,0.00
00:02:23.702 [TUNER] 1555,1000,0.01,0.00,0.11,0.00,-0.00,0.00,0.39,0.00
00:02:23.703 [TUNER] 1556,1000,0.01,0.00,0.11,0.00,-0.00,0.00,0.39,0.00
00:02:23.737 [TUNER] 1557,1000,0.00,0.00,0.11,0.00,-0.00,0.00,0.39,0.00
00:02:23.793 [TUNER] 1558,1000,0.00,0.00,0.11,0.00,-0.00,0.00,0.39,0.00
00:02:23.793 [TUNER] 1559,1000,0.00,0.00,0.11,0.00,-0.00,0.00,0.39,0.00
00:02:23.805 [TUNER] 1560,1000,0.00,0.00,0.11,0.00,-0.00,0.00,0.39,0.00
00:02:23.806 [TUNER] 1561,1000,0.00,0.00,0.11,0.00,-0.00,0.00,0.39,0.00
00:02:23.842 [TUNER] 1562,1000,0.00,0.00,0.11,0.00,-0.00,0.00,0.39,0.00
00:02:23.842 [TUNER] 1563,1000,0.00,0.00,0.11,0.00,-0.00,0.00,0.39,0.00
00:02:23.878 [TUNER] 1564,1000,0.00,0.00,0.11,0.00,-0.00,0.00,0.39,0.00
00:02:23.913 [TUNER] 1565,1000,0.00,0.00,0.11,0.00,-0.00,0.00,0.39,0.00
00:02:23.913 [TUNER] 1566,1000,0.00,0.00,0.11,0.00,-0.00,0.00,0.39,0.00
00:02:23.948 [TUNER] 1567,1000,0.00,0.00,0.11,0.00,-0.00,0.00,0.39,0.00
00:02:23.948 [TUNER] 1568,1000,0.00,0.00,0.11,0.00,-0.00,0.00,0.39,0.00
00:02:23.984 [TUNER] 1569,1000,0.00,0.00,0.11,0.00,-0.00,0.00,0.39,0.00
00:02:24.018 [TUNER] 1570,1000,0.00,0.00,0.11,0.00,-0.00,0.00,0.39,0.00
00:02:24.019 [TUNER] 1571,1000,0.00,0.00,0.11,0.00,-0.00,0.00,0.39,0.00
00:02:24.052 [TUNER] 1572,1000,0.00,0.00,0.11,0.00,-0.00,0.00,0.39,0.00
00:02:24.053 [TUNER] 1573,1000,0.00,0.00,0.11,0.00,-0.00,0.00,0.39,0.00
00:02:24.088 [TUNER] 1574,1000,0.00,0.00,0.11,0.00,-0.00,0.00,0.39,0.00
00:02:24.088 [TUNER] 1575,1000,0.00,0.00,0.11,0.00,-0.00,0.00,0.39,0.00
00:02:24.122 [TUNER] 1576,1000,0.00,0.00,0.11,0.00,-0.00,0.00,0.39,0.00
00:02:24.158 [TUNER] 1577,1000,0.00,0.00,0.11,0.00,-0.00,0.00,0.39,0.00
00:02:24.158 [TUNER] 1578,1000,0.00,0.00,0.11,0.00,-0.00,0.00,0.39,0.00
00:02:24.192 [TUNER] 1579,1000,0.00,0.00,0.11,0.00,-0.00,0.00,0.39,0.00
00:02:24.227 [TUNER] 1580,1000,0.00,0.00,0.11,0.00,-0.00,0.00,0.39,0.00
00:02:24.228 [TUNER] 1581,1001,0.00,0.00,0.11,0.00,-0.00,0.00,0.39,0.00
00:02:24.263 [TUNER] 1582,999,0.00,0.00,0.11,0.00,-0.00,0.00,0.39,0.00
00:02:24.263 [TUNER] 1583,1000,0.00,0.00,0.11,0.00,-0.00,0.00,0.39,0.00
00:02:24.296 [TUNER] 1584,1002,0.00,0.00,0.11,0.00,-0.00,0.00,0.39,0.00
00:02:24.297 [TUNER] 1585,998,0.00,0.00,0.11,0.00,-0.00,0.00,0.39,0.00
00:02:24.333 [TUNER] 1586,1000,0.00,0.00,0.11,0.00,-0.00,0.00,0.39,0.00
00:02:24.334 [TUNER] 1587,1000,0.00,0.00,0.11,0.00,-0.00,0.00,0.39,0.00
00:02:24.369 [TUNER] 1588,1000,0.00,0.00,0.11,0.00,-0.00,0.00,0.39,0.00
00:02:24.401 [TUNER] 1589,1000,0.00,0.00,0.11,0.00,-0.00,0.00,0.39,0.00
00:02:24.404 [TUNER] 1590,1000,0.00,0.00,0.11,0.00,-0.00,0.00,0.39,0.00
00:02:24.437 [TUNER] 1591,1000,0.00,0.00,0.11,0.00,-0.00,0.00,0.39,0.00
00:02:24.440 [TUNER] 1592,1000,0.00,0.00,0.11,0.00,-0.00,0.00,0.39,0.00
00:02:24.472 [TUNER] 1593,1000,0.00,0.00,0.11,0.00,-0.00,0.00,0.39,0.00
00:02:24.507 [TUNER] 1594,1000,0.00,0.00,0.11,0.00,-0.00,0.00,0.39,0.00
00:02:24.507 [TUNER] 1595,1000,0.00,0.00,0.11,0.00,-0.00,0.00,0.39,0.00
00:02:24.542 [TUNER] 1596,1000,0.00,0.00,0.11,0.00,-0.00,0.00,0.39,0.00
00:02:24.543 [TUNER] 1597,1000,0.00,0.00,0.11,0.00,-0.00,0.00,0.39,0.00
00:02:24.579 [TUNER] 1598,1000,0.00,0.00,0.11,0.00,-0.00,0.00,0.39,0.00
00:02:24.580 [TUNER] 1599,1000,0.00,0.00,0.11,0.00,-0.00,0.00,0.39,0.00
00:02:24.611 [TUNER] 1600,1000,0.00,0.00,0.11,0.00,-0.00,0.00,0.39,0.00
00:02:24.647 [TUNER] 1601,1000,0.00,0.00,0.11,0.00,-0.00,0.00,0.39,0.00
00:02:24.648 [TUNER] 1602,1000,0.00,0.00,0.11,0.00,-0.00,0.00,0.39,0.00
00:02:24.684 [TUNER] 1603,1000,0.00,0.00,0.11,0.00,-0.00,0.00,0.39,0.00
00:02:24.684 [TUNER] 1604,1000,0.00,0.00,0.11,0.00,-0.00,0.00,0.39,0.00
00:02:24.718 [TUNER] 1605,1000,0.00,0.00,0.11,0.00,-0.00,0.00,0.39,0.00
00:02:24.718 [TUNER] 1606,1000,0.00,0.00,0.11,0.00,-0.00,0.00,0.39,0.00
00:02:24.753 [TUNER] 1607,1000,0.00,0.00,0.11,0.00,-0.00,0.00,0.39,0.00
00:02:24.788 [TUNER] 1608,1000,0.00,0.00,0.11,0.00,-0.00,0.00,0.39,0.00
00:02:24.790 [TUNER] 1609,1000,0.00,0.00,0.11,0.00,-0.00,0.00,0.39,0.00
00:02:24.822 [TUNER] 1610,1000,0.00,0.00,0.11,0.00,-0.00,0.00,0.39,0.00
00:02:24.823 [TUNER] 1611,1000,0.00,0.00,0.11,0.00,-0.00,0.00,0.39,0.00
00:02:24.857 [TUNER] 1612,1000,0.00,0.00,0.11,0.00,-0.00,0.00,0.39,0.00
00:02:24.894 [TUNER] 1613,1000,0.00,0.00,0.11,0.00,-0.00,0.00,0.39,0.00
00:02:24.898 [TUNER] 1614,1000,0.00,0.00,0.11,0.00,-0.00,0.00,0.39,0.00
00:02:24.927 [TUNER] 1615,1000,0.00,0.00,0.11,0.00,-0.00,0.00,0.39,0.00
00:02:24.928 [TUNER] 1616,1000,0.00,0.00,0.11,0.00,-0.00,0.00,0.39,0.00
00:02:24.964 [TUNER] 1617,1002,0.00,0.00,0.11,0.00,-0.00,0.00,0.39,0.00
00:02:24.996 [TUNER] 1618,998,0.00,0.00,0.11,0.00,-0.00,0.00,0.39,0.00
00:02:24.997 [TUNER] 1619,1000,0.00,0.00,0.11,0.00,-0.00,0.00,0.39,0.00
00:02:25.033 [TUNER] 1620,1002,0.00,0.00,0.11,0.00,-0.00,0.00,0.39,0.00
00:02:25.068 [TUNER] 1621,998,0.00,0.00,0.11,0.00,-0.00,0.00,0.39,0.00
00:02:25.068 [TUNER] 1622,1000,0.00,0.00,0.11,0.00,-0.00,0.00,0.39,0.00
00:02:25.069 [TUNER] 1623,1000,0.00,0.00,0.11,0.00,-0.00,0.00,0.39,0.00
00:02:25.102 [TUNER] 1624,1000,0.00,0.00,0.11,0.00,-0.00,0.00,0.39,0.00
00:02:25.138 [TUNER] 1625,1000,0.00,0.00,0.11,0.00,-0.00,0.00,0.39,0.00
00:02:25.139 [TUNER] 1626,1000,0.00,0.00,0.11,0.00,-0.00,0.00,0.39,0.00
00:02:25.171 [TUNER] 1627,1000,0.00,0.00,0.11,0.00,-0.00,0.00,0.39,0.00
00:02:25.172 [TUNER] 1628,1000,0.00,0.00,0.11,0.00,-0.00,0.00,0.39,0.00
00:02:25.208 [TUNER] 1629,1000,0.00,0.00,0.11,0.00,-0.00,0.00,0.39,0.00
00:02:25.208 [TUNER] 1630,1000,0.00,0.00,0.11,0.00,-0.00,0.00,0.39,0.00
00:02:25.242 [TUNER] 1631,1000,0.00,0.00,0.11,0.00,-0.00,0.00,0.39,0.00
00:02:25.277 [TUNER] 1632,1000,0.00,0.00,0.11,0.00,-0.00,0.00,0.39,0.00
00:02:25.277 [TUNER] 1633,1000,0.00,0.00,0.11,0.00,-0.00,0.00,0.39,0.00
00:02:25.312 [TUNER] 1634,1000,0.00,0.00,0.11,0.00,-0.00,0.00,0.39,0.00
00:02:25.313 [TUNER] 1635,1000,0.00,0.00,0.11,0.00,-0.00,0.00,0.39,0.00
00:02:25.348 [TUNER] 1636,1000,0.00,0.00,0.11,0.00,-0.00,0.00,0.39,0.00
00:02:25.383 [TUNER] 1637,1000,0.00,0.00,0.11,0.00,-0.00,0.00,0.39,0.00
00:02:25.384 [TUNER] 1638,1000,0.00,0.00,0.11,0.00,-0.00,0.00,0.39,0.00
00:02:25.418 [TUNER] 1639,1000,0.00,0.00,0.11,0.00,-0.00,0.00,0.39,0.00
00:02:25.420 [TUNER] 1640,1000,0.00,0.00,0.11,0.00,-0.00,0.00,0.39,0.00
00:02:25.453 [TUNER] 1641,1000,0.00,0.00,0.11,0.00,-0.00,0.00,0.39,0.00
00:02:25.488 [TUNER] 1642,1000,0.00,0.00,0.11,0.00,-0.00,0.00,0.39,0.00
00:02:25.489 [TUNER] 1643,1000,0.00,0.00,0.11,0.00,-0.00,0.00,0.39,0.00
00:02:25.523 [TUNER] 1644,1000,0.00,0.00,0.11,0.00,-0.00,0.00,0.39,0.00
00:02:25.524 [TUNER] 1645,1000,0.00,0.00,0.11,0.00,-0.00,0.00,0.39,0.00
00:02:25.557 [TUNER] 1646,1000,0.00,0.00,0.11,0.00,-0.00,0.00,0.39,0.00
00:02:25.557 [TUNER] 1647,1000,0.00,0.00,0.11,0.00,-0.00,0.00,0.39,0.00
00:02:25.595 [TUNER] 1648,1000,0.00,0.00,0.11,0.00,-0.00,0.00,0.39,0.00
00:02:25.628 [TUNER] 1649,1000,0.00,0.00,0.11,0.00,-0.00,0.00,0.39,0.00
00:02:25.629 [TUNER] 1650,1000,0.00,0.00,0.11,0.00,-0.00,0.00,0.39,0.00
00:02:25.663 [TUNER] 1651,1000,0.00,0.00,0.11,0.00,-0.00,0.00,0.39,0.00
00:02:25.663 [TUNER] 1652,1000,0.00,0.00,0.11,0.00,-0.00,0.00,0.39,0.00
00:02:25.696 [TUNER] 1653,1002,0.00,0.00,0.11,0.00,-0.00,0.00,0.39,0.00
00:02:25.696 [TUNER] 1654,998,0.00,0.00,0.11,0.00,-0.00,0.00,0.39,0.00
00:02:25.733 [TUNER] 1655,1000,0.00,0.00,0.11,0.00,-0.00,0.00,0.39,0.00
00:02:25.770 [TUNER] 1656,1000,0.00,0.00,0.11,0.00,-0.00,0.00,0.39,0.00
00:02:25.770 [TUNER] 1657,1000,0.00,0.00,0.11,0.00,-0.00,0.00,0.39,0.00
00:02:25.801 [TUNER] 1658,1000,0.00,0.00,0.11,0.00,-0.00,0.00,0.39,0.00
00:02:25.803 [TUNER] 1659,1000,0.00,0.00,0.11,0.00,-0.00,0.00,0.39,0.00
00:02:25.838 [TUNER] 1660,1000,0.00,0.00,0.11,0.00,-0.00,0.00,0.39,0.00
00:02:25.873 [TUNER] 1661,1000,0.00,0.00,0.11,0.00,-0.00,0.00,0.39,0.00
00:02:25.873 [TUNER] 1662,1000,0.00,0.00,0.11,0.00,-0.00,0.00,0.39,0.00
00:02:25.907 [TUNER] 1663,1000,0.00,0.00,0.11,0.00,-0.00,0.00,0.39,0.00
00:02:25.908 [TUNER] 1664,1000,0.00,0.00,0.11,0.00,-0.00,0.00,0.39,0.00
00:02:25.941 [TUNER] 1665,1000,0.00,0.00,0.11,0.00,-0.00,0.00,0.39,0.00
00:02:25.942 [TUNER] 1666,1000,0.00,0.00,0.11,0.00,-0.00,0.00,0.39,0.00
00:02:25.978 [TUNER] 1667,1000,0.00,0.00,0.11,0.00,-0.00,0.00,0.39,0.00
00:02:26.013 [TUNER] 1668,1000,0.00,0.00,0.11,0.00,-0.00,0.00,0.39,0.00
00:02:26.014 [TUNER] 1669,1000,0.00,0.00,0.11,0.00,-0.00,0.00,0.39,0.00
00:02:26.049 [TUNER] 1670,1000,0.00,0.00,0.11,0.00,-0.00,0.00,0.39,0.00
00:02:26.049 [TUNER] 1671,1000,0.00,0.00,0.11,0.00,-0.00,0.00,0.39,0.00
00:02:26.082 [TUNER] 1672,1000,0.00,0.00,0.11,0.00,-0.00,0.00,0.39,0.00
00:02:26.118 [TUNER] 1673,1000,0.00,0.00,0.11,0.00,-0.00,0.00,0.39,0.00
00:02:26.119 [TUNER] 1674,1000,0.00,0.00,0.11,0.00,-0.00,0.00,0.39,0.00
00:02:26.152 [TUNER] 1675,1000,0.00,0.00,0.11,0.00,-0.00,0.00,0.39,0.00
00:02:26.153 [TUNER] 1676,1000,0.00,0.00,0.11,0.00,-0.00,0.00,0.39,0.00
00:02:26.188 [TUNER] 1677,1000,0.00,0.00,0.11,0.00,-0.00,0.00,0.39,0.00
00:02:26.188 [TUNER] 1678,1000,0.00,0.00,0.11,0.00,-0.00,0.00,0.39,0.00
00:02:26.222 [TUNER] 1679,1000,0.00,0.00,0.11,0.00,-0.00,0.00,0.39,0.00
00:02:26.257 [TUNER] 1680,1000,0.00,0.00,0.11,0.00,-0.00,0.00,0.39,0.00
00:02:26.258 [TUNER] 1681,1000,0.00,0.00,0.11,0.00,-0.00,0.00,0.39,0.00
00:02:26.292 [TUNER] 1682,1000,0.00,0.00,0.11,0.00,-0.00,0.00,0.39,0.00
00:02:26.292 [TUNER] 1683,1000,0.00,0.00,0.11,0.00,-0.00,0.00,0.39,0.00
00:02:26.328 [TUNER] 1684,1002,0.00,0.00,0.11,0.00,-0.00,0.00,0.39,0.00
00:02:26.363 [TUNER] 1685,998,0.00,0.00,0.11,0.00,-0.00,0.00,0.39,0.00
00:02:26.364 [TUNER] 1686,1000,0.00,0.00,0.11,0.00,-0.00,0.00,0.39,0.00
00:02:26.398 [TUNER] 1687,1002,0.00,0.00,0.11,0.00,-0.00,0.00,0.39,0.00
00:02:26.399 [TUNER] 1688,998,0.00,0.00,0.11,0.00,-0.00,0.00,0.39,0.00
00:02:26.433 [TUNER] 1689,1000,0.00,0.00,0.11,0.00,-0.00,0.00,0.39,0.00
00:02:26.434 [TUNER] 1690,1002,0.00,0.00,0.11,0.00,-0.00,0.00,0.39,0.00
00:02:26.468 [TUNER] 1691,998,0.00,0.00,0.11,0.00,-0.00,0.00,0.39,0.00
00:02:26.503 [TUNER] 1692,1000,0.00,0.00,0.11,0.00,-0.00,0.00,0.39,0.00
00:02:26.505 [TUNER] 1693,1000,0.00,0.00,0.11,0.00,-0.00,0.00,0.39,0.00
00:02:26.537 [TUNER] 1694,1000,0.00,0.00,0.11,0.00,-0.00,0.00,0.39,0.00
00:02:26.537 [TUNER] 1695,1000,0.00,0.00,0.11,0.00,-0.00,0.00,0.39,0.00
00:02:26.574 [TUNER] 1696,1000,0.00,0.00,0.11,0.00,-0.00,0.00,0.39,0.00
00:02:26.575 [TUNER] 1697,1000,0.00,0.00,0.11,0.00,-0.00,0.00,0.39,0.00
00:02:26.607 [TUNER] 1698,1000,0.00,0.00,0.11,0.00,-0.00,0.00,0.39,0.00
00:02:26.643 [TUNER] 1699,1000,0.00,0.00,0.11,0.00,-0.00,0.00,0.39,0.00
00:02:26.644 [TUNER] 1700,1000,0.00,0.00,0.11,0.00,-0.00,0.00,0.39,0.00
00:02:26.677 [TUNER] 1701,1000,0.00,0.00,0.11,0.00,-0.00,0.00,0.39,0.00
00:02:26.678 [TUNER] 1702,1000,0.00,0.00,0.11,0.00,-0.00,0.00,0.39,0.00
00:02:26.714 [TUNER] 1703,1000,0.00,0.00,0.11,0.00,-0.00,0.00,0.39,0.00
00:02:26.714 [TUNER] 1704,1000,0.00,0.00,0.11,0.00,-0.00,0.00,0.39,0.00
00:02:26.749 [TUNER] 1705,1000,0.00,0.00,0.11,0.00,-0.00,0.00,0.39,0.00
00:02:26.782 [TUNER] 1706,1000,0.00,0.00,0.11,0.00,-0.00,0.00,0.39,0.00
00:02:26.782 [TUNER] 1707,1000,0.00,0.00,0.11,0.00,-0.00,0.00,0.39,0.00
00:02:26.821 [TUNER] 1708,1000,0.00,0.00,0.11,0.00,-0.00,0.00,0.39,0.00
00:02:26.822 [TUNER] 1709,1000,0.00,0.00,0.11,0.00,-0.00,0.00,0.39,0.00
00:02:26.853 [TUNER] 1710,1000,0.00,0.00,0.11,0.00,-0.00,0.00,0.39,0.00
00:02:26.888 [TUNER] 1711,1000,0.00,0.00,0.11,0.00,-0.00,0.00,0.39,0.00
00:02:26.889 [TUNER] 1712,1000,0.00,0.00,0.11,0.00,-0.00,0.00,0.39,0.00
00:02:26.922 [TUNER] 1713,1000,0.00,0.00,0.11,0.00,-0.00,0.00,0.39,0.00
00:02:26.923 [TUNER] 1714,1000,0.00,0.00,0.11,0.00,-0.00,0.00,0.39,0.00
00:02:26.957 [TUNER] 1715,1000,0.00,0.00,0.11,0.00,-0.00,0.00,0.39,0.00
00:02:26.957 [TUNER] 1716,1000,0.00,0.00,0.11,0.00,-0.00,0.00,0.39,0.00
00:02:26.992 [TUNER] 1717,1000,0.00,0.00,0.11,0.00,-0.00,0.00,0.39,0.00
00:02:27.028 [TUNER] 1718,1000,0.00,0.00,0.11,0.00,-0.00,0.00,0.39,0.00
00:02:27.028 [TUNER] 1719,1000,0.00,0.00,0.11,0.00,-0.00,0.00,0.39,0.00
00:02:27.064 [TUNER] 1720,1000,0.00,0.00,0.11,0.00,-0.00,0.00,0.39,0.00
00:02:27.065 [TUNER] 1721,1000,0.00,0.00,0.11,0.00,-0.00,0.00,0.39,0.00
00:02:27.096 [TUNER] 1722,1000,0.00,0.00,0.11,0.00,-0.00,0.00,0.39,0.00
00:02:27.096 [TUNER] 1723,1002,0.00,0.00,0.11,0.00,-0.00,0.00,0.39,0.00
00:02:27.130 [TUNER] 1724,998,0.00,0.00,0.11,0.00,-0.00,0.00,0.39,0.00
00:02:27.166 [TUNER] 1725,1000,0.00,0.00,0.11,0.00,-0.00,0.00,0.39,0.00
00:02:27.166 [TUNER] 1726,1000,0.00,0.00,0.11,0.00,-0.00,0.00,0.39,0.00
00:02:27.202 [TUNER] 1727,1000,0.00,0.00,0.11,0.00,-0.00,0.00,0.39,0.00
00:02:27.202 [TUNER] 1728,1000,0.00,0.00,0.11,0.00,-0.00,0.00,0.39,0.00
00:02:27.235 [TUNER] 1729,1000,0.00,0.00,0.11,0.00,-0.00,0.00,0.39,0.00
00:02:27.270 [TUNER] 1730,1000,0.00,0.00,0.11,0.00,-0.00,0.00,0.39,0.00
00:02:27.271 [TUNER] 1731,1000,0.00,0.00,0.11,0.00,-0.00,0.00,0.39,0.00
00:02:27.305 [TUNER] 1732,1000,0.00,0.00,0.11,0.00,-0.00,0.00,0.39,0.00
00:02:27.305 [TUNER] 1733,1000,0.00,0.00,0.11,0.00,-0.00,0.00,0.39,0.00
00:02:27.340 [TUNER] 1734,1000,0.00,0.00,0.11,0.00,-0.00,0.00,0.39,0.00
00:02:27.341 [TUNER] 1735,1000,0.00,0.00,0.11,0.00,-0.00,0.00,0.39,0.00
00:02:27.376 [TUNER] 1736,1000,0.00,0.00,0.11,0.00,-0.00,0.00,0.39,0.00
00:02:27.411 [TUNER] 1737,1000,0.00,0.00,0.11,0.00,-0.00,0.00,0.39,0.00
00:02:27.412 [TUNER] 1738,1000,0.00,0.00,0.11,0.00,-0.00,0.00,0.39,0.00
00:02:27.445 [TUNER] 1739,1000,0.00,0.00,0.11,0.00,-0.00,0.00,0.39,0.00
00:02:27.445 [TUNER] 1740,1000,0.00,0.00,0.11,0.00,-0.00,0.00,0.39,0.00
00:02:27.482 [TUNER] 1741,1000,0.00,0.00,0.11,0.00,-0.00,0.00,0.39,0.00
00:02:27.482 [TUNER] 1742,1000,0.00,0.00,0.11,0.00,-0.00,0.00,0.39,0.00
00:02:27.516 [TUNER] 1743,1000,0.00,0.00,0.11,0.00,-0.00,0.00,0.39,0.00
00:02:27.552 [TUNER] 1744,1000,0.00,0.00,0.11,0.00,-0.00,0.00,0.39,0.00
00:02:27.552 [TUNER] 1745,1000,0.00,0.00,0.11,0.00,-0.00,0.00,0.39,0.00
00:02:27.587 [TUNER] 1746,1000,0.00,0.00,0.11,0.00,-0.00,0.00,0.39,0.00
00:02:27.587 [TUNER] 1747,1000,0.00,0.00,0.11,0.00,-0.00,0.00,0.39,0.00
00:02:27.622 [TUNER] 1748,1000,0.00,0.00,0.11,0.00,-0.00,0.00,0.39,0.00
00:02:27.657 [TUNER] 1749,1000,0.00,0.00,0.11,0.00,-0.00,0.00,0.39,0.00
00:02:27.658 [TUNER] 1750,1000,0.00,0.00,0.11,0.00,-0.00,0.00,0.39,0.00
00:02:27.691 [TUNER] 1751,1000,0.00,0.00,0.11,0.00,-0.00,0.00,0.39,0.00
00:02:27.692 [TUNER] 1752,1000,0.00,0.00,0.11,0.00,-0.00,0.00,0.39,0.00
00:02:27.726 [TUNER] 1753,1000,0.00,0.00,0.11,0.00,-0.00,0.00,0.39,0.00
00:02:27.728 [TUNER] 1754,1000,0.00,0.00,0.11,0.00,-0.00,0.00,0.39,0.00
00:02:27.761 [TUNER] 1755,1000,0.00,0.00,0.11,0.00,-0.00,0.00,0.39,0.00
00:02:27.798 [TUNER] 1756,1000,0.00,0.00,0.11,0.00,-0.00,0.00,0.39,0.00
00:02:27.798 [TUNER] 1757,1000,0.00,0.00,0.11,0.00,-0.00,0.00,0.39,0.00
00:02:27.832 [TUNER] 1758,1002,0.00,0.00,0.11,0.00,-0.00,0.00,0.39,0.00
00:02:27.832 [TUNER] 1759,998,0.00,0.00,0.11,0.00,-0.00,0.00,0.39,0.00
00:02:27.867 [TUNER] 1760,1000,0.00,0.00,0.11,0.00,-0.00,0.00,0.39,0.00
00:02:27.902 [TUNER] 1761,1000,0.00,0.00,0.11,0.00,-0.00,0.00,0.39,0.00
00:02:27.902 [TUNER] 1762,1000,0.00,0.00,0.11,0.00,-0.00,0.00,0.39,0.00
00:02:27.937 [TUNER] 1763,1000,0.00,0.00,0.11,0.00,-0.00,0.00,0.39,0.00
00:02:27.938 [TUNER] 1764,1000,0.00,0.00,0.11,0.00,-0.00,0.00,0.39,0.00
00:02:27.974 [TUNER] 1765,1000,0.00,0.00,0.11,0.00,-0.00,0.00,0.39,0.00
00:02:27.975 [TUNER] 1766,1000,0.00,0.00,0.11,0.00,-0.00,0.00,0.39,0.00
00:02:28.006 [TUNER] 1767,1000,0.00,0.00,0.11,0.00,-0.00,0.00,0.39,0.00
00:02:28.042 [TUNER] 1768,1000,0.00,0.00,0.11,0.00,-0.00,0.00,0.39,0.00
00:02:28.042 [TUNER] 1769,1000,0.00,0.00,0.11,0.00,-0.00,0.00,0.39,0.00
00:02:28.077 [TUNER] 1770,1000,0.00,0.00,0.11,0.00,-0.00,0.00,0.39,0.00
00:02:28.078 [TUNER] 1771,1000,0.00,0.00,0.11,0.00,-0.00,0.00,0.39,0.00
00:02:28.112 [TUNER] 1772,1000,0.00,0.00,0.11,0.00,-0.00,0.00,0.39,0.00
00:02:28.112 [TUNER] 1773,1000,0.00,0.00,0.11,0.00,-0.00,0.00,0.39,0.00
00:02:28.147 [TUNER] 1774,1000,0.00,0.00,0.11,0.00,-0.00,0.00,0.39,0.00
00:02:28.182 [TUNER] 1775,1000,0.00,0.00,0.11,0.00,-0.00,0.00,0.39,0.00
00:02:28.182 [TUNER] 1776,1000,0.00,0.00,0.11,0.00,-0.00,0.00,0.39,0.00
00:02:28.220 [TUNER] 1777,1000,0.00,0.00,0.11,0.00,-0.00,0.00,0.39,0.00
00:02:28.220 [TUNER] 1778,1000,0.00,0.00,0.11,0.00,-0.00,0.00,0.39,0.00
00:02:28.251 [TUNER] 1779,1000,0.00,0.00,0.11,0.00,-0.00,0.00,0.39,0.00
00:02:28.286 [TUNER] 1780,1000,0.00,0.00,0.11,0.00,-0.00,0.00,0.39,0.00
00:02:28.286 [TUNER] 1781,1000,0.00,0.00,0.11,0.00,-0.00,0.00,0.39,0.00
00:02:28.322 [TUNER] 1782,1000,0.00,0.00,0.11,0.00,-0.00,0.00,0.39,0.00
00:02:28.322 [TUNER] 1783,1000,0.00,0.00,0.11,0.00,-0.00,0.00,0.39,0.00
00:02:28.356 [TUNER] 1784,1000,0.00,0.00,0.11,0.00,-0.00,0.00,0.39,0.00
00:02:28.357 [TUNER] 1785,1002,0.00,0.00,0.11,0.00,-0.00,0.00,0.39,0.00
00:02:28.391 [TUNER] 1786,998,0.00,0.00,0.11,0.00,-0.00,0.00,0.39,0.00
00:02:28.425 [TUNER] 1787,1000,0.00,0.00,0.11,0.00,-0.00,0.00,0.39,0.00
00:02:28.426 [TUNER] 1788,1000,0.00,0.00,0.11,0.00,-0.00,0.00,0.39,0.00
00:02:28.461 [TUNER] 1789,1000,0.00,0.00,0.11,0.00,-0.00,0.00,0.39,0.00
00:02:28.461 [TUNER] 1790,1000,0.00,0.00,0.11,0.00,-0.00,0.00,0.39,0.00
00:02:28.497 [TUNER] 1791,1000,0.00,0.00,0.11,0.00,-0.00,0.00,0.39,0.00
00:02:28.531 [TUNER] 1792,1002,0.00,0.00,0.11,0.00,-0.00,0.00,0.39,0.00
00:02:28.533 [TUNER] 1793,998,0.00,0.00,0.11,0.00,-0.00,0.00,0.39,0.00
00:02:28.566 [TUNER] 1794,1000,0.00,0.00,0.11,0.00,-0.00,0.00,0.39,0.00
00:02:28.566 [TUNER] 1795,1002,0.00,0.00,0.11,0.00,-0.00,0.00,0.39,0.00
00:02:28.602 [TUNER] 1796,998,0.00,0.00,0.11,0.00,-0.00,0.00,0.39,0.00
00:02:28.602 [TUNER] 1797,1000,0.00,0.00,0.11,0.00,-0.00,0.00,0.39,0.00
00:02:28.638 [TUNER] 1798,1000,0.00,0.00,0.11,0.00,-0.00,0.00,0.39,0.00
00:02:28.670 [TUNER] 1799,1000,0.00,0.00,0.11,0.00,-0.00,0.00,0.39,0.00
00:02:28.671 [TUNER] 1800,1000,0.00,0.00,0.11,0.00,-0.00,0.00,0.39,0.00
00:02:28.706 [TUNER] 1801,1000,0.00,0.00,0.11,0.00,-0.00,0.00,0.39,0.00
00:02:28.706 [TUNER] 1802,1000,0.00,0.00,0.11,0.00,-0.00,0.00,0.39,0.00
00:02:28.741 [TUNER] 1803,1000,0.00,0.00,0.11,0.00,-0.00,0.00,0.39,0.00
00:02:28.776 [TUNER] 1804,1000,0.00,0.00,0.11,0.00,-0.00,0.00,0.39,0.00
00:02:28.777 [TUNER] 1805,1000,0.00,0.00,0.11,0.00,-0.00,0.00,0.39,0.00
00:02:28.811 [TUNER] 1806,1000,0.00,0.00,0.11,0.00,-0.00,0.00,0.39,0.00
00:02:28.811 [TUNER] 1807,1000,0.00,0.00,0.11,0.00,-0.00,0.00,0.39,0.00
00:02:28.846 [TUNER] 1808,1000,0.00,0.00,0.11,0.00,-0.00,0.00,0.39,0.00
00:02:28.882 [TUNER] 1809,1000,0.00,0.00,0.11,0.00,-0.00,0.00,0.39,0.00
00:02:28.882 [TUNER] 1810,1000,0.00,0.00,0.11,0.00,-0.00,0.00,0.39,0.00
00:02:28.917 [TUNER] 1811,1000,0.00,0.00,0.11,0.00,-0.00,0.00,0.39,0.00
00:02:28.917 [TUNER] 1812,1000,0.00,0.00,0.11,0.00,-0.00,0.00,0.39,0.00
00:02:28.952 [TUNER] 1813,1000,0.00,0.00,0.11,0.00,-0.00,0.00,0.39,0.00
00:02:28.953 [TUNER] 1814,1000,0.00,0.00,0.11,0.00,-0.00,0.00,0.39,0.00
00:02:28.989 [TUNER] 1815,1000,0.00,0.00,0.11,0.00,-0.00,0.00,0.39,0.00
00:02:29.022 [TUNER] 1816,1000,0.00,0.00,0.11,0.00,-0.00,0.00,0.39,0.00
00:02:29.023 [TUNER] 1817,1000,0.00,0.00,0.11,0.00,-0.00,0.00,0.39,0.00
00:02:29.057 [TUNER] 1818,1000,0.00,0.00,0.11,0.00,-0.00,0.00,0.39,0.00
00:02:29.061 [TUNER] 1819,1000,0.00,0.00,0.11,0.00,-0.00,0.00,0.39,0.00
00:02:29.094 [TUNER] 1820,1000,0.00,0.00,0.11,0.00,-0.00,0.00,0.39,0.00
00:02:29.126 [TUNER] 1821,1000,0.00,0.00,0.11,0.00,-0.00,0.00,0.39,0.00
00:02:29.128 [TUNER] 1822,1000,0.00,0.00,0.11,0.00,-0.00,0.00,0.39,0.00
00:02:29.161 [TUNER] 1823,1000,0.00,0.00,0.11,0.00,-0.00,0.00,0.39,0.00
00:02:29.162 [TUNER] 1824,1000,0.00,0.00,0.11,0.00,-0.00,0.00,0.39,0.00
00:02:29.196 [TUNER] 1825,1000,0.00,0.00,0.11,0.00,-0.00,0.00,0.39,0.00
00:02:29.233 [TUNER] 1826,1000,0.00,0.00,0.11,0.00,-0.00,0.00,0.39,0.00
00:02:29.233 [TUNER] 1827,1000,0.00,0.00,0.11,0.00,-0.00,0.00,0.39,0.00
00:02:29.269 [TUNER] 1828,1002,0.00,0.00,0.11,0.00,-0.00,0.00,0.39,0.00
00:02:29.270 [TUNER] 1829,998,0.00,0.00,0.11,0.00,-0.00,0.00,0.39,0.00
00:02:29.303 [TUNER] 1830,1000,0.00,0.00,0.11,0.00,-0.00,0.00,0.39,0.00
00:02:29.303 [TUNER] 1831,1000,0.00,0.00,0.11,0.00,-0.00,0.00,0.39,0.00
00:02:29.337 [TUNER] 1832,1000,0.00,0.00,0.11,0.00,-0.00,0.00,0.39,0.00
00:02:29.374 [TUNER] 1833,1000,0.00,0.00,0.11,0.00,-0.00,0.00,0.39,0.00
00:02:29.376 [TUNER] 1834,1000,0.00,0.00,0.11,0.00,-0.00,0.00,0.39,0.00
00:02:29.408 [TUNER] 1835,1000,0.00,0.00,0.11,0.00,-0.00,0.00,0.39,0.00
00:02:29.408 [TUNER] 1836,1000,0.00,0.00,0.11,0.00,-0.00,0.00,0.39,0.00
00:02:29.442 [TUNER] 1837,1000,0.00,0.00,0.11,0.00,-0.00,0.00,0.39,0.00
00:02:29.478 [TUNER] 1838,1000,0.00,0.00,0.11,0.00,-0.00,0.00,0.39,0.00
00:02:29.480 [TUNER] 1839,1000,0.00,0.00,0.11,0.00,-0.00,0.00,0.39,0.00
00:02:29.512 [TUNER] 1840,1000,0.00,0.00,0.11,0.00,-0.00,0.00,0.39,0.00
00:02:29.513 [TUNER] 1841,1000,0.00,0.00,0.11,0.00,-0.00,0.00,0.39,0.00
00:02:29.546 [TUNER] 1842,1000,0.00,0.00,0.11,0.00,-0.00,0.00,0.39,0.00
00:02:29.547 [TUNER] 1843,1000,0.00,0.00,0.11,0.00,-0.00,0.00,0.39,0.00
00:02:29.582 [TUNER] 1844,1000,0.00,0.00,0.11,0.00,-0.00,0.00,0.39,0.00
00:02:29.618 [TUNER] 1845,1000,0.00,0.00,0.11,0.00,-0.00,0.00,0.39,0.00
00:02:29.619 [TUNER] 1846,1000,0.00,0.00,0.11,0.00,-0.00,0.00,0.39,0.00
00:02:29.652 [TUNER] 1847,1000,0.00,0.00,0.11,0.00,-0.00,0.00,0.39,0.00
00:02:29.654 [TUNER] 1848,1000,0.00,0.00,0.11,0.00,-0.00,0.00,0.39,0.00
00:02:29.686 [TUNER] 1849,1000,0.00,0.00,0.11,0.00,-0.00,0.00,0.39,0.00
00:02:29.687 [TUNER] 1850,1000,0.00,0.00,0.11,0.00,-0.00,0.00,0.39,0.00
00:02:29.721 [TUNER] 1851,1000,0.00,0.00,0.11,0.00,-0.00,0.00,0.39,0.00
00:02:29.759 [TUNER] 1852,1000,0.00,0.00,0.11,0.00,-0.00,0.00,0.39,0.00
00:02:29.760 [TUNER] 1853,1000,0.00,0.00,0.11,0.00,-0.00,0.00,0.39,0.00
00:02:29.795 [TUNER] 1854,1000,0.00,0.00,0.11,0.00,-0.00,0.00,0.39,0.00
00:02:29.795 [TUNER] 1855,1000,0.00,0.00,0.11,0.00,-0.00,0.00,0.39,0.00
00:02:29.829 [TUNER] 1856,1000,0.00,0.00,0.11,0.00,-0.00,0.00,0.39,0.00
00:02:29.862 [TUNER] 1857,1000,0.00,0.00,0.11,0.00,-0.00,0.00,0.39,0.00
00:02:29.866 [TUNER] 1858,1000,0.00,0.00,0.11,0.00,-0.00,0.00,0.39,0.00
00:02:29.896 [TUNER] 1859,1000,0.00,0.00,0.11,0.00,-0.00,0.00,0.39,0.00
00:02:29.896 [TUNER] 1860,1000,0.00,0.00,0.11,0.00,-0.00,0.00,0.39,0.00
00:02:29.932 [TUNER] 1861,1000,0.00,0.00,0.11,0.00,-0.00,0.00,0.39,0.00
00:02:29.933 [TUNER] 1862,1000,0.00,0.00,0.11,0.00,-0.00,0.00,0.39,0.00
00:02:29.966 [TUNER] 1863,1002,0.00,0.00,0.11,0.00,-0.00,0.00,0.39,0.00
00:02:30.004 [TUNER] 1864,998,0.00,0.00,0.11,0.00,-0.00,0.00,0.39,0.00
00:02:30.004 [TUNER] 1865,1000,0.00,0.00,0.11,0.00,-0.00,0.00,0.39,0.00
00:02:30.037 [TUNER] 1866,1000,0.00,0.00,0.11,0.00,-0.00,0.00,0.39,0.00
00:02:30.037 [TUNER] 1867,1000,0.00,0.00,0.11,0.00,-0.00,0.00,0.39,0.00
00:02:30.071 [TUNER] 1868,1000,0.00,0.00,0.11,0.00,-0.00,0.00,0.39,0.00
00:02:30.108 [TUNER] 1869,1000,0.00,0.00,0.11,0.00,-0.00,0.00,0.39,0.00
00:02:30.109 [TUNER] 1870,1000,0.00,0.00,0.11,0.00,-0.00,0.00,0.39,0.00
00:02:30.143 [TUNER] 1871,1000,0.00,0.00,0.11,0.00,-0.00,0.00,0.39,0.00
00:02:30.144 [TUNER] 1872,1000,0.00,0.00,0.11,0.00,-0.00,0.00,0.39,0.00
00:02:30.176 [TUNER] 1873,1000,0.00,0.00,0.11,0.00,-0.00,0.00,0.39,0.00
00:02:30.177 [TUNER] 1874,1000,0.00,0.00,0.11,0.00,-0.00,0.00,0.39,0.00
00:02:30.211 [TUNER] 1875,1000,0.00,0.00,0.11,0.00,-0.00,0.00,0.39,0.00
00:02:30.248 [TUNER] 1876,1000,0.00,0.00,0.11,0.00,-0.00,0.00,0.39,0.00
00:02:30.250 [TUNER] 1877,1000,0.00,0.00,0.11,0.00,-0.00,0.00,0.39,0.00
00:02:30.282 [TUNER] 1878,1000,0.00,0.00,0.11,0.00,-0.00,0.00,0.39,0.00
00:02:30.282 [TUNER] 1879,1000,0.00,0.00,0.11,0.00,-0.00,0.00,0.39,0.00
00:02:30.318 [TUNER] 1880,1000,0.00,0.00,0.11,0.00,-0.00,0.00,0.39,0.00
00:02:30.320 [TUNER] 1881,1000,0.00,0.00,0.11,0.00,-0.00,0.00,0.39,0.00
00:02:30.351 [TUNER] 1882,1000,0.00,0.00,0.11,0.00,-0.00,0.00,0.39,0.00
00:02:30.388 [TUNER] 1883,1000,0.00,0.00,0.11,0.00,-0.00,0.00,0.39,0.00
00:02:30.388 [TUNER] 1884,1002,0.00,0.00,0.11,0.00,-0.00,0.00,0.39,0.00
00:02:30.423 [TUNER] 1885,998,0.00,0.00,0.11,0.00,-0.00,0.00,0.39,0.00
00:02:30.424 [TUNER] 1886,1000,0.00,0.00,0.11,0.00,-0.00,0.00,0.39,0.00
00:02:30.456 [TUNER] 1887,1000,0.00,0.00,0.11,0.00,-0.00,0.00,0.39,0.00
00:02:30.492 [TUNER] 1888,1000,0.00,0.00,0.11,0.00,-0.00,0.00,0.39,0.00
00:02:30.493 [TUNER] 1889,1000,0.00,0.00,0.11,0.00,-0.00,0.00,0.39,0.00
00:02:30.528 [TUNER] 1890,1000,0.00,0.00,0.11,0.00,-0.00,0.00,0.39,0.00
00:02:30.530 [TUNER] 1891,1000,0.00,0.00,0.11,0.00,-0.00,0.00,0.39,0.00
00:02:30.561 [TUNER] 1892,1000,0.00,0.00,0.11,0.00,-0.00,0.00,0.39,0.00
00:02:30.599 [TUNER] 1893,1000,0.00,0.00,0.11,0.00,-0.00,0.00,0.39,0.00
00:02:30.599 [TUNER] 1894,1000,0.00,0.00,0.11,0.00,-0.00,0.00,0.39,0.00
00:02:30.632 [TUNER] 1895,1000,0.00,0.00,0.11,0.00,-0.00,0.00,0.39,0.00
00:02:30.632 [TUNER] 1896,1000,0.00,0.00,0.11,0.00,-0.00,0.00,0.39,0.00
00:02:30.669 [TUNER] 1897,1002,0.00,0.00,0.11,0.00,-0.00,0.00,0.39,0.00
00:02:30.670 [TUNER] 1898,998,0.00,0.00,0.11,0.00,-0.00,0.00,0.39,0.00
00:02:30.703 [TUNER] 1899,1000,0.00,0.00,0.11,0.00,-0.00,0.00,0.39,0.00
00:02:30.737 [TUNER] 1900,1002,0.00,0.00,0.11,0.00,-0.00,0.00,0.39,0.00
00:02:30.737 [TUNER] 1901,998,0.00,0.00,0.11,0.00,-0.00,0.00,0.39,0.00
00:02:30.772 [TUNER] 1902,1000,0.00,0.00,0.11,0.00,-0.00,0.00,0.39,0.00
00:02:30.773 [TUNER] 1903,1000,0.00,0.00,0.11,0.00,-0.00,0.00,0.39,0.00
00:02:30.806 [TUNER] 1904,1000,0.00,0.00,0.11,0.00,-0.00,0.00,0.39,0.00
00:02:30.844 [TUNER] 1905,1000,0.00,0.00,0.11,0.00,-0.00,0.00,0.39,0.00
00:02:30.845 [TUNER] 1906,1000,0.00,0.00,0.11,0.00,-0.00,0.00,0.39,0.00
00:02:30.877 [TUNER] 1907,1000,0.00,0.00,0.11,0.00,-0.00,0.00,0.39,0.00
00:02:30.878 [TUNER] 1908,1000,0.00,0.00,0.11,0.00,-0.00,0.00,0.39,0.00
00:02:30.913 [TUNER] 1909,1000,0.00,0.00,0.11,0.00,-0.00,0.00,0.39,0.00
00:02:30.913 [TUNER] 1910,1000,0.00,0.00,0.11,0.00,-0.00,0.00,0.39,0.00
00:02:30.946 [TUNER] 1911,1000,0.00,0.00,0.11,0.00,-0.00,0.00,0.39,0.00
00:02:30.982 [TUNER] 1912,1000,0.00,0.00,0.11,0.00,-0.00,0.00,0.39,0.00
00:02:30.984 [TUNER] 1913,1000,0.00,0.00,0.11,0.00,-0.00,0.00,0.39,0.00
00:02:31.019 [TUNER] 1914,1000,0.00,0.00,0.11,0.00,-0.00,0.00,0.39,0.00
00:02:31.019 [TUNER] 1915,1000,0.00,0.00,0.11,0.00,-0.00,0.00,0.39,0.00
00:02:31.052 [TUNER] 1916,1000,0.00,0.00,0.11,0.00,-0.00,0.00,0.39,0.00
00:02:31.088 [TUNER] 1917,1000,0.00,0.00,0.11,0.00,-0.00,0.00,0.39,0.00
00:02:31.090 [TUNER] 1918,1000,0.00,0.00,0.11,0.00,-0.00,0.00,0.39,0.00
00:02:31.122 [TUNER] 1919,1000,0.00,0.00,0.11,0.00,-0.00,0.00,0.39,0.00
00:02:31.122 [TUNER] 1920,1000,0.00,0.00,0.11,0.00,-0.00,0.00,0.39,0.00
00:02:31.157 [TUNER] 1921,1000,0.00,0.00,0.11,0.00,-0.00,0.00,0.39,0.00
00:02:31.193 [TUNER] 1922,1000,0.00,0.00,0.11,0.00,-0.00,0.00,0.39,0.00
00:02:31.196 [TUNER] 1923,1000,0.00,0.00,0.11,0.00,-0.00,0.00,0.39,0.00
00:02:31.228 [TUNER] 1924,1000,0.00,0.00,0.11,0.00,-0.00,0.00,0.39,0.00
00:02:31.229 [TUNER] 1925,1000,0.00,0.00,0.11,0.00,-0.00,0.00,0.39,0.00
00:02:31.263 [TUNER] 1926,1000,0.00,0.00,0.11,0.00,-0.00,0.00,0.39,0.00
00:02:31.300 [TUNER] 1927,1000,0.00,0.00,0.11,0.00,-0.00,0.00,0.39,0.00
00:02:31.300 [TUNER] 1928,1000,0.00,0.00,0.11,0.00,-0.00,0.00,0.39,0.00
00:02:31.334 [TUNER] 1929,1000,0.00,0.00,0.11,0.00,-0.00,0.00,0.39,0.00
00:02:31.335 [TUNER] 1930,1000,0.00,0.00,0.11,0.00,-0.00,0.00,0.39,0.00
00:02:31.368 [TUNER] 1931,1000,0.00,0.00,0.11,0.00,-0.00,0.00,0.39,0.00
00:02:31.368 [TUNER] 1932,1000,0.00,0.00,0.11,0.00,-0.00,0.00,0.39,0.00
00:02:31.401 [TUNER] 1933,1002,0.00,0.00,0.11,0.00,-0.00,0.00,0.39,0.00
00:02:31.438 [TUNER] 1934,998,0.00,0.00,0.11,0.00,-0.00,0.00,0.39,0.00
00:02:31.439 [TUNER] 1935,1000,0.00,0.00,0.11,0.00,-0.00,0.00,0.39,0.00
00:02:31.472 [TUNER] 1936,1000,0.00,0.00,0.11,0.00,-0.00,0.00,0.39,0.00
00:02:31.473 [TUNER] 1937,1000,0.00,0.00,0.11,0.00,-0.00,0.00,0.39,0.00
00:02:31.506 [TUNER] 1938,1000,0.00,0.00,0.11,0.00,-0.00,0.00,0.39,0.00
00:02:31.542 [TUNER] 1939,1000,0.00,0.00,0.11,0.00,-0.00,0.00,0.39,0.00
00:02:31.543 [TUNER] 1940,1000,0.00,0.00,0.11,0.00,-0.00,0.00,0.39,0.00
00:02:31.579 [TUNER] 1941,1000,0.00,0.00,0.11,0.00,-0.00,0.00,0.39,0.00
00:02:31.580 [TUNER] 1942,1000,0.00,0.00,0.11,0.00,-0.00,0.00,0.39,0.00
00:02:31.612 [TUNER] 1943,1000,0.00,0.00,0.11,0.00,-0.00,0.00,0.39,0.00
00:02:31.613 [TUNER] 1944,1000,0.00,0.00,0.11,0.00,-0.00,0.00,0.39,0.00
00:02:31.646 [TUNER] 1945,1000,0.00,0.00,0.11,0.00,-0.00,0.00,0.39,0.00
00:02:31.683 [TUNER] 1946,1000,0.00,0.00,0.11,0.00,-0.00,0.00,0.39,0.00
00:02:31.684 [TUNER] 1947,1000,0.00,0.00,0.11,0.00,-0.00,0.00,0.39,0.00
00:02:31.716 [TUNER] 1948,1000,0.00,0.00,0.11,0.00,-0.00,0.00,0.39,0.00
00:02:31.718 [TUNER] 1949,1000,0.00,0.00,0.11,0.00,-0.00,0.00,0.39,0.00
00:02:31.753 [TUNER] 1950,1000,0.00,0.00,0.11,0.00,-0.00,0.00,0.39,0.00
00:02:31.787 [TUNER] 1951,1000,0.00,0.00,0.11,0.00,-0.00,0.00,0.39,0.00
00:02:31.788 [TUNER] 1952,1000,0.00,0.00,0.11,0.00,-0.00,0.00,0.39,0.00
00:02:31.823 [TUNER] 1953,1000,0.00,0.00,0.11,0.00,-0.00,0.00,0.39,0.00
00:02:31.824 [TUNER] 1954,1000,0.00,0.00,0.11,0.00,-0.00,0.00,0.39,0.00
00:02:31.857 [TUNER] 1955,1000,0.00,0.00,0.11,0.00,-0.00,0.00,0.39,0.00
00:02:31.893 [TUNER] 1956,1000,0.00,0.00,0.11,0.00,-0.00,0.00,0.39,0.00
00:02:31.894 [TUNER] 1957,1000,0.00,0.00,0.11,0.00,-0.00,0.00,0.39,0.00
00:02:31.927 [TUNER] 1958,1000,0.00,0.00,0.11,0.00,-0.00,0.00,0.39,0.00
00:02:31.928 [TUNER] 1959,1000,0.00,0.00,0.11,0.00,-0.00,0.00,0.39,0.00
00:02:31.962 [TUNER] 1960,1000,0.00,0.00,0.11,0.00,-0.00,0.00,0.39,0.00
00:02:31.962 [TUNER] 1961,1000,0.00,0.00,0.11,0.00,-0.00,0.00,0.39,0.00
00:02:31.997 [TUNER] 1962,1000,0.00,0.00,0.11,0.00,-0.00,0.00,0.39,0.00
00:02:32.032 [TUNER] 1963,1000,0.00,0.00,0.11,0.00,-0.00,0.00,0.39,0.00
00:02:32.032 [TUNER] 1964,1000,0.00,0.00,0.11,0.00,-0.00,0.00,0.39,0.00
00:02:32.070 [TUNER] 1965,1000,0.00,0.00,0.11,0.00,-0.00,0.00,0.39,0.00
00:02:32.071 [TUNER] 1966,1000,0.00,0.00,0.11,0.00,-0.00,0.00,0.39,0.00
00:02:32.104 [TUNER] 1967,1000,0.00,0.00,0.11,0.00,-0.00,0.00,0.39,0.00
00:02:32.137 [TUNER] 1968,1002,0.00,0.00,0.11,0.00,-0.00,0.00,0.39,0.00
00:02:32.138 [TUNER] 1969,998,0.00,0.00,0.11,0.00,-0.00,0.00,0.39,0.00
00:02:32.172 [TUNER] 1970,1000,0.00,0.00,0.11,0.00,-0.00,0.00,0.39,0.00
00:02:32.173 [TUNER] 1971,1000,0.00,0.00,0.11,0.00,-0.00,0.00,0.39,0.00
00:02:32.207 [TUNER] 1972,1000,0.00,0.00,0.11,0.00,-0.00,0.00,0.39,0.00
00:02:32.243 [TUNER] 1973,1000,0.00,0.00,0.11,0.00,-0.00,0.00,0.39,0.00
00:02:32.244 [TUNER] 1974,1000,0.00,0.00,0.11,0.00,-0.00,0.00,0.39,0.00
00:02:32.277 [TUNER] 1975,1000,0.00,0.00,0.11,0.00,-0.00,0.00,0.39,0.00
00:02:32.277 [TUNER] 1976,1000,0.00,0.00,0.11,0.00,-0.00,0.00,0.39,0.00
00:02:32.313 [TUNER] 1977,1000,0.00,0.00,0.11,0.00,-0.00,0.00,0.39,0.00
00:02:32.313 [TUNER] 1978,1000,0.00,0.00,0.11,0.00,-0.00,0.00,0.39,0.00
00:02:32.346 [TUNER] 1979,1000,0.00,0.00,0.11,0.00,-0.00,0.00,0.39,0.00
00:02:32.385 [TUNER] 1980,1000,0.00,0.00,0.11,0.00,-0.00,0.00,0.39,0.00
00:02:32.386 [TUNER] 1981,1000,0.00,0.00,0.11,0.00,-0.00,0.00,0.39,0.00
00:02:32.419 [TUNER] 1982,1000,0.00,0.00,0.11,0.00,-0.00,0.00,0.39,0.00
00:02:32.420 [TUNER] 1983,1000,0.00,0.00,0.11,0.00,-0.00,0.00,0.39,0.00
00:02:32.451 [TUNER] 1984,1000,0.00,0.00,0.11,0.00,-0.00,0.00,0.39,0.00
00:02:32.487 [TUNER] 1985,1002,0.00,0.00,0.11,0.00,-0.00,0.00,0.39,0.00
00:02:32.488 [TUNER] 1986,998,0.00,0.00,0.11,0.00,-0.00,0.00,0.39,0.00
00:02:32.521 [TUNER] 1987,1000,0.00,0.00,0.11,0.00,-0.00,0.00,0.39,0.00
00:02:32.521 [TUNER] 1988,1000,0.00,0.00,0.11,0.00,-0.00,0.00,0.39,0.00
00:02:32.557 [TUNER] 1989,1000,0.00,0.00,0.11,0.00,-0.00,0.00,0.39,0.00
00:02:32.592 [TUNER] 1990,1000,0.00,0.00,0.11,0.00,-0.00,0.00,0.39,0.00
00:02:32.592 [TUNER] 1991,1000,0.00,0.00,0.11,0.00,-0.00,0.00,0.39,0.00
00:02:32.629 [TUNER] 1992,1000,0.00,0.00,0.11,0.00,-0.00,0.00,0.39,0.00
00:02:32.629 [TUNER] 1993,1000,0.00,0.00,0.11,0.00,-0.00,0.00,0.39,0.00
00:02:32.661 [TUNER] 1994,1000,0.00,0.00,0.11,0.00,-0.00,0.00,0.39,0.00
00:02:32.697 [TUNER] 1995,1000,0.00,0.00,0.11,0.00,-0.00,0.00,0.39,0.00
00:02:32.697 [TUNER] 1996,1000,0.00,0.00,0.11,0.00,-0.00,0.00,0.39,0.00
00:02:32.736 [TUNER] 1997,1000,0.00,0.00,0.11,0.00,-0.00,0.00,0.39,0.00
00:02:32.736 [TUNER] 1998,1000,0.00,0.00,0.11,0.00,-0.00,0.00,0.39,0.00
00:02:32.766 [TUNER] 1999,1000,0.00,0.00,0.11,0.00,-0.00,0.00,0.39,0.00
00:02:32.768 [TUNER] --- CSV END ---
00:02:32.803 [SMA] Transition: [pid_tuning] -> [configuration]
00:02:32.839 [SMA] Transition: [configuration] -> [line_calibration]
00:02:32.839 [LIN] === LINE CALIBRATION MODE ===
00:02:32.839 [LIN]   LC0 -> Manual (No Save)