00:00:25.631 [TUNER] --- CSV START ---
00:00:25.631 [TUNER] Metadata,Profile(Accel:12.0 Jerk:100.0),PID_0(P:12.38267 I:446.36163 D:0.00000),PID_1(P:13.40700 I:479.74985 D:0.00000)
00:00:25.631 [TUNER] Tick,DeltaTime_us,Reading_0,Setpoint_0,Output_0,int_0,Reading_1,Setpoint_1,Output_1,int_1
00:00:25.632 [TUNER] 0,0,0.00,0.10,0.09,0.00,0.00,0.10,0.22,0.00
00:00:25.646 [TUNER] 1,977,0.00,0.30,0.09,0.00,0.00,0.30,0.22,0.00
00:00:25.647 [TUNER] 2,1000,0.00,0.60,0.09,0.00,0.00,0.60,0.23,0.00
00:00:25.682 [TUNER] 3,1004,0.00,1.00,0.09,0.00,0.00,1.00,0.23,0.00
00:00:25.685 [TUNER] 4,996,0.00,1.50,0.11,0.00,0.00,1.50,0.25,0.00
00:00:25.716 [TUNER] 5,1000,0.00,2.10,0.12,0.00,0.00,2.10,0.26,0.00
00:00:25.752 [TUNER] 6,1000,0.00,2.80,0.12,0.00,0.00,2.80,0.26,0.00
00:00:25.754 [TUNER] 7,1000,0.00,3.60,0.14,0.00,0.00,3.60,0.28,0.00
00:00:25.789 [TUNER] 8,1000,0.00,4.50,0.14,0.00,0.00,4.50,0.28,0.00
00:00:25.790 [TUNER] 9,1000,0.00,5.50,0.17,0.00,0.00,5.50,0.31,0.00
00:00:25.822 [TUNER] 10,1000,0.00,6.60,0.17,0.00,0.00,6.60,0.31,0.00
00:00:25.823 [TUNER] 11,1000,0.00,7.80,0.21,0.00,0.00,7.80,0.35,0.00
00:00:25.857 [TUNER] 12,1000,0.00,9.10,0.21,0.00,0.00,9.10,0.35,0.00
00:00:25.891 [TUNER] 13,1000,0.00,10.50,0.25,0.00,0.00,10.50,0.40,0.00
00:00:25.891 [TUNER] 14,1000,0.00,12.00,0.25,0.00,0.00,12.00,0.40,0.00
00:00:25.926 [TUNER] 15,1000,0.00,13.60,0.31,0.00,0.00,13.60,0.46,0.00
00:00:25.926 [TUNER] 16,1000,0.00,15.30,0.31,0.00,0.00,15.30,0.46,0.00
00:00:25.962 [TUNER] 17,1070,0.00,17.10,0.37,0.00,0.00,17.10,0.53,0.00
00:00:25.998 [TUNER] 18,933,0.00,19.00,0.37,0.00,0.00,19.00,0.53,0.00
00:00:25.999 [TUNER] 19,997,0.00,21.00,0.44,0.00,0.00,21.00,0.60,0.00
00:00:26.031 [TUNER] 20,1002,0.00,23.10,0.44,0.00,0.00,23.10,0.60,0.00
00:00:26.031 [TUNER] 21,998,0.00,25.30,0.52,0.00,0.00,25.30,0.69,0.00
00:00:26.073 [TUNER] 22,1000,0.00,27.60,0.56,0.00,0.00,27.60,0.74,0.00
00:00:26.073 [TUNER] 23,1001,0.00,30.00,0.61,0.00,3.43,30.00,0.74,0.00
00:00:26.101 [TUNER] 24,999,0.00,32.50,0.61,0.00,3.43,32.50,0.74,0.00
00:00:26.141 [TUNER] 25,1000,0.00,35.10,0.71,0.00,9.62,35.10,0.75,0.00
00:00:26.142 [TUNER] 26,1000,0.00,37.80,0.71,0.00,9.62,37.80,0.75,0.00
00:00:26.172 [TUNER] 27,1000,0.00,40.60,0.82,0.00,11.13,40.60,0.84,0.00
00:00:26.172 [TUNER] 28,1000,0.00,43.50,0.82,0.00,11.13,43.50,0.84,0.00
00:00:26.206 [TUNER] 29,1000,0.00,46.50,0.94,0.00,10.62,46.50,0.96,0.00
00:00:26.241 [TUNER] 30,1000,0.00,49.60,0.94,0.00,10.62,49.60,0.96,0.00
00:00:26.242 [TUNER] 31,1000,6.87,52.80,0.98,0.00,15.37,52.80,1.03,0.00
00:00:26.277 [TUNER] 32,1000,6.87,56.10,0.98,0.00,15.37,56.10,1.03,0.00
00:00:26.277 [TUNER] 33,1000,12.37,59.50,1.04,0.00,20.89,59.50,1.09,0.00
00:00:26.312 [TUNER] 34,1000,12.37,63.00,1.04,0.00,20.89,63.00,1.09,0.00
00:00:26.312 [TUNER] 35,1000,18.49,66.60,1.10,0.00,27.02,66.60,1.15,0.00
00:00:26.348 [TUNER] 36,1000,18.49,70.30,1.10,0.00,27.02,70.30,1.15,0.00
00:00:26.382 [TUNER] 37,1000,28.53,74.10,1.12,0.00,33.64,74.10,1.20,0.00
00:00:26.382 [TUNER] 38,1000,28.53,78.00,1.12,0.00,33.64,78.00,1.20,0.00
00:00:26.415 [TUNER] 39,1000,43.44,82.00,1.08,0.00,40.66,82.00,1.26,0.00
00:00:26.416 [TUNER] 40,1000,43.44,86.10,1.08,0.00,40.66,86.10,1.26,0.00
00:00:26.450 [TUNER] 41,1000,58.81,90.30,1.03,0.00,47.99,90.30,1.32,0.00
00:00:26.487 [TUNER] 42,1000,58.81,94.60,1.03,0.00,47.99,94.60,1.32,0.00
00:00:26.488 [TUNER] 43,1000,72.82,99.00,0.99,0.00,62.44,99.00,1.29,0.00
00:00:26.521 [TUNER] 44,1000,72.82,103.50,0.99,0.00,62.44,103.50,1.29,0.00
00:00:26.521 [TUNER] 45,1000,84.02,108.10,1.00,0.00,72.29,108.10,1.32,0.00
00:00:26.556 [TUNER] 46,1000,84.02,112.80,1.00,0.00,72.29,112.80,1.32,0.00
00:00:26.591 [TUNER] 47,1000,91.27,117.60,1.06,0.00,80.17,117.60,1.39,0.00
00:00:26.592 [TUNER] 48,1000,91.27,122.50,1.06,0.00,80.17,122.50,1.39,0.00
00:00:26.627 [TUNER] 49,1000,98.79,127.50,1.12,0.00,91.62,127.50,1.41,0.00
00:00:26.628 [TUNER] 50,1000,98.79,132.60,1.12,0.00,91.62,132.60,1.41,0.00
00:00:26.662 [TUNER] 51,1000,106.52,137.80,1.19,0.00,102.50,137.80,1.45,0.00
00:00:26.662 [TUNER] 52,1000,106.52,143.10,1.19,0.00,102.50,143.10,1.45,0.00
00:00:26.695 [TUNER] 53,1000,119.58,148.50,1.20,0.00,114.65,148.50,1.47,0.00
00:00:26.734 [TUNER] 54,1000,119.58,154.00,1.20,0.00,114.65,154.00,1.47,0.00
00:00:26.735 [TUNER] 55,1000,135.18,159.60,1.18,0.00,134.67,159.60,1.39,0.00
00:00:26.765 [TUNER] 56,1000,135.18,165.30,1.18,0.00,134.67,165.30,1.39,0.00
00:00:26.766 [TUNER] 57,1000,151.09,171.10,1.15,0.00,142.10,171.10,1.48,0.00
00:00:26.802 [TUNER] 58,1000,151.09,177.00,1.15,0.00,142.10,177.00,1.48,0.00
00:00:26.802 [TUNER] 59,1000,163.83,183.00,1.17,0.00,151.47,183.00,1.56,0.00
00:00:26.835 [TUNER] 60,1000,163.83,189.10,1.17,0.00,151.47,189.10,1.56,0.00
00:00:26.873 [TUNER] 61,1000,168.86,195.30,1.30,0.00,164.13,195.30,1.60,0.00
00:00:26.873 [TUNER] 62,1000,168.86,201.60,1.30,0.00,164.13,201.60,1.60,0.00
00:00:26.906 [TUNER] 63,1000,174.60,208.00,1.43,0.00,182.85,208.00,1.55,0.00
00:00:26.906 [TUNER] 64,1000,174.60,214.50,1.43,0.00,182.85,214.50,1.55,0.00
00:00:26.942 [TUNER] 65,1000,179.20,221.10,1.58,0.00,184.07,221.10,1.76,0.00
00:00:26.942 [TUNER] 66,1000,179.20,227.80,1.58,0.00,184.07,227.80,1.76,0.00
00:00:26.976 [TUNER] 67,1000,181.15,234.60,1.79,0.00,195.37,234.60,1.84,0.00
00:00:27.012 [TUNER] 68,1000,181.15,241.50,1.79,0.00,195.37,241.50,1.84,0.00
00:00:27.013 [TUNER] 69,1000,191.31,248.50,1.90,0.00,206.12,248.50,1.94,0.00
00:00:27.047 [TUNER] 70,1000,214.84,255.60,1.72,0.00,209.52,255.60,2.02,0.00
00:00:27.048 [TUNER] 71,1000,214.84,262.80,1.72,0.00,209.52,262.80,2.02,0.00
00:00:27.083 [TUNER] 72,1000,238.91,270.10,1.64,0.00,214.02,270.10,2.22,0.00
00:00:27.084 [TUNER] 73,1000,238.91,277.50,1.64,0.00,214.02,277.50,2.22,0.00
00:00:27.118 [TUNER] 74,1000,258.13,285.00,1.63,0.00,231.35,285.00,2.25,0.00
00:00:27.152 [TUNER] 75,1000,258.13,292.60,1.63,0.00,231.35,292.60,2.25,0.00
00:00:27.152 [TUNER] 76,1000,278.66,300.30,1.60,0.00,245.21,300.30,2.34,0.00
00:00:27.186 [TUNER] 77,1000,278.66,308.10,1.60,0.00,245.21,308.10,2.34,0.00
00:00:27.186 [TUNER] 78,1000,296.81,316.00,1.60,0.00,264.89,316.00,2.35,0.00
00:00:27.223 [TUNER] 79,1000,296.81,324.00,1.60,0.00,264.89,324.00,2.35,0.00
00:00:27.224 [TUNER] 80,1000,319.91,332.10,1.54,0.00,290.95,332.10,2.27,0.00
00:00:27.256 [TUNER] 81,1000,319.91,340.30,1.54,0.00,290.95,340.30,2.27,0.00
00:00:27.292 [TUNER] 82,1000,333.24,348.60,1.61,0.00,320.38,348.60,2.14,0.00
00:00:27.292 [TUNER] 83,999,333.24,357.00,1.61,0.00,320.38,357.00,2.14,0.00
00:00:27.326 [TUNER] 84,1001,345.62,365.50,1.70,0.00,359.39,365.50,1.87,0.00
00:00:27.326 [TUNER] 85,1000,345.62,374.10,1.70,0.00,359.39,374.10,1.87,0.00
00:00:27.362 [TUNER] 86,1000,357.25,382.80,1.81,0.00,397.46,382.80,1.59,0.00
00:00:27.362 [TUNER] 87,1000,357.25,391.60,1.81,0.00,397.46,391.60,1.59,0.00
00:00:27.396 [TUNER] 88,1000,368.27,400.50,1.94,0.00,397.00,400.50,1.85,0.00
00:00:27.432 [TUNER] 89,1000,368.27,409.50,1.94,0.00,397.00,409.50,1.85,0.00
00:00:27.432 [TUNER] 90,1000,378.80,418.60,2.09,0.00,393.20,418.60,2.19,0.00
00:00:27.466 [TUNER] 91,1000,378.80,427.80,2.09,0.00,393.20,427.80,2.19,0.00
00:00:27.467 [TUNER] 92,1000,390.66,437.10,2.23,0.00,400.46,437.10,2.39,0.00
00:00:27.505 [TUNER] 93,1000,390.66,446.50,2.23,0.00,400.46,446.50,2.39,0.00
00:00:27.505 [TUNER] 94,1000,412.17,456.00,2.26,0.00,413.14,456.00,2.54,0.00
00:00:27.536 [TUNER] 95,1000,412.17,465.60,2.26,0.00,413.14,465.60,2.54,0.00
00:00:27.570 [TUNER] 96,1000,437.98,475.30,2.23,0.00,431.88,475.30,2.61,0.00
00:00:27.571 [TUNER] 97,1000,437.98,485.10,2.23,0.00,431.88,485.10,2.61,0.00
00:00:27.607 [TUNER] 98,1000,467.21,495.00,2.15,0.00,455.46,495.00,2.61,0.00
00:00:27.607 [TUNER] 99,1000,467.21,505.00,2.15,0.00,455.46,505.00,2.61,0.00
00:00:27.641 [TUNER] 100,1000,504.34,515.10,1.97,0.00,484.63,515.10,2.54,0.00
00:00:27.642 [TUNER] 101,1000,504.34,525.30,1.97,0.00,484.63,525.30,2.54,0.00
00:00:27.676 [TUNER] 102,1000,532.33,535.60,1.90,0.00,525.15,535.60,2.30,0.00
00:00:27.712 [TUNER] 103,1000,532.33,546.00,1.90,0.00,525.15,546.00,2.30,0.00
00:00:27.712 [TUNER] 104,1000,559.87,556.50,1.84,0.00,554.13,556.50,2.21,0.00
00:00:27.746 [TUNER] 105,1000,559.87,567.10,1.84,0.00,554.13,567.10,2.21,0.00
00:00:27.747 [TUNER] 106,1000,583.62,577.80,1.83,0.00,580.75,577.80,2.16,0.00
00:00:27.783 [TUNER] 107,1000,583.62,588.60,1.83,0.00,580.75,588.60,2.16,0.00
00:00:27.783 [TUNER] 108,1000,580.29,599.50,2.18,0.00,593.45,599.50,2.31,0.00
00:00:27.816 [TUNER] 109,1000,580.29,610.50,2.18,0.00,593.45,610.50,2.31,0.00
00:00:27.853 [TUNER] 110,1000,577.62,621.60,2.54,0.00,607.05,621.60,2.46,0.00
00:00:27.853 [TUNER] 111,1000,577.62,632.80,2.54,0.00,607.05,632.80,2.46,0.00
00:00:27.888 [TUNER] 112,1000,611.57,644.10,2.45,0.00,612.78,644.10,2.74,0.00
00:00:27.922 [TUNER] 113,1000,611.57,655.50,2.45,0.00,612.78,655.50,2.74,0.00
00:00:27.922 [TUNER] 114,1000,642.16,667.00,2.40,0.00,619.08,667.00,3.03,0.00
00:00:27.923 [TUNER] 115,1000,642.16,678.60,2.40,0.00,619.08,678.60,3.03,0.00
00:00:27.958 [TUNER] 116,1000,647.74,690.30,2.68,0.00,648.17,690.30,3.01,0.00
00:00:27.992 [TUNER] 117,1000,647.74,702.10,2.68,0.00,648.17,702.10,3.01,0.00
00:00:27.992 [TUNER] 118,1000,648.76,714.00,3.05,0.00,668.01,714.00,3.13,0.00
00:00:28.026 [TUNER] 119,1000,648.76,726.00,3.05,0.00,668.01,726.00,3.13,0.00
00:00:28.027 [TUNER] 120,1000,668.48,738.00,3.19,0.00,687.31,738.00,3.27,0.00
00:00:28.063 [TUNER] 121,1000,668.48,750.00,3.19,0.00,687.31,750.00,3.27,0.00
00:00:28.064 [TUNER] 122,1000,716.90,762.00,2.95,0.00,718.22,762.00,3.24,0.00
00:00:28.097 [TUNER] 123,1000,716.90,774.00,2.95,0.00,718.22,774.00,3.24,0.00
00:00:28.134 [TUNER] 124,1000,783.12,786.00,2.45,0.00,760.13,786.00,3.05,0.00
00:00:28.138 [TUNER] 125,1000,783.12,798.00,2.45,0.00,760.13,798.00,3.05,0.00
00:00:28.167 [TUNER] 126,1000,863.59,810.00,1.73,0.00,828.01,810.00,2.47,0.00
00:00:28.167 [TUNER] 127,1000,863.59,822.00,1.73,0.00,828.01,822.00,2.47,0.00
00:00:28.204 [TUNER] 128,1000,922.81,834.00,1.24,0.00,892.63,834.00,1.89,0.00
00:00:28.204 [TUNER] 129,1000,922.81,846.00,1.24,0.00,892.63,846.00,1.89,0.00
00:00:28.237 [TUNER] 130,1000,940.98,858.00,1.26,0.00,915.12,858.00,1.88,0.00
00:00:28.272 [TUNER] 131,1000,940.98,870.00,1.26,0.00,915.12,870.00,1.88,0.00
00:00:28.272 [TUNER] 132,1000,886.79,882.00,2.25,0.00,909.05,882.00,2.28,0.00
00:00:28.307 [TUNER] 133,1000,886.79,894.00,2.25,0.00,909.05,894.00,2.28,0.00
00:00:28.307 [TUNER] 134,1000,845.16,906.00,3.14,0.00,904.20,906.00,2.69,0.00
00:00:28.342 [TUNER] 135,1000,845.16,918.00,3.14,0.00,904.20,918.00,2.69,0.00
00:00:28.343 [TUNER] 136,1000,841.06,930.00,3.59,0.00,896.89,930.00,3.17,0.00
00:00:28.378 [TUNER] 137,1000,841.06,942.00,3.59,0.00,896.89,942.00,3.17,0.00
00:00:28.413 [TUNER] 138,1000,870.43,954.00,3.62,0.00,885.88,954.00,3.72,0.00
00:00:28.414 [TUNER] 139,1000,870.43,966.00,3.62,0.00,885.88,966.00,3.72,0.00
00:00:28.448 [TUNER] 140,1000,924.61,978.00,3.32,0.00,900.93,978.00,3.94,0.00
00:00:28.450 [TUNER] 141,1000,924.61,990.00,3.32,0.00,900.93,990.00,3.94,0.00
00:00:28.482 [TUNER] 142,1000,980.46,1002.00,2.97,0.00,940.88,1002.00,3.81,0.00
00:00:28.518 [TUNER] 143,1000,980.46,1014.00,2.97,0.00,940.88,1014.00,3.81,0.00
00:00:28.519 [TUNER] 144,1000,1019.74,1026.00,2.81,0.00,1013.85,1026.00,3.19,0.00
00:00:28.552 [TUNER] 145,1000,1019.74,1038.00,2.81,0.00,1013.85,1038.00,3.19,0.00
00:00:28.554 [TUNER] 146,1000,1085.53,1050.00,2.29,0.00,1087.69,1050.00,2.51,0.00
00:00:28.587 [TUNER] 147,1000,1085.53,1062.00,2.29,0.00,1087.69,1062.00,2.51,0.00
00:00:28.588 [TUNER] 148,1000,1186.26,1074.00,1.26,0.00,1145.04,1074.00,2.02,0.00
00:00:28.622 [TUNER] 149,1000,1186.26,1086.00,1.26,0.00,1145.04,1086.00,2.02,0.00
00:00:28.658 [TUNER] 150,1000,1227.34,1098.00,0.96,0.00,1201.23,1098.00,1.51,0.00
00:00:28.659 [TUNER] 151,1000,1227.34,1110.00,0.96,0.00,1201.23,1110.00,1.51,0.00
00:00:28.690 [TUNER] 152,1000,1222.40,1122.00,1.25,0.00,1210.10,1122.00,1.65,0.00
00:00:28.692 [TUNER] 153,1000,1222.40,1134.00,1.25,0.00,1210.10,1134.00,1.65,0.00
00:00:28.727 [TUNER] 154,1000,1163.47,1146.00,2.28,0.00,1182.84,1146.00,2.33,0.00
00:00:28.763 [TUNER] 155,1000,1163.47,1158.00,2.28,0.00,1182.84,1158.00,2.33,0.00
00:00:28.763 [TUNER] 156,1000,1130.07,1170.00,3.06,0.00,1145.57,1170.00,3.19,0.00
00:00:28.797 [TUNER] 157,1000,1130.07,1182.00,3.06,0.00,1145.57,1182.00,3.19,0.00
00:00:28.797 [TUNER] 158,1000,1093.04,1194.00,3.93,0.00,1158.70,1194.00,3.40,0.00
00:00:28.832 [TUNER] 159,1000,1093.04,1206.00,3.93,0.00,1158.70,1206.00,3.40,0.00
00:00:28.833 [TUNER] 160,1000,1106.37,1218.00,4.18,0.00,1182.95,1218.00,3.45,0.00
00:00:28.867 [TUNER] 161,1000,1106.37,1230.00,4.18,0.00,1182.95,1230.00,3.45,0.00
00:00:28.869 [TUNER] 162,1000,1166.86,1242.00,3.82,0.00,1164.55,1242.00,4.12,0.00
00:00:28.903 [TUNER] 163,1000,1166.86,1254.00,3.82,0.00,1164.55,1254.00,4.12,0.00
00:00:28.937 [TUNER] 164,1000,1222.12,1266.00,3.50,0.00,1184.20,1266.00,4.28,0.00
00:00:28.937 [TUNER] 165,1000,1222.12,1278.00,3.50,0.00,1184.20,1278.00,4.28,0.00
00:00:28.971 [TUNER] 166,1000,1238.84,1290.00,3.66,0.00,1232.56,1290.00,4.03,0.00
00:00:28.971 [TUNER] 167,1000,1238.84,1301.90,3.66,0.00,1232.56,1301.90,4.03,0.00
00:00:29.006 [TUNER] 168,1000,1247.06,1313.70,3.93,0.00,1264.37,1313.70,3.99,0.00
00:00:29.007 [TUNER] 169,1000,1247.06,1325.40,3.93,0.00,1264.37,1325.40,3.99,0.00
00:00:29.043 [TUNER] 170,1000,1306.90,1337.00,3.53,0.00,1356.83,1337.00,3.07,0.00
00:00:29.077 [TUNER] 171,1000,1306.90,1348.50,3.53,0.00,1356.83,1348.50,3.07,0.00
00:00:29.077 [TUNER] 172,1000,1382.26,1359.90,2.88,0.00,1468.59,1359.90,1.80,0.00
00:00:29.111 [TUNER] 173,1000,1382.26,1371.20,2.88,0.00,1468.59,1371.20,1.80,0.00
00:00:29.111 [TUNER] 174,1000,1466.60,1382.40,2.06,0.00,1506.46,1382.40,1.49,0.00
00:00:29.146 [TUNER] 175,1000,1466.60,1393.50,2.06,0.00,1506.46,1393.50,1.49,0.00
00:00:29.147 [TUNER] 176,1000,1453.32,1404.50,2.48,0.00,1485.21,1404.50,2.02,0.00
00:00:29.183 [TUNER] 177,1000,1453.32,1415.40,2.48,0.00,1485.21,1415.40,2.02,0.00
00:00:29.217 [TUNER] 178,1000,1399.75,1426.20,3.46,0.00,1459.62,1426.20,2.64,0.00
00:00:29.217 [TUNER] 179,1000,1399.75,1436.90,3.46,0.00,1459.62,1436.90,2.64,0.00
00:00:29.251 [TUNER] 180,1000,1382.66,1447.50,4.01,0.00,1363.55,1447.50,4.32,0.00
00:00:29.252 [TUNER] 181,1000,1382.66,1458.00,4.01,0.00,1363.55,1458.00,4.32,0.00
00:00:29.288 [TUNER] 182,1000,1389.61,1468.40,4.28,0.00,1351.99,1468.40,4.88,0.00
00:00:29.288 [TUNER] 183,1000,1389.61,1478.70,4.28,0.00,1351.99,1478.70,4.88,0.00
00:00:29.322 [TUNER] 184,1000,1407.19,1488.90,4.41,0.00,1418.33,1488.90,4.36,0.00
00:00:29.356 [TUNER] 185,1000,1407.19,1499.00,4.41,0.00,1418.33,1499.00,4.36,0.00
00:00:29.357 [TUNER] 186,1000,1481.39,1509.00,3.78,0.00,1478.28,1509.00,3.87,0.00
00:00:29.393 [TUNER] 187,1000,1481.39,1518.90,3.78,0.00,1478.28,1518.90,3.87,0.00
00:00:29.395 [TUNER] 188,1000,1557.93,1528.70,3.07,0.00,1603.55,1528.70,2.40,0.00
00:00:29.427 [TUNER] 189,1000,1557.93,1538.40,3.07,0.00,1603.55,1538.40,2.40,0.00
00:00:29.427 [TUNER] 190,1000,1629.47,1548.00,2.37,0.00,1635.04,1548.00,2.18,0.00
00:00:29.462 [TUNER] 191,1000,1629.47,1557.50,2.37,0.00,1635.04,1557.50,2.18,0.00
00:00:29.497 [TUNER] 192,1000,1779.48,1566.90,0.58,0.00,1637.90,1566.90,2.34,0.00
00:00:29.498 [TUNER] 193,1000,1779.48,1576.20,0.58,0.00,1637.90,1576.20,2.34,0.00
00:00:29.532 [TUNER] 194,1000,1868.56,1585.40,-0.53,0.00,1636.75,1585.40,2.57,0.00
00:00:29.533 [TUNER] 195,1000,1868.56,1594.50,-0.53,0.00,1636.75,1594.50,2.57,0.00
00:00:29.567 [TUNER] 196,1000,1871.10,1603.50,-0.56,0.00,1615.21,1603.50,3.11,0.00
00:00:29.568 [TUNER] 197,1000,1871.10,1612.40,-0.56,0.00,1615.21,1612.40,3.11,0.00
00:00:29.603 [TUNER] 198,1000,1737.41,1621.20,1.23,0.00,1642.66,1621.20,2.98,0.00
00:00:29.638 [TUNER] 199,1000,1737.41,1629.90,1.23,0.00,1642.66,1629.90,2.98,0.00
00:00:29.639 [TUNER] 200,1000,1625.30,1638.50,2.86,0.00,1669.76,1638.50,2.83,0.00
00:00:29.672 [TUNER] 201,1000,1625.30,1647.00,2.86,0.00,1669.76,1647.00,2.83,0.00
00:00:29.672 [TUNER] 202,1000,1518.44,1655.40,4.53,0.00,1705.19,1655.40,2.55,0.00
00:00:29.706 [TUNER] 203,1000,1518.44,1663.70,4.53,0.00,1705.19,1663.70,2.55,0.00
00:00:29.706 [TUNER] 204,1000,1513.69,1671.90,4.95,0.00,1762.74,1671.90,1.93,0.00
00:00:29.743 [TUNER] 205,1000,1513.69,1680.00,4.95,0.00,1762.74,1680.00,1.93,0.00
00:00:29.777 [TUNER] 206,1000,1558.00,1688.00,4.74,0.00,1738.34,1688.00,2.44,0.00
00:00:29.777 [TUNER] 207,1000,1558.00,1695.90,4.74,0.00,1738.34,1695.90,2.44,0.00
00:00:29.813 [TUNER] 208,1000,1681.07,1703.70,3.44,0.00,1703.36,1703.70,3.14,0.00
00:00:29.814 [TUNER] 209,1000,1681.07,1711.40,3.44,0.00,1703.36,1711.40,3.14,0.00
00:00:29.848 [TUNER] 210,1000,1760.21,1719.00,2.63,0.00,1627.01,1719.00,4.47,0.00
00:00:29.848 [TUNER] 211,1000,1760.21,1726.50,2.63,0.00,1627.01,1726.50,4.47,0.00
00:00:29.883 [TUNER] 212,1000,1893.15,1733.90,1.04,0.00,1575.05,1733.90,5.53,0.00
00:00:29.917 [TUNER] 213,1000,1893.15,1741.20,1.04,0.00,1575.05,1741.20,5.53,0.00
00:00:29.952 [TUNER] 214,1000,1988.70,1748.40,-0.16,0.00,1625.99,1748.40,5.18,0.00
00:00:29.955 [TUNER] 215,1000,1988.70,1755.50,-0.16,0.00,1625.99,1755.50,5.18,0.00
00:00:29.955 [TUNER] 216,1000,2008.45,1762.50,-0.44,0.00,1720.00,1762.50,4.16,0.00
00:00:29.987 [TUNER] 217,1000,2008.45,1769.40,-0.44,0.00,1720.00,1769.40,4.16,0.00
00:00:29.988 [TUNER] 218,1000,1794.03,1776.20,2.39,0.00,1850.18,1776.20,2.54,0.00
00:00:30.021 [TUNER] 219,1000,1794.03,1782.90,2.39,0.00,1850.18,1782.90,2.54,0.00
00:00:30.058 [TUNER] 220,1000,1607.03,1789.50,5.04,0.00,1804.86,1789.50,3.32,0.00
00:00:30.058 [TUNER] 221,1000,1607.03,1796.00,5.04,0.00,1804.86,1796.00,3.32,0.00
00:00:30.092 [TUNER] 222,1000,1572.54,1802.40,5.85,0.00,1734.24,1802.40,4.52,0.00
00:00:30.092 [TUNER] 223,1000,1572.54,1808.70,5.85,0.00,1734.24,1808.70,4.52,0.00
00:00:30.128 [TUNER] 224,1000,1661.77,1814.90,5.05,0.00,1739.59,1814.90,4.70,0.00
00:00:30.130 [TUNER] 225,1000,1661.77,1821.00,5.05,0.00,1739.59,1821.00,4.70,0.00
00:00:30.162 [TUNER] 226,1000,1781.27,1827.00,3.77,0.00,1781.67,1827.00,4.36,0.00
00:00:30.198 [TUNER] 227,1000,1781.27,1832.90,3.77,0.00,1781.67,1832.90,4.36,0.00
00:00:30.198 [TUNER] 228,1000,1833.91,1838.70,3.28,0.00,1882.34,1838.70,3.13,0.00
00:00:30.233 [TUNER] 229,1000,1833.91,1844.40,3.28,0.00,1882.34,1844.40,3.13,0.00
00:00:30.235 [TUNER] 230,1000,1822.77,1850.00,3.59,0.00,1937.11,1850.00,2.48,0.00
00:00:30.303 [TUNER] 231,1000,1822.77,1855.50,3.59,0.00,1937.11,1855.50,2.48,0.00
00:00:30.303 [TUNER] 232,1000,1887.73,1860.90,2.91,0.00,1932.81,1860.90,2.62,0.00
00:00:30.304 [TUNER] 233,1000,1887.73,1866.20,2.91,0.00,1932.81,1866.20,2.62,0.00
00:00:30.338 [TUNER] 234,1000,2001.55,1871.40,1.53,0.00,1870.96,1871.40,3.60,0.00
00:00:30.339 [TUNER] 235,1000,2001.55,1876.50,1.53,0.00,1870.96,1876.50,3.60,0.00
00:00:30.371 [TUNER] 236,1000,2066.83,1881.50,0.69,0.00,1831.79,1881.50,4.32,0.00
00:00:30.371 [TUNER] 237,1000,2066.83,1886.40,0.69,0.00,1831.79,1886.40,4.32,0.00
00:00:30.407 [TUNER] 238,1000,2014.26,1891.20,1.36,0.00,1858.87,1891.20,4.13,0.00
00:00:30.407 [TUNER] 239,1000,2014.26,1895.90,1.36,0.00,1858.87,1895.90,4.13,0.00
00:00:30.441 [TUNER] 240,1000,1917.22,1900.50,2.67,0.00,1832.42,1900.50,4.68,0.00
00:00:30.478 [TUNER] 241,1000,1917.22,1905.00,2.67,0.00,1832.42,1905.00,4.68,0.00
00:00:30.479 [TUNER] 242,1000,1820.69,1909.40,4.06,0.00,1904.04,1909.40,3.86,0.00
00:00:30.511 [TUNER] 243,1000,1820.69,1913.70,4.06,0.00,1904.04,1913.70,3.86,0.00
00:00:30.512 [TUNER] 244,1000,1774.40,1917.90,4.88,0.00,1957.90,1917.90,3.22,0.00
00:00:30.547 [TUNER] 245,1000,1774.40,1922.00,4.88,0.00,1957.90,1922.00,3.22,0.00
00:00:30.547 [TUNER] 246,1000,1794.05,1926.00,4.86,0.00,2057.69,1926.00,1.87,0.00
00:00:30.583 [TUNER] 247,1000,1794.05,1929.90,4.86,0.00,2057.69,1929.90,1.87,0.00
00:00:30.618 [TUNER] 248,1000,1832.11,1933.70,4.58,0.00,2063.64,1933.70,1.78,0.00
00:00:30.619 [TUNER] 249,1000,1832.11,1937.40,4.58,0.00,2063.64,1937.40,1.78,0.00
00:00:30.654 [TUNER] 250,1000,1898.64,1941.00,3.90,0.00,2104.48,1941.00,1.18,0.00
00:00:30.654 [TUNER] 251,1000,1898.64,1944.50,3.90,0.00,2104.48,1944.50,1.18,0.00
00:00:30.688 [TUNER] 252,1000,1965.61,1947.90,3.14,0.00,2056.40,1947.90,1.82,0.00
00:00:30.689 [TUNER] 253,1000,1965.61,1951.20,3.14,0.00,2056.40,1951.20,1.82,0.00
00:00:30.721 [TUNER] 254,1000,2087.90,1954.40,1.60,0.00,2029.97,1954.40,2.19,0.00
00:00:30.756 [TUNER] 255,1000,2087.90,1957.50,1.60,0.00,2029.97,1957.50,2.19,0.00
00:00:30.756 [TUNER] 256,1000,2130.76,1960.50,1.00,0.00,1976.17,1960.50,2.99,0.00
00:00:30.794 [TUNER] 257,1000,2130.76,1963.40,1.00,0.00,1976.17,1963.40,2.99,0.00
00:00:30.795 [TUNER] 258,1000,2175.36,1966.20,0.33,0.00,1934.86,1966.20,3.65,0.00
00:00:30.826 [TUNER] 259,1000,2175.36,1968.90,0.33,0.00,1934.86,1968.90,3.65,0.00
00:00:30.826 [TUNER] 260,1000,2200.73,1971.50,-0.11,0.00,1941.32,1971.50,3.67,0.00
00:00:30.862 [TUNER] 261,1000,2200.73,1974.00,-0.11,0.00,1941.32,1974.00,3.67,0.00
00:00:30.896 [TUNER] 262,1000,2140.27,1976.40,0.55,0.00,1931.03,1976.40,3.92,0.00
00:00:30.897 [TUNER] 263,1000,2140.27,1978.70,0.55,0.00,1931.03,1978.70,3.92,0.00
00:00:30.932 [TUNER] 264,1000,2014.60,1980.90,2.14,0.00,1979.49,1980.90,3.34,0.00
00:00:30.934 [TUNER] 265,1000,2014.60,1983.00,2.14,0.00,1979.49,1983.00,3.34,0.00
00:00:30.967 [TUNER] 266,1000,1910.62,1985.00,3.55,0.00,2009.67,1985.00,2.97,0.00
00:00:30.969 [TUNER] 267,1000,1910.62,1986.90,3.55,0.00,2009.67,1986.90,2.97,0.00
00:00:31.002 [TUNER] 268,1000,1811.97,1988.70,4.98,0.00,2099.10,1988.70,1.72,0.00
00:00:31.036 [TUNER] 269,1000,1811.97,1990.40,4.98,0.00,2099.10,1990.40,1.72,0.00
00:00:31.037 [TUNER] 270,1000,1830.99,1992.00,4.93,0.00,2127.70,1992.00,1.25,0.00
00:00:31.071 [TUNER] 271,1000,1830.99,1993.50,4.93,0.00,2127.70,1993.50,1.25,0.00
00:00:31.072 [TUNER] 272,1000,1899.46,1994.90,4.20,0.00,2160.88,1994.90,0.69,0.00
00:00:31.106 [TUNER] 273,1000,1899.46,1996.20,4.20,0.00,2160.88,1996.20,0.69,0.00
00:00:31.144 [TUNER] 274,1000,1840.84,1997.40,5.10,0.00,2110.11,1997.40,1.30,0.00
00:00:31.145 [TUNER] 275,1000,1840.84,1998.50,5.10,0.00,2110.11,1998.50,1.30,0.00
00:00:31.177 [TUNER] 276,1000,1830.03,1999.50,5.42,0.00,2014.52,1999.50,2.59,0.00
00:00:31.177 [TUNER] 277,1000,1830.03,2000.40,5.42,0.00,2014.52,2000.40,2.59,0.00
00:00:31.211 [TUNER] 278,1000,1855.74,2001.20,5.25,0.00,1912.28,2001.20,4.08,0.00
00:00:31.212 [TUNER] 279,1000,1855.74,2001.90,5.25,0.00,1912.28,2001.90,4.08,0.00
00:00:31.247 [TUNER] 280,1000,1961.98,2002.50,3.99,0.00,1869.83,2002.50,4.79,0.00
00:00:31.286 [TUNER] 281,1000,2043.29,2003.00,3.99,0.00,1918.08,2003.00,4.79,0.00
00:00:31.286 [TUNER] 282,1000,2043.29,2003.40,2.96,0.00,1918.08,2003.40,4.23,0.00
00:00:31.318 [TUNER] 283,1000,2104.13,2003.70,2.16,0.00,1966.13,2003.70,3.61,0.00
00:00:31.320 [TUNER] 284,1000,2104.13,2003.90,2.16,0.00,1966.13,2003.90,3.61,0.00
00:00:31.352 [TUNER] 285,1000,2162.64,2004.00,1.30,0.00,2023.04,2004.00,2.83,0.00
00:00:31.354 [TUNER] 286,1000,2162.64,2000.00,1.30,0.00,2023.04,2000.00,2.83,0.00
00:00:31.386 [TUNER] 287,1000,2206.02,2000.00,0.52,0.00,2077.15,2000.00,1.98,0.00
00:00:31.422 [TUNER] 288,1000,2206.02,2000.00,0.52,0.00,2077.15,2000.00,1.98,0.00
00:00:31.422 [TUNER] 289,1000,2213.23,2000.00,0.24,0.00,2170.27,2000.00,0.57,0.00
00:00:31.457 [TUNER] 290,1000,2213.23,2000.00,0.24,0.00,2170.27,2000.00,0.57,0.00
00:00:31.458 [TUNER] 291,1000,2124.50,2000.00,1.23,0.00,2162.29,2000.00,0.52,0.00
00:00:31.491 [TUNER] 292,1000,2124.50,2000.00,1.23,0.00,2162.29,2000.00,0.52,0.00
00:00:31.492 [TUNER] 293,1000,2048.37,2000.00,2.13,0.00,2154.19,2000.00,0.48,0.00
00:00:31.528 [TUNER] 294,1000,2048.37,2000.00,2.13,0.00,2154.19,2000.00,0.48,0.00
00:00:31.562 [TUNER] 295,1000,1963.41,2000.00,3.21,0.00,2060.09,2000.00,1.68,0.00
00:00:31.562 [TUNER] 296,1000,1963.41,2000.00,3.21,0.00,2060.09,2000.00,1.68,0.00
00:00:31.599 [TUNER] 297,1000,1960.72,2000.00,3.28,0.00,1974.51,2000.00,2.85,0.00
00:00:31.599 [TUNER] 298,1000,1960.72,2000.00,3.28,0.00,1974.51,2000.00,2.85,0.00
00:00:31.631 [TUNER] 299,1000,1987.79,2000.00,2.96,0.00,1940.40,2000.00,3.37,0.00
00:00:31.667 [TUNER] 300,1000,1987.79,2000.00,2.96,0.00,1940.40,2000.00,3.37,0.00
00:00:31.668 [TUNER] 301,1000,2047.23,2000.00,2.18,0.00,1899.37,2000.00,4.01,0.00
00:00:31.703 [TUNER] 302,1000,2047.23,2000.00,2.18,0.00,1899.37,2000.00,4.01,0.00
00:00:31.705 [TUNER] 303,1000,2034.66,2000.00,2.31,0.00,1938.70,2000.00,3.54,0.00
00:00:31.737 [TUNER] 304,1000,2034.66,2000.00,2.31,0.00,1938.70,2000.00,3.54,0.00
00:00:31.737 [TUNER] 305,1000,2029.75,2000.00,2.34,0.00,1954.70,2000.00,3.37,0.00
00:00:31.771 [TUNER] 306,1000,2029.75,2000.00,2.34,0.00,1954.70,2000.00,3.37,0.00
00:00:31.805 [TUNER] 307,1000,1970.85,2000.00,3.10,0.00,1993.28,2000.00,2.86,0.00
00:00:31.806 [TUNER] 308,1000,1970.85,2000.00,3.10,0.00,1993.28,2000.00,2.86,0.00
00:00:31.841 [TUNER] 309,1000,1930.60,2000.00,3.66,0.00,1936.52,2000.00,3.68,0.00
00:00:31.842 [TUNER] 310,1000,1930.60,2000.00,3.66,0.00,1936.52,2000.00,3.68,0.00
00:00:31.878 [TUNER] 311,1000,1967.12,2000.00,3.23,0.00,1939.21,2000.00,3.71,0.00
00:00:31.878 [TUNER] 312,1000,1967.12,2000.00,3.23,0.00,1939.21,2000.00,3.71,0.00
00:00:31.911 [TUNER] 313,1000,2018.67,2000.00,2.58,0.00,1968.86,2000.00,3.34,0.00
00:00:31.947 [TUNER] 314,1000,2018.67,2000.00,2.58,0.00,1968.86,2000.00,3.34,0.00
00:00:31.948 [TUNER] 315,1000,2090.84,2000.00,1.60,0.00,1996.01,2000.00,2.98,0.00
00:00:31.982 [TUNER] 316,1000,2090.84,2000.00,1.60,0.00,1996.01,2000.00,2.98,0.00
00:00:31.983 [TUNER] 317,1000,2043.77,2000.00,2.15,0.00,1995.40,2000.00,2.99,0.00
00:00:32.016 [TUNER] 318,1000,2043.77,2000.00,2.15,0.00,1995.40,2000.00,2.99,0.00
00:00:32.055 [TUNER] 319,1000,2021.58,2000.00,2.40,0.00,1963.98,2000.00,3.45,0.00
00:00:32.055 [TUNER] 320,1000,2021.58,2000.00,2.40,0.00,1963.98,2000.00,3.45,0.00
00:00:32.087 [TUNER] 321,1000,1998.67,2000.00,2.69,0.00,1998.98,2000.00,2.98,0.00
00:00:32.088 [TUNER] 322,1000,1998.67,2000.00,2.69,0.00,1998.98,2000.00,2.98,0.00
00:00:32.123 [TUNER] 323,1000,2014.71,2000.00,2.48,0.00,1992.62,2000.00,3.07,0.00
00:00:32.125 [TUNER] 324,1000,2014.71,2000.00,2.48,0.00,1992.62,2000.00,3.07,0.00
00:00:32.156 [TUNER] 325,1000,2005.20,2000.00,2.59,0.00,2056.26,2000.00,2.16,0.00
00:00:32.157 [TUNER] 326,1000,2005.20,2000.00,2.59,0.00,2056.26,2000.00,2.16,0.00
00:00:32.192 [TUNER] 327,1000,2028.52,2000.00,2.27,0.00,2050.47,2000.00,2.19,0.00
00:00:32.227 [TUNER] 328,1000,2028.52,2000.00,2.27,0.00,2050.47,2000.00,2.19,0.00
00:00:32.227 [TUNER] 329,1000,2031.72,2000.00,2.21,0.00,2095.66,2000.00,1.50,0.00
00:00:32.261 [TUNER] 330,1000,2031.72,2000.00,2.21,0.00,2095.66,2000.00,1.50,0.00
00:00:32.262 [TUNER] 331,1000,2068.63,2000.00,1.69,0.00,2068.24,2000.00,1.80,0.00
00:00:32.298 [TUNER] 332,1000,2068.63,2000.00,1.69,0.00,2068.24,2000.00,1.80,0.00
00:00:32.298 [TUNER] 333,1000,2072.39,2000.00,1.58,0.00,2056.62,2000.00,1.90,0.00
00:00:32.335 [TUNER] 334,1000,2072.39,2000.00,1.58,0.00,2056.62,2000.00,1.90,0.00
00:00:32.366 [TUNER] 335,1000,2011.84,2000.00,2.32,0.00,1997.50,2000.00,2.69,0.00
00:00:32.369 [TUNER] 336,1000,2011.84,2000.00,2.32,0.00,1997.50,2000.00,2.69,0.00
00:00:32.402 [TUNER] 337,1000,2001.19,2000.00,2.45,0.00,1969.10,2000.00,3.10,0.00
00:00:32.403 [TUNER] 338,1000,2001.19,2000.00,2.45,0.00,1969.10,2000.00,3.10,0.00
00:00:32.437 [TUNER] 339,1000,1965.18,2000.00,2.92,0.00,1963.56,2000.00,3.21,0.00
00:00:32.471 [TUNER] 340,1000,1965.18,2000.00,2.92,0.00,1963.56,2000.00,3.21,0.00
00:00:32.472 [TUNER] 341,1000,1986.19,2000.00,2.68,0.00,1971.16,2000.00,3.14,0.00
00:00:32.506 [TUNER] 342,1000,1986.19,2000.00,2.68,0.00,1971.16,2000.00,3.14,0.00
00:00:32.541 [TUNER] 343,1000,1961.77,2000.00,3.01,0.00,1996.13,2000.00,2.81,0.00
00:00:32.542 [TUNER] 344,1000,1961.77,2000.00,3.01,0.00,1996.13,2000.00,2.81,0.00
00:00:32.576 [TUNER] 345,1000,1985.19,2000.00,2.74,0.00,1974.88,2000.00,3.12,0.00
00:00:32.577 [TUNER] 346,1000,1985.19,2000.00,2.74,0.00,1974.88,2000.00,3.12,0.00
00:00:32.612 [TUNER] 347,1000,2000.49,2000.00,2.55,0.00,1992.24,2000.00,2.89,0.00
00:00:32.612 [TUNER] 348,1000,2000.49,2000.00,2.55,0.00,1992.24,2000.00,2.89,0.00
00:00:32.648 [TUNER] 349,1000,2050.52,2000.00,1.88,0.00,1978.63,2000.00,3.09,0.00
00:00:32.683 [TUNER] 350,1001,2106.79,2000.00,1.14,0.00,2018.42,2000.00,2.55,0.00
00:00:32.684 [TUNER] 351,999,2106.79,2000.00,1.14,0.00,2018.42,2000.00,2.55,0.00
00:00:32.717 [TUNER] 352,1000,2087.86,2000.00,1.29,0.00,2039.52,2000.00,2.23,0.00
00:00:32.718 [TUNER] 353,1000,2087.86,2000.00,1.29,0.00,2039.52,2000.00,2.23,0.00
00:00:32.754 [TUNER] 354,1000,2015.62,2000.00,2.17,0.00,2009.59,2000.00,2.62,0.00
00:00:32.788 [TUNER] 355,1000,2015.62,2000.00,2.17,0.00,2009.59,2000.00,2.62,0.00
00:00:32.788 [TUNER] 356,1000,1950.95,2000.00,3.02,0.00,2006.26,2000.00,2.66,0.00
00:00:32.822 [TUNER] 357,1000,1950.95,2000.00,3.02,0.00,2006.26,2000.00,2.66,0.00
00:00:32.822 [TUNER] 358,1000,1931.86,2000.00,3.31,0.00,1976.11,2000.00,3.09,0.00
00:00:32.856 [TUNER] 359,1000,1931.86,2000.00,3.31,0.00,1976.11,2000.00,3.09,0.00
00:00:32.891 [TUNER] 360,1000,1968.13,2000.00,2.89,0.00,1996.66,2000.00,2.82,0.00
00:00:32.892 [TUNER] 361,1000,1968.13,2000.00,2.89,0.00,1996.66,2000.00,2.82,0.00
00:00:32.927 [TUNER] 362,1000,2004.02,2000.00,2.45,0.00,2001.07,2000.00,2.76,0.00
00:00:32.927 [TUNER] 363,1000,2004.02,2000.00,2.45,0.00,2001.07,2000.00,2.76,0.00
00:00:32.962 [TUNER] 364,1000,2048.19,2000.00,1.86,0.00,2054.42,2000.00,1.99,0.00
00:00:32.998 [TUNER] 365,1000,2048.19,2000.00,1.86,0.00,2054.42,2000.00,1.99,0.00
00:00:32.998 [TUNER] 366,1000,2123.05,2000.00,0.82,0.00,2085.08,2000.00,1.50,0.00
00:00:33.032 [TUNER] 367,1000,2123.05,2000.00,0.82,0.00,2085.08,2000.00,1.50,0.00
00:00:33.033 [TUNER] 368,1000,2146.85,2000.00,0.39,0.00,2140.53,2000.00,0.62,0.00
00:00:33.067 [TUNER] 369,1000,2146.85,2000.00,0.39,0.00,2140.53,2000.00,0.62,0.00
00:00:33.104 [TUNER] 370,1000,2107.48,2000.00,0.78,0.00,2126.48,2000.00,0.69,0.00
00:00:33.106 [TUNER] 371,1000,2107.48,2000.00,0.78,0.00,2126.48,2000.00,0.69,0.00
00:00:33.137 [TUNER] 372,1000,2022.72,2000.00,1.81,0.00,2063.69,2000.00,1.47,0.00
00:00:33.138 [TUNER] 373,1000,2022.72,2000.00,1.81,0.00,2063.69,2000.00,1.47,0.00
00:00:33.171 [TUNER] 374,1002,1982.04,2000.00,2.33,0.00,1983.92,2000.00,2.55,0.00
00:00:33.207 [TUNER] 375,998,1982.04,2000.00,2.33,0.00,1983.92,2000.00,2.55,0.00
00:00:33.208 [TUNER] 376,1000,1977.74,2000.00,2.41,0.00,1958.61,2000.00,2.93,0.00
00:00:33.241 [TUNER] 377,1000,1977.74,2000.00,2.41,0.00,1958.61,2000.00,2.93,0.00
00:00:33.242 [TUNER] 378,1000,1958.45,2000.00,2.68,0.00,1960.32,2000.00,2.95,0.00
00:00:33.278 [TUNER] 379,1000,1958.45,2000.00,2.68,0.00,1960.32,2000.00,2.95,0.00
00:00:33.313 [TUNER] 380,1000,1955.04,2000.00,2.76,0.00,1959.98,2000.00,2.99,0.00
00:00:33.314 [TUNER] 381,1000,1955.04,2000.00,2.76,0.00,1959.98,2000.00,2.99,0.00
00:00:33.347 [TUNER] 382,1000,1952.31,2000.00,2.84,0.00,2018.11,2000.00,2.19,0.00
00:00:33.348 [TUNER] 383,1000,1952.31,2000.00,2.84,0.00,2018.11,2000.00,2.19,0.00
00:00:33.382 [TUNER] 384,1000,1986.21,2000.00,2.43,0.00,2018.23,2000.00,2.17,0.00
00:00:33.416 [TUNER] 385,1000,1986.21,2000.00,2.43,0.00,2018.23,2000.00,2.17,0.00
00:00:33.419 [TUNER] 386,1000,2001.30,2000.00,2.25,0.00,2044.10,2000.00,1.78,0.00
00:00:33.454 [TUNER] 387,1000,2001.30,2000.00,2.25,0.00,2044.10,2000.00,1.78,0.00
00:00:33.454 [TUNER] 388,1000,2030.56,2000.00,1.86,0.00,2016.69,2000.00,2.13,0.00
00:00:33.488 [TUNER] 389,1000,2030.56,2000.00,1.86,0.00,2016.69,2000.00,2.13,0.00
00:00:33.491 [TUNER] 390,1000,2065.99,2000.00,1.36,0.00,2032.56,2000.00,1.89,0.00
00:00:33.521 [TUNER] 391,1000,2065.99,2000.00,1.36,0.00,2032.56,2000.00,1.89,0.00
00:00:33.594 [TUNER] 392,1000,2070.28,2000.00,1.24,0.00,2002.30,2000.00,2.29,0.00
00:00:33.628 [TUNER] 393,1000,2070.28,2000.00,1.24,0.00,2002.30,2000.00,2.29,0.00
00:00:33.629 [TUNER] 394,1000,2015.30,2000.00,1.91,0.00,2009.02,2000.00,2.20,0.00
00:00:33.629 [TUNER] 395,1000,2015.30,2000.00,1.91,0.00,2009.02,2000.00,2.20,0.00
00:00:33.629 [TUNER] 396,1000,1911.18,2000.00,3.28,0.00,1980.04,2000.00,2.60,0.00
00:00:33.661 [TUNER] 397,1000,1911.18,2000.00,3.28,0.00,1980.04,2000.00,2.60,0.00
00:00:33.698 [TUNER] 398,1000,1886.30,2000.00,3.69,0.00,1984.34,2000.00,2.56,0.00
00:00:33.699 [TUNER] 399,1000,1886.30,2000.00,3.69,0.00,1984.34,2000.00,2.56,0.00
00:00:33.699 [TUNER] 400,1000,1929.96,2000.00,3.21,0.00,2003.24,2000.00,2.30,0.00
00:00:33.732 [TUNER] 401,1000,1929.96,2000.00,3.21,0.00,2003.24,2000.00,2.30,0.00
00:00:33.767 [TUNER] 402,1000,2040.49,2000.00,1.81,0.00,1992.59,2000.00,2.45,0.00
00:00:33.768 [TUNER] 403,1000,2040.49,2000.00,1.81,0.00,1992.59,2000.00,2.45,0.00
00:00:33.802 [TUNER] 404,1000,2080.81,2000.00,1.23,0.00,2020.15,2000.00,2.06,0.00
00:00:33.804 [TUNER] 405,1000,2080.81,2000.00,1.23,0.00,2020.15,2000.00,2.06,0.00
00:00:33.837 [TUNER] 406,1000,2128.52,2000.00,0.53,0.00,2011.27,2000.00,2.17,0.00
00:00:33.873 [TUNER] 407,1000,2128.52,2000.00,0.53,0.00,2011.27,2000.00,2.17,0.00
00:00:33.874 [TUNER] 408,1000,2070.48,2000.00,1.18,-0.00,2038.53,2000.00,1.77,0.00
00:00:33.906 [TUNER] 409,1000,2070.48,2000.00,1.18,-0.00,2038.53,2000.00,1.77,0.00
00:00:33.907 [TUNER] 410,1000,2006.87,2000.00,1.97,-0.00,2012.24,2000.00,2.11,0.00
00:00:33.942 [TUNER] 411,1000,2006.87,2000.00,1.97,-0.00,2012.24,2000.00,2.11,0.00
00:00:33.976 [TUNER] 412,1000,1966.29,2000.00,2.50,-0.00,2010.10,2000.00,2.13,0.00
00:00:33.977 [TUNER] 413,1000,1966.29,2000.00,2.50,-0.00,2010.10,2000.00,2.13,0.00
00:00:34.013 [TUNER] 414,1000,1957.87,2000.00,2.64,0.00,1975.74,2000.00,2.61,0.00
00:00:34.013 [TUNER] 415,1000,1957.87,2000.00,2.64,0.00,1975.74,2000.00,2.61,0.00
00:00:34.048 [TUNER] 416,1000,1978.63,2000.00,2.40,0.00,1967.16,2000.00,2.76,0.00
00:00:34.083 [TUNER] 417,1000,1978.63,2000.00,2.40,0.00,1967.16,2000.00,2.76,0.00
00:00:34.083 [TUNER] 418,1000,1998.68,2000.00,2.16,0.00,1974.03,2000.00,2.69,0.00
00:00:34.121 [TUNER] 419,1000,1998.68,2000.00,2.16,0.00,1974.03,2000.00,2.69,0.00
00:00:34.121 [TUNER] 420,1000,2033.39,2000.00,1.70,0.00,1986.20,2000.00,2.54,0.00
00:00:34.152 [TUNER] 421,1000,2033.39,2000.00,1.70,0.00,1986.20,2000.00,2.54,0.00
00:00:34.187 [TUNER] 422,1000,1960.18,2000.00,2.64,0.00,2011.82,2000.00,2.19,0.00
00:00:34.188 [TUNER] 423,1000,1960.18,2000.00,2.64,0.00,2011.82,2000.00,2.19,0.00
00:00:34.222 [TUNER] 424,1000,1958.15,2000.00,2.70,0.00,2016.63,2000.00,2.11,0.00
00:00:34.222 [TUNER] 425,1000,1958.15,2000.00,2.70,0.00,2016.63,2000.00,2.11,0.00
00:00:34.256 [TUNER] 426,1000,1953.08,2000.00,2.80,0.00,2041.10,2000.00,1.74,0.00
00:00:34.294 [TUNER] 427,1000,1953.08,2000.00,2.80,0.00,2041.10,2000.00,1.74,0.00
00:00:34.295 [TUNER] 428,1000,1981.67,2000.00,2.47,0.00,2041.78,2000.00,1.69,0.00
00:00:34.328 [TUNER] 429,1000,1981.67,2000.00,2.47,0.00,2041.78,2000.00,1.69,0.00
00:00:34.328 [TUNER] 430,1000,1987.36,2000.00,2.41,0.00,2050.91,2000.00,1.52,0.00
00:00:34.361 [TUNER] 431,1000,1987.36,2000.00,2.41,0.00,2050.91,2000.00,1.52,0.00
00:00:34.397 [TUNER] 432,1000,2022.84,2000.00,1.95,0.00,2022.14,2000.00,1.89,-0.00
00:00:34.397 [TUNER] 433,1000,2022.84,2000.00,1.95,0.00,2022.14,2000.00,1.89,-0.00
00:00:34.432 [TUNER] 434,1000,2049.51,2000.00,1.57,0.00,2038.64,2000.00,1.63,-0.00
00:00:34.433 [TUNER] 435,1000,2049.51,2000.00,1.57,0.00,2038.64,2000.00,1.63,-0.00
00:00:34.468 [TUNER] 436,1000,2055.37,2000.00,1.45,0.00,2002.01,2000.00,2.12,-0.00
00:00:34.502 [TUNER] 437,1000,2055.37,2000.00,1.45,0.00,2002.01,2000.00,2.12,-0.00
00:00:34.504 [TUNER] 438,1000,2058.35,2000.00,1.36,-0.00,2007.07,2000.00,2.04,-0.00
00:00:34.537 [TUNER] 439,1000,2058.35,2000.00,1.36,-0.00,2007.07,2000.00,2.04,-0.00
00:00:34.537 [TUNER] 440,1000,1957.65,2000.00,2.65,0.00,1981.91,2000.00,2.40,-0.00
00:00:34.572 [TUNER] 441,1000,1957.65,2000.00,2.65,0.00,1981.91,2000.00,2.40,-0.00
00:00:34.606 [TUNER] 442,1000,1918.32,2000.00,3.21,0.00,1997.86,2000.00,2.18,-0.00
00:00:34.607 [TUNER] 443,1000,1918.32,2000.00,3.21,0.00,1997.86,2000.00,2.18,-0.00
00:00:34.642 [TUNER] 444,1000,1938.40,2000.00,3.01,0.00,1990.01,2000.00,2.30,-0.00
00:00:34.642 [TUNER] 445,1000,1938.40,2000.00,3.01,0.00,1990.01,2000.00,2.30,-0.00
00:00:34.677 [TUNER] 446,1000,2033.50,2000.00,1.81,0.00,1966.54,2000.00,2.65,0.00
00:00:34.714 [TUNER] 447,1000,2033.50,2000.00,1.81,0.00,1966.54,2000.00,2.65,0.00
00:00:34.715 [TUNER] 448,1000,2064.90,2000.00,1.36,0.00,2006.18,2000.00,2.11,0.00
00:00:34.747 [TUNER] 449,1000,2064.90,2000.00,1.36,0.00,2006.18,2000.00,2.11,0.00
00:00:34.748 [TUNER] 450,1000,2084.87,2000.00,1.04,-0.00,1988.07,2000.00,2.36,0.00
00:00:34.782 [TUNER] 451,1000,2084.87,2000.00,1.04,-0.00,1988.07,2000.00,2.36,0.00
00:00:34.820 [TUNER] 452,1000,2030.41,2000.00,1.68,-0.00,2001.08,2000.00,2.19,0.00
00:00:34.821 [TUNER] 453,1000,2030.41,2000.00,1.68,-0.00,2001.08,2000.00,2.19,0.00
00:00:34.852 [TUNER] 454,1000,2012.61,2000.00,1.89,-0.00,1971.96,2000.00,2.60,0.00
00:00:34.853 [TUNER] 455,1000,2012.61,2000.00,1.89,-0.00,1971.96,2000.00,2.60,0.00
00:00:34.886 [TUNER] 456,1000,1984.62,2000.00,2.25,-0.00,2008.80,2000.00,2.10,0.00
00:00:34.922 [TUNER] 457,1000,1984.62,2000.00,2.25,-0.00,2008.80,2000.00,2.10,0.00
00:00:34.923 [TUNER] 458,1000,1975.98,2000.00,2.38,-0.00,1990.17,2000.00,2.36,0.00
00:00:34.995 [TUNER] 459,1000,1975.98,2000.00,2.38,-0.00,1990.17,2000.00,2.36,0.00
00:00:34.995 [TUNER] 460,1000,2030.92,2000.00,1.67,-0.00,1994.16,2000.00,2.31,0.00
00:00:34.995 [TUNER] 461,1000,2030.92,2000.00,1.67,-0.00,1994.16,2000.00,2.31,0.00
00:00:35.026 [TUNER] 462,1000,1995.83,2000.00,2.11,-0.00,1980.17,2000.00,2.52,0.00
00:00:35.028 [TUNER] 463,1000,1995.83,2000.00,2.11,-0.00,1980.17,2000.00,2.52,0.00
00:00:35.064 [TUNER] 464,1000,1988.38,2000.00,2.21,-0.00,1982.73,2000.00,2.50,0.00
00:00:35.065 [TUNER] 465,1000,1988.38,2000.00,2.21,-0.00,1982.73,2000.00,2.50,0.00
00:00:35.097 [TUNER] 466,1000,1954.94,2000.00,2.67,0.00,1989.93,2000.00,2.42,0.00
00:00:35.133 [TUNER] 467,1000,1954.94,2000.00,2.67,0.00,1989.93,2000.00,2.42,0.00
00:00:35.133 [TUNER] 468,1000,1953.95,2000.00,2.72,0.00,1985.38,2000.00,2.49,0.00
00:00:35.169 [TUNER] 469,1000,1953.95,2000.00,2.72,0.00,1985.38,2000.00,2.49,0.00
00:00:35.169 [TUNER] 470,1000,1965.18,2000.00,2.61,0.00,2021.25,2000.00,1.99,0.00
00:00:35.201 [TUNER] 471,1000,1965.18,2000.00,2.61,0.00,2021.25,2000.00,1.99,0.00
00:00:35.239 [TUNER] 472,1000,2005.10,2000.00,2.11,0.00,2019.03,2000.00,2.00,0.00
00:00:35.240 [TUNER] 473,1000,2005.10,2000.00,2.11,0.00,2019.03,2000.00,2.00,0.00
00:00:35.272 [TUNER] 474,1000,2002.67,2000.00,2.14,0.00,2051.61,2000.00,1.51,0.00
00:00:35.273 [TUNER] 475,1000,2002.67,2000.00,2.14,0.00,2051.61,2000.00,1.51,0.00
00:00:35.307 [TUNER] 476,1000,2012.75,2000.00,2.01,0.00,2024.41,2000.00,1.86,-0.00
00:00:35.341 [TUNER] 477,1000,2012.75,2000.00,2.01,0.00,2024.41,2000.00,1.86,-0.00
00:00:35.342 [TUNER] 478,1000,2025.97,2000.00,1.82,0.00,2016.40,2000.00,1.95,-0.00
00:00:35.377 [TUNER] 479,1000,2025.97,2000.00,1.82,0.00,2016.40,2000.00,1.95,-0.00
00:00:35.377 [TUNER] 480,1000,2033.11,2000.00,1.70,0.00,1973.91,2000.00,2.54,0.00
00:00:35.414 [TUNER] 481,1000,2033.11,2000.00,1.70,0.00,1973.91,2000.00,2.54,0.00
00:00:35.446 [TUNER] 482,1000,2009.62,2000.00,1.98,0.00,1986.31,2000.00,2.39,0.00
00:00:35.447 [TUNER] 483,1000,2009.62,2000.00,1.98,0.00,1986.31,2000.00,2.39,0.00
00:00:35.483 [TUNER] 484,1000,1956.46,2000.00,2.68,0.00,1996.23,2000.00,2.26,0.00
00:00:35.483 [TUNER] 485,1000,1956.46,2000.00,2.68,0.00,1996.23,2000.00,2.26,0.00
00:00:35.516 [TUNER] 486,1000,1946.58,2000.00,2.85,0.00,2002.44,2000.00,2.17,0.00
00:00:35.554 [TUNER] 487,1000,1946.58,2000.00,2.85,0.00,2002.44,2000.00,2.17,0.00
00:00:35.554 [TUNER] 488,1000,1954.13,2000.00,2.80,0.00,2003.98,2000.00,2.15,0.00
00:00:35.587 [TUNER] 489,1000,1954.13,2000.00,2.80,0.00,2003.98,2000.00,2.15,0.00
00:00:35.587 [TUNER] 490,1000,2030.38,2000.00,1.83,0.00,1970.67,2000.00,2.62,0.00
00:00:35.623 [TUNER] 491,1000,2030.38,2000.00,1.83,0.00,1970.67,2000.00,2.62,0.00
00:00:35.656 [TUNER] 492,1000,2048.88,2000.00,1.55,0.00,1995.95,2000.00,2.29,0.00
00:00:35.657 [TUNER] 493,1000,2048.88,2000.00,1.55,0.00,1995.95,2000.00,2.29,0.00
00:00:35.693 [TUNER] 494,1000,2065.18,2000.00,1.29,0.00,1995.35,2000.00,2.30,0.00
00:00:35.693 [TUNER] 495,1000,2065.18,2000.00,1.29,0.00,1995.35,2000.00,2.30,0.00
00:00:35.726 [TUNER] 496,1000,2052.45,2000.00,1.40,-0.00,2041.26,2000.00,1.65,0.00
00:00:35.762 [TUNER] 497,1000,2052.45,2000.00,1.40,-0.00,2041.26,2000.00,1.65,0.00
00:00:35.762 [TUNER] 498,1000,2031.96,2000.00,1.63,-0.00,2017.85,2000.00,1.94,-0.00
00:00:35.798 [TUNER] 499,1000,2031.96,2000.00,1.63,-0.00,2017.85,2000.00,1.94,-0.00
00:00:35.798 [TUNER] 500,1000,1996.67,2000.00,2.07,-0.00,2026.61,2000.00,1.80,-0.00
00:00:35.837 [TUNER] 501,1000,1996.67,2000.00,2.07,-0.00,2026.61,2000.00,1.80,-0.00
00:00:35.867 [TUNER] 502,1000,1985.62,2000.00,2.22,-0.00,1987.24,2000.00,2.34,-0.00
00:00:35.902 [TUNER] 503,1000,1985.62,2000.00,2.22,-0.00,1987.24,2000.00,2.34,-0.00
00:00:35.904 [TUNER] 504,1000,1988.80,2000.00,2.19,-0.00,1981.51,2000.00,2.44,0.00
00:00:35.905 [TUNER] 505,1000,1988.80,2000.00,2.19,-0.00,1981.51,2000.00,2.44,0.00
00:00:35.937 [TUNER] 506,1000,1984.48,2000.00,2.26,-0.00,1966.61,2000.00,2.67,0.00
00:00:35.972 [TUNER] 507,1000,1984.48,2000.00,2.26,-0.00,1966.61,2000.00,2.67,0.00
00:00:35.973 [TUNER] 508,1000,2008.51,2000.00,1.95,-0.00,1977.04,2000.00,2.55,0.00
00:00:36.006 [TUNER] 509,1000,2008.51,2000.00,1.95,-0.00,1977.04,2000.00,2.55,0.00
00:00:36.009 [TUNER] 510,1000,1976.19,2000.00,2.37,-0.00,1993.96,2000.00,2.33,0.00
00:00:36.041 [TUNER] 511,1000,1976.19,2000.00,2.37,-0.00,1993.96,2000.00,2.33,0.00
00:00:36.078 [TUNER] 512,1000,1996.72,2000.00,2.12,-0.00,1992.04,2000.00,2.36,0.00
00:00:36.078 [TUNER] 513,1000,1996.72,2000.00,2.12,-0.00,1992.04,2000.00,2.36,0.00
00:00:36.113 [TUNER] 514,1000,1999.40,2000.00,2.09,-0.00,2009.40,2000.00,2.12,0.00
00:00:36.115 [TUNER] 515,1000,1999.40,2000.00,2.09,-0.00,2009.40,2000.00,2.12,0.00
00:00:36.147 [TUNER] 516,1000,2004.98,2000.00,2.02,-0.00,2014.70,2000.00,2.03,0.00
00:00:36.184 [TUNER] 517,1000,2004.98,2000.00,2.02,-0.00,2014.70,2000.00,2.03,0.00
00:00:36.186 [TUNER] 518,1000,1976.81,2000.00,2.39,0.00,2042.99,2000.00,1.61,0.00
00:00:36.217 [TUNER] 519,1000,1976.81,2000.00,2.39,0.00,2042.99,2000.00,1.61,0.00
00:00:36.217 [TUNER] 520,1000,1966.29,2000.00,2.55,0.00,2017.52,2000.00,1.94,-0.00
00:00:36.252 [TUNER] 521,1000,1966.29,2000.00,2.55,0.00,2017.52,2000.00,1.94,-0.00
00:00:36.287 [TUNER] 522,1000,1964.75,2000.00,2.60,0.00,2019.48,2000.00,1.89,-0.00
00:00:36.288 [TUNER] 523,1000,1964.75,2000.00,2.60,0.00,2019.48,2000.00,1.89,-0.00
00:00:36.321 [TUNER] 524,1000,1977.26,2000.00,2.46,0.00,1979.81,2000.00,2.45,-0.00
00:00:36.322 [TUNER] 525,1000,1977.26,2000.00,2.46,0.00,1979.81,2000.00,2.45,-0.00
00:00:36.356 [TUNER] 526,1000,1997.58,2000.00,2.21,0.00,1992.75,2000.00,2.28,-0.00
00:00:36.391 [TUNER] 527,1000,1997.58,2000.00,2.21,0.00,1992.75,2000.00,2.28,-0.00
00:00:36.391 [TUNER] 528,1000,1967.45,2000.00,2.61,0.00,2003.10,2000.00,2.14,-0.00
00:00:36.426 [TUNER] 529,1000,1967.45,2000.00,2.61,0.00,2003.10,2000.00,2.14,-0.00
00:00:36.427 [TUNER] 530,1000,1993.16,2000.00,2.30,0.00,2014.81,2000.00,1.97,-0.00
00:00:36.464 [TUNER] 531,1000,1993.16,2000.00,2.30,0.00,2014.81,2000.00,1.97,-0.00
00:00:36.497 [TUNER] 532,1000,2005.15,2000.00,2.15,0.00,2010.44,2000.00,2.01,-0.00
00:00:36.498 [TUNER] 533,1000,2005.15,2000.00,2.15,0.00,2010.44,2000.00,2.01,-0.00
00:00:36.534 [TUNER] 534,1000,2054.25,2000.00,1.49,0.00,1982.89,2000.00,2.40,-0.00
00:00:36.535 [TUNER] 535,1000,2054.25,2000.00,1.49,0.00,1982.89,2000.00,2.40,-0.00
00:00:36.566 [TUNER] 536,1000,2043.71,2000.00,1.58,0.00,1996.93,2000.00,2.21,-0.00
00:00:36.602 [TUNER] 537,1000,2043.71,2000.00,1.58,0.00,1996.93,2000.00,2.21,-0.00
00:00:36.604 [TUNER] 538,1000,2061.04,2000.00,1.32,-0.00,1980.67,2000.00,2.45,0.00
00:00:36.638 [TUNER] 539,1000,2061.04,2000.00,1.32,-0.00,1980.67,2000.00,2.45,0.00
00:00:36.638 [TUNER] 540,1000,2025.09,2000.00,1.74,-0.00,2019.20,2000.00,1.92,-0.00
00:00:36.671 [TUNER] 541,1000,2025.09,2000.00,1.74,-0.00,2019.20,2000.00,1.92,-0.00
00:00:36.707 [TUNER] 542,1000,2022.10,2000.00,1.76,-0.00,1998.49,2000.00,2.19,-0.00
00:00:36.707 [TUNER] 543,1000,2022.10,2000.00,1.76,-0.00,1998.49,2000.00,2.19,-0.00
00:00:36.742 [TUNER] 544,1000,1993.93,2000.00,2.11,-0.00,2024.87,2000.00,1.82,-0.00
00:00:36.742 [TUNER] 545,1000,1993.93,2000.00,2.11,-0.00,2024.87,2000.00,1.82,-0.00
00:00:36.776 [TUNER] 546,1000,1978.27,2000.00,2.32,-0.00,1997.87,2000.00,2.18,-0.00
00:00:36.814 [TUNER] 547,1000,1978.27,2000.00,2.32,-0.00,1997.87,2000.00,2.18,-0.00
00:00:36.817 [TUNER] 548,1000,2010.42,2000.00,1.92,-0.00,1990.01,2000.00,2.30,-0.00
00:00:36.848 [TUNER] 549,1000,2010.42,2000.00,1.92,-0.00,1990.01,2000.00,2.30,-0.00
00:00:36.848 [TUNER] 550,1000,2012.08,2000.00,1.88,-0.00,1975.14,2000.00,2.52,0.00
00:00:36.882 [TUNER] 551,1000,2012.08,2000.00,1.88,-0.00,1975.14,2000.00,2.52,0.00
00:00:36.919 [TUNER] 552,1000,2016.84,2000.00,1.81,-0.00,1982.14,2000.00,2.44,0.00
00:00:36.919 [TUNER] 553,1000,2016.84,2000.00,1.81,-0.00,1982.14,2000.00,2.44,0.00
00:00:36.953 [TUNER] 554,1000,1958.80,2000.00,2.57,-0.00,1992.89,2000.00,2.31,0.00
00:00:36.953 [TUNER] 555,1000,1958.80,2000.00,2.57,-0.00,1992.89,2000.00,2.31,0.00
00:00:36.987 [TUNER] 556,1000,1958.76,2000.00,2.60,-0.00,1980.87,2000.00,2.49,0.00
00:00:37.022 [TUNER] 557,1000,1958.76,2000.00,2.60,-0.00,1980.87,2000.00,2.49,0.00
00:00:37.024 [TUNER] 558,1000,1963.88,2000.00,2.57,0.00,2003.91,2000.00,2.17,0.00
00:00:37.057 [TUNER] 559,1000,1963.88,2000.00,2.57,0.00,2003.91,2000.00,2.17,0.00
00:00:37.057 [TUNER] 560,1000,2021.01,2000.00,1.85,0.00,1991.21,2000.00,2.35,0.00
00:00:37.090 [TUNER] 561,1000,2021.01,2000.00,1.85,0.00,1991.21,2000.00,2.35,0.00
00:00:37.127 [TUNER] 562,1000,2019.03,2000.00,1.85,-0.00,2017.54,2000.00,1.98,0.00
00:00:37.128 [TUNER] 563,1000,2019.03,2000.00,1.85,-0.00,2017.54,2000.00,1.98,0.00
00:00:37.162 [TUNER] 564,1000,2048.18,2000.00,1.45,-0.00,1993.72,2000.00,2.31,0.00
00:00:37.163 [TUNER] 565,1000,2048.18,2000.00,1.45,-0.00,1993.72,2000.00,2.31,0.00
00:00:37.198 [TUNER] 566,1000,2050.88,2000.00,1.37,-0.00,2019.34,2000.00,1.94,0.00
00:00:37.234 [TUNER] 567,1000,2050.88,2000.00,1.37,-0.00,2019.34,2000.00,1.94,0.00
00:00:37.236 [TUNER] 568,1000,2022.11,2000.00,1.71,-0.00,1996.88,2000.00,2.25,0.00
00:00:37.270 [TUNER] 569,1000,2022.11,2000.00,1.71,-0.00,1996.88,2000.00,2.25,0.00
00:00:37.270 [TUNER] 570,1000,1975.04,2000.00,2.31,-0.00,2021.87,2000.00,1.89,0.00
00:00:37.302 [TUNER] 571,1000,1975.04,2000.00,2.31,-0.00,2021.87,2000.00,1.89,0.00
00:00:37.337 [TUNER] 572,1000,1915.06,2000.00,3.13,-0.00,1990.31,2000.00,2.33,0.00
00:00:37.338 [TUNER] 573,1000,1915.06,2000.00,3.13,-0.00,1990.31,2000.00,2.33,0.00
00:00:37.372 [TUNER] 574,1000,1947.82,2000.00,2.77,0.00,1983.97,2000.00,2.43,0.00
00:00:37.372 [TUNER] 575,1000,1947.82,2000.00,2.77,0.00,1983.97,2000.00,2.43,0.00
00:00:37.406 [TUNER] 576,1000,1992.92,2000.00,2.22,0.00,1990.92,2000.00,2.34,0.00
00:00:37.442 [TUNER] 577,1000,1992.92,2000.00,2.22,0.00,1990.92,2000.00,2.34,0.00
00:00:37.442 [TUNER] 578,1000,2078.83,2000.00,1.09,-0.00,1982.73,2000.00,2.47,0.00
00:00:37.476 [TUNER] 579,1000,2078.83,2000.00,1.09,-0.00,1982.73,2000.00,2.47,0.00
00:00:37.477 [TUNER] 580,1000,2051.35,2000.00,1.38,-0.00,2015.70,2000.00,2.01,0.00
00:00:37.513 [TUNER] 581,1000,2051.35,2000.00,1.38,-0.00,2015.70,2000.00,2.01,0.00
00:00:37.548 [TUNER] 582,1000,2065.44,2000.00,1.15,-0.00,2021.46,2000.00,1.91,0.00
00:00:37.548 [TUNER] 583,1000,2065.44,2000.00,1.15,-0.00,2021.46,2000.00,1.91,0.00
00:00:37.583 [TUNER] 584,1000,2023.45,2000.00,1.65,-0.00,2043.25,2000.00,1.58,-0.00
00:00:37.584 [TUNER] 585,1001,1954.24,2000.00,2.52,-0.00,1983.63,2000.00,2.39,-0.00
00:00:37.616 [TUNER] 586,999,1954.24,2000.00,2.52,-0.00,1983.63,2000.00,2.39,-0.00
00:00:37.652 [TUNER] 587,1000,1949.22,2000.00,2.63,-0.00,1983.11,2000.00,2.41,-0.00
00:00:37.654 [TUNER] 588,1000,1949.22,2000.00,2.63,-0.00,1983.11,2000.00,2.41,-0.00
00:00:37.688 [TUNER] 589,1000,1952.81,2000.00,2.63,-0.00,2002.26,2000.00,2.15,-0.00
00:00:37.689 [TUNER] 590,1000,1952.81,2000.00,2.63,-0.00,2002.26,2000.00,2.15,-0.00
00:00:37.722 [TUNER] 591,1000,1995.20,2000.00,2.11,-0.00,1986.65,2000.00,2.37,0.00
00:00:37.757 [TUNER] 592,1000,1995.20,2000.00,2.11,-0.00,1986.65,2000.00,2.37,0.00
00:00:37.758 [TUNER] 593,1000,1998.19,2000.00,2.07,-0.00,2001.66,2000.00,2.17,0.00
00:00:37.792 [TUNER] 594,1000,1998.19,2000.00,2.07,-0.00,2001.66,2000.00,2.17,0.00
00:00:37.793 [TUNER] 595,1000,2038.37,2000.00,1.54,-0.00,1981.02,2000.00,2.46,0.00
00:00:37.829 [TUNER] 596,1000,2038.37,2000.00,1.54,-0.00,1981.02,2000.00,2.46,0.00
00:00:37.862 [TUNER] 597,1000,1996.64,2000.00,2.06,-0.00,2009.17,2000.00,2.08,0.00
00:00:37.862 [TUNER] 598,1000,1996.64,2000.00,2.06,-0.00,2009.17,2000.00,2.08,0.00
00:00:37.897 [TUNER] 599,1000,1949.52,2000.00,2.69,-0.00,1990.47,2000.00,2.34,0.00
00:00:37.898 [TUNER] 600,1000,1949.52,2000.00,2.69,-0.00,1990.47,2000.00,2.34,0.00
00:00:37.935 [TUNER] 601,1000,1958.20,2000.00,2.62,0.00,2023.61,2000.00,1.87,0.00
00:00:37.966 [TUNER] 602,1000,1958.20,2000.00,2.62,0.00,2023.61,2000.00,1.87,0.00
00:00:37.969 [TUNER] 603,1001,1965.15,2000.00,2.56,0.00,2008.88,2000.00,2.06,-0.00
00:00:38.004 [TUNER] 604,999,1965.15,2000.00,2.56,0.00,2008.88,2000.00,2.06,-0.00
00:00:38.004 [TUNER] 605,1000,1979.30,2000.00,2.41,0.00,2016.00,2000.00,1.95,-0.00
00:00:38.039 [TUNER] 606,1000,1979.30,2000.00,2.41,0.00,2016.00,2000.00,1.95,-0.00
00:00:38.074 [TUNER] 607,1000,1978.59,2000.00,2.43,0.00,2002.80,2000.00,2.12,-0.00
00:00:38.075 [TUNER] 608,1000,1978.59,2000.00,2.43,0.00,2002.80,2000.00,2.12,-0.00
00:00:38.107 [TUNER] 609,1000,2015.83,2000.00,1.96,0.00,2028.32,2000.00,1.75,-0.00
00:00:38.107 [TUNER] 610,1000,2015.83,2000.00,1.96,0.00,2028.32,2000.00,1.75,-0.00
00:00:38.142 [TUNER] 611,1000,2028.43,2000.00,1.78,0.00,2029.84,2000.00,1.71,-0.00
00:00:38.178 [TUNER] 612,1000,2028.43,2000.00,1.78,0.00,2029.84,2000.00,1.71,-0.00
00:00:38.178 [TUNER] 613,1000,2108.96,2000.00,0.68,-0.00,2019.02,2000.00,1.83,-0.00
00:00:38.213 [TUNER] 614,1000,2108.96,2000.00,0.68,-0.00,2019.02,2000.00,1.83,-0.00
00:00:38.213 [TUNER] 615,1000,2084.04,2000.00,0.92,-0.00,2017.24,2000.00,1.84,-0.00
00:00:38.248 [TUNER] 616,1000,2084.04,2000.00,0.92,-0.00,2017.24,2000.00,1.84,-0.00
00:00:38.284 [TUNER] 617,1000,2002.25,2000.00,1.93,-0.00,1993.49,2000.00,2.16,-0.00
00:00:38.285 [TUNER] 618,1000,2002.25,2000.00,1.93,-0.00,1993.49,2000.00,2.16,-0.00
00:00:38.316 [TUNER] 619,1000,1917.92,2000.00,3.05,-0.00,2005.40,2000.00,2.00,-0.00
00:00:38.319 [TUNER] 620,1000,1917.92,2000.00,3.05,-0.00,2005.40,2000.00,2.00,-0.00
00:00:38.353 [TUNER] 621,1000,1903.72,2000.00,3.31,0.00,1971.99,2000.00,2.47,-0.00
00:00:38.388 [TUNER] 622,1000,1903.72,2000.00,3.31,0.00,1971.99,2000.00,2.47,-0.00
00:00:38.390 [TUNER] 623,1000,1962.80,2000.00,2.61,0.00,1998.52,2000.00,2.12,-0.00
00:00:38.422 [TUNER] 624,1000,1962.80,2000.00,2.61,0.00,1998.52,2000.00,2.12,-0.00
00:00:38.423 [TUNER] 625,1000,1999.75,2000.00,2.15,0.00,1973.35,2000.00,2.48,-0.00
00:00:38.458 [TUNER] 626,1000,1999.75,2000.00,2.15,0.00,1973.35,2000.00,2.48,-0.00
00:00:38.493 [TUNER] 627,1000,2055.09,2000.00,1.42,0.00,2001.32,2000.00,2.11,-0.00
00:00:38.494 [TUNER] 628,1000,2055.09,2000.00,1.42,0.00,2001.32,2000.00,2.11,-0.00
00:00:38.526 [TUNER] 629,1000,2075.30,2000.00,1.10,-0.00,2008.24,2000.00,2.01,-0.00
00:00:38.562 [TUNER] 630,1002,2119.31,2000.00,0.50,-0.00,2017.69,2000.00,1.87,-0.00
00:00:38.563 [TUNER] 631,998,2119.31,2000.00,0.50,-0.00,2017.69,2000.00,1.87,-0.00
00:00:38.596 [TUNER] 632,1000,2049.90,2000.00,1.32,-0.00,2044.31,2000.00,1.47,-0.00
00:00:38.598 [TUNER] 633,1000,2049.90,2000.00,1.32,-0.00,2044.31,2000.00,1.47,-0.00
00:00:38.632 [TUNER] 634,1000,1985.25,2000.00,2.13,-0.00,2006.55,2000.00,1.97,-0.00
00:00:38.633 [TUNER] 635,1000,1985.25,2000.00,2.13,-0.00,2006.55,2000.00,1.97,-0.00
00:00:38.667 [TUNER] 636,1000,1966.17,2000.00,2.40,-0.00,2019.29,2000.00,1.78,-0.00
00:00:38.703 [TUNER] 637,1000,1966.17,2000.00,2.40,-0.00,2019.29,2000.00,1.78,-0.00
00:00:38.704 [TUNER] 638,1000,1956.06,2000.00,2.56,-0.00,1984.82,2000.00,2.26,-0.00
00:00:38.739 [TUNER] 639,1000,1956.06,2000.00,2.56,-0.00,1984.82,2000.00,2.26,-0.00
00:00:38.740 [TUNER] 640,1000,1977.18,2000.00,2.32,-0.00,1974.42,2000.00,2.42,-0.00
00:00:38.772 [TUNER] 641,1000,1977.18,2000.00,2.32,-0.00,1974.42,2000.00,2.42,-0.00
00:00:38.806 [TUNER] 642,1000,1975.18,2000.00,2.37,-0.00,1964.38,2000.00,2.59,-0.00
00:00:38.807 [TUNER] 643,1001,2002.37,2000.00,2.03,-0.00,1942.23,2000.00,2.92,-0.00
00:00:38.842 [TUNER] 644,999,2002.37,2000.00,2.03,-0.00,1942.23,2000.00,2.92,-0.00
00:00:38.844 [TUNER] 645,1000,1997.24,2000.00,2.09,-0.00,1986.95,2000.00,2.33,-0.00
00:00:38.877 [TUNER] 646,1000,1997.24,2000.00,2.09,-0.00,1986.95,2000.00,2.33,-0.00
00:00:38.913 [TUNER] 647,1000,1987.80,2000.00,2.22,-0.00,1988.15,2000.00,2.32,-0.00
00:00:38.914 [TUNER] 648,1000,1987.80,2000.00,2.22,-0.00,1988.15,2000.00,2.32,-0.00
00:00:38.948 [TUNER] 649,1000,1990.54,2000.00,2.20,-0.00,2008.01,2000.00,2.05,-0.00
00:00:38.948 [TUNER] 650,1000,1990.54,2000.00,2.20,-0.00,2008.01,2000.00,2.05,-0.00
00:00:38.982 [TUNER] 651,1000,1944.64,2000.00,2.81,0.00,1999.84,2000.00,2.16,-0.00
00:00:39.017 [TUNER] 652,1000,1944.64,2000.00,2.81,0.00,1999.84,2000.00,2.16,-0.00
00:00:39.020 [TUNER] 653,1000,1954.30,2000.00,2.73,0.00,2015.65,2000.00,1.93,-0.00
00:00:39.054 [TUNER] 654,1000,1954.30,2000.00,2.73,0.00,2015.65,2000.00,1.93,-0.00
00:00:39.055 [TUNER] 655,1000,1982.65,2000.00,2.40,0.00,2009.39,2000.00,2.01,-0.00
00:00:39.088 [TUNER] 656,1000,1982.65,2000.00,2.40,0.00,2009.39,2000.00,2.01,-0.00
00:00:39.122 [TUNER] 657,1000,2056.86,2000.00,1.43,0.00,2016.41,2000.00,1.90,-0.00
00:00:39.123 [TUNER] 658,1000,2056.86,2000.00,1.43,0.00,2016.41,2000.00,1.90,-0.00
00:00:39.158 [TUNER] 659,1000,2016.59,2000.00,1.91,0.00,2016.87,2000.00,1.88,-0.00
00:00:39.158 [TUNER] 660,1000,2016.59,2000.00,1.91,0.00,2016.87,2000.00,1.88,-0.00
00:00:39.193 [TUNER] 661,1000,2010.15,2000.00,1.98,0.00,1974.29,2000.00,2.47,-0.00
00:00:39.227 [TUNER] 662,1000,2010.15,2000.00,1.98,0.00,1974.29,2000.00,2.47,-0.00
00:00:39.228 [TUNER] 663,1000,1963.75,2000.00,2.59,0.00,1993.48,2000.00,2.22,-0.00
00:00:39.263 [TUNER] 664,1000,1963.75,2000.00,2.59,0.00,1993.48,2000.00,2.22,-0.00
00:00:39.263 [TUNER] 665,1000,1964.44,2000.00,2.61,0.00,1971.04,2000.00,2.55,-0.00
00:00:39.297 [TUNER] 666,1000,1964.44,2000.00,2.61,0.00,1971.04,2000.00,2.55,-0.00
00:00:39.333 [TUNER] 667,1000,1966.70,2000.00,2.62,0.00,2008.07,2000.00,2.05,-0.00
00:00:39.334 [TUNER] 668,1000,1966.70,2000.00,2.62,0.00,2008.07,2000.00,2.05,-0.00
00:00:39.366 [TUNER] 669,1000,1985.70,2000.00,2.39,0.00,1989.58,2000.00,2.30,-0.00
00:00:39.368 [TUNER] 670,1000,1985.70,2000.00,2.39,0.00,1989.58,2000.00,2.30,-0.00
00:00:39.402 [TUNER] 671,1000,2049.00,2000.00,1.57,0.00,2026.33,2000.00,1.79,-0.00
00:00:39.438 [TUNER] 672,1000,2049.00,2000.00,1.57,0.00,2026.33,2000.00,1.79,-0.00
00:00:39.439 [TUNER] 673,1000,2060.12,2000.00,1.37,0.00,2004.19,2000.00,2.08,-0.00
00:00:39.472 [TUNER] 674,1000,2060.12,2000.00,1.37,0.00,2004.19,2000.00,2.08,-0.00
00:00:39.473 [TUNER] 675,1000,2041.53,2000.00,1.57,-0.00,2000.23,2000.00,2.13,-0.00
00:00:39.506 [TUNER] 676,1000,2041.53,2000.00,1.57,-0.00,2000.23,2000.00,2.13,-0.00
00:00:39.544 [TUNER] 677,1000,1969.97,2000.00,2.48,0.00,1998.77,2000.00,2.15,-0.00
00:00:39.548 [TUNER] 678,1000,1969.97,2000.00,2.48,0.00,1998.77,2000.00,2.15,-0.00
00:00:39.578 [TUNER] 679,1000,1983.15,2000.00,2.33,0.00,1985.58,2000.00,2.34,-0.00
00:00:39.578 [TUNER] 680,1000,1983.15,2000.00,2.33,0.00,1985.58,2000.00,2.34,-0.00
00:00:39.612 [TUNER] 681,1000,1981.68,2000.00,2.37,0.00,1993.93,2000.00,2.24,-0.00
00:00:39.649 [TUNER] 682,1000,1981.68,2000.00,2.37,0.00,1993.93,2000.00,2.24,-0.00
00:00:39.650 [TUNER] 683,1000,2047.50,2000.00,1.51,0.00,1979.99,2000.00,2.44,-0.00
00:00:39.683 [TUNER] 684,1000,2047.50,2000.00,1.51,0.00,1979.99,2000.00,2.44,-0.00
00:00:39.683 [TUNER] 685,1000,2040.02,2000.00,1.57,-0.00,2010.07,2000.00,2.03,-0.00
00:00:39.717 [TUNER] 686,1000,2040.02,2000.00,1.57,-0.00,2010.07,2000.00,2.03,-0.00
00:00:39.752 [TUNER] 687,1000,2004.84,2000.00,2.00,-0.00,1992.90,2000.00,2.27,-0.00
00:00:39.753 [TUNER] 688,1000,2004.84,2000.00,2.00,-0.00,1992.90,2000.00,2.27,-0.00
00:00:39.788 [TUNER] 689,1000,1993.87,2000.00,2.14,-0.00,2023.83,2000.00,1.83,-0.00
00:00:39.789 [TUNER] 690,1000,1993.87,2000.00,2.14,-0.00,2023.83,2000.00,1.83,-0.00
00:00:39.822 [TUNER] 691,1000,1988.53,2000.00,2.22,-0.00,1991.89,2000.00,2.27,-0.00
00:00:39.857 [TUNER] 692,1000,1988.53,2000.00,2.22,-0.00,1991.89,2000.00,2.27,-0.00
00:00:39.857 [TUNER] 693,1000,1960.21,2000.00,2.60,0.00,2004.12,2000.00,2.10,-0.00
00:00:39.894 [TUNER] 694,1000,1960.21,2000.00,2.60,0.00,2004.12,2000.00,2.10,-0.00
00:00:39.896 [TUNER] 695,1000,1910.06,2000.00,3.30,0.00,2001.89,2000.00,2.13,-0.00
00:00:39.927 [TUNER] 696,1000,1910.06,2000.00,3.30,0.00,2001.89,2000.00,2.13,-0.00
00:00:39.962 [TUNER] 697,1000,1950.69,2000.00,2.84,0.00,2006.97,2000.00,2.05,-0.00
00:00:39.998 [TUNER] 698,1000,1950.69,2000.00,2.84,0.00,2006.97,2000.00,2.05,-0.00
00:00:39.998 [TUNER] 699,1000,1996.94,2000.00,2.27,0.00,2007.60,2000.00,2.03,-0.00
00:00:40.000 [TUNER] 700,1000,2088.43,2000.00,1.10,0.00,1983.68,2000.00,2.36,-0.00
00:00:40.032 [TUNER] 701,1000,2088.43,2000.00,1.10,0.00,1983.68,2000.00,2.36,-0.00
00:00:40.070 [TUNER] 702,1000,2146.88,2000.00,0.25,-0.00,2011.52,2000.00,1.98,-0.00
00:00:40.070 [TUNER] 703,1000,2146.88,2000.00,0.25,-0.00,2011.52,2000.00,1.98,-0.00
00:00:40.101 [TUNER] 704,1000,2179.66,2000.00,-0.32,-0.00,1988.90,2000.00,2.29,-0.00
00:00:40.102 [TUNER] 705,1000,2179.66,2000.00,-0.32,-0.00,1988.90,2000.00,2.29,-0.00
00:00:40.137 [TUNER] 706,1000,2106.24,2000.00,0.50,-0.00,1996.58,2000.00,2.19,-0.00
00:00:40.173 [TUNER] 707,1000,2106.24,2000.00,0.50,-0.00,1996.58,2000.00,2.19,-0.00
00:00:40.173 [TUNER] 708,1000,2002.83,2000.00,1.77,-0.00,1992.42,2000.00,2.26,-0.00
00:00:40.207 [TUNER] 709,1000,2002.83,2000.00,1.77,-0.00,1992.42,2000.00,2.26,-0.00
00:00:40.208 [TUNER] 710,1000,1904.64,2000.00,3.07,-0.00,1975.35,2000.00,2.51,-0.00
00:00:40.242 [TUNER] 711,1000,1904.64,2000.00,3.07,-0.00,1975.35,2000.00,2.51,-0.00
00:00:40.280 [TUNER] 712,1000,1905.12,2000.00,3.15,-0.00,1990.89,2000.00,2.31,0.00
00:00:40.280 [TUNER] 713,1000,1905.12,2000.00,3.15,-0.00,1990.89,2000.00,2.31,0.00
00:00:40.314 [TUNER] 714,1000,1962.20,2000.00,2.48,-0.00,1984.43,2000.00,2.41,0.00
00:00:40.314 [TUNER] 715,1000,1962.20,2000.00,2.48,-0.00,1984.43,2000.00,2.41,0.00
00:00:40.346 [TUNER] 716,1000,1992.41,2000.00,2.11,-0.00,2006.75,2000.00,2.11,0.00
00:00:40.385 [TUNER] 717,1000,1992.41,2000.00,2.11,-0.00,2006.75,2000.00,2.11,0.00
00:00:40.386 [TUNER] 718,1000,2037.18,2000.00,1.52,-0.00,2005.71,2000.00,2.11,0.00
00:00:40.418 [TUNER] 719,1000,2037.18,2000.00,1.52,-0.00,2005.71,2000.00,2.11,0.00
00:00:40.420 [TUNER] 720,1000,2059.26,2000.00,1.20,-0.00,2054.70,2000.00,1.40,-0.00
00:00:40.451 [TUNER] 721,1000,2059.26,2000.00,1.20,-0.00,2054.70,2000.00,1.40,-0.00
00:00:40.488 [TUNER] 722,1000,2032.25,2000.00,1.50,-0.00,2038.91,2000.00,1.58,-0.00
00:00:40.488 [TUNER] 723,1000,2032.25,2000.00,1.50,-0.00,2038.91,2000.00,1.58,-0.00
00:00:40.522 [TUNER] 724,1000,1995.19,2000.00,1.97,-0.00,2060.64,2000.00,1.23,-0.00
00:00:40.522 [TUNER] 725,1000,1995.19,2000.00,1.97,-0.00,2060.64,2000.00,1.23,-0.00
00:00:40.557 [TUNER] 726,1000,1950.07,2000.00,2.57,-0.00,2014.46,2000.00,1.83,-0.00
00:00:40.592 [TUNER] 727,1000,1950.07,2000.00,2.57,-0.00,2014.46,2000.00,1.83,-0.00
00:00:40.593 [TUNER] 728,1000,1989.57,2000.00,2.09,-0.00,1994.70,2000.00,2.10,-0.00
00:00:40.627 [TUNER] 729,1000,1989.57,2000.00,2.09,-0.00,1994.70,2000.00,2.10,-0.00
00:00:40.627 [TUNER] 730,1000,1943.86,2000.00,2.71,-0.00,1972.01,2000.00,2.44,-0.00
00:00:40.665 [TUNER] 731,1000,1943.86,2000.00,2.71,-0.00,1972.01,2000.00,2.44,-0.00
00:00:40.699 [TUNER] 732,1000,1931.34,2000.00,2.92,-0.00,1972.76,2000.00,2.45,-0.00
00:00:40.699 [TUNER] 733,1000,1931.34,2000.00,2.92,-0.00,1972.76,2000.00,2.45,-0.00
00:00:40.731 [TUNER] 734,1000,1929.92,2000.00,3.00,0.00,1990.54,2000.00,2.22,-0.00
00:00:40.769 [TUNER] 735,1000,1929.92,2000.00,3.00,0.00,1990.54,2000.00,2.22,-0.00
00:00:40.769 [TUNER] 736,1000,1954.55,2000.00,2.74,0.00,1982.44,2000.00,2.35,-0.00
00:00:40.804 [TUNER] 737,1000,1954.55,2000.00,2.74,0.00,1982.44,2000.00,2.35,-0.00
00:00:40.804 [TUNER] 738,1000,2008.62,2000.00,2.06,0.00,2001.72,2000.00,2.09,-0.00
00:00:40.839 [TUNER] 739,1000,2008.62,2000.00,2.06,0.00,2001.72,2000.00,2.09,-0.00
00:00:40.839 [TUNER] 740,1000,2060.46,2000.00,1.37,0.00,1975.91,2000.00,2.46,-0.00
00:00:40.872 [TUNER] 741,1000,2060.46,2000.00,1.37,0.00,1975.91,2000.00,2.46,-0.00
00:00:40.907 [TUNER] 742,1000,2096.78,2000.00,0.83,-0.00,2013.68,2000.00,1.94,-0.00
00:00:40.908 [TUNER] 743,1000,2096.78,2000.00,0.83,-0.00,2013.68,2000.00,1.94,-0.00
00:00:40.942 [TUNER] 744,1000,2125.84,2000.00,0.36,-0.00,1997.51,2000.00,2.16,-0.00
00:00:40.942 [TUNER] 745,1000,2125.84,2000.00,0.36,-0.00,1997.51,2000.00,2.16,-0.00
00:00:40.978 [TUNER] 746,1000,2063.18,2000.00,1.08,-0.00,2039.55,2000.00,1.55,-0.00
00:00:41.012 [TUNER] 747,1000,2063.18,2000.00,1.08,-0.00,2039.55,2000.00,1.55,-0.00
00:00:41.012 [TUNER] 748,1000,1946.05,2000.00,2.58,-0.00,2019.92,2000.00,1.80,-0.00
00:00:41.050 [TUNER] 749,1000,1946.05,2000.00,2.58,-0.00,2019.92,2000.00,1.80,-0.00
00:00:41.052 [TUNER] 750,1000,1890.14,2000.00,3.37,-0.00,2023.11,2000.00,1.73,-0.00
00:00:41.083 [TUNER] 751,1000,1890.14,2000.00,3.37,-0.00,2023.11,2000.00,1.73,-0.00
00:00:41.117 [TUNER] 752,1000,1902.11,2000.00,3.31,0.00,1981.00,2000.00,2.32,-0.00
00:00:41.119 [TUNER] 753,1000,1902.11,2000.00,3.31,0.00,1981.00,2000.00,2.32,-0.00
00:00:41.153 [TUNER] 754,1000,2009.62,2000.00,1.97,-0.00,1954.18,2000.00,2.72,-0.00
00:00:41.154 [TUNER] 755,1000,2009.62,2000.00,1.97,-0.00,1954.18,2000.00,2.72,-0.00
00:00:41.187 [TUNER] 756,1000,2035.49,2000.00,1.61,-0.00,1991.14,2000.00,2.23,-0.00
00:00:41.222 [TUNER] 757,1000,2035.49,2000.00,1.61,-0.00,1991.14,2000.00,2.23,-0.00
00:00:41.223 [TUNER] 758,1000,2076.81,2000.00,1.03,-0.00,2000.10,2000.00,2.11,-0.00
00:00:41.257 [TUNER] 759,1000,2076.81,2000.00,1.03,-0.00,2000.10,2000.00,2.11,-0.00
00:00:41.257 [TUNER] 760,1000,2039.42,2000.00,1.46,-0.00,2026.15,2000.00,1.74,-0.00
00:00:41.291 [TUNER] 761,1000,2039.42,2000.00,1.46,-0.00,2026.15,2000.00,1.74,-0.00
00:00:41.329 [TUNER] 762,1000,1973.43,2000.00,2.30,-0.00,2021.23,2000.00,1.78,-0.00
00:00:41.329 [TUNER] 763,1000,1973.43,2000.00,2.30,-0.00,2021.23,2000.00,1.78,-0.00
00:00:41.363 [TUNER] 764,1000,1908.61,2000.00,3.19,-0.00,2046.50,2000.00,1.40,-0.00
00:00:41.364 [TUNER] 765,1000,1908.61,2000.00,3.19,-0.00,2046.50,2000.00,1.40,-0.00
00:00:41.398 [TUNER] 766,1000,1875.65,2000.00,3.71,0.00,1992.84,2000.00,2.13,-0.00
00:00:41.434 [TUNER] 767,1000,1875.65,2000.00,3.71,0.00,1992.84,2000.00,2.13,-0.00
00:00:41.436 [TUNER] 768,1000,1933.47,2000.00,3.05,0.00,1984.27,2000.00,2.26,-0.00
00:00:41.470 [TUNER] 769,1000,1933.47,2000.00,3.05,0.00,1984.27,2000.00,2.26,-0.00
00:00:41.470 [TUNER] 770,1000,1988.10,2000.00,2.38,0.00,1963.48,2000.00,2.57,-0.00
00:00:41.504 [TUNER] 771,1000,1988.10,2000.00,2.38,0.00,1963.48,2000.00,2.57,-0.00
00:00:41.536 [TUNER] 772,1000,2030.52,2000.00,1.83,0.00,1981.61,2000.00,2.34,-0.00
00:00:41.537 [TUNER] 773,1000,2030.52,2000.00,1.83,0.00,1981.61,2000.00,2.34,-0.00
00:00:41.575 [TUNER] 774,1000,1985.21,2000.00,2.41,0.00,1971.85,2000.00,2.50,-0.00
00:00:41.575 [TUNER] 775,1000,1985.21,2000.00,2.41,0.00,1971.85,2000.00,2.50,-0.00
00:00:41.607 [TUNER] 776,1000,1993.63,2000.00,2.31,0.00,1981.22,2000.00,2.40,-0.00
00:00:41.642 [TUNER] 777,1000,1993.63,2000.00,2.31,0.00,1981.22,2000.00,2.40,-0.00
00:00:41.643 [TUNER] 778,1000,1991.78,2000.00,2.34,0.00,1999.03,2000.00,2.16,-0.00
00:00:41.678 [TUNER] 779,1000,1991.78,2000.00,2.34,0.00,1999.03,2000.00,2.16,-0.00
00:00:41.679 [TUNER] 780,1000,1993.73,2000.00,2.32,0.00,2004.69,2000.00,2.08,-0.00
00:00:41.713 [TUNER] 781,1000,1993.73,2000.00,2.32,0.00,2004.69,2000.00,2.08,-0.00
00:00:41.747 [TUNER] 782,1000,1981.55,2000.00,2.49,0.00,2022.96,2000.00,1.81,-0.00
00:00:41.748 [TUNER] 783,1000,1981.55,2000.00,2.49,0.00,2022.96,2000.00,1.81,-0.00
00:00:41.783 [TUNER] 784,1000,1999.29,2000.00,2.27,0.00,2015.24,2000.00,1.90,-0.00
00:00:41.787 [TUNER] 785,1000,1999.29,2000.00,2.27,0.00,2015.24,2000.00,1.90,-0.00
00:00:41.817 [TUNER] 786,1000,2027.23,2000.00,1.90,0.00,2046.86,2000.00,1.43,-0.00
00:00:41.853 [TUNER] 787,1000,2027.23,2000.00,1.90,0.00,2046.86,2000.00,1.43,-0.00
00:00:41.855 [TUNER] 788,1000,2063.32,2000.00,1.39,0.00,2029.20,2000.00,1.64,-0.00
00:00:41.889 [TUNER] 789,1000,2063.32,2000.00,1.39,0.00,2029.20,2000.00,1.64,-0.00
00:00:41.891 [TUNER] 790,1000,2105.94,2000.00,0.77,-0.00,2027.11,2000.00,1.64,-0.00
00:00:41.922 [TUNER] 791,1000,2105.94,2000.00,0.77,-0.00,2027.11,2000.00,1.64,-0.00
00:00:41.958 [TUNER] 792,1000,2086.78,2000.00,0.93,-0.00,1984.20,2000.00,2.23,-0.00
00:00:41.958 [TUNER] 793,1000,2086.78,2000.00,0.93,-0.00,1984.20,2000.00,2.23,-0.00
00:00:41.994 [TUNER] 794,1000,2009.60,2000.00,1.88,-0.00,1979.07,2000.00,2.32,-0.00
00:00:41.996 [TUNER] 795,1000,2009.60,2000.00,1.88,-0.00,1979.07,2000.00,2.32,-0.00
00:00:42.028 [TUNER] 796,1000,1937.55,2000.00,2.83,-0.00,1964.67,2000.00,2.55,-0.00
00:00:42.062 [TUNER] 797,1000,1937.55,2000.00,2.83,-0.00,1964.67,2000.00,2.55,-0.00
00:00:42.062 [TUNER] 798,1000,1946.91,2000.00,2.76,0.00,1966.89,2000.00,2.55,-0.00
00:00:42.096 [TUNER] 799,1000,1946.91,2000.00,2.76,0.00,1966.89,2000.00,2.55,-0.00
00:00:42.098 [TUNER] 800,1000,1966.43,2000.00,2.55,0.00,1966.95,2000.00,2.58,-0.00
00:00:42.132 [TUNER] 801,1000,1966.43,2000.00,2.55,0.00,1966.95,2000.00,2.58,-0.00
00:00:42.169 [TUNER] 802,1000,2009.53,2000.00,2.00,0.00,1956.68,2000.00,2.76,-0.00
00:00:42.170 [TUNER] 803,1000,2009.53,2000.00,2.00,0.00,1956.68,2000.00,2.76,-0.00
00:00:42.202 [TUNER] 804,1000,2026.83,2000.00,1.77,0.00,1996.58,2000.00,2.23,-0.00
00:00:42.204 [TUNER] 805,1000,2026.83,2000.00,1.77,0.00,1996.58,2000.00,2.23,-0.00
00:00:42.239 [TUNER] 806,1000,2023.49,2000.00,1.79,-0.00,1990.70,2000.00,2.32,0.00
00:00:42.273 [TUNER] 807,1000,2023.49,2000.00,1.79,-0.00,1990.70,2000.00,2.32,0.00
00:00:42.273 [TUNER] 808,1000,2000.20,2000.00,2.07,-0.00,2040.97,2000.00,1.60,-0.00
00:00:42.307 [TUNER] 809,1000,2000.20,2000.00,2.07,-0.00,2040.97,2000.00,1.60,-0.00
00:00:42.308 [TUNER] 810,1000,1976.41,2000.00,2.39,0.00,2041.68,2000.00,1.55,-0.00
00:00:42.341 [TUNER] 811,1000,1976.41,2000.00,2.39,0.00,2041.68,2000.00,1.55,-0.00
00:00:42.377 [TUNER] 812,1000,1967.69,2000.00,2.53,0.00,2073.16,2000.00,1.06,-0.00
00:00:42.378 [TUNER] 813,1000,1967.69,2000.00,2.53,0.00,2073.16,2000.00,1.06,-0.00
00:00:42.412 [TUNER] 814,1000,1991.64,2000.00,2.24,0.00,2015.89,2000.00,1.81,-0.00
00:00:42.412 [TUNER] 815,1000,1991.64,2000.00,2.24,0.00,2015.89,2000.00,1.81,-0.00
00:00:42.448 [TUNER] 816,1000,2053.75,2000.00,1.42,-0.00,1983.81,2000.00,2.26,-0.00
00:00:42.484 [TUNER] 817,1000,2053.75,2000.00,1.42,-0.00,1983.81,2000.00,2.26,-0.00
00:00:42.486 [TUNER] 818,1000,2022.69,2000.00,1.78,-0.00,1949.56,2000.00,2.77,-0.00
00:00:42.519 [TUNER] 819,1000,2022.69,2000.00,1.78,-0.00,1949.56,2000.00,2.77,-0.00
00:00:42.520 [TUNER] 820,1000,2006.44,2000.00,1.98,-0.00,1951.36,2000.00,2.79,-0.00
00:00:42.553 [TUNER] 821,1000,2006.44,2000.00,1.98,-0.00,1951.36,2000.00,2.79,-0.00
00:00:42.587 [TUNER] 822,1000,1960.79,2000.00,2.58,0.00,1966.55,2000.00,2.62,-0.00
00:00:42.588 [TUNER] 823,1000,1960.79,2000.00,2.58,0.00,1966.55,2000.00,2.62,-0.00
00:00:42.622 [TUNER] 824,1000,1956.91,2000.00,2.67,0.00,1968.40,2000.00,2.62,0.00
00:00:42.623 [TUNER] 825,1000,1956.91,2000.00,2.67,0.00,1968.40,2000.00,2.62,0.00
00:00:42.657 [TUNER] 826,1000,1969.27,2000.00,2.54,0.00,1987.05,2000.00,2.39,0.00
00:00:42.693 [TUNER] 827,1000,1969.27,2000.00,2.54,0.00,1987.05,2000.00,2.39,0.00
00:00:42.693 [TUNER] 828,1000,1998.06,2000.00,2.19,0.00,1981.36,2000.00,2.48,0.00
00:00:42.727 [TUNER] 829,1000,1998.06,2000.00,2.19,0.00,1981.36,2000.00,2.48,0.00
00:00:42.727 [TUNER] 830,1000,2029.68,2000.00,1.77,0.00,2016.32,2000.00,2.00,0.00
00:00:42.763 [TUNER] 831,1000,2029.68,2000.00,1.77,0.00,2016.32,2000.00,2.00,0.00
00:00:42.797 [TUNER] 832,1004,2074.30,2000.00,1.14,-0.00,2012.60,2000.00,2.03,0.00
00:00:42.798 [TUNER] 833,998,2074.30,2000.00,1.14,-0.00,2012.60,2000.00,2.03,0.00
00:00:42.832 [TUNER] 834,998,2067.47,2000.00,1.17,-0.00,2054.57,2000.00,1.42,-0.00
00:00:42.866 [TUNER] 835,1000,2067.47,2000.00,1.17,-0.00,2054.57,2000.00,1.42,-0.00
00:00:42.871 [TUNER] 836,1000,2001.02,2000.00,1.99,-0.00,2040.53,2000.00,1.57,-0.00
00:00:42.902 [TUNER] 837,1000,2001.02,2000.00,1.99,-0.00,2040.53,2000.00,1.57,-0.00
00:00:42.903 [TUNER] 838,1000,1956.46,2000.00,2.58,-0.00,2020.71,2000.00,1.82,-0.00
00:00:42.938 [TUNER] 839,1000,1956.46,2000.00,2.58,-0.00,2020.71,2000.00,1.82,-0.00
00:00:42.939 [TUNER] 840,1002,1925.42,2000.00,3.04,0.00,1973.39,2000.00,2.48,-0.00
00:00:42.973 [TUNER] 841,998,1925.42,2000.00,3.04,0.00,1973.39,2000.00,2.48,-0.00
00:00:43.007 [TUNER] 842,1000,1999.74,2000.00,2.12,0.00,1955.53,2000.00,2.76,-0.00
00:00:43.007 [TUNER] 843,1000,1999.74,2000.00,2.12,0.00,1955.53,2000.00,2.76,-0.00
00:00:43.042 [TUNER] 844,1000,2032.75,2000.00,1.68,-0.00,1983.63,2000.00,2.40,-0.00
00:00:43.042 [TUNER] 845,1000,2032.75,2000.00,1.68,-0.00,1983.63,2000.00,2.40,-0.00
00:00:43.077 [TUNER] 846,1000,2081.48,2000.00,1.00,-0.00,2006.11,2000.00,2.09,-0.00
00:00:43.113 [TUNER] 847,1000,2081.48,2000.00,1.00,-0.00,2006.11,2000.00,2.09,-0.00
00:00:43.113 [TUNER] 848,1000,2043.16,2000.00,1.44,-0.00,2039.56,2000.00,1.60,-0.00
00:00:43.148 [TUNER] 849,1000,2043.16,2000.00,1.44,-0.00,2039.56,2000.00,1.60,-0.00
00:00:43.148 [TUNER] 850,1000,1991.88,2000.00,2.08,-0.00,2021.64,2000.00,1.82,-0.00
00:00:43.182 [TUNER] 851,1000,1991.88,2000.00,2.08,-0.00,2021.64,2000.00,1.82,-0.00
00:00:43.221 [TUNER] 852,1000,1942.27,2000.00,2.75,-0.00,2036.52,2000.00,1.59,-0.00
00:00:43.222 [TUNER] 853,1000,1942.27,2000.00,2.75,-0.00,2036.52,2000.00,1.59,-0.00
00:00:43.252 [TUNER] 854,1000,1912.89,2000.00,3.19,0.00,1979.70,2000.00,2.37,-0.00
00:00:43.253 [TUNER] 855,1000,1912.89,2000.00,3.19,0.00,1979.70,2000.00,2.37,-0.00
00:00:43.287 [TUNER] 856,1000,1983.88,2000.00,2.32,0.00,1977.20,2000.00,2.43,-0.00
00:00:43.322 [TUNER] 857,1000,1983.88,2000.00,2.32,0.00,1977.20,2000.00,2.43,-0.00
00:00:43.323 [TUNER] 858,1000,2026.93,2000.00,1.77,0.00,1970.04,2000.00,2.55,-0.00
00:00:43.357 [TUNER] 859,1000,2026.93,2000.00,1.77,0.00,1970.04,2000.00,2.55,-0.00
00:00:43.358 [TUNER] 860,1000,2045.90,2000.00,1.49,-0.00,1986.65,2000.00,2.34,-0.00
00:00:43.392 [TUNER] 861,1000,2045.90,2000.00,1.49,-0.00,1986.65,2000.00,2.34,-0.00
00:00:43.428 [TUNER] 862,1000,1988.92,2000.00,2.21,-0.00,1986.19,2000.00,2.36,-0.00
00:00:43.428 [TUNER] 863,1000,1988.92,2000.00,2.21,-0.00,1986.19,2000.00,2.36,-0.00
00:00:43.464 [TUNER] 864,1000,1988.01,2000.00,2.23,-0.00,1982.39,2000.00,2.43,0.00
00:00:43.466 [TUNER] 865,1000,1988.01,2000.00,2.23,-0.00,1982.39,2000.00,2.43,0.00
00:00:43.497 [TUNER] 866,1000,1975.25,2000.00,2.41,0.00,1998.24,2000.00,2.22,0.00
00:00:43.532 [TUNER] 867,1000,1975.25,2000.00,2.41,0.00,1998.24,2000.00,2.22,0.00
00:00:43.533 [TUNER] 868,1000,1999.41,2000.00,2.11,0.00,1997.18,2000.00,2.23,0.00
00:00:43.569 [TUNER] 869,1000,1999.41,2000.00,2.11,0.00,1997.18,2000.00,2.23,0.00
00:00:43.570 [TUNER] 870,1000,1974.06,2000.00,2.45,0.00,2018.67,2000.00,1.93,-0.00
00:00:43.603 [TUNER] 871,1000,1974.06,2000.00,2.45,0.00,2018.67,2000.00,1.93,-0.00
00:00:43.638 [TUNER] 872,1000,2001.89,2000.00,2.10,0.00,2010.09,2000.00,2.03,-0.00
00:00:43.639 [TUNER] 873,1000,2001.89,2000.00,2.10,0.00,2010.09,2000.00,2.03,-0.00
00:00:43.672 [TUNER] 874,1000,2006.98,2000.00,2.03,0.00,2042.74,2000.00,1.55,-0.00
00:00:43.673 [TUNER] 875,1000,2006.98,2000.00,2.03,0.00,2042.74,2000.00,1.55,-0.00
00:00:43.707 [TUNER] 876,1000,2033.38,2000.00,1.67,-0.00,2037.94,2000.00,1.58,-0.00
00:00:43.742 [TUNER] 877,1000,2033.38,2000.00,1.67,-0.00,2037.94,2000.00,1.58,-0.00
00:00:43.743 [TUNER] 878,1000,2069.96,2000.00,1.16,-0.00,2059.86,2000.00,1.23,-0.00
00:00:43.777 [TUNER] 879,1000,2069.96,2000.00,1.16,-0.00,2059.86,2000.00,1.23,-0.00
00:00:43.777 [TUNER] 880,1000,2083.77,2000.00,0.91,-0.00,1986.35,2000.00,2.23,-0.00
00:00:43.813 [TUNER] 881,1000,2083.77,2000.00,0.91,-0.00,1986.35,2000.00,2.23,-0.00
00:00:43.848 [TUNER] 882,1000,2074.19,2000.00,0.97,-0.00,1973.92,2000.00,2.42,-0.00
00:00:43.848 [TUNER] 883,1000,2074.19,2000.00,0.97,-0.00,1973.92,2000.00,2.42,-0.00
00:00:43.882 [TUNER] 884,1000,2009.84,2000.00,1.75,-0.00,1955.39,2000.00,2.71,-0.00
00:00:43.883 [TUNER] 885,1000,2009.84,2000.00,1.75,-0.00,1955.39,2000.00,2.71,-0.00
00:00:43.917 [TUNER] 886,1000,1944.61,2000.00,2.61,-0.00,1978.37,2000.00,2.43,-0.00
00:00:43.953 [TUNER] 887,1000,1944.61,2000.00,2.61,-0.00,1978.37,2000.00,2.43,-0.00
00:00:43.954 [TUNER] 888,1000,1906.17,2000.00,3.17,-0.00,1970.98,2000.00,2.55,-0.00
00:00:43.987 [TUNER] 889,1000,1906.17,2000.00,3.17,-0.00,1970.98,2000.00,2.55,-0.00
00:00:43.988 [TUNER] 890,1000,1926.96,2000.00,2.98,-0.00,1963.34,2000.00,2.69,0.00
00:00:44.022 [TUNER] 891,1000,1926.96,2000.00,2.98,-0.00,1963.34,2000.00,2.69,0.00
00:00:44.057 [TUNER] 892,1000,1962.49,2000.00,2.57,0.00,1996.75,2000.00,2.25,0.00
00:00:44.058 [TUNER] 893,1000,1962.49,2000.00,2.57,0.00,1996.75,2000.00,2.25,0.00
00:00:44.092 [TUNER] 894,1000,2037.31,2000.00,1.61,-0.00,1987.40,2000.00,2.38,0.00
00:00:44.093 [TUNER] 895,1000,2037.31,2000.00,1.61,-0.00,1987.40,2000.00,2.38,0.00
00:00:44.126 [TUNER] 896,1000,2062.80,2000.00,1.24,-0.00,2057.23,2000.00,1.39,-0.00
00:00:44.164 [TUNER] 897,1000,2062.80,2000.00,1.24,-0.00,2057.23,2000.00,1.39,-0.00
00:00:44.164 [TUNER] 898,1000,2095.21,2000.00,0.75,-0.00,2063.27,2000.00,1.25,-0.00
00:00:44.202 [TUNER] 899,1000,2073.97,2000.00,0.98,-0.00,2055.27,2000.00,1.33,-0.00
00:00:44.204 [TUNER] 900,1000,2073.97,2000.00,0.98,-0.00,2055.27,2000.00,1.33,-0.00
00:00:44.232 [TUNER] 901,1000,2011.73,2000.00,1.75,-0.00,2015.69,2000.00,1.85,-0.00
00:00:44.267 [TUNER] 902,1000,2011.73,2000.00,1.75,-0.00,2015.69,2000.00,1.85,-0.00
00:00:44.302 [TUNER] 903,1000,2009.69,2000.00,1.76,-0.00,1978.50,2000.00,2.37,-0.00
00:00:44.302 [TUNER] 904,1000,2009.69,2000.00,1.76,-0.00,1978.50,2000.00,2.37,-0.00
00:00:44.303 [TUNER] 905,1000,1944.49,2000.00,2.62,-0.00,1974.52,2000.00,2.44,-0.00
00:00:44.337 [TUNER] 906,1000,1944.49,2000.00,2.62,-0.00,1974.52,2000.00,2.44,-0.00
00:00:44.372 [TUNER] 907,1000,1930.13,2000.00,2.86,-0.00,1952.43,2000.00,2.79,-0.00
00:00:44.373 [TUNER] 908,1000,1930.13,2000.00,2.86,-0.00,1952.43,2000.00,2.79,-0.00
00:00:44.408 [TUNER] 909,1000,1951.28,2000.00,2.64,-0.00,1998.33,2000.00,2.17,-0.00
00:00:44.408 [TUNER] 910,1000,1952.35,2000.00,2.65,-0.00,1983.13,2000.00,2.38,-0.00
00:00:44.443 [TUNER] 911,1000,1952.35,2000.00,2.65,-0.00,1983.13,2000.00,2.38,-0.00
00:00:44.477 [TUNER] 912,1000,2020.83,2000.00,1.78,-0.00,1990.45,2000.00,2.29,-0.00
00:00:44.477 [TUNER] 913,1000,2020.83,2000.00,1.78,-0.00,1990.45,2000.00,2.29,-0.00
00:00:44.512 [TUNER] 914,1000,2042.75,2000.00,1.47,-0.00,2013.28,2000.00,1.98,-0.00
00:00:44.512 [TUNER] 915,1000,2042.75,2000.00,1.47,-0.00,2013.28,2000.00,1.98,-0.00
00:00:44.548 [TUNER] 916,1000,2080.89,2000.00,0.93,-0.00,2002.34,2000.00,2.12,-0.00
00:00:44.585 [TUNER] 917,1000,2080.89,2000.00,0.93,-0.00,2002.34,2000.00,2.12,-0.00
00:00:44.587 [TUNER] 918,1000,2071.89,2000.00,0.98,-0.00,2021.08,2000.00,1.85,-0.00
00:00:44.618 [TUNER] 919,1000,2071.89,2000.00,0.98,-0.00,2021.08,2000.00,1.85,-0.00
00:00:44.619 [TUNER] 920,1000,2057.82,2000.00,1.10,-0.00,2001.71,2000.00,2.11,-0.00
00:00:44.652 [TUNER] 921,1000,2057.82,2000.00,1.10,-0.00,2001.71,2000.00,2.11,-0.00
00:00:44.688 [TUNER] 922,1000,1977.84,2000.00,2.11,-0.00,2022.29,2000.00,1.81,-0.00
00:00:44.688 [TUNER] 923,1000,1977.84,2000.00,2.11,-0.00,2022.29,2000.00,1.81,-0.00
00:00:44.723 [TUNER] 924,1000,1922.45,2000.00,2.86,-0.00,1994.09,2000.00,2.19,-0.00
00:00:44.723 [TUNER] 925,1000,1922.45,2000.00,2.86,-0.00,1994.09,2000.00,2.19,-0.00
00:00:44.757 [TUNER] 926,1000,1931.40,2000.00,2.81,-0.00,2000.73,2000.00,2.10,-0.00
00:00:44.791 [TUNER] 927,1000,1931.40,2000.00,2.81,-0.00,2000.73,2000.00,2.10,-0.00
00:00:44.792 [TUNER] 928,1000,1967.76,2000.00,2.39,-0.00,1990.59,2000.00,2.25,-0.00
00:00:44.827 [TUNER] 929,1000,1967.76,2000.00,2.39,-0.00,1990.59,2000.00,2.25,-0.00
00:00:44.827 [TUNER] 930,1000,2041.52,2000.00,1.44,-0.00,1997.93,2000.00,2.15,-0.00
00:00:44.862 [TUNER] 931,1000,2041.52,2000.00,1.44,-0.00,1997.93,2000.00,2.15,-0.00
00:00:44.898 [TUNER] 932,1000,2045.55,2000.00,1.35,-0.00,2007.24,2000.00,2.02,-0.00
00:00:44.898 [TUNER] 933,1000,2045.55,2000.00,1.35,-0.00,2007.24,2000.00,2.02,-0.00
00:00:44.933 [TUNER] 934,1000,2052.21,2000.00,1.22,-0.00,2012.97,2000.00,1.93,-0.00
00:00:44.934 [TUNER] 935,1000,2052.21,2000.00,1.22,-0.00,2012.97,2000.00,1.93,-0.00
00:00:44.967 [TUNER] 936,1000,2002.56,2000.00,1.84,-0.00,2026.15,2000.00,1.73,-0.00
00:00:45.003 [TUNER] 937,1000,2002.56,2000.00,1.84,-0.00,2026.15,2000.00,1.73,-0.00
00:00:45.037 [TUNER] 938,1000,1973.15,2000.00,2.22,-0.00,2005.76,2000.00,2.00,-0.00
00:00:45.037 [TUNER] 939,1000,1973.15,2000.00,2.22,-0.00,2005.76,2000.00,2.00,-0.00
00:00:45.039 [TUNER] 940,1000,1911.82,2000.00,3.06,-0.00,2022.10,2000.00,1.76,-0.00
00:00:45.072 [TUNER] 941,1000,1911.82,2000.00,3.06,-0.00,2022.10,2000.00,1.76,-0.00
00:00:45.106 [TUNER] 942,1000,1895.40,2000.00,3.36,-0.00,1999.09,2000.00,2.07,-0.00
00:00:45.108 [TUNER] 943,1000,1895.40,2000.00,3.36,-0.00,1999.09,2000.00,2.07,-0.00
00:00:45.142 [TUNER] 944,1000,1968.17,2000.00,2.49,-0.00,1997.86,2000.00,2.09,-0.00
00:00:45.143 [TUNER] 945,1000,1968.17,2000.00,2.49,-0.00,1997.86,2000.00,2.09,-0.00
00:00:45.178 [TUNER] 946,1000,2017.80,2000.00,1.86,-0.00,1971.11,2000.00,2.47,-0.00
00:00:45.213 [TUNER] 947,1000,2017.80,2000.00,1.86,-0.00,1971.11,2000.00,2.47,-0.00
00:00:45.214 [TUNER] 948,1000,2017.98,2000.00,1.84,-0.00,1994.37,2000.00,2.16,-0.00
00:00:45.247 [TUNER] 949,1000,2017.98,2000.00,1.84,-0.00,1994.37,2000.00,2.16,-0.00
00:00:45.248 [TUNER] 950,1000,1966.59,2000.00,2.50,-0.00,1976.91,2000.00,2.42,-0.00
00:00:45.282 [TUNER] 951,1000,1966.59,2000.00,2.50,-0.00,1976.91,2000.00,2.42,-0.00
00:00:45.320 [TUNER] 952,1000,1964.99,2000.00,2.55,0.00,1980.12,2000.00,2.40,-0.00
00:00:45.321 [TUNER] 953,1000,1964.99,2000.00,2.55,0.00,1980.12,2000.00,2.40,-0.00
00:00:45.353 [TUNER] 954,1000,1951.68,2000.00,2.76,0.00,1992.99,2000.00,2.23,-0.00
00:00:45.354 [TUNER] 955,1000,1951.68,2000.00,2.76,0.00,1992.99,2000.00,2.23,-0.00
00:00:45.388 [TUNER] 956,1000,1978.83,2000.00,2.44,0.00,2011.88,2000.00,1.97,-0.00
00:00:45.424 [TUNER] 957,1000,1978.83,2000.00,2.44,0.00,2011.88,2000.00,1.97,-0.00
00:00:45.425 [TUNER] 958,1000,2012.58,2000.00,2.02,0.00,2023.56,2000.00,1.79,-0.00
00:00:45.457 [TUNER] 959,1000,2012.58,2000.00,2.02,0.00,2023.56,2000.00,1.79,-0.00
00:00:45.457 [TUNER] 960,1000,2060.20,2000.00,1.37,0.00,2019.15,2000.00,1.83,-0.00
00:00:45.492 [TUNER] 961,1000,2060.20,2000.00,1.37,0.00,2019.15,2000.00,1.83,-0.00
00:00:45.527 [TUNER] 962,1000,2081.11,2000.00,1.04,-0.00,2039.68,2000.00,1.52,-0.00
00:00:45.527 [TUNER] 963,1000,2081.11,2000.00,1.04,-0.00,2039.68,2000.00,1.52,-0.00
00:00:45.563 [TUNER] 964,1000,2082.37,2000.00,0.95,-0.00,2016.59,2000.00,1.81,-0.00
00:00:45.563 [TUNER] 965,1000,2082.37,2000.00,0.95,-0.00,2016.59,2000.00,1.81,-0.00
00:00:45.598 [TUNER] 966,1000,2054.18,2000.00,1.25,-0.00,2027.33,2000.00,1.64,-0.00
00:00:45.633 [TUNER] 967,1000,2054.18,2000.00,1.25,-0.00,2027.33,2000.00,1.64,-0.00
00:00:45.636 [TUNER] 968,1000,2000.70,2000.00,1.91,-0.00,1987.81,2000.00,2.18,-0.00
00:00:45.667 [TUNER] 969,1000,2000.70,2000.00,1.91,-0.00,1987.81,2000.00,2.18,-0.00
00:00:45.669 [TUNER] 970,1000,1975.10,2000.00,2.25,-0.00,1983.68,2000.00,2.25,-0.00
00:00:45.702 [TUNER] 971,1000,1975.10,2000.00,2.25,-0.00,1983.68,2000.00,2.25,-0.00
00:00:45.738 [TUNER] 972,1000,1949.46,2000.00,2.62,-0.00,1970.07,2000.00,2.46,-0.00
00:00:45.738 [TUNER] 973,1000,1949.46,2000.00,2.62,-0.00,1970.07,2000.00,2.46,-0.00
00:00:45.772 [TUNER] 974,1000,1980.49,2000.00,2.25,-0.00,1986.67,2000.00,2.25,-0.00
00:00:45.773 [TUNER] 975,1000,1980.49,2000.00,2.25,-0.00,1986.67,2000.00,2.25,-0.00
00:00:45.807 [TUNER] 976,1000,1991.57,2000.00,2.12,-0.00,1979.34,2000.00,2.37,-0.00
00:00:45.842 [TUNER] 977,1000,1991.57,2000.00,2.12,-0.00,1979.34,2000.00,2.37,-0.00
00:00:45.843 [TUNER] 978,1000,2034.80,2000.00,1.55,-0.00,1966.60,2000.00,2.57,-0.00
00:00:45.877 [TUNER] 979,1000,2034.80,2000.00,1.55,-0.00,1966.60,2000.00,2.57,-0.00
00:00:45.878 [TUNER] 980,1000,2026.23,2000.00,1.64,-0.00,1993.99,2000.00,2.21,-0.00
00:00:45.913 [TUNER] 981,1000,2026.23,2000.00,1.64,-0.00,1993.99,2000.00,2.21,-0.00
00:00:45.947 [TUNER] 982,1000,1978.52,2000.00,2.25,-0.00,1995.70,2000.00,2.19,-0.00
00:00:45.948 [TUNER] 983,1000,1978.52,2000.00,2.25,-0.00,1995.70,2000.00,2.19,-0.00
00:00:45.982 [TUNER] 984,1000,1941.89,2000.00,2.75,-0.00,2039.82,2000.00,1.56,-0.00
00:00:45.983 [TUNER] 985,1000,1941.89,2000.00,2.75,-0.00,2039.82,2000.00,1.56,-0.00
00:00:46.018 [TUNER] 986,1000,1922.89,2000.00,3.05,0.00,2039.04,2000.00,1.54,-0.00
00:00:46.051 [TUNER] 987,1000,1922.89,2000.00,3.05,0.00,2039.04,2000.00,1.54,-0.00
00:00:46.052 [TUNER] 988,1000,1995.32,2000.00,2.16,0.00,2036.69,2000.00,1.53,-0.00
00:00:46.086 [TUNER] 989,1000,1995.32,2000.00,2.16,0.00,2036.69,2000.00,1.53,-0.00
00:00:46.087 [TUNER] 990,1000,2044.67,2000.00,1.51,-0.00,1978.12,2000.00,2.34,-0.00
00:00:46.121 [TUNER] 991,1000,2044.67,2000.00,1.51,-0.00,1978.12,2000.00,2.34,-0.00
00:00:46.157 [TUNER] 992,1000,2054.94,2000.00,1.34,-0.00,1975.93,2000.00,2.39,-0.00
00:00:46.157 [TUNER] 993,1000,2054.94,2000.00,1.34,-0.00,1975.93,2000.00,2.39,-0.00
00:00:46.194 [TUNER] 994,1000,1978.97,2000.00,2.29,-0.00,1960.44,2000.00,2.64,-0.00
00:00:46.196 [TUNER] 995,1000,1978.97,2000.00,2.29,-0.00,1960.44,2000.00,2.64,-0.00
00:00:46.227 [TUNER] 996,1000,1956.00,2000.00,2.62,-0.00,1963.50,2000.00,2.63,-0.00
00:00:46.262 [TUNER] 997,1000,1956.00,2000.00,2.62,-0.00,1963.50,2000.00,2.63,-0.00
00:00:46.262 [TUNER] 998,1000,1939.34,2000.00,2.88,0.00,1984.85,2000.00,2.36,-0.00
00:00:46.297 [TUNER] 999,1000,1939.34,2000.00,2.88,0.00,1984.85,2000.00,2.36,-0.00
00:00:46.298 [TUNER] 1000,1000,1961.26,1999.90,2.64,0.00,1989.11,1999.90,2.31,-0.00
00:00:46.332 [TUNER] 1001,1000,1961.26,1999.70,2.64,0.00,1989.11,1999.70,2.31,-0.00
00:00:46.367 [TUNER] 1002,1000,2007.99,1999.40,2.05,0.00,2011.33,1999.40,2.00,-0.00
00:00:46.368 [TUNER] 1003,1000,2007.99,1999.00,2.05,0.00,2011.33,1999.00,2.00,-0.00
00:00:46.402 [TUNER] 1004,1000,2070.27,1998.50,1.20,-0.00,1992.19,1998.50,2.25,-0.00
00:00:46.403 [TUNER] 1005,1000,2070.27,1997.90,1.20,-0.00,1992.19,1997.90,2.25,-0.00
00:00:46.438 [TUNER] 1006,1000,2089.17,1997.20,0.87,-0.00,2014.68,1997.20,1.91,-0.00
00:00:46.472 [TUNER] 1007,1000,2089.17,1996.40,0.87,-0.00,2014.68,1996.40,1.91,-0.00
00:00:46.473 [TUNER] 1008,1000,2092.26,1995.50,0.72,-0.00,1996.59,1995.50,2.13,-0.00
00:00:46.509 [TUNER] 1009,1000,2092.26,1994.50,0.72,-0.00,1996.59,1994.50,2.13,-0.00
00:00:46.510 [TUNER] 1010,1000,2034.60,1993.40,1.37,-0.00,2018.19,1993.40,1.78,-0.00
00:00:46.541 [TUNER] 1011,1000,2034.60,1992.20,1.37,-0.00,2018.19,1992.20,1.78,-0.00
00:00:46.578 [TUNER] 1012,1000,1967.85,1990.90,2.18,-0.00,1997.68,1990.90,2.01,-0.00
00:00:46.578 [TUNER] 1013,1000,1967.85,1989.50,2.18,-0.00,1997.68,1989.50,2.01,-0.00
00:00:46.612 [TUNER] 1014,1000,1926.49,1988.00,2.71,-0.00,2000.17,1988.00,1.93,-0.00
00:00:46.612 [TUNER] 1015,1000,1926.49,1986.40,2.71,-0.00,2000.17,1986.40,1.93,-0.00
00:00:46.647 [TUNER] 1016,1000,1915.73,1984.70,2.86,-0.00,1971.24,1984.70,2.28,-0.00
00:00:46.684 [TUNER] 1017,1000,1915.73,1982.90,2.86,-0.00,1971.24,1982.90,2.28,-0.00
00:00:46.684 [TUNER] 1018,1000,1999.89,1981.00,1.75,-0.00,1966.99,1981.00,2.30,-0.00
00:00:46.717 [TUNER] 1019,1000,1999.89,1979.00,1.75,-0.00,1966.99,1979.00,2.30,-0.00
00:00:46.718 [TUNER] 1020,1000,2025.99,1976.90,1.33,-0.00,1987.64,1976.90,1.95,-0.00
00:00:46.752 [TUNER] 1021,1000,2025.99,1974.70,1.33,-0.00,1987.64,1974.70,1.95,-0.00
00:00:46.787 [TUNER] 1022,1000,2038.28,1972.40,1.06,-0.00,1990.42,1972.40,1.83,-0.00
00:00:46.788 [TUNER] 1023,1000,2038.28,1970.00,1.06,-0.00,1990.42,1970.00,1.83,-0.00
00:00:46.822 [TUNER] 1024,1000,1998.29,1967.50,1.46,-0.00,2011.54,1967.50,1.44,-0.00
00:00:46.823 [TUNER] 1025,1000,1998.29,1964.90,1.46,-0.00,2011.54,1964.90,1.44,-0.00
00:00:46.857 [TUNER] 1026,1000,1937.09,1962.20,2.17,-0.00,1961.44,1962.20,2.03,-0.00
00:00:46.893 [TUNER] 1027,1000,1937.09,1959.40,2.17,-0.00,1961.44,1959.40,2.03,-0.00
00:00:46.895 [TUNER] 1028,1000,1874.38,1956.50,2.94,-0.00,1991.79,1956.50,1.51,-0.00
00:00:46.927 [TUNER] 1029,1000,1874.38,1953.50,2.94,-0.00,1991.79,1953.50,1.51,-0.00
00:00:46.929 [TUNER] 1030,1000,1875.76,1950.40,2.91,-0.00,1959.38,1950.40,1.85,-0.00
00:00:46.964 [TUNER] 1031,1000,1875.76,1947.20,2.91,-0.00,1959.38,1947.20,1.85,-0.00
00:00:46.998 [TUNER] 1032,1000,1937.00,1943.90,2.07,-0.00,1969.53,1943.90,1.59,-0.00
00:00:46.998 [TUNER] 1033,1000,1937.00,1940.50,2.07,-0.00,1969.53,1940.50,1.59,-0.00
00:00:47.036 [TUNER] 1034,1000,1973.96,1937.00,1.49,-0.00,1957.03,1937.00,1.64,-0.00
00:00:47.040 [TUNER] 1035,1000,1973.96,1933.40,1.49,-0.00,1957.03,1933.40,1.64,-0.00
00:00:47.067 [TUNER] 1036,1000,2018.99,1929.70,0.76,-0.00,1950.47,1929.70,1.61,-0.00
00:00:47.102 [TUNER] 1037,1000,2018.99,1925.90,0.76,-0.00,1950.47,1925.90,1.61,-0.00
00:00:47.102 [TUNER] 1038,1000,1970.83,1922.00,1.21,-0.00,1945.22,1922.00,1.54,-0.00
00:00:47.139 [TUNER] 1039,1000,1970.83,1918.00,1.21,-0.00,1945.22,1918.00,1.54,-0.00
00:00:47.140 [TUNER] 1040,1000,1932.30,1913.90,1.56,-0.00,1927.28,1913.90,1.65,-0.00
00:00:47.173 [TUNER] 1041,1000,1932.30,1909.70,1.56,-0.00,1927.28,1909.70,1.65,-0.00
00:00:47.207 [TUNER] 1042,1000,1889.45,1905.40,1.99,-0.00,1921.51,1905.40,1.59,-0.00
00:00:47.207 [TUNER] 1043,1000,1889.45,1901.00,1.99,-0.00,1921.51,1901.00,1.59,-0.00
00:00:47.242 [TUNER] 1044,1000,1863.76,1896.50,2.22,-0.00,1894.57,1896.50,1.83,-0.00
00:00:47.243 [TUNER] 1045,1000,1863.76,1891.90,2.22,-0.00,1894.57,1891.90,1.83,-0.00
00:00:47.278 [TUNER] 1046,1000,1843.21,1887.20,2.39,-0.00,1907.37,1887.20,1.50,-0.00
00:00:47.313 [TUNER] 1047,1000,1843.21,1882.40,2.39,-0.00,1907.37,1882.40,1.50,-0.00
00:00:47.313 [TUNER] 1048,1000,1816.46,1877.50,2.64,-0.00,1897.00,1877.50,1.49,-0.00
00:00:47.348 [TUNER] 1049,1000,1816.46,1872.50,2.64,-0.00,1897.00,1872.50,1.49,-0.00
00:00:47.348 [TUNER] 1050,1000,1851.76,1867.40,2.08,-0.00,1895.57,1867.40,1.33,-0.00
00:00:47.383 [TUNER] 1051,1000,1882.63,1862.20,1.62,-0.00,1910.82,1862.20,1.03,-0.00
00:00:47.419 [TUNER] 1052,1000,1882.63,1856.90,1.62,-0.00,1910.82,1856.90,1.03,-0.00
00:00:47.421 [TUNER] 1053,1000,1905.09,1851.50,1.16,-0.00,1879.49,1851.50,1.27,-0.00
00:00:47.452 [TUNER] 1054,1000,1905.09,1846.00,1.16,-0.00,1879.49,1846.00,1.27,-0.00
00:00:47.453 [TUNER] 1055,1000,1963.90,1840.40,0.17,-0.00,1881.57,1840.40,1.04,-0.00
00:00:47.488 [TUNER] 1056,1000,1963.90,1834.70,0.17,-0.00,1881.57,1834.70,1.04,-0.00
00:00:47.522 [TUNER] 1057,1000,1940.50,1828.90,0.20,-0.00,1869.48,1828.90,1.00,-0.00
00:00:47.523 [TUNER] 1058,1000,1940.50,1823.00,0.20,-0.00,1869.48,1823.00,1.00,-0.00
00:00:47.557 [TUNER] 1059,1000,1911.48,1817.00,0.32,-0.00,1840.92,1817.00,1.19,-0.00
00:00:47.558 [TUNER] 1060,1000,1911.48,1810.90,0.32,-0.00,1840.92,1810.90,1.19,-0.00
00:00:47.591 [TUNER] 1061,1000,1840.15,1804.70,1.01,-0.00,1836.96,1804.70,1.03,-0.00
00:00:47.629 [TUNER] 1062,1000,1840.15,1798.40,1.01,-0.00,1836.96,1798.40,1.03,-0.00
00:00:47.629 [TUNER] 1063,1000,1772.78,1792.00,1.69,-0.00,1801.15,1792.00,1.32,-0.00
00:00:47.663 [TUNER] 1064,1000,1772.78,1785.50,1.69,-0.00,1801.15,1785.50,1.32,-0.00
00:00:47.665 [TUNER] 1065,1000,1698.27,1778.90,2.51,-0.00,1787.97,1778.90,1.30,-0.00
00:00:47.698 [TUNER] 1066,1000,1698.27,1772.20,2.51,-0.00,1787.97,1772.20,1.30,-0.00
00:00:47.698 [TUNER] 1067,1000,1662.71,1765.40,2.86,-0.00,1784.30,1765.40,1.14,-0.00
00:00:47.732 [TUNER] 1068,1000,1662.71,1758.50,2.86,-0.00,1784.30,1758.50,1.14,-0.00
00:00:47.769 [TUNER] 1069,1000,1677.22,1751.50,2.56,-0.00,1750.43,1751.50,1.39,-0.00
00:00:47.771 [TUNER] 1070,1000,1677.22,1744.40,2.56,-0.00,1750.43,1744.40,1.39,-0.00
00:00:47.801 [TUNER] 1071,1000,1735.21,1737.20,1.65,-0.00,1750.83,1737.20,1.17,-0.00
00:00:47.803 [TUNER] 1072,1000,1735.21,1729.90,1.65,-0.00,1750.83,1729.90,1.17,-0.00
00:00:47.840 [TUNER] 1073,1000,1795.35,1722.50,0.65,-0.00,1711.63,1722.50,1.49,-0.00
00:00:47.872 [TUNER] 1074,1000,1795.35,1715.00,0.65,-0.00,1711.63,1715.00,1.49,-0.00
00:00:47.873 [TUNER] 1075,1000,1872.66,1707.40,-0.66,-0.00,1704.33,1707.40,1.38,-0.00
00:00:47.907 [TUNER] 1076,1000,1872.66,1699.70,-0.66,-0.00,1704.33,1699.70,1.38,-0.00
00:00:47.907 [TUNER] 1077,1000,1841.74,1691.90,-0.62,-0.00,1722.54,1691.90,0.88,-0.00
00:00:47.942 [TUNER] 1078,1000,1841.74,1684.00,-0.62,-0.00,1722.54,1684.00,0.88,-0.00
00:00:47.977 [TUNER] 1079,1000,1794.67,1676.00,-0.36,-0.00,1699.31,1676.00,0.94,-0.00
00:00:47.978 [TUNER] 1080,1000,1794.67,1667.90,-0.36,-0.00,1699.31,1667.90,0.94,-0.00
00:00:48.013 [TUNER] 1081,1000,1684.86,1659.70,0.76,-0.00,1727.11,1659.70,0.27,-0.00
00:00:48.013 [TUNER] 1082,1000,1684.86,1651.40,0.76,-0.00,1727.11,1651.40,0.27,-0.00
00:00:48.048 [TUNER] 1083,1000,1622.77,1643.00,1.33,-0.00,1701.25,1643.00,0.32,-0.00
00:00:48.049 [TUNER] 1084,1000,1622.77,1634.50,1.33,-0.00,1701.25,1634.50,0.32,-0.00
00:00:48.082 [TUNER] 1085,1000,1645.27,1625.90,0.80,-0.00,1673.68,1625.90,0.40,-0.00
00:00:48.116 [TUNER] 1086,1000,1645.27,1617.20,0.80,-0.00,1673.68,1617.20,0.40,-0.00
00:00:48.117 [TUNER] 1087,1000,1689.03,1608.40,-0.05,-0.00,1637.89,1608.40,0.60,-0.00
00:00:48.152 [TUNER] 1088,1000,1689.03,1599.50,-0.05,-0.00,1637.89,1599.50,0.60,-0.00
00:00:48.153 [TUNER] 1089,1000,1684.53,1590.50,-0.31,-0.00,1593.79,1590.50,0.93,-0.00
00:00:48.189 [TUNER] 1090,1000,1684.53,1581.40,-0.31,-0.00,1593.79,1581.40,0.93,-0.00
00:00:48.191 [TUNER] 1091,1000,1655.16,1572.20,-0.27,-0.00,1548.20,1572.20,1.30,-0.00
00:00:48.223 [TUNER] 1092,1000,1655.16,1562.90,-0.27,-0.00,1548.20,1562.90,1.30,-0.00
00:00:48.258 [TUNER] 1093,1000,1595.58,1553.50,0.18,-0.00,1570.15,1553.50,0.72,-0.00
00:00:48.258 [TUNER] 1094,1000,1595.58,1544.00,0.18,-0.00,1570.15,1544.00,0.72,-0.00
00:00:48.292 [TUNER] 1095,1000,1520.43,1534.40,0.87,-0.00,1556.78,1534.40,0.60,-0.00
00:00:48.293 [TUNER] 1096,1000,1520.43,1524.70,0.87,-0.00,1556.78,1524.70,0.60,-0.00
00:00:48.328 [TUNER] 1097,1000,1436.25,1514.90,1.72,-0.00,1559.83,1514.90,0.24,-0.00
00:00:48.328 [TUNER] 1098,1000,1436.25,1505.00,1.72,-0.00,1559.83,1505.00,0.24,-0.00
00:00:48.363 [TUNER] 1099,1000,1403.28,1495.00,1.94,-0.00,1548.52,1495.00,0.05,-0.00
00:00:48.399 [TUNER] 1100,1000,1403.28,1484.90,1.94,-0.00,1548.52,1484.90,0.05,-0.00
00:00:48.399 [TUNER] 1101,1000,1440.46,1474.70,1.24,-0.00,1503.40,1474.70,0.34,-0.00
00:00:48.432 [TUNER] 1102,1000,1440.46,1464.40,1.24,-0.00,1503.40,1464.40,0.34,-0.00
00:00:48.433 [TUNER] 1103,1000,1516.60,1454.00,-0.03,-0.00,1453.56,1454.00,0.71,-0.00
00:00:48.466 [TUNER] 1104,1000,1516.60,1443.50,-0.03,-0.00,1453.56,1443.50,0.71,-0.00
00:00:48.502 [TUNER] 1105,1000,1572.35,1432.90,-1.13,-0.00,1393.06,1432.90,1.25,-0.00
00:00:48.502 [TUNER] 1106,1000,1572.35,1422.20,-1.13,-0.00,1393.06,1422.20,1.25,-0.00
00:00:48.539 [TUNER] 1107,1000,1579.16,1411.40,-1.65,-0.00,1317.18,1411.40,2.05,-0.00
00:00:48.540 [TUNER] 1108,1000,1579.16,1400.50,-1.65,-0.00,1317.18,1400.50,2.05,-0.00
00:00:48.573 [TUNER] 1109,1000,1474.65,1389.50,-0.73,-0.00,1256.48,1389.50,2.68,-0.00
00:00:48.573 [TUNER] 1110,1000,1474.65,1378.40,-0.73,-0.00,1256.48,1378.40,2.68,-0.00
00:00:48.607 [TUNER] 1111,1000,1368.70,1367.20,0.28,-0.00,1302.41,1367.20,1.80,-0.00
00:00:48.642 [TUNER] 1112,1000,1368.70,1355.90,0.28,-0.00,1302.41,1355.90,1.80,-0.00
00:00:48.643 [TUNER] 1113,1000,1259.90,1344.50,1.40,-0.00,1418.18,1344.50,-0.15,-0.00
00:00:48.678 [TUNER] 1114,1000,1259.90,1333.00,1.40,-0.00,1418.18,1333.00,-0.15,-0.00
00:00:48.678 [TUNER] 1115,1000,1157.39,1321.40,2.51,-0.00,1436.92,1321.40,-0.84,-0.00
00:00:48.713 [TUNER] 1116,1000,1157.39,1309.70,2.51,-0.00,1436.92,1309.70,-0.84,-0.00
00:00:48.713 [TUNER] 1117,1000,1108.03,1297.90,2.98,-0.00,1422.71,1297.90,-1.11,-0.00
00:00:48.748 [TUNER] 1118,1000,1108.03,1286.00,2.98,-0.00,1422.71,1286.00,-1.11,-0.00
00:00:48.782 [TUNER] 1119,1000,1190.52,1274.00,1.71,-0.00,1383.85,1274.00,-1.04,-0.00
00:00:48.784 [TUNER] 1120,1000,1190.52,1262.00,1.71,-0.00,1383.85,1262.00,-1.04,-0.00
00:00:48.818 [TUNER] 1121,1000,1294.31,1250.00,0.06,-0.00,1272.01,1250.00,0.10,-0.00
00:00:48.818 [TUNER] 1122,1000,1294.31,1238.00,0.06,-0.00,1272.01,1238.00,0.10,-0.00
00:00:48.853 [TUNER] 1123,1000,1411.70,1226.00,-1.88,-0.00,1203.16,1226.00,0.70,-0.00
00:00:48.854 [TUNER] 1124,1000,1411.70,1214.00,-1.88,-0.00,1203.16,1214.00,0.70,-0.00
00:00:48.889 [TUNER] 1125,1000,1411.12,1202.00,-2.38,-0.00,1191.03,1202.00,0.52,-0.00
00:00:48.922 [TUNER] 1126,1000,1411.12,1190.00,-2.38,-0.00,1191.03,1190.00,0.52,-0.00
00:00:48.922 [TUNER] 1127,1000,1305.86,1178.00,-1.51,-0.00,1244.89,1178.00,-0.61,-0.00
00:00:48.958 [TUNER] 1128,1000,1305.86,1166.00,-1.51,-0.00,1244.89,1166.00,-0.61,-0.00
00:00:48.960 [TUNER] 1129,1000,1197.59,1154.00,-0.53,-0.00,1250.19,1154.00,-1.12,-0.00
00:00:48.991 [TUNER] 1130,1000,1197.59,1142.00,-0.53,-0.00,1250.19,1142.00,-1.12,-0.00
00:00:48.992 [TUNER] 1131,1000,1095.52,1130.00,0.44,-0.00,1226.93,1130.00,-1.24,-0.00
00:00:49.026 [TUNER] 1132,1000,1095.52,1118.00,0.44,-0.00,1226.93,1118.00,-1.24,-0.00
00:00:49.061 [TUNER] 1133,1000,1001.83,1106.00,1.37,-0.00,1182.56,1106.00,-1.07,-0.00
00:00:49.062 [TUNER] 1134,1000,1001.83,1094.00,1.37,-0.00,1182.56,1094.00,-1.07,-0.00
00:00:49.098 [TUNER] 1135,1000,945.78,1082.00,1.87,-0.00,1085.21,1082.00,-0.11,-0.00
00:00:49.098 [TUNER] 1136,1000,945.78,1070.00,1.87,-0.00,1085.21,1070.00,-0.11,-0.00
00:00:49.133 [TUNER] 1137,1000,947.33,1058.00,1.63,-0.00,990.15,1058.00,0.88,-0.00
00:00:49.134 [TUNER] 1138,1000,947.33,1046.00,1.63,-0.00,990.15,1046.00,0.88,-0.00
00:00:49.166 [TUNER] 1139,1000,977.78,1034.00,0.98,-0.00,924.41,1034.00,1.53,-0.00
00:00:49.201 [TUNER] 1140,1000,977.78,1022.00,0.98,-0.00,924.41,1022.00,1.53,-0.00
00:00:49.203 [TUNER] 1141,1000,1046.80,1010.00,-0.23,-0.00,897.59,1010.00,1.65,-0.00
00:00:49.236 [TUNER] 1142,1000,1046.80,998.00,-0.23,-0.00,897.59,998.00,1.65,-0.00
00:00:49.237 [TUNER] 1143,1000,1096.87,986.00,-1.27,-0.00,974.06,986.00,0.29,-0.00
00:00:49.273 [TUNER] 1144,1000,1096.87,974.00,-1.27,-0.00,974.06,974.00,0.29,-0.00
00:00:49.274 [TUNER] 1145,1000,1104.28,962.00,-1.81,-0.00,1083.35,962.00,-1.64,-0.00
00:00:49.307 [TUNER] 1146,1000,1104.28,950.00,-1.81,-0.00,1083.35,950.00,-1.64,-0.00
00:00:49.344 [TUNER] 1147,1000,1089.59,938.00,-2.08,-0.00,1083.15,938.00,-2.12,-0.00
00:00:49.345 [TUNER] 1148,1000,1089.59,926.00,-2.08,-0.00,1083.15,926.00,-2.12,-0.00
00:00:49.377 [TUNER] 1149,1000,1022.86,914.00,-1.68,-0.00,1026.30,914.00,-1.81,-0.00
00:00:49.378 [TUNER] 1150,1001,958.75,902.00,-1.07,-0.00,1006.04,902.00,-1.76,-0.00
00:00:49.413 [TUNER] 1151,999,958.75,890.00,-1.07,-0.00,1006.04,890.00,-1.76,-0.00
00:00:49.413 [TUNER] 1152,1000,870.24,878.00,-0.29,-0.00,961.41,878.00,-1.59,-0.00
00:00:49.448 [TUNER] 1153,1000,870.24,866.00,-0.29,-0.00,961.41,866.00,-1.59,-0.00
00:00:49.487 [TUNER] 1154,1000,780.37,854.00,0.57,-0.00,899.70,854.00,-1.15,-0.00
00:00:49.488 [TUNER] 1155,1000,780.37,842.00,0.57,-0.00,899.70,842.00,-1.15,-0.00
00:00:49.519 [TUNER] 1156,1000,766.90,830.00,0.47,-0.00,814.25,830.00,-0.34,-0.00
00:00:49.520 [TUNER] 1157,1000,766.90,818.00,0.47,-0.00,814.25,818.00,-0.34,-0.00
00:00:49.552 [TUNER] 1158,1000,769.86,806.00,0.15,-0.00,696.07,806.00,1.01,-0.00
00:00:49.554 [TUNER] 1159,1000,769.86,794.00,0.15,-0.00,696.07,794.00,1.01,-0.00
00:00:49.586 [TUNER] 1160,1000,784.26,782.00,-0.36,-0.00,598.09,782.00,2.15,-0.00
00:00:49.622 [TUNER] 1161,1000,784.26,770.00,-0.36,-0.00,598.09,770.00,2.15,-0.00
00:00:49.623 [TUNER] 1162,1000,778.60,758.00,-0.63,-0.00,560.94,758.00,2.49,-0.00
00:00:49.657 [TUNER] 1163,1000,778.60,746.00,-0.63,-0.00,560.94,746.00,2.49,-0.00
00:00:49.658 [TUNER] 1164,1000,755.17,734.00,-0.68,-0.00,579.32,734.00,2.05,-0.00
00:00:49.693 [TUNER] 1165,1000,755.17,722.00,-0.68,-0.00,579.32,722.00,2.05,-0.00
00:00:49.693 [TUNER] 1166,1000,722.68,710.00,-0.61,-0.00,640.42,710.00,0.95,-0.00
00:00:49.730 [TUNER] 1167,1000,722.68,698.10,-0.61,-0.00,640.42,698.10,0.95,-0.00
00:00:49.762 [TUNER] 1168,1000,681.23,686.30,-0.40,-0.00,759.74,686.30,-1.06,-0.00
00:00:49.762 [TUNER] 1169,1000,681.23,674.60,-0.40,-0.00,759.74,674.60,-1.06,-0.00
00:00:49.797 [TUNER] 1170,1000,651.50,663.00,-0.34,-0.00,822.55,663.00,-2.39,-0.00
00:00:49.798 [TUNER] 1171,1000,651.50,651.50,-0.34,-0.00,822.55,651.50,-2.39,-0.00
00:00:49.833 [TUNER] 1172,1000,626.00,640.10,-0.32,-0.00,805.79,640.10,-2.65,-0.00
00:00:49.834 [TUNER] 1173,1000,626.00,628.80,-0.32,-0.00,805.79,628.80,-2.65,-0.00
00:00:49.867 [TUNER] 1174,1000,672.61,617.60,-1.24,-0.00,766.61,617.60,-2.59,-0.00
00:00:49.902 [TUNER] 1175,1000,672.61,606.50,-1.24,-0.00,766.61,606.50,-2.59,-0.00
00:00:49.903 [TUNER] 1176,1000,806.10,595.50,-3.38,-0.00,766.20,595.50,-3.07,-0.00
00:00:49.937 [TUNER] 1177,1000,806.10,584.60,-3.38,-0.00,766.20,584.60,-3.07,-0.00
00:00:49.939 [TUNER] 1178,1000,864.79,573.80,-4.66,-0.00,765.87,573.80,-3.56,-0.00
00:00:49.972 [TUNER] 1179,1000,864.79,563.10,-4.66,-0.00,765.87,563.10,-3.56,-0.00
00:00:49.973 [TUNER] 1180,1000,788.05,552.50,-4.20,-0.00,708.90,552.50,-3.25,-0.00
00:00:50.006 [TUNER] 1181,1000,788.05,542.00,-4.20,-0.00,708.90,542.00,-3.25,-0.00
00:00:50.042 [TUNER] 1182,1000,632.16,531.60,-2.64,-0.00,579.15,531.60,-1.86,-0.00
00:00:50.043 [TUNER] 1183,1000,632.16,521.30,-2.64,-0.00,579.15,521.30,-1.86,-0.00
00:00:50.079 [TUNER] 1184,1000,423.26,511.10,-0.25,-0.00,420.37,511.10,0.06,-0.00
00:00:50.079 [TUNER] 1185,1000,423.26,501.00,-0.25,-0.00,420.37,501.00,0.06,-0.00
00:00:50.114 [TUNER] 1186,1000,228.65,491.00,2.12,-0.00,284.75,491.00,1.79,-0.00
00:00:50.116 [TUNER] 1187,1000,228.65,481.10,2.12,-0.00,284.75,481.10,1.79,-0.00
00:00:50.148 [TUNER] 1188,1000,79.84,471.30,4.05,-0.00,198.60,471.30,2.92,-0.00
00:00:50.183 [TUNER] 1189,1000,79.84,461.60,4.05,-0.00,198.60,461.60,2.92,-0.00
00:00:50.217 [TUNER] 1190,1000,96.51,452.00,3.90,-0.00,186.37,452.00,3.06,-0.00
00:00:50.218 [TUNER] 1191,1000,96.51,442.50,3.90,-0.00,186.37,442.50,3.06,-0.00
00:00:50.221 [TUNER] 1192,1000,236.99,433.10,2.09,-0.00,272.79,433.10,1.78,-0.00
00:00:50.252 [TUNER] 1193,1000,236.99,423.80,2.09,-0.00,272.79,423.80,1.78,-0.00
00:00:50.254 [TUNER] 1194,1000,400.91,414.60,-0.18,-0.00,379.73,414.60,0.12,-0.00
00:00:50.287 [TUNER] 1195,1000,400.91,405.50,-0.18,-0.00,379.73,405.50,0.12,-0.00
00:00:50.322 [TUNER] 1196,1000,585.31,396.50,-2.87,-0.00,470.44,396.50,-1.43,-0.00
00:00:50.323 [TUNER] 1197,1000,585.31,387.60,-2.87,-0.00,470.44,387.60,-1.43,-0.00
00:00:50.358 [TUNER] 1198,1000,672.70,378.80,-4.45,-0.00,491.46,378.80,-2.07,-0.00
00:00:50.358 [TUNER] 1199,1000,672.70,370.10,-4.45,-0.00,491.46,370.10,-2.07,-0.00
00:00:50.392 [TUNER] 1200,1000,636.09,361.50,-4.48,-0.00,465.33,361.50,-2.07,-0.00
00:00:50.393 [TUNER] 1201,1000,636.09,353.00,-4.48,-0.00,465.33,353.00,-2.07,-0.00
00:00:50.427 [TUNER] 1202,1000,577.59,344.60,-4.19,-0.00,386.01,344.60,-1.29,-0.00
00:00:50.462 [TUNER] 1203,1000,577.59,336.30,-4.19,-0.00,386.01,336.30,-1.29,-0.00
00:00:50.463 [TUNER] 1204,1000,480.97,328.10,-3.35,-0.00,429.07,328.10,-2.20,-0.00
00:00:50.499 [TUNER] 1205,1000,480.97,320.00,-3.35,-0.00,429.07,320.00,-2.20,-0.00
00:00:50.500 [TUNER] 1206,1000,372.75,312.00,-2.28,-0.00,537.40,312.00,-4.10,-0.00
00:00:50.531 [TUNER] 1207,1000,372.75,304.10,-2.28,-0.00,537.40,304.10,-4.10,-0.00
00:00:50.532 [TUNER] 1208,1000,305.07,296.30,-1.66,-0.00,520.97,296.30,-4.33,-0.00
00:00:50.567 [TUNER] 1209,1000,305.07,288.60,-1.66,-0.00,520.97,288.60,-4.33,-0.00
00:00:50.602 [TUNER] 1210,1000,269.83,281.00,-1.42,-0.00,401.32,281.00,-3.06,-0.00
00:00:50.604 [TUNER] 1211,1000,269.83,273.50,-1.42,-0.00,401.32,273.50,-3.06,-0.00
00:00:50.638 [TUNER] 1212,1000,253.66,266.10,-1.40,-0.00,235.15,266.10,-1.01,-0.00
00:00:50.638 [TUNER] 1213,1000,253.66,258.80,-1.40,-0.00,235.15,258.80,-1.01,-0.00
00:00:50.675 [TUNER] 1214,1000,242.44,251.60,-1.45,-0.00,60.98,251.60,1.30,-0.00
00:00:50.676 [TUNER] 1215,1000,242.44,244.50,-1.45,-0.00,60.98,244.50,1.30,-0.00
00:00:50.706 [TUNER] 1216,1000,248.93,237.50,-1.73,-0.00,-73.20,237.50,3.19,-0.00
00:00:50.742 [TUNER] 1217,1000,248.93,230.60,-1.73,-0.00,-73.20,230.60,3.19,-0.00
00:00:50.743 [TUNER] 1218,1000,261.00,223.80,-2.10,-0.00,-99.79,223.80,3.66,-0.00
00:00:50.778 [TUNER] 1219,1000,261.00,217.10,-2.10,-0.00,-99.79,217.10,3.66,-0.00
00:00:50.779 [TUNER] 1220,1000,267.21,210.50,-2.40,-0.00,9.51,210.50,2.20,-0.00
00:00:50.813 [TUNER] 1221,1000,267.21,204.00,-2.40,-0.00,9.51,204.00,2.20,-0.00
00:00:50.813 [TUNER] 1222,1000,196.59,197.60,-1.70,-0.00,208.62,197.60,-0.67,-0.00
00:00:50.847 [TUNER] 1223,1000,196.59,191.30,-1.70,-0.00,208.62,191.30,-0.67,-0.00
00:00:50.887 [TUNER] 1224,1000,69.65,185.10,-0.19,-0.00,379.93,185.10,-3.33,-0.00
00:00:50.887 [TUNER] 1225,1000,69.65,179.00,-0.19,-0.00,379.93,179.00,-3.33,-0.00
00:00:50.916 [TUNER] 1226,1000,-73.13,173.00,1.63,-0.00,400.16,173.00,-4.00,-0.00
00:00:50.918 [TUNER] 1227,1000,-73.13,167.10,1.63,-0.00,400.16,167.10,-4.00,-0.00
00:00:50.953 [TUNER] 1228,1000,-190.80,161.30,3.25,-0.00,340.74,161.30,-3.54,-0.00
00:00:50.955 [TUNER] 1229,1000,-190.80,155.60,3.25,-0.00,340.74,155.60,-3.54,-0.00
00:00:50.986 [TUNER] 1230,1000,-169.82,150.00,3.12,-0.00,246.82,150.00,-2.54,-0.00
00:00:51.022 [TUNER] 1231,1000,-169.82,144.50,3.12,-0.00,246.82,144.50,-2.54,-0.00
00:00:51.022 [TUNER] 1232,1000,-22.46,139.10,1.30,-0.00,128.74,139.10,-1.10,-0.00
00:00:51.056 [TUNER] 1233,1000,-22.46,133.80,1.30,-0.00,128.74,133.80,-1.10,-0.00
00:00:51.057 [TUNER] 1234,1000,134.94,128.60,-0.80,-0.00,18.80,128.60,0.33,-0.00
00:00:51.092 [TUNER] 1235,1000,134.94,123.50,-0.80,-0.00,18.80,123.50,0.33,-0.00
00:00:51.093 [TUNER] 1236,1000,199.01,118.50,-1.80,-0.00,-24.47,118.50,0.90,-0.00
00:00:51.127 [TUNER] 1237,1000,199.01,113.60,-1.80,-0.00,-24.47,113.60,0.90,-0.00
00:00:51.164 [TUNER] 1238,1000,198.72,108.80,-2.01,-0.00,112.71,108.80,-1.08,-0.00
00:00:51.165 [TUNER] 1239,1000,198.72,104.10,-2.01,-0.00,112.71,104.10,-1.08,-0.00
00:00:51.198 [TUNER] 1240,1000,198.49,99.50,-2.22,-0.00,205.28,99.50,-2.56,-0.00
00:00:51.198 [TUNER] 1241,1000,198.49,95.00,-2.22,-0.00,205.28,95.00,-2.56,-0.00
00:00:51.232 [TUNER] 1242,1000,201.74,90.60,-2.47,-0.00,232.95,90.60,-3.19,-0.00
00:00:51.269 [TUNER] 1243,1000,201.74,86.30,-2.47,-0.00,232.95,86.30,-3.19,-0.00
00:00:51.270 [TUNER] 1244,1000,190.60,82.10,-2.55,-0.00,177.77,82.10,-2.67,-0.00
00:00:51.303 [TUNER] 1245,1000,190.60,78.00,-2.55,-0.00,177.77,78.00,-2.67,-0.00
00:00:51.303 [TUNER] 1246,1000,166.23,74.00,-2.44,-0.00,88.95,74.00,-1.61,-0.00
00:00:51.337 [TUNER] 1247,1000,166.23,70.10,-2.44,-0.00,88.95,70.10,-1.61,-0.00
00:00:51.337 [TUNER] 1248,1000,131.26,66.30,-2.16,-0.00,0.72,66.30,-0.47,-0.00
00:00:51.371 [TUNER] 1249,1000,131.26,62.60,-2.16,-0.00,0.72,62.60,-0.47,-0.00
00:00:51.408 [TUNER] 1250,1001,91.27,59.00,-1.80,-0.00,-40.63,59.00,0.07,-0.00
00:00:51.408 [TUNER] 1251,999,91.27,55.50,-1.80,-0.00,-40.63,55.50,0.07,-0.00
00:00:51.442 [TUNER] 1252,1000,55.83,52.10,-1.45,-0.00,-65.17,52.10,0.41,-0.00
00:00:51.479 [TUNER] 1253,1000,55.83,48.80,-1.45,-0.00,-65.17,48.80,0.41,-0.00
00:00:51.480 [TUNER] 1254,1000,12.02,45.60,-0.97,-0.00,-57.29,45.60,0.31,-0.00
00:00:51.482 [TUNER] 1255,1000,12.02,42.50,-0.97,-0.00,-57.29,42.50,0.31,-0.00
00:00:51.513 [TUNER] 1256,1000,-35.05,39.50,-0.40,-0.00,-38.96,39.50,0.05,-0.00
00:00:51.549 [TUNER] 1257,1000,-35.05,36.60,-0.40,-0.00,-38.96,36.60,0.05,-0.00
00:00:51.549 [TUNER] 1258,1000,-76.15,33.80,0.13,-0.00,15.22,33.80,-0.74,-0.00
00:00:51.586 [TUNER] 1259,1000,-76.15,31.10,0.13,-0.00,15.22,31.10,-0.74,-0.00
00:00:51.588 [TUNER] 1260,1000,-16.25,28.50,-0.64,-0.00,75.75,28.50,-1.67,-0.00
00:00:51.619 [TUNER] 1261,1000,-16.25,26.00,-0.64,-0.00,75.75,26.00,-1.67,-0.00
00:00:51.620 [TUNER] 1262,1000,38.54,23.60,-1.40,-0.00,120.73,23.60,-2.44,-0.00
00:00:51.652 [TUNER] 1263,1000,38.54,21.30,-1.40,-0.00,120.73,21.30,-2.44,-0.00
00:00:51.687 [TUNER] 1264,1000,89.25,19.10,-2.15,-0.00,112.04,19.10,-2.47,-0.00
00:00:51.687 [TUNER] 1265,1000,89.25,17.00,-2.15,-0.00,112.04,17.00,-2.47,-0.00
00:00:51.722 [TUNER] 1266,1000,100.61,15.00,-2.42,-0.00,39.81,15.00,-1.59,-0.00
00:00:51.723 [TUNER] 1267,1000,100.61,13.10,-2.42,-0.00,39.81,13.10,-1.59,-0.00
00:00:51.757 [TUNER] 1268,1000,71.89,11.30,-2.17,-0.00,-35.15,11.30,-0.59,-0.00
00:00:51.757 [TUNER] 1269,1000,71.89,9.60,-2.17,-0.00,-35.15,9.60,-0.59,-0.00
00:00:51.792 [TUNER] 1270,1000,35.18,8.00,-1.78,-0.00,-64.20,8.00,-0.18,-0.00
00:00:51.827 [TUNER] 1271,1000,35.18,6.50,-1.78,-0.00,-64.20,6.50,-0.18,-0.00
00:00:51.828 [TUNER] 1272,1000,22.99,5.10,-1.69,-0.00,8.77,5.10,-1.20,-0.00
00:00:51.863 [TUNER] 1273,1000,22.99,3.80,-1.69,-0.00,8.77,3.80,-1.20,-0.00
00:00:51.863 [TUNER] 1274,1000,4.65,2.60,-1.49,-0.00,84.33,2.60,-2.33,-0.00
00:00:51.898 [TUNER] 1275,1000,4.65,1.50,-1.49,-0.00,84.33,1.50,-2.33,-0.00
00:00:51.898 [TUNER] 1276,1000,-6.59,0.50,-1.38,-0.00,122.44,0.50,-2.99,-0.00
00:00:51.932 [TUNER] 1277,1000,-6.59,-0.40,-1.38,-0.00,122.44,-0.40,-2.99,-0.00
00:00:51.967 [TUNER] 1278,1000,-19.02,-1.20,-1.40,-0.00,73.90,-1.20,-2.88,-0.00
00:00:51.968 [TUNER] 1279,1000,-19.02,-1.90,-1.40,-0.00,73.90,-1.90,-2.88,-0.00
00:00:52.004 [TUNER] 1280,1000,-25.52,-2.50,-1.32,-0.00,-1.01,-2.50,-1.89,-0.00
00:00:52.006 [TUNER] 1281,1000,-34.15,-3.00,-1.20,-0.00,-69.46,-3.00,-0.95,-0.00
00:00:52.038 [TUNER] 1282,1000,-34.15,-3.40,-1.20,-0.00,-69.46,-3.40,-0.95,-0.00
00:00:52.039 [TUNER] 1283,1000,-42.79,-3.70,-1.07,-0.00,-83.07,-3.70,-0.70,-0.00
00:00:52.073 [TUNER] 1284,1000,-42.79,-3.90,-1.07,-0.00,-83.07,-3.90,-0.70,-0.00
00:00:52.107 [TUNER] 1285,1000,-60.00,-4.00,-0.81,-0.00,-66.46,-4.00,-0.87,-0.00
00:00:52.107 [TUNER] 1286,1000,-60.00,0.00,-0.81,-0.00,-66.46,0.00,-0.87,-0.00
00:00:52.142 [TUNER] 1287,1000,-65.18,0.00,-0.47,-0.00,-53.17,0.00,-0.50,-0.00
00:00:52.142 [TUNER] 1288,1000,-65.18,0.00,-0.47,-0.00,-53.17,0.00,-0.50,-0.00
00:00:52.177 [TUNER] 1289,1000,-74.48,0.00,-0.28,-0.00,-42.53,0.00,-0.60,-0.00
00:00:52.177 [TUNER] 1290,1000,-74.48,0.00,-0.28,-0.00,-42.53,0.00,-0.60,-0.00
00:00:52.213 [TUNER] 1291,1000,-71.61,0.00,-0.26,-0.00,-30.59,0.00,-0.73,-0.00
00:00:52.248 [TUNER] 1292,1000,-71.61,0.00,-0.26,-0.00,-30.59,0.00,-0.73,-0.00
00:00:52.248 [TUNER] 1293,1000,-65.88,0.00,-0.27,-0.00,-17.60,0.00,-0.89,-0.00
00:00:52.282 [TUNER] 1294,1000,-65.88,0.00,-0.27,-0.00,-17.60,0.00,-0.89,-0.00
00:00:52.284 [TUNER] 1295,1000,-66.45,0.00,-0.20,-0.00,-10.64,0.00,-0.97,-0.00
00:00:52.319 [TUNER] 1296,1000,-66.45,0.00,-0.20,-0.00,-10.64,0.00,-0.97,-0.00
00:00:52.320 [TUNER] 1297,1000,-66.90,0.00,-0.14,-0.00,-18.82,0.00,-0.84,-0.00
00:00:52.353 [TUNER] 1298,1000,-66.90,0.00,-0.14,-0.00,-18.82,0.00,-0.84,-0.00
00:00:52.389 [TUNER] 1299,1000,-74.14,0.00,0.02,-0.00,-32.24,0.00,-0.63,-0.00
00:00:52.393 [TUNER] 1300,1000,-74.14,0.00,0.02,-0.00,-32.24,0.00,-0.63,-0.00
00:00:52.421 [TUNER] 1301,1000,-78.21,0.00,0.14,-0.00,-37.82,0.00,-0.52,-0.00
00:00:52.423 [TUNER] 1302,1000,-78.21,0.00,0.14,-0.00,-37.82,0.00,-0.52,-0.00
00:00:52.457 [TUNER] 1303,1000,-74.59,0.00,0.16,-0.00,-40.56,0.00,-0.44,-0.00
00:00:52.457 [TUNER] 1304,1000,-74.59,0.00,0.16,-0.00,-40.56,0.00,-0.44,-0.00
00:00:52.491 [TUNER] 1305,1000,-71.70,0.00,0.19,-0.00,-46.19,0.00,-0.32,-0.00
00:00:52.528 [TUNER] 1306,1000,-71.70,0.00,0.19,-0.00,-46.19,0.00,-0.32,-0.00
00:00:52.533 [TUNER] 1307,1000,-69.39,0.00,0.22,-0.00,-52.42,0.00,-0.19,-0.00
00:00:52.562 [TUNER] 1308,1000,-69.39,0.00,0.22,-0.00,-52.42,0.00,-0.19,-0.00
00:00:52.562 [TUNER] 1309,1000,-65.82,0.00,0.24,-0.00,-52.24,0.00,-0.14,-0.00
00:00:52.598 [TUNER] 1310,1000,-65.82,0.00,0.24,-0.00,-52.24,0.00,-0.14,-0.00
00:00:52.598 [TUNER] 1311,1000,-64.68,0.00,0.28,-0.00,-52.10,0.00,-0.09,-0.00
00:00:52.633 [TUNER] 1312,1000,-64.68,0.00,0.28,-0.00,-52.10,0.00,-0.09,-0.00
00:00:52.668 [TUNER] 1313,1000,-63.77,0.00,0.33,-0.00,-60.58,0.00,0.08,-0.00
00:00:52.671 [TUNER] 1314,1000,-63.77,0.00,0.33,-0.00,-60.58,0.00,0.08,-0.00
00:00:52.703 [TUNER] 1315,1000,-64.76,0.00,0.40,-0.00,-63.93,0.00,0.18,-0.00
00:00:52.704 [TUNER] 1316,1000,-64.76,0.00,0.40,-0.00,-63.93,0.00,0.18,-0.00
00:00:52.738 [TUNER] 1317,1000,-62.12,0.00,0.42,-0.00,-66.60,0.00,0.28,-0.00
00:00:52.739 [TUNER] 1318,1000,-62.12,0.00,0.42,-0.00,-66.60,0.00,0.28,-0.00
00:00:52.773 [TUNER] 1319,1000,-60.00,0.00,0.45,-0.00,-70.46,0.00,0.40,-0.00
00:00:52.810 [TUNER] 1320,1000,-60.00,0.00,0.45,-0.00,-70.46,0.00,0.40,-0.00
00:00:52.810 [TUNER] 1321,1000,-56.59,0.00,0.46,-0.00,-68.40,0.00,0.44,-0.00
00:00:52.842 [TUNER] 1322,1000,-56.59,0.00,0.46,-0.00,-68.40,0.00,0.44,-0.00
00:00:52.842 [TUNER] 1323,1000,-55.58,0.00,0.49,-0.00,-63.31,0.00,0.43,-0.00
00:00:52.879 [TUNER] 1324,1000,-55.58,0.00,0.49,-0.00,-63.31,0.00,0.43,-0.00
00:00:52.912 [TUNER] 1325,1000,-54.77,0.00,0.53,-0.00,-60.96,0.00,0.46,-0.00
00:00:52.913 [TUNER] 1326,1000,-54.77,0.00,0.53,-0.00,-60.96,0.00,0.46,-0.00
00:00:52.947 [TUNER] 1327,1000,-50.69,0.00,0.53,-0.00,-57.35,0.00,0.47,-0.00
00:00:52.948 [TUNER] 1328,1000,-50.69,0.00,0.53,-0.00,-57.35,0.00,0.47,-0.00
00:00:52.982 [TUNER] 1329,1000,-47.43,0.00,0.53,-0.00,-54.47,0.00,0.48,-0.00
00:00:53.019 [TUNER] 1330,1000,-47.43,0.00,0.53,-0.00,-54.47,0.00,0.48,-0.00
00:00:53.020 [TUNER] 1331,1000,-44.81,0.00,0.54,-0.00,-52.17,0.00,0.50,-0.00
00:00:53.053 [TUNER] 1332,1000,-44.81,0.00,0.54,-0.00,-52.17,0.00,0.50,-0.00
00:00:53.055 [TUNER] 1333,1000,-42.72,0.00,0.55,-0.00,-48.61,0.00,0.50,-0.00
00:00:53.089 [TUNER] 1334,1000,-42.72,0.00,0.55,-0.00,-48.61,0.00,0.50,-0.00
00:00:53.090 [TUNER] 1335,1000,-42.77,0.00,0.59,-0.00,-44.04,0.00,0.48,-0.00
00:00:53.122 [TUNER] 1336,1000,-42.77,0.00,0.59,-0.00,-44.04,0.00,0.48,-0.00
00:00:53.157 [TUNER] 1337,1000,-35.93,0.00,0.53,0.00,-43.82,0.00,0.52,-0.00
00:00:53.158 [TUNER] 1338,1000,-35.93,0.00,0.53,0.00,-43.82,0.00,0.52,-0.00
00:00:53.192 [TUNER] 1339,1000,-30.46,0.00,0.49,0.00,-41.93,0.00,0.53,-0.00
00:00:53.193 [TUNER] 1340,1000,-30.46,0.00,0.49,0.00,-41.93,0.00,0.53,-0.00
00:00:53.226 [TUNER] 1341,1000,-24.37,0.00,0.44,0.00,-36.98,0.00,0.50,-0.00
00:00:53.264 [TUNER] 1342,1000,-24.37,0.00,0.44,0.00,-36.98,0.00,0.50,-0.00
00:00:53.264 [TUNER] 1343,1000,-19.50,0.00,0.40,0.00,-33.02,0.00,0.48,-0.00
00:00:53.298 [TUNER] 1344,1000,-19.50,0.00,0.40,0.00,-33.02,0.00,0.48,-0.00
00:00:53.299 [TUNER] 1345,1000,-15.60,0.00,0.36,0.00,-29.85,0.00,0.47,-0.00
00:00:53.332 [TUNER] 1346,1000,-15.60,0.00,0.36,0.00,-29.85,0.00,0.47,-0.00
00:00:53.367 [TUNER] 1347,1000,-12.48,0.00,0.34,0.00,-27.32,0.00,0.46,-0.00
00:00:53.370 [TUNER] 1348,1000,-12.48,0.00,0.34,0.00,-27.32,0.00,0.46,-0.00
00:00:53.403 [TUNER] 1349,1000,-9.98,0.00,0.31,0.00,-23.57,0.00,0.43,-0.00
00:00:53.405 [TUNER] 1350,1001,-7.99,0.00,0.29,0.00,-18.86,0.00,0.38,-0.00
00:00:53.438 [TUNER] 1351,999,-7.99,0.00,0.29,0.00,-18.86,0.00,0.38,-0.00
00:00:53.474 [TUNER] 1352,1000,-6.39,0.00,0.28,0.00,-15.09,0.00,0.34,-0.00
00:00:53.475 [TUNER] 1353,1000,-6.39,0.00,0.28,0.00,-15.09,0.00,0.34,-0.00
00:00:53.507 [TUNER] 1354,1000,-6.83,0.00,0.29,0.00,-12.07,0.00,0.31,-0.00
00:00:53.507 [TUNER] 1355,1000,-6.83,0.00,0.29,0.00,-12.07,0.00,0.31,-0.00
00:00:53.544 [TUNER] 1356,1000,-8.90,0.00,0.32,0.00,-9.66,0.00,0.29,-0.00
00:00:53.545 [TUNER] 1357,1000,-8.90,0.00,0.32,0.00,-9.66,0.00,0.29,-0.00
00:00:53.576 [TUNER] 1358,1000,-10.56,0.00,0.35,0.00,-7.72,0.00,0.27,-0.00
00:00:53.613 [TUNER] 1359,1000,-10.56,0.00,0.35,0.00,-7.72,0.00,0.27,-0.00
00:00:53.614 [TUNER] 1360,1000,-13.60,0.00,0.40,0.00,-7.90,0.00,0.28,-0.00
00:00:53.648 [TUNER] 1361,1000,-13.60,0.00,0.40,0.00,-7.90,0.00,0.28,-0.00
00:00:53.648 [TUNER] 1362,1000,-12.60,0.00,0.40,0.00,-6.32,0.00,0.27,-0.00
00:00:53.682 [TUNER] 1363,1000,-12.60,0.00,0.40,0.00,-6.32,0.00,0.27,-0.00
00:00:53.718 [TUNER] 1364,1000,-10.08,0.00,0.38,0.00,-5.05,0.00,0.25,-0.00
00:00:53.720 [TUNER] 1365,1000,-10.08,0.00,0.38,0.00,-5.05,0.00,0.25,-0.00
00:00:53.752 [TUNER] 1366,1000,-9.78,0.00,0.39,0.00,-4.04,0.00,0.24,-0.00
00:00:53.754 [TUNER] 1367,1000,-9.78,0.00,0.39,0.00,-4.04,0.00,0.24,-0.00
00:00:53.788 [TUNER] 1368,1000,-7.82,0.00,0.37,0.00,-3.23,0.00,0.24,-0.00
00:00:53.822 [TUNER] 1369,1000,-7.82,0.00,0.37,0.00,-3.23,0.00,0.24,-0.00
00:00:53.822 [TUNER] 1370,1000,-6.26,0.00,0.35,0.00,-2.59,0.00,0.23,-0.00
00:00:53.858 [TUNER] 1371,1000,-6.26,0.00,0.35,0.00,-2.59,0.00,0.23,-0.00
00:00:53.859 [TUNER] 1372,1000,-5.01,0.00,0.34,0.00,-2.07,0.00,0.23,-0.00
00:00:53.891 [TUNER] 1373,1000,-5.01,0.00,0.34,0.00,-2.07,0.00,0.23,-0.00
00:00:53.929 [TUNER] 1374,1000,-4.01,0.00,0.33,0.00,-1.66,0.00,0.22,-0.00
00:00:53.930 [TUNER] 1375,1000,-4.01,0.00,0.33,0.00,-1.66,0.00,0.22,-0.00
00:00:53.963 [TUNER] 1376,1000,-3.20,0.00,0.33,0.00,-1.32,0.00,0.22,-0.00
00:00:53.964 [TUNER] 1377,1000,-3.20,0.00,0.33,0.00,-1.32,0.00,0.22,-0.00
00:00:53.998 [TUNER] 1378,1000,-2.56,0.00,0.32,0.00,-1.06,0.00,0.22,-0.00
00:00:54.033 [TUNER] 1379,1000,-2.56,0.00,0.32,0.00,-1.06,0.00,0.22,-0.00
00:00:54.034 [TUNER] 1380,1000,-2.05,0.00,0.32,0.00,-0.85,0.00,0.21,-0.00
00:00:54.069 [TUNER] 1381,1000,-2.05,0.00,0.32,0.00,-0.85,0.00,0.21,-0.00
00:00:54.071 [TUNER] 1382,1000,-1.64,0.00,0.31,0.00,-0.68,0.00,0.21,-0.00
00:00:54.104 [TUNER] 1383,1000,-1.64,0.00,0.31,0.00,-0.68,0.00,0.21,-0.00
00:00:54.105 [TUNER] 1384,1000,-1.31,0.00,0.31,0.00,-0.54,0.00,0.21,-0.00
00:00:54.137 [TUNER] 1385,1000,-1.31,0.00,0.31,0.00,-0.54,0.00,0.21,-0.00
00:00:54.171 [TUNER] 1386,1000,-1.05,0.00,0.31,0.00,-0.43,0.00,0.21,-0.00
00:00:54.173 [TUNER] 1387,1000,-1.05,0.00,0.31,0.00,-0.43,0.00,0.21,-0.00
00:00:54.208 [TUNER] 1388,1000,-0.84,0.00,0.31,0.00,-0.35,0.00,0.21,-0.00
00:00:54.209 [TUNER] 1389,1000,-0.84,0.00,0.31,0.00,-0.35,0.00,0.21,-0.00
00:00:54.244 [TUNER] 1390,1000,-0.67,0.00,0.30,0.00,-0.28,0.00,0.21,-0.00
00:00:54.278 [TUNER] 1391,1000,-0.67,0.00,0.30,0.00,-0.28,0.00,0.21,-0.00
00:00:54.279 [TUNER] 1392,1000,-0.54,0.00,0.30,0.00,-0.22,0.00,0.21,-0.00
00:00:54.313 [TUNER] 1393,1000,-0.54,0.00,0.30,0.00,-0.22,0.00,0.21,-0.00
00:00:54.314 [TUNER] 1394,1000,-0.43,0.00,0.30,0.00,-0.18,0.00,0.21,-0.00
00:00:54.347 [TUNER] 1395,1000,-0.43,0.00,0.30,0.00,-0.18,0.00,0.21,-0.00
00:00:54.384 [TUNER] 1396,1000,-0.34,0.00,0.30,0.00,-0.14,0.00,0.21,-0.00
00:00:54.386 [TUNER] 1397,1000,-0.34,0.00,0.30,0.00,-0.14,0.00,0.21,-0.00
00:00:54.417 [TUNER] 1398,1000,-0.28,0.00,0.30,0.00,-0.11,0.00,0.21,-0.00
00:00:54.419 [TUNER] 1399,1000,-0.28,0.00,0.30,0.00,-0.11,0.00,0.21,-0.00
00:00:54.452 [TUNER] 1400,1000,-0.22,0.00,0.30,0.00,-0.09,0.00,0.21,-0.00
00:00:54.454 [TUNER] 1401,1000,-0.22,0.00,0.30,0.00,-0.09,0.00,0.21,-0.00
00:00:54.487 [TUNER] 1402,1000,-0.18,0.00,0.30,0.00,-0.07,0.00,0.21,-0.00
00:00:54.522 [TUNER] 1403,1000,-0.18,0.00,0.30,0.00,-0.07,0.00,0.21,-0.00
00:00:54.522 [TUNER] 1404,1000,-0.14,0.00,0.30,0.00,-0.06,0.00,0.21,-0.00
00:00:54.557 [TUNER] 1405,1000,-0.14,0.00,0.30,0.00,-0.06,0.00,0.21,-0.00
00:00:54.558 [TUNER] 1406,1000,-0.11,0.00,0.30,0.00,-0.05,0.00,0.21,-0.00
00:00:54.592 [TUNER] 1407,1000,-0.11,0.00,0.30,0.00,-0.05,0.00,0.21,-0.00
00:00:54.628 [TUNER] 1408,1000,-0.09,0.00,0.30,0.00,-0.04,0.00,0.21,-0.00
00:00:54.628 [TUNER] 1409,1000,-0.09,0.00,0.30,0.00,-0.04,0.00,0.21,-0.00
00:00:54.664 [TUNER] 1410,1000,-0.07,0.00,0.30,0.00,-0.03,0.00,0.21,-0.00
00:00:54.665 [TUNER] 1411,1000,-0.07,0.00,0.30,0.00,-0.03,0.00,0.21,-0.00
00:00:54.697 [TUNER] 1412,1000,-0.06,0.00,0.30,0.00,-0.02,0.00,0.21,-0.00
00:00:54.698 [TUNER] 1413,1000,-0.06,0.00,0.30,0.00,-0.02,0.00,0.21,-0.00
00:00:54.732 [TUNER] 1414,1000,-0.05,0.00,0.30,0.00,-0.02,0.00,0.21,-0.00
00:00:54.767 [TUNER] 1415,1000,-0.05,0.00,0.30,0.00,-0.02,0.00,0.21,-0.00
00:00:54.767 [TUNER] 1416,1000,-0.04,0.00,0.30,0.00,-0.02,0.00,0.21,-0.00
00:00:54.802 [TUNER] 1417,1000,-0.04,0.00,0.30,0.00,-0.02,0.00,0.21,-0.00
00:00:54.804 [TUNER] 1418,1000,-0.03,0.00,0.30,0.00,-0.01,0.00,0.21,-0.00
00:00:54.838 [TUNER] 1419,1000,-0.03,0.00,0.30,0.00,-0.01,0.00,0.21,-0.00
00:00:54.872 [TUNER] 1420,1000,-0.02,0.00,0.30,0.00,-0.01,0.00,0.21,-0.00
00:00:54.873 [TUNER] 1421,1000,-0.02,0.00,0.30,0.00,-0.01,0.00,0.21,-0.00
00:00:54.907 [TUNER] 1422,1000,-0.02,0.00,0.30,0.00,-0.01,0.00,0.21,-0.00
00:00:54.907 [TUNER] 1423,1000,-0.02,0.00,0.30,0.00,-0.01,0.00,0.21,-0.00
00:00:54.942 [TUNER] 1424,1000,-0.02,0.00,0.30,0.00,-0.01,0.00,0.21,-0.00
00:00:54.942 [TUNER] 1425,1000,-0.02,0.00,0.30,0.00,-0.01,0.00,0.21,-0.00
00:00:54.977 [TUNER] 1426,1000,-0.01,0.00,0.30,0.00,-0.01,0.00,0.21,-0.00
00:00:55.013 [TUNER] 1427,1000,-0.01,0.00,0.30,0.00,-0.01,0.00,0.21,-0.00
00:00:55.014 [TUNER] 1428,1000,-0.01,0.00,0.30,0.00,-0.00,0.00,0.21,-0.00
00:00:55.051 [TUNER] 1429,1000,-0.01,0.00,0.30,0.00,-0.00,0.00,0.21,-0.00
00:00:55.052 [TUNER] 1430,1000,-0.01,0.00,0.30,0.00,-0.00,0.00,0.21,-0.00
00:00:55.081 [TUNER] 1431,1000,-0.01,0.00,0.30,0.00,-0.00,0.00,0.21,-0.00
00:00:55.118 [TUNER] 1432,1000,-0.01,0.00,0.30,0.00,-0.00,0.00,0.21,-0.00
00:00:55.120 [TUNER] 1433,1000,-0.01,0.00,0.30,0.00,-0.00,0.00,0.21,-0.00
00:00:55.153 [TUNER] 1434,1000,-0.00,0.00,0.30,0.00,-0.00,0.00,0.21,-0.00
00:00:55.153 [TUNER] 1435,1000,-0.00,0.00,0.30,0.00,-0.00,0.00,0.21,-0.00
00:00:55.188 [TUNER] 1436,1000,-0.00,0.00,0.30,0.00,-0.00,0.00,0.21,-0.00
00:00:55.189 [TUNER] 1437,1000,-0.00,0.00,0.30,0.00,-0.00,0.00,0.21,-0.00
00:00:55.222 [TUNER] 1438,1000,-0.00,0.00,0.30,0.00,-0.00,0.00,0.21,-0.00
00:00:55.257 [TUNER] 1439,1000,-0.00,0.00,0.30,0.00,-0.00,0.00,0.21,-0.00
00:00:55.258 [TUNER] 1440,1000,-0.00,0.00,0.30,0.00,-0.00,0.00,0.21,-0.00
00:00:55.292 [TUNER] 1441,1000,-0.00,0.00,0.30,0.00,-0.00,0.00,0.21,-0.00
00:00:55.293 [TUNER] 1442,1000,-0.00,0.00,0.30,0.00,-0.00,0.00,0.21,-0.00
00:00:55.327 [TUNER] 1443,1000,-0.00,0.00,0.30,0.00,-0.00,0.00,0.21,-0.00
00:00:55.363 [TUNER] 1444,1000,-0.00,0.00,0.30,0.00,-0.00,0.00,0.21,-0.00
00:00:55.364 [TUNER] 1445,1000,-0.00,0.00,0.30,0.00,-0.00,0.00,0.21,-0.00
00:00:55.399 [TUNER] 1446,1000,-0.00,0.00,0.30,0.00,-0.00,0.00,0.21,-0.00
00:00:55.402 [TUNER] 1447,1000,-0.00,0.00,0.30,0.00,-0.00,0.00,0.21,-0.00
00:00:55.433 [TUNER] 1448,1000,-0.00,0.00,0.30,0.00,-0.00,0.00,0.21,-0.00
00:00:55.434 [TUNER] 1449,1000,-0.00,0.00,0.30,0.00,-0.00,0.00,0.21,-0.00
00:00:55.468 [TUNER] 1450,1000,-0.00,0.00,0.30,0.00,-0.00,0.00,0.21,-0.00
00:00:55.502 [TUNER] 1451,1000,-0.00,0.00,0.30,0.00,-0.00,0.00,0.21,-0.00
00:00:55.503 [TUNER] 1452,1000,-0.00,0.00,0.30,0.00,-0.00,0.00,0.21,-0.00
00:00:55.536 [TUNER] 1453,1000,-0.00,0.00,0.30,0.00,-0.00,0.00,0.21,-0.00
00:00:55.537 [TUNER] 1454,1000,-0.00,0.00,0.30,0.00,-0.00,0.00,0.21,-0.00
00:00:55.573 [TUNER] 1455,1000,-0.00,0.00,0.30,0.00,-0.00,0.00,0.21,-0.00
00:00:55.574 [TUNER] 1456,1000,-0.00,0.00,0.30,0.00,-0.00,0.00,0.21,-0.00
00:00:55.608 [TUNER] 1457,1000,-0.00,0.00,0.30,0.00,-0.00,0.00,0.21,-0.00
00:00:55.642 [TUNER] 1458,1000,-0.00,0.00,0.30,0.00,-0.00,0.00,0.21,-0.00
00:00:55.677 [TUNER] 1459,1000,-0.00,0.00,0.30,0.00,-0.00,0.00,0.21,-0.00
00:00:55.678 [TUNER] 1460,1000,-0.00,0.00,0.30,0.00,-0.00,0.00,0.21,-0.00
00:00:55.679 [TUNER] 1461,1000,-0.00,0.00,0.30,0.00,-0.00,0.00,0.21,-0.00
00:00:55.713 [TUNER] 1462,1000,-0.00,0.00,0.30,0.00,-0.00,0.00,0.21,-0.00
00:00:55.748 [TUNER] 1463,1000,-0.00,0.00,0.30,0.00,-0.00,0.00,0.21,-0.00
00:00:55.748 [TUNER] 1464,1000,-0.00,0.00,0.30,0.00,-0.00,0.00,0.21,-0.00
00:00:55.784 [TUNER] 1465,1000,-0.00,0.00,0.30,0.00,-0.00,0.00,0.21,-0.00
00:00:55.784 [TUNER] 1466,1000,-0.00,0.00,0.30,0.00,-0.00,0.00,0.21,-0.00
00:00:55.822 [TUNER] 1467,1000,-0.00,0.00,0.30,0.00,-0.00,0.00,0.21,-0.00
00:00:55.826 [TUNER] 1468,1000,-0.00,0.00,0.30,0.00,-0.00,0.00,0.21,-0.00
00:00:55.852 [TUNER] 1469,1000,-0.00,0.00,0.30,0.00,-0.00,0.00,0.21,-0.00
00:00:55.887 [TUNER] 1470,1000,-0.00,0.00,0.30,0.00,-0.00,0.00,0.21,-0.00
00:00:55.888 [TUNER] 1471,1000,-0.00,0.00,0.30,0.00,-0.00,0.00,0.21,-0.00
00:00:55.922 [TUNER] 1472,1000,-0.00,0.00,0.30,0.00,-0.00,0.00,0.21,-0.00
00:00:55.924 [TUNER] 1473,1000,-0.00,0.00,0.30,0.00,-0.00,0.00,0.21,-0.00
00:00:55.957 [TUNER] 1474,1000,-0.00,0.00,0.30,0.00,-0.00,0.00,0.21,-0.00
00:00:55.992 [TUNER] 1475,1000,-0.00,0.00,0.30,0.00,-0.00,0.00,0.21,-0.00
00:00:55.992 [TUNER] 1476,1000,-0.00,0.00,0.30,0.00,-0.00,0.00,0.21,-0.00
00:00:56.029 [TUNER] 1477,1000,-0.00,0.00,0.30,0.00,-0.00,0.00,0.21,-0.00
00:00:56.032 [TUNER] 1478,1000,-0.00,0.00,0.30,0.00,-0.00,0.00,0.21,-0.00
00:00:56.063 [TUNER] 1479,1000,-0.00,0.00,0.30,0.00,-0.00,0.00,0.21,-0.00
00:00:56.063 [TUNER] 1480,1000,-0.00,0.00,0.30,0.00,-0.00,0.00,0.21,-0.00
00:00:56.098 [TUNER] 1481,1000,-0.00,0.00,0.30,0.00,-0.00,0.00,0.21,-0.00
00:00:56.135 [TUNER] 1482,1000,-0.00,0.00,0.30,0.00,-0.00,0.00,0.21,-0.00
00:00:56.139 [TUNER] 1483,1000,-0.00,0.00,0.30,0.00,-0.00,0.00,0.21,-0.00
00:00:56.169 [TUNER] 1484,1000,-0.00,0.00,0.30,0.00,-0.00,0.00,0.21,-0.00
00:00:56.170 [TUNER] 1485,1000,-0.00,0.00,0.30,0.00,-0.00,0.00,0.21,-0.00
00:00:56.204 [TUNER] 1486,1000,-0.00,0.00,0.30,0.00,-0.00,0.00,0.21,-0.00
00:00:56.238 [TUNER] 1487,1000,-0.00,0.00,0.30,0.00,-0.00,0.00,0.21,-0.00
00:00:56.239 [TUNER] 1488,1000,-0.00,0.00,0.30,0.00,-0.00,0.00,0.21,-0.00
00:00:56.272 [TUNER] 1489,1000,-0.00,0.00,0.30,0.00,-0.00,0.00,0.21,-0.00
00:00:56.273 [TUNER] 1490,1000,-0.00,0.00,0.30,0.00,-0.00,0.00,0.21,-0.00
00:00:56.307 [TUNER] 1491,1000,-0.00,0.00,0.30,0.00,-0.00,0.00,0.21,-0.00
00:00:56.307 [TUNER] 1492,1000,-0.00,0.00,0.30,0.00,-0.00,0.00,0.21,-0.00
00:00:56.341 [TUNER] 1493,1000,-0.00,0.00,0.30,0.00,-0.00,0.00,0.21,-0.00
00:00:56.380 [TUNER] 1494,1000,-0.00,0.00,0.30,0.00,-0.00,0.00,0.21,-0.00
00:00:56.381 [TUNER] 1495,1000,-0.00,0.00,0.30,0.00,-0.00,0.00,0.21,-0.00
00:00:56.413 [TUNER] 1496,1000,-0.00,0.00,0.30,0.00,-0.00,0.00,0.21,-0.00
00:00:56.413 [TUNER] 1497,1000,-0.00,0.00,0.30,0.00,-0.00,0.00,0.21,-0.00
00:00:56.447 [TUNER] 1498,1000,-0.00,0.00,0.30,0.00,-0.00,0.00,0.21,-0.00
00:00:56.483 [TUNER] 1499,1000,-0.00,0.00,0.30,0.00,-0.00,0.00,0.21,-0.00
00:00:56.485 [TUNER] 1500,1000,-0.00,0.00,0.30,0.00,-0.00,0.00,0.21,-0.00
00:00:56.519 [TUNER] 1501,1000,-0.00,0.00,0.30,0.00,-0.00,0.00,0.21,-0.00
00:00:56.521 [TUNER] 1502,1000,-0.00,0.00,0.30,0.00,-0.00,0.00,0.21,-0.00
00:00:56.552 [TUNER] 1503,1000,-0.00,0.00,0.30,0.00,-0.00,0.00,0.21,-0.00
00:00:56.553 [TUNER] 1504,1000,-0.00,0.00,0.30,0.00,-0.00,0.00,0.21,-0.00
00:00:56.590 [TUNER] 1505,1000,-0.00,0.00,0.30,0.00,-0.00,0.00,0.21,-0.00
00:00:56.623 [TUNER] 1506,1000,-0.00,0.00,0.30,0.00,-0.00,0.00,0.21,-0.00
00:00:56.624 [TUNER] 1507,1000,-0.00,0.00,0.30,0.00,-0.00,0.00,0.21,-0.00
00:00:56.658 [TUNER] 1508,1000,-0.00,0.00,0.30,0.00,-0.00,0.00,0.21,-0.00
00:00:56.660 [TUNER] 1509,1000,-0.00,0.00,0.30,0.00,-0.00,0.00,0.21,-0.00
00:00:56.692 [TUNER] 1510,1000,-0.00,0.00,0.30,0.00,-0.00,0.00,0.21,-0.00
00:00:56.729 [TUNER] 1511,1000,-0.00,0.00,0.30,0.00,-0.00,0.00,0.21,-0.00
00:00:56.729 [TUNER] 1512,1000,-0.00,0.00,0.30,0.00,-0.00,0.00,0.21,-0.00
00:00:56.762 [TUNER] 1513,1000,-0.00,0.00,0.30,0.00,-0.00,0.00,0.21,-0.00
00:00:56.762 [TUNER] 1514,1000,-0.00,0.00,0.30,0.00,-0.00,0.00,0.21,-0.00
00:00:56.799 [TUNER] 1515,1000,-0.00,0.00,0.30,0.00,-0.00,0.00,0.21,-0.00
00:00:56.799 [TUNER] 1516,1000,-0.00,0.00,0.30,0.00,-0.00,0.00,0.21,-0.00
00:00:56.832 [TUNER] 1517,1000,-0.00,0.00,0.30,0.00,-0.00,0.00,0.21,-0.00
00:00:56.868 [TUNER] 1518,1000,-0.00,0.00,0.30,0.00,-0.00,0.00,0.21,-0.00
00:00:56.868 [TUNER] 1519,1000,-0.00,0.00,0.30,0.00,-0.00,0.00,0.21,-0.00
00:00:56.904 [TUNER] 1520,1000,-0.00,0.00,0.30,0.00,-0.00,0.00,0.21,-0.00
00:00:56.907 [TUNER] 1521,1000,-0.00,0.00,0.30,0.00,-0.00,0.00,0.21,-0.00
00:00:56.938 [TUNER] 1522,1000,-0.00,0.00,0.30,0.00,-0.00,0.00,0.21,-0.00
00:00:56.973 [TUNER] 1523,1000,-0.00,0.00,0.30,0.00,-0.00,0.00,0.21,-0.00
00:00:56.973 [TUNER] 1524,1000,-0.00,0.00,0.30,0.00,-0.00,0.00,0.21,-0.00
00:00:57.006 [TUNER] 1525,1000,-0.00,0.00,0.30,0.00,-0.00,0.00,0.21,-0.00
00:00:57.044 [TUNER] 1526,1000,-0.00,0.00,0.30,0.00,-0.00,0.00,0.21,-0.00
00:00:57.046 [TUNER] 1527,1000,-0.00,0.00,0.30,0.00,-0.00,0.00,0.21,-0.00
00:00:57.046 [TUNER] 1528,1000,-0.00,0.00,0.30,0.00,-0.00,0.00,0.21,-0.00
00:00:57.076 [TUNER] 1529,1000,-0.00,0.00,0.30,0.00,-0.00,0.00,0.21,-0.00
00:00:57.112 [TUNER] 1530,1000,-0.00,0.00,0.30,0.00,-0.00,0.00,0.21,-0.00
00:00:57.112 [TUNER] 1531,1000,-0.00,0.00,0.30,0.00,-0.00,0.00,0.21,-0.00
00:00:57.148 [TUNER] 1532,1000,-0.00,0.00,0.30,0.00,-0.00,0.00,0.21,-0.00
00:00:57.148 [TUNER] 1533,1000,-0.00,0.00,0.30,0.00,-0.00,0.00,0.21,-0.00
00:00:57.182 [TUNER] 1534,1000,-0.00,0.00,0.30,0.00,-0.00,0.00,0.21,-0.00
00:00:57.218 [TUNER] 1535,1000,-0.00,0.00,0.30,0.00,-0.00,0.00,0.21,-0.00
00:00:57.218 [TUNER] 1536,1000,-0.00,0.00,0.30,0.00,-0.00,0.00,0.21,-0.00
00:00:57.253 [TUNER] 1537,1000,-0.00,0.00,0.30,0.00,-0.00,0.00,0.21,-0.00
00:00:57.255 [TUNER] 1538,1000,-0.00,0.00,0.30,0.00,-0.00,0.00,0.21,-0.00
00:00:57.286 [TUNER] 1539,1000,-0.00,0.00,0.30,0.00,-0.00,0.00,0.21,-0.00
00:00:57.323 [TUNER] 1540,1000,-0.00,0.00,0.30,0.00,-0.00,0.00,0.21,-0.00
00:00:57.324 [TUNER] 1541,1000,-0.00,0.00,0.30,0.00,-0.00,0.00,0.21,-0.00
00:00:57.356 [TUNER] 1542,1000,-0.00,0.00,0.30,0.00,-0.00,0.00,0.21,-0.00
00:00:57.356 [TUNER] 1543,1000,-0.00,0.00,0.30,0.00,-0.00,0.00,0.21,-0.00
00:00:57.392 [TUNER] 1544,1000,-0.00,0.00,0.30,0.00,-0.00,0.00,0.21,-0.00
00:00:57.393 [TUNER] 1545,1000,-0.00,0.00,0.30,0.00,-0.00,0.00,0.21,-0.00
00:00:57.429 [TUNER] 1546,1000,-0.00,0.00,0.30,0.00,-0.00,0.00,0.21,-0.00
00:00:57.463 [TUNER] 1547,1000,-0.00,0.00,0.30,0.00,-0.00,0.00,0.21,-0.00
00:00:57.464 [TUNER] 1548,1000,-0.00,0.00,0.30,0.00,-0.00,0.00,0.21,-0.00
00:00:57.498 [TUNER] 1549,1000,-0.00,0.00,0.30,0.00,-0.00,0.00,0.21,-0.00
00:00:57.498 [TUNER] 1550,1000,-0.00,0.00,0.30,0.00,-0.00,0.00,0.21,-0.00
00:00:57.532 [TUNER] 1551,1000,-0.00,0.00,0.30,0.00,-0.00,0.00,0.21,-0.00
00:00:57.566 [TUNER] 1552,1000,-0.00,0.00,0.30,0.00,-0.00,0.00,0.21,-0.00
00:00:57.568 [TUNER] 1553,1000,-0.00,0.00,0.30,0.00,-0.00,0.00,0.21,-0.00
00:00:57.603 [TUNER] 1554,1000,-0.00,0.00,0.30,0.00,-0.00,0.00,0.21,-0.00
00:00:57.603 [TUNER] 1555,1000,-0.00,0.00,0.30,0.00,-0.00,0.00,0.21,-0.00
00:00:57.637 [TUNER] 1556,1000,-0.00,0.00,0.30,0.00,-0.00,0.00,0.21,-0.00
00:00:57.638 [TUNER] 1557,1000,-0.00,0.00,0.30,0.00,-0.00,0.00,0.21,-0.00
00:00:57.672 [TUNER] 1558,1000,-0.00,0.00,0.30,0.00,-0.00,0.00,0.21,-0.00
00:00:57.707 [TUNER] 1559,1000,-0.00,0.00,0.30,0.00,-0.00,0.00,0.21,-0.00
00:00:57.708 [TUNER] 1560,1000,-0.00,0.00,0.30,0.00,-0.00,0.00,0.21,-0.00
00:00:57.743 [TUNER] 1561,1000,-0.00,0.00,0.30,0.00,-0.00,0.00,0.21,-0.00
00:00:57.743 [TUNER] 1562,1000,-0.00,0.00,0.30,0.00,-0.00,0.00,0.21,-0.00
00:00:57.777 [TUNER] 1563,1000,-0.00,0.00,0.30,0.00,-0.00,0.00,0.21,-0.00
00:00:57.812 [TUNER] 1564,1000,-0.00,0.00,0.30,0.00,-0.00,0.00,0.21,-0.00
00:00:57.812 [TUNER] 1565,1000,-0.00,0.00,0.30,0.00,-0.00,0.00,0.21,-0.00
00:00:57.849 [TUNER] 1566,1000,-0.00,0.00,0.30,0.00,-0.00,0.00,0.21,-0.00
00:00:57.852 [TUNER] 1567,1000,-0.00,0.00,0.30,0.00,-0.00,0.00,0.21,-0.00
00:00:57.882 [TUNER] 1568,1000,-0.00,0.00,0.30,0.00,-0.00,0.00,0.21,-0.00
00:00:57.917 [TUNER] 1569,1000,-0.00,0.00,0.30,0.00,-0.00,0.00,0.21,-0.00
00:00:57.920 [TUNER] 1570,1000,-0.00,0.00,0.30,0.00,-0.00,0.00,0.21,-0.00
00:00:57.951 [TUNER] 1571,1000,-0.00,0.00,0.30,0.00,-0.00,0.00,0.21,-0.00
00:00:57.953 [TUNER] 1572,1000,-0.00,0.00,0.30,0.00,-0.00,0.00,0.21,-0.00
00:00:57.987 [TUNER] 1573,1000,-0.00,0.00,0.30,0.00,-0.00,0.00,0.21,-0.00
00:00:57.988 [TUNER] 1574,1000,-0.00,0.00,0.30,0.00,-0.00,0.00,0.21,-0.00
00:00:58.022 [TUNER] 1575,1000,-0.00,0.00,0.30,0.00,-0.00,0.00,0.21,-0.00
00:00:58.057 [TUNER] 1576,1000,-0.00,0.00,0.30,0.00,-0.00,0.00,0.21,-0.00
00:00:58.058 [TUNER] 1577,1000,-0.00,0.00,0.30,0.00,-0.00,0.00,0.21,-0.00
00:00:58.093 [TUNER] 1578,1000,-0.00,0.00,0.30,0.00,-0.00,0.00,0.21,-0.00
00:00:58.093 [TUNER] 1579,1000,-0.00,0.00,0.30,0.00,-0.00,0.00,0.21,-0.00
00:00:58.127 [TUNER] 1580,1000,-0.00,0.00,0.30,0.00,-0.00,0.00,0.21,-0.00
00:00:58.165 [TUNER] 1581,1000,-0.00,0.00,0.30,0.00,-0.00,0.00,0.21,-0.00
00:00:58.165 [TUNER] 1582,1000,-0.00,0.00,0.30,0.00,-0.00,0.00,0.21,-0.00
00:00:58.197 [TUNER] 1583,1000,-0.00,0.00,0.30,0.00,-0.00,0.00,0.21,-0.00
00:00:58.197 [TUNER] 1584,1000,-0.00,0.00,0.30,0.00,-0.00,0.00,0.21,-0.00
00:00:58.231 [TUNER] 1585,1001,-0.00,0.00,0.30,0.00,-0.00,0.00,0.21,-0.00
00:00:58.266 [TUNER] 1586,999,-0.00,0.00,0.30,0.00,-0.00,0.00,0.21,-0.00
00:00:58.267 [TUNER] 1587,1000,-0.00,0.00,0.30,0.00,-0.00,0.00,0.21,-0.00
00:00:58.302 [TUNER] 1588,1000,-0.00,0.00,0.30,0.00,-0.00,0.00,0.21,-0.00
00:00:58.305 [TUNER] 1589,1000,-0.00,0.00,0.30,0.00,-0.00,0.00,0.21,-0.00
00:00:58.339 [TUNER] 1590,1000,-0.00,0.00,0.30,0.00,-0.00,0.00,0.21,-0.00
00:00:58.341 [TUNER] 1591,1000,-0.00,0.00,0.30,0.00,-0.00,0.00,0.21,-0.00
00:00:58.373 [TUNER] 1592,1000,-0.00,0.00,0.30,0.00,-0.00,0.00,0.21,-0.00
00:00:58.408 [TUNER] 1593,1000,-0.00,0.00,0.30,0.00,-0.00,0.00,0.21,-0.00
00:00:58.409 [TUNER] 1594,1000,-0.00,0.00,0.30,0.00,-0.00,0.00,0.21,-0.00
00:00:58.443 [TUNER] 1595,1000,-0.00,0.00,0.30,0.00,-0.00,0.00,0.21,-0.00
00:00:58.443 [TUNER] 1596,1000,-0.00,0.00,0.30,0.00,-0.00,0.00,0.21,-0.00
00:00:58.477 [TUNER] 1597,1000,-0.00,0.00,0.30,0.00,-0.00,0.00,0.21,-0.00
00:00:58.513 [TUNER] 1598,1000,-0.00,0.00,0.30,0.00,-0.00,0.00,0.21,-0.00
00:00:58.513 [TUNER] 1599,1000,-0.00,0.00,0.30,0.00,-0.00,0.00,0.21,-0.00
00:00:58.548 [TUNER] 1600,1000,-0.00,0.00,0.30,0.00,-0.00,0.00,0.21,-0.00
00:00:58.548 [TUNER] 1601,1000,-0.00,0.00,0.30,0.00,-0.00,0.00,0.21,-0.00
00:00:58.581 [TUNER] 1602,1000,-0.00,0.00,0.30,0.00,-0.00,0.00,0.21,-0.00
00:00:58.621 [TUNER] 1603,1001,-0.00,0.00,0.30,0.00,-0.00,0.00,0.21,-0.00
00:00:58.622 [TUNER] 1604,999,-0.00,0.00,0.30,0.00,-0.00,0.00,0.21,-0.00
00:00:58.653 [TUNER] 1605,1000,-0.00,0.00,0.30,0.00,-0.00,0.00,0.21,-0.00
00:00:58.653 [TUNER] 1606,1000,-0.00,0.00,0.30,0.00,-0.00,0.00,0.21,-0.00
00:00:58.687 [TUNER] 1607,1000,-0.00,0.00,0.30,0.00,-0.00,0.00,0.21,-0.00
00:00:58.688 [TUNER] 1608,1000,-0.00,0.00,0.30,0.00,-0.00,0.00,0.21,-0.00
00:00:58.721 [TUNER] 1609,1000,-0.00,0.00,0.30,0.00,-0.00,0.00,0.21,-0.00
00:00:58.758 [TUNER] 1610,1000,-0.00,0.00,0.30,0.00,-0.00,0.00,0.21,-0.00
00:00:58.760 [TUNER] 1611,1000,-0.00,0.00,0.30,0.00,-0.00,0.00,0.21,-0.00
00:00:58.792 [TUNER] 1612,1000,-0.00,0.00,0.30,0.00,-0.00,0.00,0.21,-0.00
00:00:58.792 [TUNER] 1613,1000,-0.00,0.00,0.30,0.00,-0.00,0.00,0.21,-0.00
00:00:58.827 [TUNER] 1614,1000,-0.00,0.00,0.30,0.00,-0.00,0.00,0.21,-0.00
00:00:58.863 [TUNER] 1615,1000,-0.00,0.00,0.30,0.00,-0.00,0.00,0.21,-0.00
00:00:58.865 [TUNER] 1616,1000,-0.00,0.00,0.30,0.00,-0.00,0.00,0.21,-0.00
00:00:58.898 [TUNER] 1617,1000,-0.00,0.00,0.30,0.00,-0.00,0.00,0.21,-0.00
00:00:58.898 [TUNER] 1618,1000,-0.00,0.00,0.30,0.00,-0.00,0.00,0.21,-0.00
00:00:58.932 [TUNER] 1619,1000,-0.00,0.00,0.30,0.00,-0.00,0.00,0.21,-0.00
00:00:58.934 [TUNER] 1620,1000,-0.00,0.00,0.30,0.00,-0.00,0.00,0.21,-0.00
00:00:58.967 [TUNER] 1621,1000,-0.00,0.00,0.30,0.00,-0.00,0.00,0.21,-0.00
00:00:59.001 [TUNER] 1622,1000,-0.00,0.00,0.30,0.00,-0.00,0.00,0.21,-0.00
00:00:59.003 [TUNER] 1623,1000,-0.00,0.00,0.30,0.00,-0.00,0.00,0.21,-0.00
00:00:59.039 [TUNER] 1624,1000,-0.00,0.00,0.30,0.00,-0.00,0.00,0.21,-0.00
00:00:59.040 [TUNER] 1625,1000,-0.00,0.00,0.30,0.00,-0.00,0.00,0.21,-0.00
00:00:59.073 [TUNER] 1626,1000,-0.00,0.00,0.30,0.00,-0.00,0.00,0.21,-0.00
00:00:59.074 [TUNER] 1627,1000,-0.00,0.00,0.30,0.00,-0.00,0.00,0.21,-0.00
00:00:59.106 [TUNER] 1628,1000,-0.00,0.00,0.30,0.00,-0.00,0.00,0.21,-0.00
00:00:59.143 [TUNER] 1629,1000,-0.00,0.00,0.30,0.00,-0.00,0.00,0.21,-0.00
00:00:59.144 [TUNER] 1630,1000,-0.00,0.00,0.30,0.00,-0.00,0.00,0.21,-0.00
00:00:59.177 [TUNER] 1631,1000,-0.00,0.00,0.30,0.00,-0.00,0.00,0.21,-0.00
00:00:59.178 [TUNER] 1632,1000,-0.00,0.00,0.30,0.00,-0.00,0.00,0.21,-0.00
00:00:59.213 [TUNER] 1633,1000,-0.00,0.00,0.30,0.00,-0.00,0.00,0.21,-0.00
00:00:59.248 [TUNER] 1634,1000,-0.00,0.00,0.30,0.00,-0.00,0.00,0.21,-0.00
00:00:59.248 [TUNER] 1635,1000,-0.00,0.00,0.30,0.00,-0.00,0.00,0.21,-0.00
00:00:59.282 [TUNER] 1636,1000,-0.00,0.00,0.30,0.00,-0.00,0.00,0.21,-0.00
00:00:59.283 [TUNER] 1637,1000,-0.00,0.00,0.30,0.00,-0.00,0.00,0.21,-0.00
00:00:59.317 [TUNER] 1638,1000,-0.00,0.00,0.30,0.00,-0.00,0.00,0.21,-0.00
00:00:59.352 [TUNER] 1639,1000,-0.00,0.00,0.30,0.00,-0.00,0.00,0.21,-0.00
00:00:59.352 [TUNER] 1640,1000,-0.00,0.00,0.30,0.00,-0.00,0.00,0.21,-0.00
00:00:59.387 [TUNER] 1641,1000,-0.00,0.00,0.30,0.00,-0.00,0.00,0.21,-0.00
00:00:59.388 [TUNER] 1642,1000,-0.00,0.00,0.30,0.00,-0.00,0.00,0.21,-0.00
00:00:59.423 [TUNER] 1643,1000,-0.00,0.00,0.30,0.00,-0.00,0.00,0.21,-0.00
00:00:59.457 [TUNER] 1644,1000,-0.00,0.00,0.30,0.00,-0.00,0.00,0.21,-0.00
00:00:59.457 [TUNER] 1645,1000,-0.00,0.00,0.30,0.00,-0.00,0.00,0.21,-0.00
00:00:59.492 [TUNER] 1646,1000,-0.00,0.00,0.30,0.00,-0.00,0.00,0.21,-0.00
00:00:59.493 [TUNER] 1647,1000,-0.00,0.00,0.30,0.00,-0.00,0.00,0.21,-0.00
00:00:59.526 [TUNER] 1648,1000,-0.00,0.00,0.30,0.00,-0.00,0.00,0.21,-0.00
00:00:59.527 [TUNER] 1649,1000,-0.00,0.00,0.30,0.00,-0.00,0.00,0.21,-0.00
00:00:59.562 [TUNER] 1650,1002,-0.00,0.00,0.30,0.00,-0.00,0.00,0.21,-0.00
00:00:59.597 [TUNER] 1651,998,-0.00,0.00,0.30,0.00,-0.00,0.00,0.21,-0.00
00:00:59.598 [TUNER] 1652,1000,-0.00,0.00,0.30,0.00,-0.00,0.00,0.21,-0.00
00:00:59.632 [TUNER] 1653,1000,-0.00,0.00,0.30,0.00,-0.00,0.00,0.21,-0.00
00:00:59.633 [TUNER] 1654,1000,-0.00,0.00,0.30,0.00,-0.00,0.00,0.21,-0.00
00:00:59.666 [TUNER] 1655,1000,-0.00,0.00,0.30,0.00,-0.00,0.00,0.21,-0.00
00:00:59.702 [TUNER] 1656,1000,-0.00,0.00,0.30,0.00,-0.00,0.00,0.21,-0.00
00:00:59.704 [TUNER] 1657,1000,-0.00,0.00,0.30,0.00,-0.00,0.00,0.21,-0.00
00:00:59.738 [TUNER] 1658,1000,-0.00,0.00,0.30,0.00,-0.00,0.00,0.21,-0.00
00:00:59.738 [TUNER] 1659,1000,-0.00,0.00,0.30,0.00,-0.00,0.00,0.21,-0.00
00:00:59.772 [TUNER] 1660,1000,-0.00,0.00,0.30,0.00,-0.00,0.00,0.21,-0.00
00:00:59.809 [TUNER] 1661,1000,-0.00,0.00,0.30,0.00,-0.00,0.00,0.21,-0.00
00:00:59.810 [TUNER] 1662,1000,-0.00,0.00,0.30,0.00,-0.00,0.00,0.21,-0.00
00:00:59.841 [TUNER] 1663,1000,-0.00,0.00,0.30,0.00,-0.00,0.00,0.21,-0.00
00:00:59.841 [TUNER] 1664,1000,-0.00,0.00,0.30,0.00,-0.00,0.00,0.21,-0.00
00:00:59.877 [TUNER] 1665,1000,-0.00,0.00,0.30,0.00,-0.00,0.00,0.21,-0.00
00:00:59.878 [TUNER] 1666,1000,-0.00,0.00,0.30,0.00,-0.00,0.00,0.21,-0.00
00:00:59.912 [TUNER] 1667,1000,-0.00,0.00,0.30,0.00,-0.00,0.00,0.21,-0.00
00:00:59.948 [TUNER] 1668,1000,-0.00,0.00,0.30,0.00,-0.00,0.00,0.21,-0.00
00:00:59.949 [TUNER] 1669,1000,-0.00,0.00,0.30,0.00,-0.00,0.00,0.21,-0.00
00:00:59.982 [TUNER] 1670,1000,-0.00,0.00,0.30,0.00,-0.00,0.00,0.21,-0.00
00:00:59.985 [TUNER] 1671,1000,-0.00,0.00,0.30,0.00,-0.00,0.00,0.21,-0.00
00:01:00.018 [TUNER] 1672,1000,-0.00,0.00,0.30,0.00,-0.00,0.00,0.21,-0.00
00:01:00.053 [TUNER] 1673,1000,-0.00,0.00,0.30,0.00,-0.00,0.00,0.21,-0.00
00:01:00.053 [TUNER] 1674,1000,-0.00,0.00,0.30,0.00,-0.00,0.00,0.21,-0.00
00:01:00.085 [TUNER] 1675,1000,-0.00,0.00,0.30,0.00,-0.00,0.00,0.21,-0.00
00:01:00.086 [TUNER] 1676,1000,-0.00,0.00,0.30,0.00,-0.00,0.00,0.21,-0.00
00:01:00.122 [TUNER] 1677,1000,-0.00,0.00,0.30,0.00,-0.00,0.00,0.21,-0.00
00:01:00.157 [TUNER] 1678,1000,-0.00,0.00,0.30,0.00,-0.00,0.00,0.21,-0.00
00:01:00.157 [TUNER] 1679,1000,-0.00,0.00,0.30,0.00,-0.00,0.00,0.21,-0.00
00:01:00.191 [TUNER] 1680,1000,-0.00,0.00,0.30,0.00,-0.00,0.00,0.21,-0.00
00:01:00.192 [TUNER] 1681,1000,-0.00,0.00,0.30,0.00,-0.00,0.00,0.21,-0.00
00:01:00.239 [TUNER] 1682,1000,-0.00,0.00,0.30,0.00,-0.00,0.00,0.21,-0.00
00:01:00.260 [TUNER] 1683,1000,-0.00,0.00,0.30,0.00,-0.00,0.00,0.21,-0.00
00:01:00.261 [TUNER] 1684,1000,-0.00,0.00,0.30,0.00,-0.00,0.00,0.21,-0.00
00:01:00.303 [TUNER] 1685,1000,-0.00,0.00,0.30,0.00,-0.00,0.00,0.21,-0.00
00:01:00.304 [TUNER] 1686,1000,-0.00,0.00,0.30,0.00,-0.00,0.00,0.21,-0.00
00:01:00.332 [TUNER] 1687,1000,-0.00,0.00,0.30,0.00,-0.00,0.00,0.21,-0.00
00:01:00.332 [TUNER] 1688,1000,-0.00,0.00,0.30,0.00,-0.00,0.00,0.21,-0.00
00:01:00.368 [TUNER] 1689,1000,-0.00,0.00,0.30,0.00,-0.00,0.00,0.21,-0.00
00:01:00.403 [TUNER] 1690,1000,-0.00,0.00,0.30,0.00,-0.00,0.00,0.21,-0.00
00:01:00.405 [TUNER] 1691,1000,-0.00,0.00,0.30,0.00,-0.00,0.00,0.21,-0.00
00:01:00.437 [TUNER] 1692,1000,-0.00,0.00,0.30,0.00,-0.00,0.00,0.21,-0.00
00:01:00.438 [TUNER] 1693,1000,-0.00,0.00,0.30,0.00,-0.00,0.00,0.21,-0.00
00:01:00.478 [TUNER] 1694,1000,-0.00,0.00,0.30,0.00,-0.00,0.00,0.21,-0.00
00:01:00.506 [TUNER] 1695,1000,-0.00,0.00,0.30,0.00,-0.00,0.00,0.21,-0.00
00:01:00.506 [TUNER] 1696,1000,-0.00,0.00,0.30,0.00,-0.00,0.00,0.21,-0.00
00:01:00.542 [TUNER] 1697,1000,-0.00,0.00,0.30,0.00,-0.00,0.00,0.21,-0.00
00:01:00.542 [TUNER] 1698,1000,-0.00,0.00,0.30,0.00,-0.00,0.00,0.21,-0.00
00:01:00.578 [TUNER] 1699,1000,-0.00,0.00,0.30,0.00,-0.00,0.00,0.21,-0.00
00:01:00.579 [TUNER] 1700,1000,-0.00,0.00,0.30,0.00,-0.00,0.00,0.21,-0.00
00:01:00.616 [TUNER] 1701,1000,-0.00,0.00,0.30,0.00,-0.00,0.00,0.21,-0.00
00:01:00.649 [TUNER] 1702,1000,-0.00,0.00,0.30,0.00,-0.00,0.00,0.21,-0.00
00:01:00.649 [TUNER] 1703,1000,-0.00,0.00,0.30,0.00,-0.00,0.00,0.21,-0.00
00:01:00.681 [TUNER] 1704,1000,-0.00,0.00,0.30,0.00,-0.00,0.00,0.21,-0.00
00:01:00.683 [TUNER] 1705,1000,-0.00,0.00,0.30,0.00,-0.00,0.00,0.21,-0.00
00:01:00.717 [TUNER] 1706,1000,-0.00,0.00,0.30,0.00,-0.00,0.00,0.21,-0.00
00:01:00.754 [TUNER] 1707,1000,-0.00,0.00,0.30,0.00,-0.00,0.00,0.21,-0.00
00:01:00.754 [TUNER] 1708,1000,-0.00,0.00,0.30,0.00,-0.00,0.00,0.21,-0.00
00:01:00.788 [TUNER] 1709,1000,-0.00,0.00,0.30,0.00,-0.00,0.00,0.21,-0.00
00:01:00.788 [TUNER] 1710,1000,-0.00,0.00,0.30,0.00,-0.00,0.00,0.21,-0.00
00:01:00.821 [TUNER] 1711,1000,-0.00,0.00,0.30,0.00,-0.00,0.00,0.21,-0.00
00:01:00.822 [TUNER] 1712,1000,-0.00,0.00,0.30,0.00,-0.00,0.00,0.21,-0.00
00:01:00.857 [TUNER] 1713,1000,-0.00,0.00,0.30,0.00,-0.00,0.00,0.21,-0.00
00:01:00.892 [TUNER] 1714,1000,-0.00,0.00,0.30,0.00,-0.00,0.00,0.21,-0.00
00:01:00.893 [TUNER] 1715,1000,-0.00,0.00,0.30,0.00,-0.00,0.00,0.21,-0.00
00:01:00.926 [TUNER] 1716,1000,-0.00,0.00,0.30,0.00,-0.00,0.00,0.21,-0.00
00:01:00.927 [TUNER] 1717,1000,-0.00,0.00,0.30,0.00,-0.00,0.00,0.21,-0.00
00:01:00.962 [TUNER] 1718,1000,-0.00,0.00,0.30,0.00,-0.00,0.00,0.21,-0.00
00:01:00.998 [TUNER] 1719,1000,-0.00,0.00,0.30,0.00,-0.00,0.00,0.21,-0.00
00:01:00.999 [TUNER] 1720,1000,-0.00,0.00,0.30,0.00,-0.00,0.00,0.21,-0.00
00:01:01.033 [TUNER] 1721,1000,-0.00,0.00,0.30,0.00,-0.00,0.00,0.21,-0.00
00:01:01.034 [TUNER] 1722,1000,-0.00,0.00,0.30,0.00,-0.00,0.00,0.21,-0.00
00:01:01.067 [TUNER] 1723,1000,-0.00,0.00,0.30,0.00,-0.00,0.00,0.21,-0.00
00:01:01.105 [TUNER] 1724,1000,-0.00,0.00,0.30,0.00,-0.00,0.00,0.21,-0.00
00:01:01.106 [TUNER] 1725,1000,-0.00,0.00,0.30,0.00,-0.00,0.00,0.21,-0.00
00:01:01.139 [TUNER] 1726,1000,-0.00,0.00,0.30,0.00,-0.00,0.00,0.21,-0.00
00:01:01.140 [TUNER] 1727,1000,-0.00,0.00,0.30,0.00,-0.00,0.00,0.21,-0.00
00:01:01.173 [TUNER] 1728,1000,-0.00,0.00,0.30,0.00,-0.00,0.00,0.21,-0.00
00:01:01.175 [TUNER] 1729,1000,-0.00,0.00,0.30,0.00,-0.00,0.00,0.21,-0.00
00:01:01.206 [TUNER] 1730,1000,-0.00,0.00,0.30,0.00,-0.00,0.00,0.21,-0.00
00:01:01.244 [TUNER] 1731,1000,-0.00,0.00,0.30,0.00,-0.00,0.00,0.21,-0.00
00:01:01.245 [TUNER] 1732,1000,-0.00,0.00,0.30,0.00,-0.00,0.00,0.21,-0.00
00:01:01.277 [TUNER] 1733,1000,-0.00,0.00,0.30,0.00,-0.00,0.00,0.21,-0.00
00:01:01.277 [TUNER] 1734,1000,-0.00,0.00,0.30,0.00,-0.00,0.00,0.21,-0.00
00:01:01.313 [TUNER] 1735,1000,-0.00,0.00,0.30,0.00,-0.00,0.00,0.21,-0.00
00:01:01.347 [TUNER] 1736,1000,-0.00,0.00,0.30,0.00,-0.00,0.00,0.21,-0.00
00:01:01.348 [TUNER] 1737,1000,-0.00,0.00,0.30,0.00,-0.00,0.00,0.21,-0.00
00:01:01.383 [TUNER] 1738,1000,-0.00,0.00,0.30,0.00,-0.00,0.00,0.21,-0.00
00:01:01.383 [TUNER] 1739,1000,-0.00,0.00,0.30,0.00,-0.00,0.00,0.21,-0.00
00:01:01.418 [TUNER] 1740,1000,-0.00,0.00,0.30,0.00,-0.00,0.00,0.21,-0.00
00:01:01.420 [TUNER] 1741,1000,-0.00,0.00,0.30,0.00,-0.00,0.00,0.21,-0.00
00:01:01.452 [TUNER] 1742,1000,-0.00,0.00,0.30,0.00,-0.00,0.00,0.21,-0.00
00:01:01.487 [TUNER] 1743,1000,-0.00,0.00,0.30,0.00,-0.00,0.00,0.21,-0.00
00:01:01.488 [TUNER] 1744,1000,-0.00,0.00,0.30,0.00,-0.00,0.00,0.21,-0.00
00:01:01.522 [TUNER] 1745,1000,-0.00,0.00,0.30,0.00,-0.00,0.00,0.21,-0.00
00:01:01.522 [TUNER] 1746,1000,-0.00,0.00,0.30,0.00,-0.00,0.00,0.21,-0.00
00:01:01.556 [TUNER] 1747,1000,-0.00,0.00,0.30,0.00,-0.00,0.00,0.21,-0.00
00:01:01.592 [TUNER] 1748,1000,-0.00,0.00,0.30,0.00,-0.00,0.00,0.21,-0.00
00:01:01.594 [TUNER] 1749,1000,-0.00,0.00,0.30,0.00,-0.00,0.00,0.21,-0.00
00:01:01.625 [TUNER] 1750,1000,-0.00,0.00,0.30,0.00,-0.00,0.00,0.21,-0.00
00:01:01.626 [TUNER] 1751,1000,-0.00,0.00,0.30,0.00,-0.00,0.00,0.21,-0.00
00:01:01.662 [TUNER] 1752,1000,-0.00,0.00,0.30,0.00,-0.00,0.00,0.21,-0.00
00:01:01.663 [TUNER] 1753,1000,-0.00,0.00,0.30,0.00,-0.00,0.00,0.21,-0.00
00:01:01.698 [TUNER] 1754,1000,-0.00,0.00,0.30,0.00,-0.00,0.00,0.21,-0.00
00:01:01.735 [TUNER] 1755,1000,-0.00,0.00,0.30,0.00,-0.00,0.00,0.21,-0.00
00:01:01.737 [TUNER] 1756,1000,-0.00,0.00,0.30,0.00,-0.00,0.00,0.21,-0.00
00:01:01.767 [TUNER] 1757,1000,-0.00,0.00,0.30,0.00,-0.00,0.00,0.21,-0.00
00:01:01.768 [TUNER] 1758,1000,-0.00,0.00,0.30,0.00,-0.00,0.00,0.21,-0.00
00:01:01.802 [TUNER] 1759,1000,-0.00,0.00,0.30,0.00,-0.00,0.00,0.21,-0.00
00:01:01.838 [TUNER] 1760,1000,-0.00,0.00,0.30,0.00,-0.00,0.00,0.21,-0.00
00:01:01.839 [TUNER] 1761,1000,-0.00,0.00,0.30,0.00,-0.00,0.00,0.21,-0.00
00:01:01.872 [TUNER] 1762,1000,-0.00,0.00,0.30,0.00,-0.00,0.00,0.21,-0.00
00:01:01.872 [TUNER] 1763,1000,-0.00,0.00,0.30,0.00,-0.00,0.00,0.21,-0.00
00:01:01.911 [TUNER] 1764,1000,-0.00,0.00,0.30,0.00,-0.00,0.00,0.21,-0.00
00:01:01.914 [TUNER] 1765,1000,-0.00,0.00,0.30,0.00,-0.00,0.00,0.21,-0.00
00:01:01.943 [TUNER] 1766,1000,-0.00,0.00,0.30,0.00,-0.00,0.00,0.21,-0.00
00:01:01.979 [TUNER] 1767,1000,-0.00,0.00,0.30,0.00,-0.00,0.00,0.21,-0.00
00:01:01.979 [TUNER] 1768,1000,-0.00,0.00,0.30,0.00,-0.00,0.00,0.21,-0.00
00:01:02.013 [TUNER] 1769,1000,-0.00,0.00,0.30,0.00,-0.00,0.00,0.21,-0.00
00:01:02.013 [TUNER] 1770,1000,-0.00,0.00,0.30,0.00,-0.00,0.00,0.21,-0.00
00:01:02.047 [TUNER] 1771,1000,-0.00,0.00,0.30,0.00,-0.00,0.00,0.21,-0.00
00:01:02.083 [TUNER] 1772,1000,-0.00,0.00,0.30,0.00,-0.00,0.00,0.21,-0.00
00:01:02.084 [TUNER] 1773,1000,-0.00,0.00,0.30,0.00,-0.00,0.00,0.21,-0.00
00:01:02.117 [TUNER] 1774,1000,-0.00,0.00,0.30,0.00,-0.00,0.00,0.21,-0.00
00:01:02.118 [TUNER] 1775,1000,-0.00,0.00,0.30,0.00,-0.00,0.00,0.21,-0.00
00:01:02.152 [TUNER] 1776,1000,-0.00,0.00,0.30,0.00,-0.00,0.00,0.21,-0.00
00:01:02.153 [TUNER] 1777,1000,-0.00,0.00,0.30,0.00,-0.00,0.00,0.21,-0.00
00:01:02.188 [TUNER] 1778,1000,-0.00,0.00,0.30,0.00,-0.00,0.00,0.21,-0.00
00:01:02.222 [TUNER] 1779,1000,-0.00,0.00,0.30,0.00,-0.00,0.00,0.21,-0.00
00:01:02.223 [TUNER] 1780,1000,-0.00,0.00,0.30,0.00,-0.00,0.00,0.21,-0.00
00:01:02.257 [TUNER] 1781,1000,-0.00,0.00,0.30,0.00,-0.00,0.00,0.21,-0.00
00:01:02.258 [TUNER] 1782,1000,-0.00,0.00,0.30,0.00,-0.00,0.00,0.21,-0.00
00:01:02.295 [TUNER] 1783,1000,-0.00,0.00,0.30,0.00,-0.00,0.00,0.21,-0.00
00:01:02.326 [TUNER] 1784,1000,-0.00,0.00,0.30,0.00,-0.00,0.00,0.21,-0.00
00:01:02.327 [TUNER] 1785,1000,-0.00,0.00,0.30,0.00,-0.00,0.00,0.21,-0.00
00:01:02.361 [TUNER] 1786,1000,-0.00,0.00,0.30,0.00,-0.00,0.00,0.21,-0.00
00:01:02.361 [TUNER] 1787,1000,-0.00,0.00,0.30,0.00,-0.00,0.00,0.21,-0.00
00:01:02.397 [TUNER] 1788,1000,-0.00,0.00,0.30,0.00,-0.00,0.00,0.21,-0.00
00:01:02.400 [TUNER] 1789,1000,-0.00,0.00,0.30,0.00,-0.00,0.00,0.21,-0.00
00:01:02.432 [TUNER] 1790,1000,-0.00,0.00,0.30,0.00,-0.00,0.00,0.21,-0.00
00:01:02.469 [TUNER] 1791,1000,-0.00,0.00,0.30,0.00,-0.00,0.00,0.21,-0.00
00:01:02.469 [TUNER] 1792,1000,-0.00,0.00,0.30,0.00,-0.00,0.00,0.21,-0.00
00:01:02.504 [TUNER] 1793,1000,-0.00,0.00,0.30,0.00,-0.00,0.00,0.21,-0.00
00:01:02.506 [TUNER] 1794,1000,-0.00,0.00,0.30,0.00,-0.00,0.00,0.21,-0.00
00:01:02.535 [TUNER] 1795,1000,-0.00,0.00,0.30,0.00,-0.00,0.00,0.21,-0.00
00:01:02.572 [TUNER] 1796,1000,-0.00,0.00,0.30,0.00,-0.00,0.00,0.21,-0.00
00:01:02.572 [TUNER] 1797,1000,-0.00,0.00,0.30,0.00,-0.00,0.00,0.21,-0.00
00:01:02.607 [TUNER] 1798,1000,-0.00,0.00,0.30,0.00,-0.00,0.00,0.21,-0.00
00:01:02.607 [TUNER] 1799,1000,-0.00,0.00,0.30,0.00,-0.00,0.00,0.21,-0.00
00:01:02.642 [TUNER] 1800,1000,-0.00,0.00,0.30,0.00,-0.00,0.00,0.21,-0.00
00:01:02.642 [TUNER] 1801,1000,-0.00,0.00,0.30,0.00,-0.00,0.00,0.21,-0.00
00:01:02.677 [TUNER] 1802,1000,-0.00,0.00,0.30,0.00,-0.00,0.00,0.21,-0.00
00:01:02.713 [TUNER] 1803,1000,-0.00,0.00,0.30,0.00,-0.00,0.00,0.21,-0.00
00:01:02.713 [TUNER] 1804,1000,-0.00,0.00,0.30,0.00,-0.00,0.00,0.21,-0.00
00:01:02.748 [TUNER] 1805,1000,-0.00,0.00,0.30,0.00,-0.00,0.00,0.21,-0.00
00:01:02.753 [TUNER] 1806,1000,-0.00,0.00,0.30,0.00,-0.00,0.00,0.21,-0.00
00:01:02.785 [TUNER] 1807,1000,-0.00,0.00,0.30,0.00,-0.00,0.00,0.21,-0.00
00:01:02.788 [TUNER] 1808,1000,-0.00,0.00,0.30,0.00,-0.00,0.00,0.21,-0.00
00:01:02.817 [TUNER] 1809,1000,-0.00,0.00,0.30,0.00,-0.00,0.00,0.21,-0.00
00:01:02.852 [TUNER] 1810,1000,-0.00,0.00,0.30,0.00,-0.00,0.00,0.21,-0.00
00:01:02.854 [TUNER] 1811,1000,-0.00,0.00,0.30,0.00,-0.00,0.00,0.21,-0.00
00:01:02.889 [TUNER] 1812,1000,-0.00,0.00,0.30,0.00,-0.00,0.00,0.21,-0.00
00:01:02.890 [TUNER] 1813,1000,-0.00,0.00,0.30,0.00,-0.00,0.00,0.21,-0.00
00:01:02.922 [TUNER] 1814,1000,-0.00,0.00,0.30,0.00,-0.00,0.00,0.21,-0.00
00:01:02.958 [TUNER] 1815,1000,-0.00,0.00,0.30,0.00,-0.00,0.00,0.21,-0.00
00:01:02.958 [TUNER] 1816,1000,-0.00,0.00,0.30,0.00,-0.00,0.00,0.21,-0.00
00:01:02.994 [TUNER] 1817,1000,-0.00,0.00,0.30,0.00,-0.00,0.00,0.21,-0.00
00:01:02.995 [TUNER] 1818,1000,-0.00,0.00,0.30,0.00,-0.00,0.00,0.21,-0.00
00:01:03.026 [TUNER] 1819,1000,-0.00,0.00,0.30,0.00,-0.00,0.00,0.21,-0.00
00:01:03.062 [TUNER] 1820,1000,-0.00,0.00,0.30,0.00,-0.00,0.00,0.21,-0.00
00:01:03.099 [TUNER] 1821,1000,-0.00,0.00,0.30,0.00,-0.00,0.00,0.21,-0.00
00:01:03.100 [TUNER] 1822,1000,-0.00,0.00,0.30,0.00,-0.00,0.00,0.21,-0.00
00:01:03.101 [TUNER] 1823,1000,-0.00,0.00,0.30,0.00,-0.00,0.00,0.21,-0.00
00:01:03.132 [TUNER] 1824,1000,-0.00,0.00,0.30,0.00,-0.00,0.00,0.21,-0.00
00:01:03.134 [TUNER] 1825,1000,-0.00,0.00,0.30,0.00,-0.00,0.00,0.21,-0.00
00:01:03.169 [TUNER] 1826,1000,-0.00,0.00,0.30,0.00,-0.00,0.00,0.21,-0.00
00:01:03.202 [TUNER] 1827,1000,-0.00,0.00,0.30,0.00,-0.00,0.00,0.21,-0.00
00:01:03.204 [TUNER] 1828,1000,-0.00,0.00,0.30,0.00,-0.00,0.00,0.21,-0.00
00:01:03.239 [TUNER] 1829,1000,-0.00,0.00,0.30,0.00,-0.00,0.00,0.21,-0.00
00:01:03.240 [TUNER] 1830,1000,-0.00,0.00,0.30,0.00,-0.00,0.00,0.21,-0.00
00:01:03.271 [TUNER] 1831,1000,-0.00,0.00,0.30,0.00,-0.00,0.00,0.21,-0.00
00:01:03.308 [TUNER] 1832,1000,-0.00,0.00,0.30,0.00,-0.00,0.00,0.21,-0.00
00:01:03.308 [TUNER] 1833,1000,-0.00,0.00,0.30,0.00,-0.00,0.00,0.21,-0.00
00:01:03.342 [TUNER] 1834,1000,-0.00,0.00,0.30,0.00,-0.00,0.00,0.21,-0.00
00:01:03.343 [TUNER] 1835,1000,-0.00,0.00,0.30,0.00,-0.00,0.00,0.21,-0.00
00:01:03.377 [TUNER] 1836,1000,-0.00,0.00,0.30,0.00,-0.00,0.00,0.21,-0.00
00:01:03.377 [TUNER] 1837,1000,-0.00,0.00,0.30,0.00,-0.00,0.00,0.21,-0.00
00:01:03.412 [TUNER] 1838,1000,-0.00,0.00,0.30,0.00,-0.00,0.00,0.21,-0.00
00:01:03.447 [TUNER] 1839,1000,-0.00,0.00,0.30,0.00,-0.00,0.00,0.21,-0.00
00:01:03.447 [TUNER] 1840,1000,-0.00,0.00,0.30,0.00,-0.00,0.00,0.21,-0.00
00:01:03.481 [TUNER] 1841,1000,-0.00,0.00,0.30,0.00,-0.00,0.00,0.21,-0.00
00:01:03.482 [TUNER] 1842,1000,-0.00,0.00,0.30,0.00,-0.00,0.00,0.21,-0.00
00:01:03.517 [TUNER] 1843,1000,-0.00,0.00,0.30,0.00,-0.00,0.00,0.21,-0.00
00:01:03.552 [TUNER] 1844,1000,-0.00,0.00,0.30,0.00,-0.00,0.00,0.21,-0.00
00:01:03.553 [TUNER] 1845,1000,-0.00,0.00,0.30,0.00,-0.00,0.00,0.21,-0.00
00:01:03.587 [TUNER] 1846,1000,-0.00,0.00,0.30,0.00,-0.00,0.00,0.21,-0.00
00:01:03.588 [TUNER] 1847,1000,-0.00,0.00,0.30,0.00,-0.00,0.00,0.21,-0.00
00:01:03.624 [TUNER] 1848,1000,-0.00,0.00,0.30,0.00,-0.00,0.00,0.21,-0.00
00:01:03.624 [TUNER] 1849,1000,-0.00,0.00,0.30,0.00,-0.00,0.00,0.21,-0.00
00:01:03.657 [TUNER] 1850,1001,-0.00,0.00,0.30,0.00,-0.00,0.00,0.21,-0.00
00:01:03.694 [TUNER] 1851,999,-0.00,0.00,0.30,0.00,-0.00,0.00,0.21,-0.00
00:01:03.694 [TUNER] 1852,1000,-0.00,0.00,0.30,0.00,-0.00,0.00,0.21,-0.00
00:01:03.726 [TUNER] 1853,1000,-0.00,0.00,0.30,0.00,-0.00,0.00,0.21,-0.00
00:01:03.726 [TUNER] 1854,1000,-0.00,0.00,0.30,0.00,-0.00,0.00,0.21,-0.00
00:01:03.762 [TUNER] 1855,1000,-0.00,0.00,0.30,0.00,-0.00,0.00,0.21,-0.00
00:01:03.762 [TUNER] 1856,1000,-0.00,0.00,0.30,0.00,-0.00,0.00,0.21,-0.00
00:01:03.797 [TUNER] 1857,1000,-0.00,0.00,0.30,0.00,-0.00,0.00,0.21,-0.00
00:01:03.832 [TUNER] 1858,1000,-0.00,0.00,0.30,0.00,-0.00,0.00,0.21,-0.00
00:01:03.832 [TUNER] 1859,1000,-0.00,0.00,0.30,0.00,-0.00,0.00,0.21,-0.00
00:01:03.868 [TUNER] 1860,1000,-0.00,0.00,0.30,0.00,-0.00,0.00,0.21,-0.00
00:01:03.869 [TUNER] 1861,1000,-0.00,0.00,0.30,0.00,-0.00,0.00,0.21,-0.00
00:01:03.901 [TUNER] 1862,1000,-0.00,0.00,0.30,0.00,-0.00,0.00,0.21,-0.00
00:01:03.937 [TUNER] 1863,1000,-0.00,0.00,0.30,0.00,-0.00,0.00,0.21,-0.00
00:01:03.938 [TUNER] 1864,1000,-0.00,0.00,0.30,0.00,-0.00,0.00,0.21,-0.00
00:01:03.972 [TUNER] 1865,1000,-0.00,0.00,0.30,0.00,-0.00,0.00,0.21,-0.00
00:01:03.973 [TUNER] 1866,1000,-0.00,0.00,0.30,0.00,-0.00,0.00,0.21,-0.00
00:01:04.007 [TUNER] 1867,1000,-0.00,0.00,0.30,0.00,-0.00,0.00,0.21,-0.00
00:01:04.042 [TUNER] 1868,1000,-0.00,0.00,0.30,0.00,-0.00,0.00,0.21,-0.00
00:01:04.043 [TUNER] 1869,1000,-0.00,0.00,0.30,0.00,-0.00,0.00,0.21,-0.00
00:01:04.077 [TUNER] 1870,1000,-0.00,0.00,0.30,0.00,-0.00,0.00,0.21,-0.00
00:01:04.077 [TUNER] 1871,1000,-0.00,0.00,0.30,0.00,-0.00,0.00,0.21,-0.00
00:01:04.113 [TUNER] 1872,1000,-0.00,0.00,0.30,0.00,-0.00,0.00,0.21,-0.00
00:01:04.113 [TUNER] 1873,1000,-0.00,0.00,0.30,0.00,-0.00,0.00,0.21,-0.00
00:01:04.146 [TUNER] 1874,1000,-0.00,0.00,0.30,0.00,-0.00,0.00,0.21,-0.00
00:01:04.185 [TUNER] 1875,1000,-0.00,0.00,0.30,0.00,-0.00,0.00,0.21,-0.00
00:01:04.185 [TUNER] 1876,1000,-0.00,0.00,0.30,0.00,-0.00,0.00,0.21,-0.00
00:01:04.218 [TUNER] 1877,1000,-0.00,0.00,0.30,0.00,-0.00,0.00,0.21,-0.00
00:01:04.218 [TUNER] 1878,1000,-0.00,0.00,0.30,0.00,-0.00,0.00,0.21,-0.00
00:01:04.252 [TUNER] 1879,1000,-0.00,0.00,0.30,0.00,-0.00,0.00,0.21,-0.00
00:01:04.287 [TUNER] 1880,1000,-0.00,0.00,0.30,0.00,-0.00,0.00,0.21,-0.00
00:01:04.288 [TUNER] 1881,1000,-0.00,0.00,0.30,0.00,-0.00,0.00,0.21,-0.00
00:01:04.322 [TUNER] 1882,1000,-0.00,0.00,0.30,0.00,-0.00,0.00,0.21,-0.00
00:01:04.322 [TUNER] 1883,1000,-0.00,0.00,0.30,0.00,-0.00,0.00,0.21,-0.00
00:01:04.357 [TUNER] 1884,1000,-0.00,0.00,0.30,0.00,-0.00,0.00,0.21,-0.00
00:01:04.357 [TUNER] 1885,1000,-0.00,0.00,0.30,0.00,-0.00,0.00,0.21,-0.00
00:01:04.391 [TUNER] 1886,1000,-0.00,0.00,0.30,0.00,-0.00,0.00,0.21,-0.00
00:01:04.426 [TUNER] 1887,1000,-0.00,0.00,0.30,0.00,-0.00,0.00,0.21,-0.00
00:01:04.427 [TUNER] 1888,1000,-0.00,0.00,0.30,0.00,-0.00,0.00,0.21,-0.00
00:01:04.463 [TUNER] 1889,1000,-0.00,0.00,0.30,0.00,-0.00,0.00,0.21,-0.00
00:01:04.464 [TUNER] 1890,1000,-0.00,0.00,0.30,0.00,-0.00,0.00,0.21,-0.00
00:01:04.498 [TUNER] 1891,1000,-0.00,0.00,0.30,0.00,-0.00,0.00,0.21,-0.00
00:01:04.535 [TUNER] 1892,1000,-0.00,0.00,0.30,0.00,-0.00,0.00,0.21,-0.00
00:01:04.536 [TUNER] 1893,1000,-0.00,0.00,0.30,0.00,-0.00,0.00,0.21,-0.00
00:01:04.568 [TUNER] 1894,1000,-0.00,0.00,0.30,0.00,-0.00,0.00,0.21,-0.00
00:01:04.568 [TUNER] 1895,1000,-0.00,0.00,0.30,0.00,-0.00,0.00,0.21,-0.00
00:01:04.602 [TUNER] 1896,1000,-0.00,0.00,0.30,0.00,-0.00,0.00,0.21,-0.00
00:01:04.637 [TUNER] 1897,1000,-0.00,0.00,0.30,0.00,-0.00,0.00,0.21,-0.00
00:01:04.637 [TUNER] 1898,1000,-0.00,0.00,0.30,0.00,-0.00,0.00,0.21,-0.00
00:01:04.672 [TUNER] 1899,1000,-0.00,0.00,0.30,0.00,-0.00,0.00,0.21,-0.00
00:01:04.673 [TUNER] 1900,1000,-0.00,0.00,0.30,0.00,-0.00,0.00,0.21,-0.00
00:01:04.706 [TUNER] 1901,1000,-0.00,0.00,0.30,0.00,-0.00,0.00,0.21,-0.00
00:01:04.744 [TUNER] 1902,1000,-0.00,0.00,0.30,0.00,-0.00,0.00,0.21,-0.00
00:01:04.744 [TUNER] 1903,1000,-0.00,0.00,0.30,0.00,-0.00,0.00,0.21,-0.00
00:01:04.776 [TUNER] 1904,1000,-0.00,0.00,0.30,0.00,-0.00,0.00,0.21,-0.00
00:01:04.776 [TUNER] 1905,1000,-0.00,0.00,0.30,0.00,-0.00,0.00,0.21,-0.00
00:01:04.812 [TUNER] 1906,1000,-0.00,0.00,0.30,0.00,-0.00,0.00,0.21,-0.00
00:01:04.848 [TUNER] 1907,1000,-0.00,0.00,0.30,0.00,-0.00,0.00,0.21,-0.00
00:01:04.848 [TUNER] 1908,1000,-0.00,0.00,0.30,0.00,-0.00,0.00,0.21,-0.00
00:01:04.885 [TUNER] 1909,1000,-0.00,0.00,0.30,0.00,-0.00,0.00,0.21,-0.00
00:01:04.886 [TUNER] 1910,1000,-0.00,0.00,0.30,0.00,-0.00,0.00,0.21,-0.00
00:01:04.917 [TUNER] 1911,1000,-0.00,0.00,0.30,0.00,-0.00,0.00,0.21,-0.00
00:01:04.953 [TUNER] 1912,1000,-0.00,0.00,0.30,0.00,-0.00,0.00,0.21,-0.00
00:01:04.954 [TUNER] 1913,1000,-0.00,0.00,0.30,0.00,-0.00,0.00,0.21,-0.00
00:01:04.989 [TUNER] 1914,1000,-0.00,0.00,0.30,0.00,-0.00,0.00,0.21,-0.00
00:01:04.990 [TUNER] 1915,1000,-0.00,0.00,0.30,0.00,-0.00,0.00,0.21,-0.00
00:01:05.023 [TUNER] 1916,1000,-0.00,0.00,0.30,0.00,-0.00,0.00,0.21,-0.00
00:01:05.024 [TUNER] 1917,1000,-0.00,0.00,0.30,0.00,-0.00,0.00,0.21,-0.00
00:01:05.057 [TUNER] 1918,1000,-0.00,0.00,0.30,0.00,-0.00,0.00,0.21,-0.00
00:01:05.091 [TUNER] 1919,1000,-0.00,0.00,0.30,0.00,-0.00,0.00,0.21,-0.00
00:01:05.091 [TUNER] 1920,1000,-0.00,0.00,0.30,0.00,-0.00,0.00,0.21,-0.00
00:01:05.127 [TUNER] 1921,1000,-0.00,0.00,0.30,0.00,-0.00,0.00,0.21,-0.00
00:01:05.128 [TUNER] 1922,1000,-0.00,0.00,0.30,0.00,-0.00,0.00,0.21,-0.00
00:01:05.163 [TUNER] 1923,1000,-0.00,0.00,0.30,0.00,-0.00,0.00,0.21,-0.00
00:01:05.196 [TUNER] 1924,1000,-0.00,0.00,0.30,0.00,-0.00,0.00,0.21,-0.00
00:01:05.196 [TUNER] 1925,1000,-0.00,0.00,0.30,0.00,-0.00,0.00,0.21,-0.00
00:01:05.232 [TUNER] 1926,1000,-0.00,0.00,0.30,0.00,-0.00,0.00,0.21,-0.00
00:01:05.232 [TUNER] 1927,1000,-0.00,0.00,0.30,0.00,-0.00,0.00,0.21,-0.00
00:01:05.267 [TUNER] 1928,1000,-0.00,0.00,0.30,0.00,-0.00,0.00,0.21,-0.00
00:01:05.302 [TUNER] 1929,1000,-0.00,0.00,0.30,0.00,-0.00,0.00,0.21,-0.00
00:01:05.303 [TUNER] 1930,1000,-0.00,0.00,0.30,0.00,-0.00,0.00,0.21,-0.00
00:01:05.338 [TUNER] 1931,1000,-0.00,0.00,0.30,0.00,-0.00,0.00,0.21,-0.00
00:01:05.339 [TUNER] 1932,1000,-0.00,0.00,0.30,0.00,-0.00,0.00,0.21,-0.00
00:01:05.372 [TUNER] 1933,1000,-0.00,0.00,0.30,0.00,-0.00,0.00,0.21,-0.00
00:01:05.373 [TUNER] 1934,1000,-0.00,0.00,0.30,0.00,-0.00,0.00,0.21,-0.00
00:01:05.406 [TUNER] 1935,1000,-0.00,0.00,0.30,0.00,-0.00,0.00,0.21,-0.00
00:01:05.442 [TUNER] 1936,1000,-0.00,0.00,0.30,0.00,-0.00,0.00,0.21,-0.00
00:01:05.443 [TUNER] 1937,1000,-0.00,0.00,0.30,0.00,-0.00,0.00,0.21,-0.00
00:01:05.477 [TUNER] 1938,1000,-0.00,0.00,0.30,0.00,-0.00,0.00,0.21,-0.00
00:01:05.477 [TUNER] 1939,1000,-0.00,0.00,0.30,0.00,-0.00,0.00,0.21,-0.00
00:01:05.514 [TUNER] 1940,1000,-0.00,0.00,0.30,0.00,-0.00,0.00,0.21,-0.00
00:01:05.546 [TUNER] 1941,1000,-0.00,0.00,0.30,0.00,-0.00,0.00,0.21,-0.00
00:01:05.546 [TUNER] 1942,1000,-0.00,0.00,0.30,0.00,-0.00,0.00,0.21,-0.00
00:01:05.582 [TUNER] 1943,1000,-0.00,0.00,0.30,0.00,-0.00,0.00,0.21,-0.00
00:01:05.582 [TUNER] 1944,1000,-0.00,0.00,0.30,0.00,-0.00,0.00,0.21,-0.00
00:01:05.617 [TUNER] 1945,1000,-0.00,0.00,0.30,0.00,-0.00,0.00,0.21,-0.00
00:01:05.654 [TUNER] 1946,1000,-0.00,0.00,0.30,0.00,-0.00,0.00,0.21,-0.00
00:01:05.655 [TUNER] 1947,1000,-0.00,0.00,0.30,0.00,-0.00,0.00,0.21,-0.00
00:01:05.689 [TUNER] 1948,1000,-0.00,0.00,0.30,0.00,-0.00,0.00,0.21,-0.00
00:01:05.689 [TUNER] 1949,1000,-0.00,0.00,0.30,0.00,-0.00,0.00,0.21,-0.00
00:01:05.721 [TUNER] 1950,1000,-0.00,0.00,0.30,0.00,-0.00,0.00,0.21,-0.00
00:01:05.757 [TUNER] 1951,1000,-0.00,0.00,0.30,0.00,-0.00,0.00,0.21,-0.00
00:01:05.758 [TUNER] 1952,1000,-0.00,0.00,0.30,0.00,-0.00,0.00,0.21,-0.00
00:01:05.791 [TUNER] 1953,1000,-0.00,0.00,0.30,0.00,-0.00,0.00,0.21,-0.00
00:01:05.792 [TUNER] 1954,1000,-0.00,0.00,0.30,0.00,-0.00,0.00,0.21,-0.00
00:01:05.827 [TUNER] 1955,1000,-0.00,0.00,0.30,0.00,-0.00,0.00,0.21,-0.00
00:01:05.828 [TUNER] 1956,1000,-0.00,0.00,0.30,0.00,-0.00,0.00,0.21,-0.00
00:01:05.862 [TUNER] 1957,1000,-0.00,0.00,0.30,0.00,-0.00,0.00,0.21,-0.00
00:01:05.897 [TUNER] 1958,1000,-0.00,0.00,0.30,0.00,-0.00,0.00,0.21,-0.00
00:01:05.898 [TUNER] 1959,1000,-0.00,0.00,0.30,0.00,-0.00,0.00,0.21,-0.00
00:01:05.932 [TUNER] 1960,1000,-0.00,0.00,0.30,0.00,-0.00,0.00,0.21,-0.00
00:01:05.935 [TUNER] 1961,1000,-0.00,0.00,0.30,0.00,-0.00,0.00,0.21,-0.00
00:01:05.968 [TUNER] 1962,1000,-0.00,0.00,0.30,0.00,-0.00,0.00,0.21,-0.00
00:01:06.004 [TUNER] 1963,1000,-0.00,0.00,0.30,0.00,-0.00,0.00,0.21,-0.00
00:01:06.005 [TUNER] 1964,1000,-0.00,0.00,0.30,0.00,-0.00,0.00,0.21,-0.00
00:01:06.039 [TUNER] 1965,1000,-0.00,0.00,0.30,0.00,-0.00,0.00,0.21,-0.00
00:01:06.040 [TUNER] 1966,1000,-0.00,0.00,0.30,0.00,-0.00,0.00,0.21,-0.00
00:01:06.072 [TUNER] 1967,1000,-0.00,0.00,0.30,0.00,-0.00,0.00,0.21,-0.00
00:01:06.107 [TUNER] 1968,1000,-0.00,0.00,0.30,0.00,-0.00,0.00,0.21,-0.00
00:01:06.108 [TUNER] 1969,1000,-0.00,0.00,0.30,0.00,-0.00,0.00,0.21,-0.00
00:01:06.142 [TUNER] 1970,1000,-0.00,0.00,0.30,0.00,-0.00,0.00,0.21,-0.00
00:01:06.142 [TUNER] 1971,1000,-0.00,0.00,0.30,0.00,-0.00,0.00,0.21,-0.00
00:01:06.176 [TUNER] 1972,1000,-0.00,0.00,0.30,0.00,-0.00,0.00,0.21,-0.00
00:01:06.177 [TUNER] 1973,1000,-0.00,0.00,0.30,0.00,-0.00,0.00,0.21,-0.00
00:01:06.213 [TUNER] 1974,1000,-0.00,0.00,0.30,0.00,-0.00,0.00,0.21,-0.00
00:01:06.247 [TUNER] 1975,1000,-0.00,0.00,0.30,0.00,-0.00,0.00,0.21,-0.00
00:01:06.248 [TUNER] 1976,1000,-0.00,0.00,0.30,0.00,-0.00,0.00,0.21,-0.00
00:01:06.282 [TUNER] 1977,1000,-0.00,0.00,0.30,0.00,-0.00,0.00,0.21,-0.00
00:01:06.282 [TUNER] 1978,1000,-0.00,0.00,0.30,0.00,-0.00,0.00,0.21,-0.00
00:01:06.316 [TUNER] 1979,1000,-0.00,0.00,0.30,0.00,-0.00,0.00,0.21,-0.00
00:01:06.355 [TUNER] 1980,1000,-0.00,0.00,0.30,0.00,-0.00,0.00,0.21,-0.00
00:01:06.356 [TUNER] 1981,1000,-0.00,0.00,0.30,0.00,-0.00,0.00,0.21,-0.00
00:01:06.388 [TUNER] 1982,1000,-0.00,0.00,0.30,0.00,-0.00,0.00,0.21,-0.00
00:01:06.388 [TUNER] 1983,1000,-0.00,0.00,0.30,0.00,-0.00,0.00,0.21,-0.00
00:01:06.422 [TUNER] 1984,1000,-0.00,0.00,0.30,0.00,-0.00,0.00,0.21,-0.00
00:01:06.457 [TUNER] 1985,1000,-0.00,0.00,0.30,0.00,-0.00,0.00,0.21,-0.00
00:01:06.457 [TUNER] 1986,1000,-0.00,0.00,0.30,0.00,-0.00,0.00,0.21,-0.00
00:01:06.492 [TUNER] 1987,1000,-0.00,0.00,0.30,0.00,-0.00,0.00,0.21,-0.00
00:01:06.492 [TUNER] 1988,1000,-0.00,0.00,0.30,0.00,-0.00,0.00,0.21,-0.00
00:01:06.526 [TUNER] 1989,1000,-0.00,0.00,0.30,0.00,-0.00,0.00,0.21,-0.00
00:01:06.563 [TUNER] 1990,1000,-0.00,0.00,0.30,0.00,-0.00,0.00,0.21,-0.00
00:01:06.564 [TUNER] 1991,1000,-0.00,0.00,0.30,0.00,-0.00,0.00,0.21,-0.00
00:01:06.598 [TUNER] 1992,1000,-0.00,0.00,0.30,0.00,-0.00,0.00,0.21,-0.00
00:01:06.598 [TUNER] 1993,1000,-0.00,0.00,0.30,0.00,-0.00,0.00,0.21,-0.00
00:01:06.631 [TUNER] 1994,1000,-0.00,0.00,0.30,0.00,-0.00,0.00,0.21,-0.00
00:01:06.668 [TUNER] 1995,1000,-0.00,0.00,0.30,0.00,-0.00,0.00,0.21,-0.00
00:01:06.668 [TUNER] 1996,1000,-0.00,0.00,0.30,0.00,-0.00,0.00,0.21,-0.00
00:01:06.702 [TUNER] 1997,1000,-0.00,0.00,0.30,0.00,-0.00,0.00,0.21,-0.00
00:01:06.702 [TUNER] 1998,1000,-0.00,0.00,0.30,0.00,-0.00,0.00,0.21,-0.00
00:01:06.739 [TUNER] 1999,1000,-0.00,0.00,0.30,0.00,-0.00,0.00,0.21,-0.00
00:01:06.740 [TUNER] --- CSV END ---