00:05:42.225 [TUNER] --- CSV START ---
00:05:42.225 [TUNER] Metadata,Profile(Accel:12.0 Jerk:100.0),PID_0(P:11.35292 I:380.33182 D:0.00000),PID_1(P:12.30023 I:408.78094 D:0.00000)
00:05:42.226 [TUNER] Tick,DeltaTime_us,Reading_0,Setpoint_0,Output_0,int_0,Reading_1,Setpoint_1,Output_1,int_1
00:05:42.227 [TUNER] 0,0,0.00,0.10,0.09,0.00,0.00,0.10,0.22,0.00
00:05:42.258 [TUNER] 1,975,0.00,0.30,0.09,0.00,0.00,0.30,0.22,0.00
00:05:42.258 [TUNER] 2,1000,0.00,0.60,0.09,0.00,0.00,0.60,0.23,0.00
00:05:42.298 [TUNER] 3,1000,0.00,1.00,0.09,0.00,0.00,1.00,0.23,0.00
00:05:42.302 [TUNER] 4,1000,0.00,1.50,0.11,0.00,0.00,1.50,0.24,0.00
00:05:42.327 [TUNER] 5,1000,0.00,2.10,0.11,0.00,0.00,2.10,0.24,0.00
00:05:42.401 [TUNER] 6,1000,0.00,2.80,0.12,0.00,0.00,2.80,0.26,0.00
00:05:42.402 [TUNER] 7,1000,0.00,3.60,0.12,0.00,0.00,3.60,0.26,0.00
00:05:42.404 [TUNER] 8,1000,0.00,4.50,0.15,0.00,0.00,4.50,0.29,0.00
00:05:42.404 [TUNER] 9,1000,0.00,5.50,0.15,0.00,0.00,5.50,0.29,0.00
00:05:42.434 [TUNER] 10,1000,0.00,6.60,0.18,0.00,0.00,6.60,0.32,0.00
00:05:42.467 [TUNER] 11,1064,0.00,7.80,0.20,0.00,0.00,7.80,0.34,0.00
00:05:42.468 [TUNER] 12,936,0.00,9.10,0.20,0.00,0.00,9.10,0.34,0.00
00:05:42.502 [TUNER] 13,1002,0.00,10.50,0.24,0.00,0.00,10.50,0.39,0.00
00:05:42.502 [TUNER] 14,1002,0.00,12.00,0.24,0.00,0.00,12.00,0.39,0.00
00:05:42.538 [TUNER] 15,996,0.00,13.60,0.29,0.00,0.00,13.60,0.44,0.00
00:05:42.573 [TUNER] 16,1000,0.00,15.30,0.29,0.00,0.00,15.30,0.44,0.00
00:05:42.573 [TUNER] 17,1000,0.00,17.10,0.34,0.00,0.00,17.10,0.50,0.00
00:05:42.607 [TUNER] 18,1000,0.00,19.00,0.34,0.00,0.00,19.00,0.50,0.00
00:05:42.608 [TUNER] 19,1000,0.00,21.00,0.41,0.00,0.00,21.00,0.57,0.00
00:05:42.642 [TUNER] 20,1000,0.00,23.10,0.41,0.00,0.00,23.10,0.57,0.00
00:05:42.677 [TUNER] 21,1000,0.00,25.30,0.48,0.00,0.00,25.30,0.65,0.00
00:05:42.712 [TUNER] 22,1000,0.00,27.60,0.48,0.00,0.00,27.60,0.65,0.00
00:05:42.713 [TUNER] 23,1000,0.00,30.00,0.56,0.00,0.00,30.00,0.73,0.00
00:05:42.713 [TUNER] 24,1000,0.00,32.50,0.56,0.00,0.00,32.50,0.73,0.00
00:05:42.747 [TUNER] 25,1000,0.00,35.10,0.65,0.00,1.72,35.10,0.81,0.00
00:05:42.748 [TUNER] 26,1000,0.00,37.80,0.65,0.00,1.72,37.80,0.81,0.00
00:05:42.782 [TUNER] 27,1000,0.00,40.60,0.75,0.00,4.81,40.60,0.87,0.00
00:05:42.819 [TUNER] 28,1000,0.00,43.50,0.75,0.00,4.81,43.50,0.87,0.00
00:05:42.852 [TUNER] 29,1000,5.15,46.50,0.79,0.00,10.72,46.50,0.91,0.00
00:05:42.853 [TUNER] 30,1000,5.15,49.60,0.79,0.00,10.72,49.60,0.91,0.00
00:05:42.854 [TUNER] 31,1000,11.00,52.80,0.84,0.00,15.45,52.80,0.96,0.00
00:05:42.889 [TUNER] 32,1000,11.00,56.10,0.84,0.00,15.45,56.10,0.96,0.00
00:05:42.922 [TUNER] 33,1002,17.36,59.50,0.88,0.00,20.92,59.50,1.02,0.00
00:05:42.923 [TUNER] 34,998,17.36,63.00,0.88,0.00,20.92,63.00,1.02,0.00
00:05:42.957 [TUNER] 35,1000,22.51,66.60,0.94,0.00,27.08,66.60,1.07,0.00
00:05:42.959 [TUNER] 36,1000,22.51,70.30,0.94,0.00,27.08,70.30,1.07,0.00
00:05:42.993 [TUNER] 37,1000,30.03,74.10,0.98,0.00,33.69,74.10,1.12,0.00
00:05:43.027 [TUNER] 38,1000,30.03,78.00,0.98,0.00,33.69,78.00,1.12,0.00
00:05:43.028 [TUNER] 39,1000,41.21,82.00,0.99,0.00,38.98,82.00,1.19,0.00
00:05:43.063 [TUNER] 40,1000,41.21,86.10,0.99,0.00,38.98,86.10,1.19,0.00
00:05:43.064 [TUNER] 41,1000,50.14,90.30,1.02,0.00,48.36,90.30,1.22,0.00
00:05:43.097 [TUNER] 42,1000,50.14,94.60,1.02,0.00,48.36,94.60,1.22,0.00
00:05:43.132 [TUNER] 43,1000,57.30,99.00,1.08,0.00,57.59,99.00,1.26,0.00
00:05:43.134 [TUNER] 44,1000,57.30,103.50,1.08,0.00,57.59,103.50,1.26,0.00
00:05:43.168 [TUNER] 45,1000,68.17,108.10,1.09,0.00,68.41,108.10,1.28,0.00
00:05:43.169 [TUNER] 46,1044,74.29,112.80,1.10,0.00,77.76,112.80,1.24,0.00
00:05:43.203 [TUNER] 47,956,74.29,117.60,1.10,0.00,77.76,117.60,1.24,0.00
00:05:43.238 [TUNER] 48,1002,85.75,122.50,1.12,0.00,93.80,122.50,1.19,0.00
00:05:43.239 [TUNER] 49,998,85.75,127.50,1.12,0.00,93.80,127.50,1.19,0.00
00:05:43.273 [TUNER] 50,1000,97.84,132.60,1.13,0.00,95.68,132.60,1.34,0.00
00:05:43.274 [TUNER] 51,1000,97.84,137.80,1.13,0.00,95.68,137.80,1.34,0.00
00:05:43.308 [TUNER] 52,1000,107.48,143.10,1.18,0.00,104.03,143.10,1.40,0.00
00:05:43.308 [TUNER] 53,1000,107.48,148.50,1.18,0.00,104.03,148.50,1.40,0.00
00:05:43.342 [TUNER] 54,1000,120.34,154.00,1.19,0.00,114.15,154.00,1.46,0.00
00:05:43.379 [TUNER] 55,1000,120.34,159.60,1.19,0.00,114.15,159.60,1.46,0.00
00:05:43.380 [TUNER] 56,1000,132.35,165.30,1.22,0.00,125.68,165.30,1.50,0.00
00:05:43.412 [TUNER] 57,1000,132.35,171.10,1.22,0.00,125.68,171.10,1.50,0.00
00:05:43.413 [TUNER] 58,1000,148.83,177.00,1.20,0.00,131.47,177.00,1.62,0.00
00:05:43.449 [TUNER] 59,1000,148.83,183.00,1.20,0.00,131.47,183.00,1.62,0.00
00:05:43.449 [TUNER] 60,1000,160.30,189.10,1.24,0.00,136.10,189.10,1.77,0.00
00:05:43.482 [TUNER] 61,1000,160.30,195.30,1.24,0.00,136.10,195.30,1.77,0.00
00:05:43.517 [TUNER] 62,1000,174.63,201.60,1.25,0.00,148.40,201.60,1.82,0.00
00:05:43.518 [TUNER] 63,1000,174.63,208.00,1.25,0.00,148.40,208.00,1.82,0.00
00:05:43.554 [TUNER] 64,1000,189.53,214.50,1.26,0.00,166.82,214.50,1.81,0.00
00:05:43.555 [TUNER] 65,1000,189.53,221.10,1.26,0.00,166.82,221.10,1.81,0.00
00:05:43.589 [TUNER] 66,1000,201.44,227.80,1.31,0.00,178.13,227.80,1.89,0.00
00:05:43.591 [TUNER] 67,1000,201.44,234.60,1.31,0.00,178.13,234.60,1.89,0.00
00:05:43.622 [TUNER] 68,1000,219.57,241.50,1.29,0.00,188.89,241.50,1.98,0.00
00:05:43.658 [TUNER] 69,1000,219.57,248.50,1.29,0.00,188.89,248.50,1.98,0.00
00:05:43.658 [TUNER] 70,1000,237.51,255.60,1.27,0.00,212.96,255.60,1.90,0.00
00:05:43.692 [TUNER] 71,1000,237.51,262.80,1.27,0.00,212.96,262.80,1.90,0.00
00:05:43.693 [TUNER] 72,1000,255.29,270.10,1.26,0.00,225.35,270.10,1.98,0.00
00:05:43.727 [TUNER] 73,1000,255.29,277.50,1.26,0.00,225.35,277.50,1.98,0.00
00:05:43.728 [TUNER] 74,1000,272.96,285.00,1.26,0.00,245.56,285.00,1.96,0.00
00:05:43.762 [TUNER] 75,1000,272.96,292.60,1.26,0.00,245.56,292.60,1.96,0.00
00:05:43.798 [TUNER] 76,1000,285.37,300.30,1.32,0.00,272.05,300.30,1.86,0.00
00:05:43.799 [TUNER] 77,1000,285.37,308.10,1.32,0.00,272.05,308.10,1.86,0.00
00:05:43.833 [TUNER] 78,1000,288.43,316.00,1.50,0.00,291.51,316.00,1.85,0.00
00:05:43.834 [TUNER] 79,1000,288.43,324.00,1.50,0.00,291.51,324.00,1.85,0.00
00:05:43.867 [TUNER] 80,1000,297.75,332.10,1.62,0.00,315.68,332.10,1.78,0.00
00:05:43.868 [TUNER] 81,1039,307.65,340.30,1.62,0.00,325.30,340.30,1.78,0.00
00:05:43.903 [TUNER] 82,961,307.65,348.60,1.62,0.00,325.30,348.60,1.78,0.00
00:05:43.939 [TUNER] 83,1002,314.38,357.00,1.78,0.00,330.26,357.00,1.96,0.00
00:05:43.939 [TUNER] 84,998,314.38,365.50,1.78,0.00,330.26,365.50,1.96,0.00
00:05:43.972 [TUNER] 85,1000,327.18,374.10,1.88,0.00,341.60,374.10,2.08,0.00
00:05:44.007 [TUNER] 86,1000,327.18,382.80,1.88,0.00,341.60,382.80,2.08,0.00
00:05:44.009 [TUNER] 87,1000,354.52,391.60,1.81,0.00,355.74,391.60,2.16,0.00
00:05:44.009 [TUNER] 88,1000,354.52,400.50,1.81,0.00,355.74,400.50,2.16,0.00
00:05:44.043 [TUNER] 89,1000,379.83,409.50,1.77,0.00,365.34,409.50,2.32,0.00
00:05:44.077 [TUNER] 90,1000,379.83,418.60,1.77,0.00,365.34,418.60,2.32,0.00
00:05:44.078 [TUNER] 91,1000,401.79,427.80,1.77,0.00,385.05,427.80,2.35,0.00
00:05:44.114 [TUNER] 92,1000,401.79,437.10,1.77,0.00,385.05,437.10,2.35,0.00
00:05:44.115 [TUNER] 93,1000,417.64,446.50,1.84,0.00,405.97,446.50,2.38,0.00
00:05:44.147 [TUNER] 94,1000,417.64,456.00,1.84,0.00,405.97,456.00,2.38,0.00
00:05:44.148 [TUNER] 95,1000,430.33,465.60,1.96,0.00,424.42,465.60,2.44,0.00
00:05:44.186 [TUNER] 96,1000,430.33,475.30,1.96,0.00,424.42,475.30,2.44,0.00
00:05:44.219 [TUNER] 97,1000,445.63,485.10,2.06,0.00,451.21,485.10,2.40,0.00
00:05:44.220 [TUNER] 98,1000,445.63,495.00,2.06,0.00,451.21,495.00,2.40,0.00
00:05:44.253 [TUNER] 99,1000,463.02,505.00,2.14,0.00,477.80,505.00,2.36,0.00
00:05:44.254 [TUNER] 100,1000,463.02,515.10,2.14,0.00,477.80,515.10,2.36,0.00
00:05:44.327 [TUNER] 101,1000,485.53,525.30,2.16,0.00,499.07,525.30,2.39,0.00
00:05:44.328 [TUNER] 102,1000,485.53,535.60,2.16,0.00,499.07,535.60,2.39,0.00
00:05:44.329 [TUNER] 103,1002,506.73,546.00,2.21,0.00,517.56,546.00,2.46,0.00
00:05:44.329 [TUNER] 104,998,506.73,556.50,2.21,0.00,517.56,556.50,2.46,0.00
00:05:44.358 [TUNER] 105,1000,537.94,567.10,2.14,0.00,525.95,567.10,2.67,0.00
00:05:44.395 [TUNER] 106,1000,537.94,577.80,2.14,0.00,525.95,577.80,2.67,0.00
00:05:44.396 [TUNER] 107,1000,562.64,588.60,2.14,0.00,542.74,588.60,2.78,0.00
00:05:44.428 [TUNER] 108,1000,562.64,599.50,2.14,0.00,542.74,599.50,2.78,0.00
00:05:44.429 [TUNER] 109,1000,587.56,610.50,2.15,0.00,568.20,610.50,2.80,0.00
00:05:44.462 [TUNER] 110,1000,587.56,621.60,2.15,0.00,568.20,621.60,2.80,0.00
00:05:44.499 [TUNER] 111,1000,605.77,632.80,2.24,0.00,592.01,632.80,2.83,0.00
00:05:44.499 [TUNER] 112,1000,605.77,644.10,2.24,0.00,592.01,644.10,2.83,0.00
00:05:44.534 [TUNER] 113,1000,618.63,655.50,2.40,0.00,629.95,655.50,2.69,0.00
00:05:44.534 [TUNER] 114,1000,618.63,667.00,2.40,0.00,629.95,667.00,2.69,0.00
00:05:44.570 [TUNER] 115,1000,625.47,678.60,2.65,0.00,663.74,678.60,2.59,0.00
00:05:44.570 [TUNER] 116,1039,665.74,690.30,2.34,0.00,673.20,690.30,2.64,0.00
00:05:44.601 [TUNER] 117,961,665.74,702.10,2.34,0.00,673.20,702.10,2.64,0.00
00:05:44.640 [TUNER] 118,1002,690.13,714.00,2.38,0.00,680.34,714.00,2.89,0.00
00:05:44.641 [TUNER] 119,998,690.13,726.00,2.38,0.00,680.34,726.00,2.89,0.00
00:05:44.672 [TUNER] 120,1000,703.44,738.00,2.55,0.00,697.33,738.00,3.03,0.00
00:05:44.673 [TUNER] 121,1000,703.44,750.00,2.55,0.00,697.33,750.00,3.03,0.00
00:05:44.708 [TUNER] 122,1000,715.66,762.00,2.74,0.00,724.52,762.00,3.05,0.00
00:05:44.708 [TUNER] 123,1000,715.66,774.00,2.74,0.00,724.52,774.00,3.05,0.00
00:05:44.742 [TUNER] 124,1000,727.15,786.00,2.95,0.00,773.76,786.00,2.77,0.00
00:05:44.778 [TUNER] 125,1000,727.15,798.00,2.95,0.00,773.76,798.00,2.77,0.00
00:05:44.778 [TUNER] 126,1000,753.53,810.00,2.99,0.00,804.56,810.00,2.72,0.00
00:05:44.812 [TUNER] 127,1000,753.53,822.00,2.99,0.00,804.56,822.00,2.72,0.00
00:05:44.814 [TUNER] 128,1000,793.53,834.00,2.87,0.00,818.89,834.00,2.87,0.00
00:05:44.849 [TUNER] 129,1000,793.53,846.00,2.87,0.00,818.89,846.00,2.87,0.00
00:05:44.849 [TUNER] 130,1000,813.50,858.00,2.97,0.00,832.07,858.00,3.05,0.00
00:05:44.883 [TUNER] 131,1000,813.50,870.00,2.97,0.00,832.07,870.00,3.05,0.00
00:05:44.920 [TUNER] 132,1000,834.63,882.00,3.06,0.00,864.95,882.00,2.98,0.00
00:05:44.920 [TUNER] 133,1000,834.63,894.00,3.06,0.00,864.95,894.00,2.98,0.00
00:05:44.954 [TUNER] 134,1000,868.72,906.00,3.00,0.00,884.38,906.00,3.07,0.00
00:05:44.955 [TUNER] 135,1000,868.72,918.00,3.00,0.00,884.38,918.00,3.07,0.00
00:05:44.989 [TUNER] 136,1000,913.17,930.00,2.81,0.00,905.08,930.00,3.16,0.00
00:05:44.990 [TUNER] 137,1000,913.17,942.00,2.81,0.00,905.08,942.00,3.16,0.00
00:05:45.024 [TUNER] 138,1000,938.42,954.00,2.83,0.00,916.49,954.00,3.37,0.00
00:05:45.058 [TUNER] 139,1000,938.42,966.00,2.83,0.00,916.49,966.00,3.37,0.00
00:05:45.058 [TUNER] 140,1000,968.93,978.00,2.78,0.00,956.54,978.00,3.21,0.00
00:05:45.093 [TUNER] 141,1000,968.93,990.00,2.78,0.00,956.54,990.00,3.21,0.00
00:05:45.093 [TUNER] 142,1000,993.34,1002.00,2.81,0.00,1029.81,1002.00,2.61,0.00
00:05:45.128 [TUNER] 143,1000,993.34,1014.00,2.81,0.00,1029.81,1014.00,2.61,0.00
00:05:45.163 [TUNER] 144,1000,1033.48,1026.00,2.65,0.00,1074.69,1026.00,2.33,0.00
00:05:45.163 [TUNER] 145,1000,1033.48,1038.00,2.65,0.00,1074.69,1038.00,2.33,0.00
00:05:45.199 [TUNER] 146,1000,1086.21,1050.00,2.32,0.00,1065.92,1050.00,2.75,0.00
00:05:45.199 [TUNER] 147,1000,1086.21,1062.00,2.32,0.00,1065.92,1062.00,2.75,0.00
00:05:45.233 [TUNER] 148,1000,1095.75,1074.00,2.49,0.00,1057.18,1074.00,3.19,0.00
00:05:45.236 [TUNER] 149,1000,1095.75,1086.00,2.49,0.00,1057.18,1086.00,3.19,0.00
00:05:45.267 [TUNER] 150,1000,1093.08,1098.00,2.82,0.00,1079.40,1098.00,3.25,0.00
00:05:45.303 [TUNER] 151,1039,1096.04,1110.00,2.94,0.00,1091.71,1110.00,3.26,0.00
00:05:45.305 [TUNER] 152,961,1096.04,1122.00,2.94,0.00,1091.71,1122.00,3.26,0.00
00:05:45.337 [TUNER] 153,1002,1086.89,1134.00,3.37,0.00,1081.67,1134.00,3.75,0.00
00:05:45.338 [TUNER] 154,998,1086.89,1146.00,3.37,0.00,1081.67,1146.00,3.75,0.00
00:05:45.374 [TUNER] 155,1000,1096.52,1158.00,3.61,0.00,1107.83,1158.00,3.79,0.00
00:05:45.375 [TUNER] 156,1000,1096.52,1170.00,3.61,0.00,1107.83,1170.00,3.79,0.00
00:05:45.407 [TUNER] 157,1000,1107.43,1182.00,3.84,0.00,1161.15,1182.00,3.47,0.00
00:05:45.442 [TUNER] 158,1000,1107.43,1194.00,3.84,0.00,1161.15,1194.00,3.47,0.00
00:05:45.442 [TUNER] 159,1000,1131.63,1206.00,3.92,0.00,1186.63,1206.00,3.49,0.00
00:05:45.477 [TUNER] 160,1000,1131.63,1218.00,3.92,0.00,1186.63,1218.00,3.49,0.00
00:05:45.477 [TUNER] 161,1000,1192.22,1230.00,3.55,0.00,1188.11,1230.00,3.82,0.00
00:05:45.513 [TUNER] 162,1000,1192.22,1242.00,3.55,0.00,1188.11,1242.00,3.82,0.00
00:05:45.513 [TUNER] 163,1000,1257.87,1254.00,3.10,0.00,1223.66,1254.00,3.73,0.00
00:05:45.548 [TUNER] 164,1000,1257.87,1266.00,3.10,0.00,1223.66,1266.00,3.73,0.00
00:05:45.583 [TUNER] 165,1000,1377.40,1278.00,1.97,0.00,1262.41,1278.00,3.58,0.00
00:05:45.584 [TUNER] 166,1000,1377.40,1290.00,1.97,0.00,1262.41,1290.00,3.58,0.00
00:05:45.618 [TUNER] 167,1000,1476.46,1301.90,1.00,0.00,1291.69,1301.90,3.55,0.00
00:05:45.618 [TUNER] 168,1000,1476.46,1313.70,1.00,0.00,1291.69,1313.70,3.55,0.00
00:05:45.654 [TUNER] 169,1000,1524.78,1325.40,0.59,0.00,1382.12,1325.40,2.70,0.00
00:05:45.655 [TUNER] 170,1000,1524.78,1337.00,0.59,0.00,1382.12,1337.00,2.70,0.00
00:05:45.690 [TUNER] 171,1000,1566.87,1348.50,0.23,0.00,1463.05,1348.50,1.92,0.00
00:05:45.723 [TUNER] 172,1000,1566.87,1359.90,0.23,0.00,1463.05,1359.90,1.92,0.00
00:05:45.723 [TUNER] 173,1002,1526.12,1371.20,0.86,0.00,1501.36,1371.20,1.64,0.00
00:05:45.758 [TUNER] 174,998,1526.12,1382.40,0.86,0.00,1501.36,1382.40,1.64,0.00
00:05:45.758 [TUNER] 175,1000,1434.36,1393.50,2.14,0.00,1502.35,1393.50,1.84,0.00
00:05:45.793 [TUNER] 176,1000,1434.36,1404.50,2.14,0.00,1502.35,1404.50,1.84,0.00
00:05:45.793 [TUNER] 177,1000,1357.09,1415.40,3.34,0.00,1473.34,1415.40,2.44,0.00
00:05:45.827 [TUNER] 178,1000,1357.09,1426.20,3.34,0.00,1473.34,1426.20,2.44,0.00
00:05:45.863 [TUNER] 179,1000,1329.64,1436.90,4.00,0.00,1407.17,1436.90,3.56,0.00
00:05:45.863 [TUNER] 180,1000,1329.64,1447.50,4.00,0.00,1407.17,1447.50,3.56,0.00
00:05:45.934 [TUNER] 181,1000,1316.27,1458.00,4.52,0.00,1424.68,1458.00,3.65,0.00
00:05:45.934 [TUNER] 182,1000,1316.27,1468.40,4.52,0.00,1424.68,1468.40,3.65,0.00
00:05:45.936 [TUNER] 183,1000,1334.77,1478.70,4.67,0.00,1433.53,1478.70,3.86,0.00
00:05:45.967 [TUNER] 184,1000,1334.77,1488.90,4.67,0.00,1433.53,1488.90,3.86,0.00
00:05:45.970 [TUNER] 185,1000,1414.87,1499.00,4.08,0.00,1426.87,1499.00,4.27,0.00
00:05:46.002 [TUNER] 186,1039,1489.06,1509.00,3.37,0.00,1468.90,1509.00,3.90,0.00
00:05:46.005 [TUNER] 187,961,1489.06,1518.90,3.37,0.00,1468.90,1518.90,3.90,0.00
00:05:46.040 [TUNER] 188,1002,1614.86,1528.70,2.12,0.00,1535.71,1528.70,3.34,0.00
00:05:46.041 [TUNER] 189,998,1614.86,1538.40,2.12,0.00,1535.71,1538.40,3.34,0.00
00:05:46.073 [TUNER] 190,1000,1725.27,1548.00,0.97,0.00,1572.53,1548.00,3.12,0.00
00:05:46.073 [TUNER] 191,1000,1725.27,1557.50,0.97,0.00,1572.53,1557.50,3.12,0.00
00:05:46.107 [TUNER] 192,1000,1741.01,1566.90,0.89,0.00,1660.05,1566.90,2.22,0.00
00:05:46.142 [TUNER] 193,1000,1741.01,1576.20,0.89,0.00,1660.05,1576.20,2.22,0.00
00:05:46.142 [TUNER] 194,1000,1743.29,1585.40,0.97,0.00,1644.16,1585.40,2.61,0.00
00:05:46.178 [TUNER] 195,1000,1743.29,1594.50,0.97,0.00,1644.16,1594.50,2.61,0.00
00:05:46.179 [TUNER] 196,1000,1671.24,1603.50,1.96,0.00,1610.83,1603.50,3.25,0.00
00:05:46.214 [TUNER] 197,1000,1671.24,1612.40,1.96,0.00,1610.83,1612.40,3.25,0.00
00:05:46.217 [TUNER] 198,1000,1606.73,1621.20,2.93,0.00,1599.64,1621.20,3.65,0.00
00:05:46.248 [TUNER] 199,1000,1606.73,1629.90,2.93,0.00,1599.64,1629.90,3.65,0.00
00:05:46.283 [TUNER] 200,1000,1525.91,1638.50,4.14,0.00,1573.50,1638.50,4.25,0.00
00:05:46.283 [TUNER] 201,1000,1525.91,1647.00,4.14,0.00,1573.50,1647.00,4.25,0.00
00:05:46.318 [TUNER] 202,1000,1504.21,1655.40,4.71,0.00,1595.54,1655.40,4.25,0.00
00:05:46.320 [TUNER] 203,1000,1504.21,1663.70,4.71,0.00,1595.54,1663.70,4.25,0.00
00:05:46.352 [TUNER] 204,1000,1507.46,1671.90,5.00,0.00,1657.84,1671.90,3.72,0.00
00:05:46.388 [TUNER] 205,1000,1507.46,1680.00,5.00,0.00,1657.84,1680.00,3.72,0.00
00:05:46.424 [TUNER] 206,1000,1575.35,1688.00,4.52,0.00,1697.37,1688.00,3.44,0.00
00:05:46.424 [TUNER] 207,1000,1575.35,1695.90,4.52,0.00,1697.37,1695.90,3.44,0.00
00:05:46.425 [TUNER] 208,1000,1669.18,1703.70,3.67,0.00,1744.46,1703.70,3.03,0.00
00:05:46.458 [TUNER] 209,1000,1669.18,1711.40,3.67,0.00,1744.46,1711.40,3.03,0.00
00:05:46.459 [TUNER] 210,1000,1824.99,1719.00,2.01,0.00,1734.03,1719.00,3.35,0.00
00:05:46.493 [TUNER] 211,1000,1824.99,1726.50,2.01,0.00,1734.03,1726.50,3.35,0.00
00:05:46.526 [TUNER] 212,1000,1889.51,1733.90,1.35,0.00,1751.45,1733.90,3.32,0.00
00:05:46.528 [TUNER] 213,1000,1889.51,1741.20,1.35,0.00,1751.45,1741.20,3.32,0.00
00:05:46.564 [TUNER] 214,1000,1843.19,1748.40,1.98,0.00,1748.21,1748.40,3.55,0.00
00:05:46.564 [TUNER] 215,1000,1843.19,1755.50,1.98,0.00,1748.21,1755.50,3.55,0.00
00:05:46.601 [TUNER] 216,1000,1742.57,1762.50,3.31,0.00,1730.15,1762.50,3.99,0.00
00:05:46.602 [TUNER] 217,1000,1742.57,1769.40,3.31,0.00,1730.15,1769.40,3.99,0.00
00:05:46.633 [TUNER] 218,1004,1682.25,1776.20,4.24,0.00,1766.10,1776.20,3.74,0.00
00:05:46.667 [TUNER] 219,996,1682.25,1782.90,4.24,0.00,1766.10,1782.90,3.74,0.00
00:05:46.706 [TUNER] 220,1000,1645.27,1789.50,4.93,0.00,1753.90,1789.50,4.09,0.00
00:05:46.708 [TUNER] 221,1050,1693.67,1796.00,4.50,0.00,1783.82,1796.00,3.81,0.00
00:05:46.709 [TUNER] 222,950,1693.67,1802.40,4.50,0.00,1783.82,1802.40,3.81,0.00
00:05:46.739 [TUNER] 223,1002,1713.38,1808.70,4.50,0.00,1831.41,1808.70,3.38,0.00
00:05:46.740 [TUNER] 224,998,1713.38,1814.90,4.50,0.00,1831.41,1814.90,3.38,0.00
00:05:46.773 [TUNER] 225,1000,1828.16,1821.00,3.35,0.00,1871.00,1821.00,3.02,0.00
00:05:46.807 [TUNER] 226,1000,1828.16,1827.00,3.35,0.00,1871.00,1827.00,3.02,0.00
00:05:46.807 [TUNER] 227,1000,1940.15,1832.90,2.14,0.00,1917.72,1832.90,2.53,0.00
00:05:46.841 [TUNER] 228,1000,1940.15,1838.70,2.14,0.00,1917.72,1838.70,2.53,0.00
00:05:46.843 [TUNER] 229,1000,2091.59,1844.40,0.38,0.00,1900.12,1844.40,2.85,0.00
00:05:46.877 [TUNER] 230,1000,2091.59,1850.00,0.38,0.00,1900.12,1850.00,2.85,0.00
00:05:46.879 [TUNER] 231,1000,2171.51,1855.50,-0.63,0.00,1925.56,1855.50,2.63,0.00
00:05:46.912 [TUNER] 232,1000,2171.51,1860.90,-0.63,0.00,1925.56,1860.90,2.63,0.00
00:05:46.950 [TUNER] 233,1000,2187.34,1866.20,-0.93,0.00,1902.96,1866.20,3.02,0.00
00:05:46.951 [TUNER] 234,1000,2187.34,1871.40,-0.93,0.00,1902.96,1871.40,3.02,0.00
00:05:46.983 [TUNER] 235,1000,2043.66,1876.50,0.70,0.00,1927.83,1876.50,2.81,0.00
00:05:46.984 [TUNER] 236,1000,2043.66,1881.50,0.70,0.00,1927.83,1881.50,2.81,0.00
00:05:47.020 [TUNER] 237,1000,1885.76,1886.40,2.62,0.00,1956.32,1886.40,2.53,0.00
00:05:47.021 [TUNER] 238,1000,1885.76,1891.20,2.62,0.00,1956.32,1891.20,2.53,0.00
00:05:47.090 [TUNER] 239,1000,1778.35,1895.90,4.05,0.00,1924.13,1895.90,3.03,0.00
00:05:47.091 [TUNER] 240,1000,1778.35,1900.50,4.05,0.00,1924.13,1900.50,3.03,0.00
00:05:47.091 [TUNER] 241,1000,1728.49,1905.00,4.86,0.00,1901.81,1905.00,3.43,0.00
00:05:47.122 [TUNER] 242,1000,1728.49,1909.40,4.86,0.00,1901.81,1909.40,3.43,0.00
00:05:47.122 [TUNER] 243,1002,1769.72,1913.70,4.61,0.00,1872.42,1913.70,3.94,0.00
00:05:47.157 [TUNER] 244,1000,1769.72,1917.90,4.61,0.00,1872.42,1917.90,3.94,0.00
00:05:47.157 [TUNER] 245,998,1783.01,1922.00,4.67,0.00,1897.93,1922.00,3.76,0.00
00:05:47.192 [TUNER] 246,1000,1783.01,1926.00,4.67,0.00,1897.93,1926.00,3.76,0.00
00:05:47.230 [TUNER] 247,1000,1804.38,1929.90,4.62,0.00,1904.91,1929.90,3.80,0.00
00:05:47.230 [TUNER] 248,1000,1804.38,1933.70,4.62,0.00,1904.91,1933.70,3.80,0.00
00:05:47.263 [TUNER] 249,1000,1871.30,1937.40,4.00,0.00,1996.39,1937.40,2.72,0.00
00:05:47.263 [TUNER] 250,1000,1871.30,1941.00,4.00,0.00,1996.39,1941.00,2.72,0.00
00:05:47.301 [TUNER] 251,1000,2002.15,1944.50,2.56,0.00,2047.24,1944.50,2.11,0.00
00:05:47.301 [TUNER] 252,1000,2002.15,1947.90,2.56,0.00,2047.24,1947.90,2.11,0.00
00:05:47.333 [TUNER] 253,1000,2136.04,1951.20,0.98,0.00,2132.60,1951.20,1.00,0.00
00:05:47.368 [TUNER] 254,1000,2136.04,1954.40,0.98,0.00,2132.60,1954.40,1.00,0.00
00:05:47.370 [TUNER] 255,1000,2267.20,1957.50,-0.67,0.00,2149.34,1957.50,0.72,0.00
00:05:47.404 [TUNER] 256,1040,2312.66,1960.50,-1.29,0.00,2175.42,1960.50,0.35,0.00
00:05:47.438 [TUNER] 257,960,2312.66,1963.40,-1.29,0.00,2175.42,1963.40,0.35,0.00
00:05:47.439 [TUNER] 258,1002,2286.21,1966.20,-1.15,0.00,2106.36,1966.20,1.16,0.00
00:05:47.439 [TUNER] 259,998,2286.21,1968.90,-1.15,0.00,2106.36,1968.90,1.16,0.00
00:05:47.472 [TUNER] 260,1000,2136.81,1971.50,0.48,0.00,1986.05,1971.50,2.70,0.00
00:05:47.507 [TUNER] 261,1000,2136.81,1974.00,0.48,0.00,1986.05,1974.00,2.70,0.00
00:05:47.507 [TUNER] 262,1000,1955.13,1976.40,2.62,0.00,1982.28,1976.40,2.80,0.00
00:05:47.541 [TUNER] 263,1000,1955.13,1978.70,2.62,0.00,1982.28,1978.70,2.80,0.00
00:05:47.542 [TUNER] 264,1000,1883.66,1980.90,3.56,0.00,1962.07,1980.90,3.13,0.00
00:05:47.577 [TUNER] 265,1000,1883.66,1983.00,3.56,0.00,1962.07,1983.00,3.13,0.00
00:05:47.612 [TUNER] 266,1000,1824.77,1985.00,4.40,0.00,1981.99,1985.00,2.94,0.00
00:05:47.612 [TUNER] 267,1000,1824.77,1986.90,4.40,0.00,1981.99,1986.90,2.94,0.00
00:05:47.647 [TUNER] 268,1000,1842.94,1988.70,4.35,0.00,1968.72,1988.70,3.17,0.00
00:05:47.649 [TUNER] 269,1000,1842.94,1990.40,4.35,0.00,1968.72,1990.40,3.17,0.00
00:05:47.682 [TUNER] 270,1000,1845.45,1992.00,4.48,0.00,1930.62,1992.00,3.73,0.00
00:05:47.683 [TUNER] 271,1000,1845.45,1993.50,4.48,0.00,1930.62,1993.50,3.73,0.00
00:05:47.718 [TUNER] 272,1000,1885.26,1994.90,4.14,0.00,1953.39,1994.90,3.52,0.00
00:05:47.753 [TUNER] 273,1000,1885.26,1996.20,4.14,0.00,1953.39,1996.20,3.52,0.00
00:05:47.754 [TUNER] 274,1000,1987.55,1997.40,3.02,0.00,1964.74,1997.40,3.44,0.00
00:05:47.789 [TUNER] 275,1000,1987.55,1998.50,3.02,0.00,1964.74,1998.50,3.44,0.00
00:05:47.790 [TUNER] 276,1000,2050.48,1999.50,2.29,0.00,2039.10,1999.50,2.52,0.00
00:05:47.861 [TUNER] 277,1000,2050.48,2000.40,2.29,0.00,2039.10,2000.40,2.52,0.00
00:05:47.862 [TUNER] 278,1000,2139.84,2001.20,1.19,0.00,2094.69,2001.20,1.79,0.00
00:05:47.893 [TUNER] 279,1000,2139.84,2001.90,1.19,0.00,2094.69,2001.90,1.79,0.00
00:05:47.893 [TUNER] 280,1000,2217.49,2002.50,0.17,0.00,2162.45,2002.50,0.84,0.00
00:05:47.894 [TUNER] 281,1000,2217.49,2003.00,0.17,0.00,2162.45,2003.00,0.84,0.00
00:05:47.926 [TUNER] 282,1000,2241.30,2003.40,-0.27,0.00,2099.34,2003.40,1.55,0.00
00:05:47.927 [TUNER] 283,1000,2241.30,2003.70,-0.27,0.00,2099.34,2003.70,1.55,0.00
00:05:47.961 [TUNER] 284,1000,2181.32,2003.90,0.28,0.00,2036.83,2003.90,2.30,0.00
00:05:47.998 [TUNER] 285,1000,2181.32,2004.00,0.28,0.00,2036.83,2004.00,2.30,0.00
00:05:47.999 [TUNER] 286,1000,2026.82,2000.00,1.96,0.00,1967.92,2000.00,3.12,0.00
00:05:48.034 [TUNER] 287,1000,2026.82,2000.00,1.96,0.00,1967.92,2000.00,3.12,0.00
00:05:48.034 [TUNER] 288,1000,1923.83,2000.00,3.19,0.00,1950.59,2000.00,3.37,0.00
00:05:48.068 [TUNER] 289,1000,1923.83,2000.00,3.19,0.00,1950.59,2000.00,3.37,0.00
00:05:48.105 [TUNER] 290,1000,1867.22,2000.00,3.94,0.00,1960.78,2000.00,3.28,0.00
00:05:48.105 [TUNER] 291,1040,1896.86,2000.00,3.64,0.00,1975.01,2000.00,3.12,0.00
00:05:48.139 [TUNER] 292,960,1896.86,2000.00,3.64,0.00,1975.01,2000.00,3.12,0.00
00:05:48.140 [TUNER] 293,1002,1892.27,2000.00,3.77,0.00,2049.37,2000.00,2.16,0.00
00:05:48.175 [TUNER] 294,998,1892.27,2000.00,3.77,0.00,2049.37,2000.00,2.16,0.00
00:05:48.175 [TUNER] 295,1000,1954.08,2000.00,3.11,0.00,2066.00,2000.00,1.91,0.00
00:05:48.207 [TUNER] 296,1000,1954.08,2000.00,3.11,0.00,2066.00,2000.00,1.91,0.00
00:05:48.243 [TUNER] 297,1000,2027.14,2000.00,2.26,0.00,2109.80,2000.00,1.28,0.00
00:05:48.244 [TUNER] 298,1000,2027.14,2000.00,2.26,0.00,2109.80,2000.00,1.28,0.00
00:05:48.278 [TUNER] 299,1000,2145.20,2000.00,0.80,0.00,2092.90,2000.00,1.41,0.00
00:05:48.278 [TUNER] 300,1000,2145.20,2000.00,0.80,0.00,2092.90,2000.00,1.41,0.00
00:05:48.350 [TUNER] 301,1000,2173.62,2000.00,0.35,0.00,2095.67,2000.00,1.30,0.00
00:05:48.350 [TUNER] 302,1000,2173.62,2000.00,0.35,0.00,2095.67,2000.00,1.30,0.00
00:05:48.350 [TUNER] 303,1000,2146.07,2000.00,0.55,0.00,2014.99,2000.00,2.28,0.00
00:05:48.383 [TUNER] 304,1000,2146.07,2000.00,0.55,0.00,2014.99,2000.00,2.28,0.00
00:05:48.386 [TUNER] 305,1000,2012.37,2000.00,2.06,0.00,1984.81,2000.00,2.66,0.00
00:05:48.418 [TUNER] 306,1000,2012.37,2000.00,2.06,0.00,1984.81,2000.00,2.66,0.00
00:05:48.454 [TUNER] 307,1000,1915.71,2000.00,3.22,0.00,1955.51,2000.00,3.06,0.00
00:05:48.455 [TUNER] 308,1000,1915.71,2000.00,3.22,0.00,1955.51,2000.00,3.06,0.00
00:05:48.488 [TUNER] 309,1000,1841.82,2000.00,4.18,0.00,1949.26,2000.00,3.18,0.00
00:05:48.489 [TUNER] 310,1000,1841.82,2000.00,4.18,0.00,1949.26,2000.00,3.18,0.00
00:05:48.523 [TUNER] 311,1000,1829.09,2000.00,4.46,0.00,1975.17,2000.00,2.88,0.00
00:05:48.559 [TUNER] 312,1000,1829.09,2000.00,4.46,0.00,1975.17,2000.00,2.88,0.00
00:05:48.561 [TUNER] 313,1002,1871.56,2000.00,4.07,0.00,1969.55,2000.00,2.97,0.00
00:05:48.593 [TUNER] 314,998,1871.56,2000.00,4.07,0.00,1969.55,2000.00,2.97,0.00
00:05:48.594 [TUNER] 315,1000,1934.29,2000.00,3.41,0.00,1985.16,2000.00,2.79,0.00
00:05:48.627 [TUNER] 316,1000,1934.29,2000.00,3.41,0.00,1985.16,2000.00,2.79,0.00
00:05:48.628 [TUNER] 317,1000,1978.66,2000.00,2.92,0.00,1962.66,2000.00,3.10,0.00
00:05:48.663 [TUNER] 318,1000,1978.66,2000.00,2.92,0.00,1962.66,2000.00,3.10,0.00
00:05:48.698 [TUNER] 319,1000,1957.47,2000.00,3.20,0.00,1989.34,2000.00,2.78,0.00
00:05:48.699 [TUNER] 320,1000,1957.47,2000.00,3.20,0.00,1989.34,2000.00,2.78,0.00
00:05:48.732 [TUNER] 321,1000,1950.82,2000.00,3.31,0.00,1978.03,2000.00,2.94,0.00
00:05:48.734 [TUNER] 322,1000,1950.82,2000.00,3.31,0.00,1978.03,2000.00,2.94,0.00
00:05:48.768 [TUNER] 323,1000,1966.12,2000.00,3.16,0.00,2015.38,2000.00,2.46,0.00
00:05:48.770 [TUNER] 324,1000,1966.12,2000.00,3.16,0.00,2015.38,2000.00,2.46,0.00
00:05:48.803 [TUNER] 325,1000,2074.57,2000.00,1.87,0.00,2021.20,2000.00,2.38,0.00
00:05:48.839 [TUNER] 326,1038,2152.89,2000.00,0.92,0.00,1981.09,2000.00,2.88,0.00
00:05:48.840 [TUNER] 327,962,2152.89,2000.00,0.92,0.00,1981.09,2000.00,2.88,0.00
00:05:48.873 [TUNER] 328,1002,2164.95,2000.00,0.66,0.00,2003.02,2000.00,2.60,0.00
00:05:48.874 [TUNER] 329,998,2164.95,2000.00,0.66,0.00,2003.02,2000.00,2.60,0.00
00:05:48.909 [TUNER] 330,1000,2163.62,2000.00,0.55,0.00,1985.93,2000.00,2.83,0.00
00:05:48.910 [TUNER] 331,1000,2163.62,2000.00,0.55,0.00,1985.93,2000.00,2.83,0.00
00:05:48.942 [TUNER] 332,1000,2062.48,2000.00,1.65,0.00,2021.69,2000.00,2.37,0.00
00:05:48.978 [TUNER] 333,1000,2062.48,2000.00,1.65,0.00,2021.69,2000.00,2.37,0.00
00:05:48.979 [TUNER] 334,1000,2003.91,2000.00,2.32,0.00,2009.07,2000.00,2.52,0.00
00:05:49.013 [TUNER] 335,1000,2003.91,2000.00,2.32,0.00,2009.07,2000.00,2.52,0.00
00:05:49.013 [TUNER] 336,1000,1929.56,2000.00,3.21,0.00,2045.36,2000.00,2.03,0.00
00:05:49.053 [TUNER] 337,1000,1929.56,2000.00,3.21,0.00,2045.36,2000.00,2.03,0.00
00:05:49.083 [TUNER] 338,1000,1926.77,2000.00,3.30,0.00,2040.03,2000.00,2.07,0.00
00:05:49.084 [TUNER] 339,1000,1926.77,2000.00,3.30,0.00,2040.03,2000.00,2.07,0.00
00:05:49.118 [TUNER] 340,1000,1991.55,2000.00,2.57,0.00,2059.82,2000.00,1.77,0.00
00:05:49.121 [TUNER] 341,1000,1991.55,2000.00,2.57,0.00,2059.82,2000.00,1.77,0.00
00:05:49.154 [TUNER] 342,1000,2038.22,2000.00,2.01,0.00,2036.14,2000.00,2.03,0.00
00:05:49.189 [TUNER] 343,1000,2038.22,2000.00,2.01,0.00,2036.14,2000.00,2.03,0.00
00:05:49.189 [TUNER] 344,1000,2051.50,2000.00,1.82,0.00,2015.47,2000.00,2.28,0.00
00:05:49.222 [TUNER] 345,1000,2051.50,2000.00,1.82,0.00,2015.47,2000.00,2.28,0.00
00:05:49.223 [TUNER] 346,1000,1991.68,2000.00,2.51,0.00,2019.56,2000.00,2.21,0.00
00:05:49.257 [TUNER] 347,1000,1991.68,2000.00,2.51,0.00,2019.56,2000.00,2.21,0.00
00:05:49.294 [TUNER] 348,1000,1964.45,2000.00,2.84,0.00,2002.21,2000.00,2.42,0.00
00:05:49.296 [TUNER] 349,1000,1964.45,2000.00,2.84,0.00,2002.21,2000.00,2.42,0.00
00:05:49.327 [TUNER] 350,1000,1927.20,2000.00,3.32,0.00,2019.26,2000.00,2.20,0.00
00:05:49.328 [TUNER] 351,1000,1927.20,2000.00,3.32,0.00,2019.26,2000.00,2.20,0.00
00:05:49.362 [TUNER] 352,1000,1945.50,2000.00,3.16,0.00,1996.81,2000.00,2.48,0.00
00:05:49.399 [TUNER] 353,1000,1945.50,2000.00,3.16,0.00,1996.81,2000.00,2.48,0.00
00:05:49.399 [TUNER] 354,1000,1951.55,2000.00,3.12,0.00,2013.22,2000.00,2.26,0.00
00:05:49.434 [TUNER] 355,1000,1951.55,2000.00,3.12,0.00,2013.22,2000.00,2.26,0.00
00:05:49.434 [TUNER] 356,1000,1983.89,2000.00,2.77,0.00,1981.68,2000.00,2.67,0.00
00:05:49.468 [TUNER] 357,1000,1983.89,2000.00,2.77,0.00,1981.68,2000.00,2.67,0.00
00:05:49.504 [TUNER] 358,1000,2035.52,2000.00,2.16,0.00,1987.37,2000.00,2.61,0.00
00:05:49.506 [TUNER] 359,1000,2035.52,2000.00,2.16,0.00,1987.37,2000.00,2.61,0.00
00:05:49.538 [TUNER] 360,1000,2111.19,2000.00,1.21,0.00,1976.46,2000.00,2.76,0.00
00:05:49.539 [TUNER] 361,1038,2132.54,2000.00,0.92,0.00,1965.16,2000.00,2.91,0.00
00:05:49.573 [TUNER] 362,962,2132.54,2000.00,0.92,0.00,1965.16,2000.00,2.91,0.00
00:05:49.608 [TUNER] 363,1002,2075.18,2000.00,1.51,0.00,2000.77,2000.00,2.47,0.00
00:05:49.608 [TUNER] 364,998,2075.18,2000.00,1.51,0.00,2000.77,2000.00,2.47,0.00
00:05:49.642 [TUNER] 365,1000,1993.78,2000.00,2.44,0.00,2006.48,2000.00,2.40,0.00
00:05:49.643 [TUNER] 366,1000,1993.78,2000.00,2.44,0.00,2006.48,2000.00,2.40,0.00
00:05:49.677 [TUNER] 367,1000,1933.49,2000.00,3.18,0.00,2053.60,2000.00,1.78,0.00
00:05:49.712 [TUNER] 368,1000,1933.49,2000.00,3.18,0.00,2053.60,2000.00,1.78,0.00
00:05:49.713 [TUNER] 369,1000,1916.17,2000.00,3.44,0.00,2017.42,2000.00,2.21,0.00
00:05:49.748 [TUNER] 370,1000,1916.17,2000.00,3.44,0.00,2017.42,2000.00,2.21,0.00
00:05:49.749 [TUNER] 371,1000,1976.20,2000.00,2.77,0.00,2019.40,2000.00,2.17,0.00
00:05:49.784 [TUNER] 372,1000,1976.20,2000.00,2.77,0.00,2019.40,2000.00,2.17,0.00
00:05:49.821 [TUNER] 373,1000,2039.68,2000.00,2.02,0.00,1990.05,2000.00,2.54,0.00
00:05:49.821 [TUNER] 374,1000,2039.68,2000.00,2.02,0.00,1990.05,2000.00,2.54,0.00
00:05:49.853 [TUNER] 375,1000,2107.64,2000.00,1.17,0.00,2019.84,2000.00,2.15,0.00
00:05:49.889 [TUNER] 376,1000,2107.64,2000.00,1.17,0.00,2019.84,2000.00,2.15,0.00
00:05:49.890 [TUNER] 377,1000,2074.40,2000.00,1.49,0.00,2024.77,2000.00,2.07,0.00
00:05:49.923 [TUNER] 378,1000,2074.40,2000.00,1.49,0.00,2024.77,2000.00,2.07,0.00
00:05:49.924 [TUNER] 379,1000,2016.87,2000.00,2.13,0.00,2016.69,2000.00,2.16,0.00
00:05:49.957 [TUNER] 380,1000,2016.87,2000.00,2.13,0.00,2016.69,2000.00,2.16,0.00
00:05:49.958 [TUNER] 381,1000,1924.47,2000.00,3.24,0.00,2032.56,2000.00,1.94,0.00
00:05:49.993 [TUNER] 382,1000,1924.47,2000.00,3.24,0.00,2032.56,2000.00,1.94,0.00
00:05:50.028 [TUNER] 383,1002,1953.01,2000.00,2.95,0.00,2010.31,2000.00,2.20,0.00
00:05:50.029 [TUNER] 384,998,1953.01,2000.00,2.95,0.00,2010.31,2000.00,2.20,0.00
00:05:50.062 [TUNER] 385,1000,1997.73,2000.00,2.44,0.00,2021.20,2000.00,2.05,0.00
00:05:50.063 [TUNER] 386,1000,1997.73,2000.00,2.44,0.00,2021.20,2000.00,2.05,0.00
00:05:50.098 [TUNER] 387,1000,2065.49,2000.00,1.62,0.00,1994.94,2000.00,2.38,0.00
00:05:50.134 [TUNER] 388,1000,2065.49,2000.00,1.62,0.00,1994.94,2000.00,2.38,0.00
00:05:50.134 [TUNER] 389,1000,2054.42,2000.00,1.71,0.00,2025.46,2000.00,1.98,0.00
00:05:50.171 [TUNER] 390,1000,2054.42,2000.00,1.71,0.00,2025.46,2000.00,1.98,0.00
00:05:50.173 [TUNER] 391,1000,2009.48,2000.00,2.21,0.00,2010.37,2000.00,2.16,0.00
00:05:50.204 [TUNER] 392,1000,2009.48,2000.00,2.21,0.00,2010.37,2000.00,2.16,0.00
00:05:50.205 [TUNER] 393,1000,1970.10,2000.00,2.68,0.00,2024.07,2000.00,1.97,0.00
00:05:50.311 [TUNER] 394,1000,1970.10,2000.00,2.68,0.00,2024.07,2000.00,1.97,0.00
00:05:50.312 [TUNER] 395,1000,1997.00,2000.00,2.38,0.00,1997.23,2000.00,2.30,0.00
00:05:50.312 [TUNER] 396,1038,2027.94,2000.00,2.02,0.00,1968.54,2000.00,2.67,0.00
00:05:50.312 [TUNER] 397,962,2027.94,2000.00,2.02,0.00,1968.54,2000.00,2.67,0.00
00:05:50.312 [TUNER] 398,1002,2014.25,2000.00,2.16,0.00,2001.72,2000.00,2.26,0.00
00:05:50.342 [TUNER] 399,998,2014.25,2000.00,2.16,0.00,2001.72,2000.00,2.26,0.00
00:05:50.377 [TUNER] 400,1000,2031.03,2000.00,1.95,0.00,1983.17,2000.00,2.50,0.00
00:05:50.378 [TUNER] 401,1000,2031.03,2000.00,1.95,0.00,1983.17,2000.00,2.50,0.00
00:05:50.412 [TUNER] 402,1000,2007.95,2000.00,2.20,0.00,2014.33,2000.00,2.11,0.00
00:05:50.413 [TUNER] 403,1000,2007.95,2000.00,2.20,0.00,2014.33,2000.00,2.11,0.00
00:05:50.450 [TUNER] 404,1000,2020.41,2000.00,2.05,0.00,2013.49,2000.00,2.11,0.00
00:05:50.482 [TUNER] 405,1000,2020.41,2000.00,2.05,0.00,2013.49,2000.00,2.11,0.00
00:05:50.482 [TUNER] 406,1000,2020.07,2000.00,2.03,0.00,2042.02,2000.00,1.72,0.00
00:05:50.522 [TUNER] 407,1000,2020.07,2000.00,2.03,0.00,2042.02,2000.00,1.72,0.00
00:05:50.523 [TUNER] 408,1000,2006.06,2000.00,2.19,0.00,2011.59,2000.00,2.08,0.00
00:05:50.554 [TUNER] 409,1000,2006.06,2000.00,2.19,0.00,2011.59,2000.00,2.08,0.00
00:05:50.588 [TUNER] 410,1000,2022.34,2000.00,1.99,0.00,2028.48,2000.00,1.85,0.00
00:05:50.589 [TUNER] 411,1000,2022.34,2000.00,1.99,0.00,2028.48,2000.00,1.85,0.00
00:05:50.623 [TUNER] 412,1000,2013.02,2000.00,2.08,0.00,2023.09,2000.00,1.90,0.00
00:05:50.623 [TUNER] 413,1000,2013.02,2000.00,2.08,0.00,2023.09,2000.00,1.90,0.00
00:05:50.657 [TUNER] 414,1000,2041.65,2000.00,1.73,0.00,2006.75,2000.00,2.10,-0.00
00:05:50.693 [TUNER] 415,1000,2041.65,2000.00,1.73,0.00,2006.75,2000.00,2.10,-0.00
00:05:50.693 [TUNER] 416,1000,2038.78,2000.00,1.73,0.00,2010.87,2000.00,2.04,-0.00
00:05:50.728 [TUNER] 417,1000,2038.78,2000.00,1.73,0.00,2010.87,2000.00,2.04,-0.00
00:05:50.728 [TUNER] 418,1000,2046.80,2000.00,1.60,0.00,2002.13,2000.00,2.14,-0.00
00:05:50.763 [TUNER] 419,1000,2046.80,2000.00,1.60,0.00,2002.13,2000.00,2.14,-0.00
00:05:50.797 [TUNER] 420,1000,2010.25,2000.00,2.01,0.00,2014.04,2000.00,1.98,-0.00
00:05:50.797 [TUNER] 421,1000,2010.25,2000.00,2.01,0.00,2014.04,2000.00,1.98,-0.00
00:05:50.833 [TUNER] 422,1000,1984.46,2000.00,2.31,0.00,1999.51,2000.00,2.16,-0.00
00:05:50.833 [TUNER] 423,1000,1984.46,2000.00,2.31,0.00,1999.51,2000.00,2.16,-0.00
00:05:50.870 [TUNER] 424,1000,1962.10,2000.00,2.60,0.00,2022.25,2000.00,1.87,-0.00
00:05:50.904 [TUNER] 425,1000,1962.10,2000.00,2.60,0.00,2022.25,2000.00,1.87,-0.00
00:05:50.905 [TUNER] 426,1000,1983.74,2000.00,2.36,0.00,1990.62,2000.00,2.26,-0.00
00:05:50.939 [TUNER] 427,1000,1983.74,2000.00,2.36,0.00,1990.62,2000.00,2.26,-0.00
00:05:50.940 [TUNER] 428,1000,2043.99,2000.00,1.65,0.00,2013.42,2000.00,1.97,-0.00
00:05:50.973 [TUNER] 429,1000,2043.99,2000.00,1.65,0.00,2013.42,2000.00,1.97,-0.00
00:05:51.008 [TUNER] 430,1000,2111.10,2000.00,0.80,-0.00,2000.73,2000.00,2.13,-0.00
00:05:51.009 [TUNER] 431,1038,2092.74,2000.00,0.97,-0.00,1997.83,2000.00,2.16,-0.00
00:05:51.043 [TUNER] 432,962,2092.74,2000.00,0.97,-0.00,1997.83,2000.00,2.16,-0.00
00:05:51.043 [TUNER] 433,1002,1992.61,2000.00,2.11,-0.00,2033.90,2000.00,1.69,-0.00
00:05:51.078 [TUNER] 434,998,1992.61,2000.00,2.11,-0.00,2033.90,2000.00,1.69,-0.00
00:05:51.113 [TUNER] 435,1000,1965.56,2000.00,2.45,-0.00,2008.91,2000.00,1.99,-0.00
00:05:51.113 [TUNER] 436,1000,1965.56,2000.00,2.45,-0.00,2008.91,2000.00,1.99,-0.00
00:05:51.149 [TUNER] 437,1000,1988.22,2000.00,2.20,-0.00,2024.62,2000.00,1.78,-0.00
00:05:51.149 [TUNER] 438,1000,1988.22,2000.00,2.20,-0.00,2024.62,2000.00,1.78,-0.00
00:05:51.183 [TUNER] 439,1000,2030.40,2000.00,1.70,-0.00,1975.33,2000.00,2.41,-0.00
00:05:51.220 [TUNER] 440,1000,2030.40,2000.00,1.70,-0.00,1975.33,2000.00,2.41,-0.00
00:05:51.220 [TUNER] 441,1000,2034.93,2000.00,1.62,-0.00,1996.04,2000.00,2.15,-0.00
00:05:51.253 [TUNER] 442,1000,2034.93,2000.00,1.62,-0.00,1996.04,2000.00,2.15,-0.00
00:05:51.253 [TUNER] 443,1000,2009.36,2000.00,1.90,-0.00,1988.55,2000.00,2.26,-0.00
00:05:51.287 [TUNER] 444,1000,2009.36,2000.00,1.90,-0.00,1988.55,2000.00,2.26,-0.00
00:05:51.323 [TUNER] 445,1000,1994.05,2000.00,2.08,-0.00,1984.27,2000.00,2.32,-0.00
00:05:51.355 [TUNER] 446,1000,1994.05,2000.00,2.08,-0.00,1984.27,2000.00,2.32,-0.00
00:05:51.356 [TUNER] 447,1000,1981.80,2000.00,2.23,-0.00,2001.47,2000.00,2.11,-0.00
00:05:51.358 [TUNER] 448,1000,1981.80,2000.00,2.23,-0.00,2001.47,2000.00,2.11,-0.00
00:05:51.391 [TUNER] 449,1000,1987.47,2000.00,2.18,-0.00,2006.64,2000.00,2.04,-0.00
00:05:51.428 [TUNER] 450,1000,1987.47,2000.00,2.18,-0.00,2006.64,2000.00,2.04,-0.00
00:05:51.461 [TUNER] 451,1000,1973.10,2000.00,2.36,-0.00,2029.67,2000.00,1.73,-0.00
00:05:51.461 [TUNER] 452,1000,1973.10,2000.00,2.36,-0.00,2029.67,2000.00,1.73,-0.00
00:05:51.462 [TUNER] 453,1002,1997.06,2000.00,2.09,-0.00,2025.16,2000.00,1.77,-0.00
00:05:51.496 [TUNER] 454,998,1997.06,2000.00,2.09,-0.00,2025.16,2000.00,1.77,-0.00
00:05:51.531 [TUNER] 455,1000,2019.20,2000.00,1.83,-0.00,2041.68,2000.00,1.53,-0.00
00:05:51.531 [TUNER] 456,1000,2019.20,2000.00,1.83,-0.00,2041.68,2000.00,1.53,-0.00
00:05:51.569 [TUNER] 457,1000,2068.93,2000.00,1.21,-0.00,1997.58,2000.00,2.07,-0.00
00:05:51.569 [TUNER] 458,1000,2068.93,2000.00,1.21,-0.00,1997.58,2000.00,2.07,-0.00
00:05:51.602 [TUNER] 459,1000,2039.99,2000.00,1.51,-0.00,2006.96,2000.00,1.95,-0.00
00:05:51.602 [TUNER] 460,1000,2039.99,2000.00,1.51,-0.00,2006.96,2000.00,1.95,-0.00
00:05:51.638 [TUNER] 461,1000,2040.89,2000.00,1.47,-0.00,1974.95,2000.00,2.37,-0.00
00:05:51.671 [TUNER] 462,1000,2040.89,2000.00,1.47,-0.00,1974.95,2000.00,2.37,-0.00
00:05:51.671 [TUNER] 463,1000,2000.38,2000.00,1.93,-0.00,1999.17,2000.00,2.07,-0.00
00:05:51.706 [TUNER] 464,1000,2000.38,2000.00,1.93,-0.00,1999.17,2000.00,2.07,-0.00
00:05:51.708 [TUNER] 465,1000,1978.27,2000.00,2.19,-0.00,1984.18,2000.00,2.27,-0.00
00:05:51.742 [TUNER] 466,1038,1953.38,2000.00,2.49,-0.00,1977.96,2000.00,2.35,-0.00
00:05:51.778 [TUNER] 467,962,1953.38,2000.00,2.49,-0.00,1977.96,2000.00,2.35,-0.00
00:05:51.778 [TUNER] 468,1002,1921.36,2000.00,2.92,-0.00,2005.76,2000.00,2.01,-0.00
00:05:51.812 [TUNER] 469,998,1921.36,2000.00,2.92,-0.00,2005.76,2000.00,2.01,-0.00
00:05:51.812 [TUNER] 470,1000,1977.35,2000.00,2.30,-0.00,1991.56,2000.00,2.19,-0.00
00:05:51.848 [TUNER] 471,1000,1977.35,2000.00,2.30,-0.00,1991.56,2000.00,2.19,-0.00
00:05:51.885 [TUNER] 472,1000,2028.57,2000.00,1.69,-0.00,2007.30,2000.00,1.99,-0.00
00:05:51.885 [TUNER] 473,1000,2028.57,2000.00,1.69,-0.00,2007.30,2000.00,1.99,-0.00
00:05:51.918 [TUNER] 474,1000,2095.33,2000.00,0.86,-0.00,1995.84,2000.00,2.13,-0.00
00:05:51.918 [TUNER] 475,1000,2095.33,2000.00,0.86,-0.00,1995.84,2000.00,2.13,-0.00
00:05:51.952 [TUNER] 476,1000,2030.18,2000.00,1.58,-0.00,2021.03,2000.00,1.81,-0.00
00:05:51.989 [TUNER] 477,1000,2030.18,2000.00,1.58,-0.00,2021.03,2000.00,1.81,-0.00
00:05:51.989 [TUNER] 478,1000,1979.78,2000.00,2.17,-0.00,2018.85,2000.00,1.82,-0.00
00:05:52.023 [TUNER] 479,1000,1979.78,2000.00,2.17,-0.00,2018.85,2000.00,1.82,-0.00
00:05:52.024 [TUNER] 480,1000,1977.26,2000.00,2.21,-0.00,2020.54,2000.00,1.78,-0.00
00:05:52.057 [TUNER] 481,1000,1977.26,2000.00,2.21,-0.00,2020.54,2000.00,1.78,-0.00
00:05:52.094 [TUNER] 482,1000,2006.17,2000.00,1.88,-0.00,2003.00,2000.00,1.99,-0.00
00:05:52.095 [TUNER] 483,1000,2006.17,2000.00,1.88,-0.00,2003.00,2000.00,1.99,-0.00
00:05:52.128 [TUNER] 484,1000,2024.14,2000.00,1.66,-0.00,1976.93,2000.00,2.33,-0.00
00:05:52.128 [TUNER] 485,1000,2024.14,2000.00,1.66,-0.00,1976.93,2000.00,2.33,-0.00
00:05:52.162 [TUNER] 486,1000,1992.13,2000.00,2.03,-0.00,1988.73,2000.00,2.20,-0.00
00:05:52.236 [TUNER] 487,1000,1992.13,2000.00,2.03,-0.00,1988.73,2000.00,2.20,-0.00
00:05:52.236 [TUNER] 488,1000,1985.42,2000.00,2.12,-0.00,1963.80,2000.00,2.53,-0.00
00:05:52.237 [TUNER] 489,1000,1985.42,2000.00,2.12,-0.00,1963.80,2000.00,2.53,-0.00
00:05:52.238 [TUNER] 490,1000,1956.00,2000.00,2.48,-0.00,2007.43,2000.00,1.99,-0.00
00:05:52.268 [TUNER] 491,1000,1956.00,2000.00,2.48,-0.00,2007.43,2000.00,1.99,-0.00
00:05:52.302 [TUNER] 492,1000,1977.14,2000.00,2.26,-0.00,1997.66,2000.00,2.11,-0.00
00:05:52.302 [TUNER] 493,1000,1977.14,2000.00,2.26,-0.00,1997.66,2000.00,2.11,-0.00
00:05:52.338 [TUNER] 494,1000,1969.99,2000.00,2.36,-0.00,2027.64,2000.00,1.72,-0.00
00:05:52.338 [TUNER] 495,1000,1969.99,2000.00,2.36,-0.00,2027.64,2000.00,1.72,-0.00
00:05:52.373 [TUNER] 496,1000,1988.33,2000.00,2.17,-0.00,1986.34,2000.00,2.24,-0.00
00:05:52.408 [TUNER] 497,1000,1988.33,2000.00,2.17,-0.00,1986.34,2000.00,2.24,-0.00
00:05:52.408 [TUNER] 498,1000,2013.30,2000.00,1.87,-0.00,2010.00,2000.00,1.94,-0.00
00:05:52.442 [TUNER] 499,1000,2013.30,2000.00,1.87,-0.00,2010.00,2000.00,1.94,-0.00
00:05:52.443 [TUNER] 500,1000,2053.90,2000.00,1.37,-0.00,1994.56,2000.00,2.14,-0.00
00:05:52.477 [TUNER] 501,1037,2067.25,2000.00,1.19,-0.00,1976.70,2000.00,2.37,-0.00
00:05:52.514 [TUNER] 502,963,2067.25,2000.00,1.19,-0.00,1976.70,2000.00,2.37,-0.00
00:05:52.514 [TUNER] 503,1002,2012.28,2000.00,1.81,-0.00,2002.79,2000.00,2.04,-0.00
00:05:52.547 [TUNER] 504,998,2012.28,2000.00,1.81,-0.00,2002.79,2000.00,2.04,-0.00
00:05:52.548 [TUNER] 505,1000,1989.89,2000.00,2.07,-0.00,1994.34,2000.00,2.15,-0.00
00:05:52.583 [TUNER] 506,1000,1989.89,2000.00,2.07,-0.00,1994.34,2000.00,2.15,-0.00
00:05:52.584 [TUNER] 507,1000,1944.12,2000.00,2.63,-0.00,2009.53,2000.00,1.96,-0.00
00:05:52.619 [TUNER] 508,1000,1944.12,2000.00,2.63,-0.00,2009.53,2000.00,1.96,-0.00
00:05:52.653 [TUNER] 509,1000,1962.47,2000.00,2.45,-0.00,1985.59,2000.00,2.26,-0.00
00:05:52.653 [TUNER] 510,1000,1962.47,2000.00,2.45,-0.00,1985.59,2000.00,2.26,-0.00
00:05:52.689 [TUNER] 511,1000,1965.13,2000.00,2.45,-0.00,1995.65,2000.00,2.14,-0.00
00:05:52.690 [TUNER] 512,1000,1965.13,2000.00,2.45,-0.00,1995.65,2000.00,2.14,-0.00
00:05:52.722 [TUNER] 513,1000,2001.62,2000.00,2.03,-0.00,2005.42,2000.00,2.02,-0.00
00:05:52.757 [TUNER] 514,1000,2001.62,2000.00,2.03,-0.00,2005.42,2000.00,2.02,-0.00
00:05:52.758 [TUNER] 515,1000,2063.45,2000.00,1.28,-0.00,2001.21,2000.00,2.07,-0.00
00:05:52.793 [TUNER] 516,1000,2063.45,2000.00,1.28,-0.00,2001.21,2000.00,2.07,-0.00
00:05:52.794 [TUNER] 517,1000,2094.02,2000.00,0.86,-0.00,2015.02,2000.00,1.89,-0.00
00:05:52.827 [TUNER] 518,1000,2094.02,2000.00,0.86,-0.00,2015.02,2000.00,1.89,-0.00
00:05:52.863 [TUNER] 519,1000,2089.27,2000.00,0.85,-0.00,1989.99,2000.00,2.20,-0.00
00:05:52.864 [TUNER] 520,1000,2089.27,2000.00,0.85,-0.00,1989.99,2000.00,2.20,-0.00
00:05:52.898 [TUNER] 521,1000,2009.87,2000.00,1.74,-0.00,2021.50,2000.00,1.80,-0.00
00:05:52.898 [TUNER] 522,1000,2009.87,2000.00,1.74,-0.00,2021.50,2000.00,1.80,-0.00
00:05:52.932 [TUNER] 523,1002,1981.87,2000.00,2.07,-0.00,2011.77,2000.00,1.91,-0.00
00:05:52.968 [TUNER] 524,998,1981.87,2000.00,2.07,-0.00,2011.77,2000.00,1.91,-0.00
00:05:52.969 [TUNER] 525,1000,1962.32,2000.00,2.32,-0.00,2017.20,2000.00,1.83,-0.00
00:05:53.004 [TUNER] 526,1000,1962.32,2000.00,2.32,-0.00,2017.20,2000.00,1.83,-0.00
00:05:53.005 [TUNER] 527,1000,2011.40,2000.00,1.76,-0.00,1983.15,2000.00,2.26,-0.00
00:05:53.038 [TUNER] 528,1000,2011.40,2000.00,1.76,-0.00,1983.15,2000.00,2.26,-0.00
00:05:53.072 [TUNER] 529,1000,1992.24,2000.00,1.98,-0.00,1991.98,2000.00,2.16,-0.00
00:05:53.073 [TUNER] 530,1000,1992.24,2000.00,1.98,-0.00,1991.98,2000.00,2.16,-0.00
00:05:53.106 [TUNER] 531,1000,1999.26,2000.00,1.90,-0.00,1974.99,2000.00,2.39,-0.00
00:05:53.108 [TUNER] 532,1000,1999.26,2000.00,1.90,-0.00,1974.99,2000.00,2.39,-0.00
00:05:53.143 [TUNER] 533,1000,1982.53,2000.00,2.11,-0.00,1982.02,2000.00,2.31,-0.00
00:05:53.177 [TUNER] 534,1000,1982.53,2000.00,2.11,-0.00,1982.02,2000.00,2.31,-0.00
00:05:53.178 [TUNER] 535,1000,1979.46,2000.00,2.16,-0.00,1997.95,2000.00,2.12,-0.00
00:05:53.212 [TUNER] 536,1037,1994.45,2000.00,1.99,-0.00,1986.04,2000.00,2.27,-0.00
00:05:53.213 [TUNER] 537,963,1994.45,2000.00,1.99,-0.00,1986.04,2000.00,2.27,-0.00
00:05:53.249 [TUNER] 538,1002,1968.02,2000.00,2.31,-0.00,2017.25,2000.00,1.87,-0.00
00:05:53.282 [TUNER] 539,998,1968.02,2000.00,2.31,-0.00,2017.25,2000.00,1.87,-0.00
00:05:53.283 [TUNER] 540,1000,1963.09,2000.00,2.40,-0.00,2016.23,2000.00,1.87,-0.00
00:05:53.318 [TUNER] 541,1000,1963.09,2000.00,2.40,-0.00,2016.23,2000.00,1.87,-0.00
00:05:53.321 [TUNER] 542,1000,1979.37,2000.00,2.23,-0.00,2059.68,2000.00,1.29,-0.00
00:05:53.352 [TUNER] 543,1000,1979.37,2000.00,2.23,-0.00,2059.68,2000.00,1.29,-0.00
00:05:53.388 [TUNER] 544,1000,2018.16,2000.00,1.77,-0.00,2030.87,2000.00,1.62,-0.00
00:05:53.389 [TUNER] 545,1000,2018.16,2000.00,1.77,-0.00,2030.87,2000.00,1.62,-0.00
00:05:53.422 [TUNER] 546,1000,2025.15,2000.00,1.67,-0.00,2011.26,2000.00,1.85,-0.00
00:05:53.423 [TUNER] 547,1000,2025.15,2000.00,1.67,-0.00,2011.26,2000.00,1.85,-0.00
00:05:53.458 [TUNER] 548,1000,2027.30,2000.00,1.63,-0.00,1992.14,2000.00,2.09,-0.00
00:05:53.458 [TUNER] 549,1000,2027.30,2000.00,1.63,-0.00,1992.14,2000.00,2.09,-0.00
00:05:53.492 [TUNER] 550,1000,2053.07,2000.00,1.30,-0.00,1981.99,2000.00,2.23,-0.00
00:05:53.529 [TUNER] 551,1000,2053.07,2000.00,1.30,-0.00,1981.99,2000.00,2.23,-0.00
00:05:53.529 [TUNER] 552,1000,2070.25,2000.00,1.05,-0.00,1989.34,2000.00,2.15,-0.00
00:05:53.564 [TUNER] 553,1000,2070.25,2000.00,1.05,-0.00,1989.34,2000.00,2.15,-0.00
00:05:53.565 [TUNER] 554,1000,2025.58,2000.00,1.54,-0.00,1979.75,2000.00,2.29,-0.00
00:05:53.636 [TUNER] 555,1000,2025.58,2000.00,1.54,-0.00,1979.75,2000.00,2.29,-0.00
00:05:53.636 [TUNER] 556,1000,1946.90,2000.00,2.47,-0.00,2008.16,2000.00,1.93,-0.00
00:05:53.637 [TUNER] 557,1000,1946.90,2000.00,2.47,-0.00,2008.16,2000.00,1.93,-0.00
00:05:53.667 [TUNER] 558,1000,1949.24,2000.00,2.48,-0.00,1972.47,2000.00,2.39,-0.00
00:05:53.667 [TUNER] 559,1000,1949.24,2000.00,2.48,-0.00,1972.47,2000.00,2.39,-0.00
00:05:53.703 [TUNER] 560,1000,1947.67,2000.00,2.54,-0.00,1992.03,2000.00,2.16,-0.00
00:05:53.738 [TUNER] 561,1000,1947.67,2000.00,2.54,-0.00,1992.03,2000.00,2.16,-0.00
00:05:53.738 [TUNER] 562,1000,2022.01,2000.00,1.68,-0.00,1980.19,2000.00,2.32,-0.00
00:05:53.776 [TUNER] 563,1000,2022.01,2000.00,1.68,-0.00,1980.19,2000.00,2.32,-0.00
00:05:53.778 [TUNER] 564,1000,2041.97,2000.00,1.42,-0.00,2017.10,2000.00,1.85,-0.00
00:05:53.808 [TUNER] 565,1000,2041.97,2000.00,1.42,-0.00,2017.10,2000.00,1.85,-0.00
00:05:53.843 [TUNER] 566,1000,2025.29,2000.00,1.59,-0.00,2029.45,2000.00,1.68,-0.00
00:05:53.843 [TUNER] 567,1000,2025.29,2000.00,1.59,-0.00,2029.45,2000.00,1.68,-0.00
00:05:53.881 [TUNER] 568,1000,1994.77,2000.00,1.94,-0.00,2032.46,2000.00,1.61,-0.00
00:05:53.881 [TUNER] 569,1000,1994.77,2000.00,1.94,-0.00,2032.46,2000.00,1.61,-0.00
00:05:53.913 [TUNER] 570,1000,1953.17,2000.00,2.45,-0.00,1998.79,2000.00,2.03,-0.00
00:05:53.948 [TUNER] 571,1037,1940.28,2000.00,2.62,-0.00,1960.20,2000.00,2.52,-0.00
00:05:53.949 [TUNER] 572,963,1940.28,2000.00,2.62,-0.00,1960.20,2000.00,2.52,-0.00
00:05:53.983 [TUNER] 573,1002,1933.43,2000.00,2.75,-0.00,1977.35,2000.00,2.33,-0.00
00:05:53.983 [TUNER] 574,998,1933.43,2000.00,2.75,-0.00,1977.35,2000.00,2.33,-0.00
00:05:54.017 [TUNER] 575,1000,1921.66,2000.00,2.94,-0.00,1958.51,2000.00,2.59,-0.00
00:05:54.052 [TUNER] 576,1000,1921.66,2000.00,2.94,-0.00,1958.51,2000.00,2.59,-0.00
00:05:54.053 [TUNER] 577,1000,1942.79,2000.00,2.74,-0.00,1984.30,2000.00,2.29,-0.00
00:05:54.089 [TUNER] 578,1000,1942.79,2000.00,2.74,-0.00,1984.30,2000.00,2.29,-0.00
00:05:54.089 [TUNER] 579,1000,1983.74,2000.00,2.29,0.00,2011.80,2000.00,1.94,-0.00
00:05:54.123 [TUNER] 580,1000,1983.74,2000.00,2.29,0.00,2011.80,2000.00,1.94,-0.00
00:05:54.158 [TUNER] 581,1000,2021.66,2000.00,1.84,-0.00,2035.52,2000.00,1.62,-0.00
00:05:54.192 [TUNER] 582,1000,2021.66,2000.00,1.84,-0.00,2035.52,2000.00,1.62,-0.00
00:05:54.193 [TUNER] 583,1000,2021.08,2000.00,1.83,-0.00,2035.59,2000.00,1.59,-0.00
00:05:54.194 [TUNER] 584,1000,2021.08,2000.00,1.83,-0.00,2035.59,2000.00,1.59,-0.00
00:05:54.228 [TUNER] 585,1000,2044.66,2000.00,1.53,-0.00,2023.63,2000.00,1.72,-0.00
00:05:54.263 [TUNER] 586,1000,2044.66,2000.00,1.53,-0.00,2023.63,2000.00,1.72,-0.00
00:05:54.264 [TUNER] 587,1000,2030.88,2000.00,1.66,-0.00,2017.49,2000.00,1.78,-0.00
00:05:54.299 [TUNER] 588,1000,2030.88,2000.00,1.66,-0.00,2017.49,2000.00,1.78,-0.00
00:05:54.300 [TUNER] 589,1000,2009.55,2000.00,1.90,-0.00,1983.38,2000.00,2.21,-0.00
00:05:54.333 [TUNER] 590,1000,2009.55,2000.00,1.90,-0.00,1983.38,2000.00,2.21,-0.00
00:05:54.368 [TUNER] 591,1000,1944.38,2000.00,2.68,-0.00,1992.16,2000.00,2.11,-0.00
00:05:54.368 [TUNER] 592,1000,1944.38,2000.00,2.68,-0.00,1992.16,2000.00,2.11,-0.00
00:05:54.404 [TUNER] 593,1002,1931.19,2000.00,2.88,0.00,1972.85,2000.00,2.37,-0.00
00:05:54.404 [TUNER] 594,998,1931.19,2000.00,2.88,0.00,1972.85,2000.00,2.37,-0.00
00:05:54.438 [TUNER] 595,1000,1973.39,2000.00,2.42,0.00,2001.56,2000.00,2.01,-0.00
00:05:54.472 [TUNER] 596,1000,1973.39,2000.00,2.42,0.00,2001.56,2000.00,2.01,-0.00
00:05:54.473 [TUNER] 597,1000,2032.28,2000.00,1.73,0.00,1977.50,2000.00,2.33,-0.00
00:05:54.510 [TUNER] 598,1000,2032.28,2000.00,1.73,0.00,1977.50,2000.00,2.33,-0.00
00:05:54.510 [TUNER] 599,1000,2053.62,2000.00,1.45,-0.00,1992.62,2000.00,2.15,-0.00
00:05:54.544 [TUNER] 600,1000,2053.62,2000.00,1.45,-0.00,1992.62,2000.00,2.15,-0.00
00:05:54.577 [TUNER] 601,1000,2031.18,2000.00,1.68,-0.00,1978.94,2000.00,2.33,-0.00
00:05:54.578 [TUNER] 602,1000,2031.18,2000.00,1.68,-0.00,1978.94,2000.00,2.33,-0.00
00:05:54.615 [TUNER] 603,1000,2040.71,2000.00,1.54,-0.00,1992.05,2000.00,2.18,-0.00
00:05:54.616 [TUNER] 604,1000,2040.71,2000.00,1.54,-0.00,1992.05,2000.00,2.18,-0.00
00:05:54.647 [TUNER] 605,1000,2005.39,2000.00,1.94,-0.00,1990.51,2000.00,2.21,-0.00
00:05:54.684 [TUNER] 606,1037,1998.62,2000.00,2.01,-0.00,1960.21,2000.00,2.60,-0.00
00:05:54.687 [TUNER] 607,963,1998.62,2000.00,2.01,-0.00,1960.21,2000.00,2.60,-0.00
00:05:54.719 [TUNER] 608,1002,1966.11,2000.00,2.41,-0.00,2001.84,2000.00,2.08,-0.00
00:05:54.719 [TUNER] 609,998,1966.11,2000.00,2.41,-0.00,2001.84,2000.00,2.08,-0.00
00:05:54.752 [TUNER] 610,1000,1970.16,2000.00,2.39,-0.00,2015.93,2000.00,1.90,-0.00
00:05:54.787 [TUNER] 611,1000,1970.16,2000.00,2.39,-0.00,2015.93,2000.00,1.90,-0.00
00:05:54.787 [TUNER] 612,1000,1998.77,2000.00,2.06,-0.00,2028.52,2000.00,1.72,-0.00
00:05:54.824 [TUNER] 613,1000,1998.77,2000.00,2.06,-0.00,2028.52,2000.00,1.72,-0.00
00:05:54.825 [TUNER] 614,1000,1994.17,2000.00,2.12,-0.00,2009.38,2000.00,1.95,-0.00
00:05:54.860 [TUNER] 615,1000,1994.17,2000.00,2.12,-0.00,2009.38,2000.00,1.95,-0.00
00:05:54.896 [TUNER] 616,1000,2009.39,2000.00,1.94,-0.00,1982.04,2000.00,2.30,-0.00
00:05:54.897 [TUNER] 617,1000,2009.39,2000.00,1.94,-0.00,1982.04,2000.00,2.30,-0.00
00:05:54.929 [TUNER] 618,1000,1990.64,2000.00,2.16,-0.00,1989.38,2000.00,2.22,-0.00
00:05:54.931 [TUNER] 619,1000,1990.64,2000.00,2.16,-0.00,1989.38,2000.00,2.22,-0.00
00:05:54.964 [TUNER] 620,1000,1989.38,2000.00,2.18,-0.00,1950.57,2000.00,2.73,-0.00
00:05:55.037 [TUNER] 621,1000,1989.38,2000.00,2.18,-0.00,1950.57,2000.00,2.73,-0.00
00:05:55.038 [TUNER] 622,1000,1988.38,2000.00,2.20,-0.00,1974.51,2000.00,2.46,-0.00
00:05:55.038 [TUNER] 623,1000,1988.38,2000.00,2.20,-0.00,1974.51,2000.00,2.46,-0.00
00:05:55.038 [TUNER] 624,1000,2011.63,2000.00,1.93,-0.00,1993.66,2000.00,2.23,-0.00
00:05:55.068 [TUNER] 625,1000,2011.63,2000.00,1.93,-0.00,1993.66,2000.00,2.23,-0.00
00:05:55.068 [TUNER] 626,1000,1990.71,2000.00,2.17,-0.00,2033.03,2000.00,1.72,-0.00
00:05:55.102 [TUNER] 627,1000,1990.71,2000.00,2.17,-0.00,2033.03,2000.00,1.72,-0.00
00:05:55.137 [TUNER] 628,1000,2001.47,2000.00,2.05,-0.00,2021.58,2000.00,1.84,-0.00
00:05:55.138 [TUNER] 629,1000,2001.47,2000.00,2.05,-0.00,2021.58,2000.00,1.84,-0.00
00:05:55.180 [TUNER] 630,1000,1991.17,2000.00,2.17,-0.00,2048.50,2000.00,1.47,-0.00
00:05:55.181 [TUNER] 631,1000,1991.17,2000.00,2.17,-0.00,2048.50,2000.00,1.47,-0.00
00:05:55.210 [TUNER] 632,1000,2006.99,2000.00,1.99,-0.00,2009.90,2000.00,1.94,-0.00
00:05:55.245 [TUNER] 633,1000,2006.99,2000.00,1.99,-0.00,2009.90,2000.00,1.94,-0.00
00:05:55.246 [TUNER] 634,1000,2043.70,2000.00,1.54,-0.00,2008.23,2000.00,1.95,-0.00
00:05:55.279 [TUNER] 635,1000,2043.70,2000.00,1.54,-0.00,2008.23,2000.00,1.95,-0.00
00:05:55.280 [TUNER] 636,1000,2049.01,2000.00,1.44,-0.00,1987.99,2000.00,2.21,-0.00
00:05:55.314 [TUNER] 637,1000,2049.01,2000.00,1.44,-0.00,1987.99,2000.00,2.21,-0.00
00:05:55.348 [TUNER] 638,1000,2056.70,2000.00,1.31,-0.00,2006.16,2000.00,1.98,-0.00
00:05:55.349 [TUNER] 639,1000,2056.70,2000.00,1.31,-0.00,2006.16,2000.00,1.98,-0.00
00:05:55.383 [TUNER] 640,1000,2013.02,2000.00,1.80,-0.00,1993.21,2000.00,2.15,-0.00
00:05:55.383 [TUNER] 641,1037,1974.90,2000.00,2.24,-0.00,1972.31,2000.00,2.41,-0.00
00:05:55.418 [TUNER] 642,963,1974.90,2000.00,2.24,-0.00,1972.31,2000.00,2.41,-0.00
00:05:55.452 [TUNER] 643,1002,1952.39,2000.00,2.53,-0.00,1987.03,2000.00,2.24,-0.00
00:05:55.453 [TUNER] 644,998,1952.39,2000.00,2.53,-0.00,1987.03,2000.00,2.24,-0.00
00:05:55.489 [TUNER] 645,1000,1955.74,2000.00,2.53,-0.00,1988.62,2000.00,2.23,-0.00
00:05:55.489 [TUNER] 646,1000,1955.74,2000.00,2.53,-0.00,1988.62,2000.00,2.23,-0.00
00:05:55.523 [TUNER] 647,1000,1985.52,2000.00,2.20,-0.00,1996.35,2000.00,2.14,-0.00
00:05:55.559 [TUNER] 648,1000,1985.52,2000.00,2.20,-0.00,1996.35,2000.00,2.14,-0.00
00:05:55.559 [TUNER] 649,1000,2047.13,2000.00,1.46,-0.00,2002.55,2000.00,2.06,-0.00
00:05:55.594 [TUNER] 650,1000,2047.13,2000.00,1.46,-0.00,2002.55,2000.00,2.06,-0.00
00:05:55.595 [TUNER] 651,1000,2079.25,2000.00,1.04,-0.00,2004.06,2000.00,2.04,-0.00
00:05:55.629 [TUNER] 652,1000,2079.25,2000.00,1.04,-0.00,2004.06,2000.00,2.04,-0.00
00:05:55.664 [TUNER] 653,1000,2046.53,2000.00,1.37,-0.00,2037.92,2000.00,1.59,-0.00
00:05:55.664 [TUNER] 654,1000,2046.53,2000.00,1.37,-0.00,2037.92,2000.00,1.59,-0.00
00:05:55.697 [TUNER] 655,1000,2023.78,2000.00,1.61,-0.00,2022.05,2000.00,1.77,-0.00
00:05:55.698 [TUNER] 656,1000,2023.78,2000.00,1.61,-0.00,2022.05,2000.00,1.77,-0.00
00:05:55.732 [TUNER] 657,1000,2002.15,2000.00,1.86,-0.00,2016.23,2000.00,1.83,-0.00
00:05:55.768 [TUNER] 658,1000,2002.15,2000.00,1.86,-0.00,2016.23,2000.00,1.83,-0.00
00:05:55.769 [TUNER] 659,1000,1983.13,2000.00,2.09,-0.00,1968.62,2000.00,2.44,-0.00
00:05:55.802 [TUNER] 660,1000,1983.13,2000.00,2.09,-0.00,1968.62,2000.00,2.44,-0.00
00:05:55.803 [TUNER] 661,1000,1964.48,2000.00,2.33,-0.00,1992.39,2000.00,2.15,-0.00
00:05:55.838 [TUNER] 662,1000,1964.48,2000.00,2.33,-0.00,1992.39,2000.00,2.15,-0.00
00:05:55.875 [TUNER] 663,1002,1955.85,2000.00,2.46,-0.00,1969.60,2000.00,2.46,-0.00
00:05:55.877 [TUNER] 664,998,1955.85,2000.00,2.46,-0.00,1969.60,2000.00,2.46,-0.00
00:05:55.907 [TUNER] 665,1000,1953.55,2000.00,2.52,-0.00,1990.35,2000.00,2.21,-0.00
00:05:55.908 [TUNER] 666,1000,1953.55,2000.00,2.52,-0.00,1990.35,2000.00,2.21,-0.00
00:05:55.942 [TUNER] 667,1000,1983.76,2000.00,2.19,-0.00,2006.34,2000.00,2.01,-0.00
00:05:55.981 [TUNER] 668,1000,1983.76,2000.00,2.19,-0.00,2006.34,2000.00,2.01,-0.00
00:05:55.981 [TUNER] 669,1000,2009.65,2000.00,1.89,-0.00,2041.46,2000.00,1.55,-0.00
00:05:56.015 [TUNER] 670,1000,2009.65,2000.00,1.89,-0.00,2041.46,2000.00,1.55,-0.00
00:05:56.015 [TUNER] 671,1000,2009.75,2000.00,1.88,-0.00,2031.75,2000.00,1.64,-0.00
00:05:56.047 [TUNER] 672,1000,2009.75,2000.00,1.88,-0.00,2031.75,2000.00,1.64,-0.00
00:05:56.084 [TUNER] 673,1000,2018.41,2000.00,1.77,-0.00,2029.15,2000.00,1.65,-0.00
00:05:56.085 [TUNER] 674,1000,2018.41,2000.00,1.77,-0.00,2029.15,2000.00,1.65,-0.00
00:05:56.118 [TUNER] 675,1000,2016.76,2000.00,1.77,-0.00,2003.01,2000.00,1.97,-0.00
00:05:56.118 [TUNER] 676,1037,2037.54,2000.00,1.52,-0.00,1953.64,2000.00,2.59,-0.00
00:05:56.152 [TUNER] 677,963,2037.54,2000.00,1.52,-0.00,1953.64,2000.00,2.59,-0.00
00:05:56.188 [TUNER] 678,1002,2009.49,2000.00,1.83,-0.00,1961.61,2000.00,2.53,-0.00
00:05:56.188 [TUNER] 679,998,2009.49,2000.00,1.83,-0.00,1961.61,2000.00,2.53,-0.00
00:05:56.224 [TUNER] 680,1000,1965.30,2000.00,2.36,-0.00,1969.99,2000.00,2.45,-0.00
00:05:56.226 [TUNER] 681,1000,1965.30,2000.00,2.36,-0.00,1969.99,2000.00,2.45,-0.00
00:05:56.259 [TUNER] 682,1000,1936.47,2000.00,2.74,-0.00,2002.07,2000.00,2.05,-0.00
00:05:56.259 [TUNER] 683,1000,1936.47,2000.00,2.74,-0.00,2002.07,2000.00,2.05,-0.00
00:05:56.330 [TUNER] 684,1000,1928.87,2000.00,2.88,-0.00,2010.56,2000.00,1.94,-0.00
00:05:56.331 [TUNER] 685,1000,1928.87,2000.00,2.88,-0.00,2010.56,2000.00,1.94,-0.00
00:05:56.332 [TUNER] 686,1000,2027.59,2000.00,1.73,-0.00,1988.14,2000.00,2.22,-0.00
00:05:56.363 [TUNER] 687,1000,2027.59,2000.00,1.73,-0.00,1988.14,2000.00,2.22,-0.00
00:05:56.364 [TUNER] 688,1000,2058.46,2000.00,1.34,-0.00,1995.97,2000.00,2.13,-0.00
00:05:56.397 [TUNER] 689,1000,2058.46,2000.00,1.34,-0.00,1995.97,2000.00,2.13,-0.00
00:05:56.432 [TUNER] 690,1000,2098.61,2000.00,0.81,-0.00,1981.62,2000.00,2.32,-0.00
00:05:56.433 [TUNER] 691,1000,2098.61,2000.00,0.81,-0.00,1981.62,2000.00,2.32,-0.00
00:05:56.467 [TUNER] 692,1000,2051.71,2000.00,1.30,-0.00,2002.79,2000.00,2.06,-0.00
00:05:56.468 [TUNER] 693,1000,2051.71,2000.00,1.30,-0.00,2002.79,2000.00,2.06,-0.00
00:05:56.503 [TUNER] 694,1000,1997.01,2000.00,1.93,-0.00,1992.23,2000.00,2.20,-0.00
00:05:56.538 [TUNER] 695,1000,1997.01,2000.00,1.93,-0.00,1992.23,2000.00,2.20,-0.00
00:05:56.539 [TUNER] 696,1000,1920.60,2000.00,2.85,-0.00,2026.73,2000.00,1.75,-0.00
00:05:56.573 [TUNER] 697,1000,1920.60,2000.00,2.85,-0.00,2026.73,2000.00,1.75,-0.00
00:05:56.573 [TUNER] 698,1000,1943.66,2000.00,2.63,-0.00,2019.98,2000.00,1.82,-0.00
00:05:56.610 [TUNER] 699,1000,1943.66,2000.00,2.63,-0.00,2019.98,2000.00,1.82,-0.00
00:05:56.642 [TUNER] 700,1000,1955.24,2000.00,2.54,-0.00,2033.47,2000.00,1.62,-0.00
00:05:56.642 [TUNER] 701,1000,1955.24,2000.00,2.54,-0.00,2033.47,2000.00,1.62,-0.00
00:05:56.677 [TUNER] 702,1000,1988.55,2000.00,2.17,-0.00,1996.16,2000.00,2.08,-0.00
00:05:56.678 [TUNER] 703,1000,1988.55,2000.00,2.17,-0.00,1996.16,2000.00,2.08,-0.00
00:05:56.713 [TUNER] 704,1000,2022.07,2000.00,1.77,-0.00,1973.18,2000.00,2.39,-0.00
00:05:56.748 [TUNER] 705,1000,2022.07,2000.00,1.77,-0.00,1973.18,2000.00,2.39,-0.00
00:05:56.749 [TUNER] 706,1000,1992.19,2000.00,2.12,-0.00,1982.29,2000.00,2.29,-0.00
00:05:56.783 [TUNER] 707,1000,1992.19,2000.00,2.12,-0.00,1982.29,2000.00,2.29,-0.00
00:05:56.783 [TUNER] 708,1000,1992.34,2000.00,2.12,-0.00,1968.96,2000.00,2.48,-0.00
00:05:56.818 [TUNER] 709,1000,1992.34,2000.00,2.12,-0.00,1968.96,2000.00,2.48,-0.00
00:05:56.853 [TUNER] 710,1000,1975.28,2000.00,2.33,-0.00,1992.65,2000.00,2.20,-0.00
00:05:56.853 [TUNER] 711,1037,2007.67,2000.00,1.96,-0.00,1971.86,2000.00,2.46,-0.00
00:05:56.888 [TUNER] 712,963,2007.67,2000.00,1.96,-0.00,1971.86,2000.00,2.46,-0.00
00:05:56.888 [TUNER] 713,1002,2017.07,2000.00,1.84,-0.00,1988.43,2000.00,2.27,-0.00
00:05:56.922 [TUNER] 714,998,2017.07,2000.00,1.84,-0.00,1988.43,2000.00,2.27,-0.00
00:05:56.960 [TUNER] 715,1000,2000.61,2000.00,2.03,-0.00,2005.21,2000.00,2.06,-0.00
00:05:56.962 [TUNER] 716,1000,2000.61,2000.00,2.03,-0.00,2005.21,2000.00,2.06,-0.00
00:05:56.997 [TUNER] 717,1000,2017.97,2000.00,1.82,-0.00,2037.12,2000.00,1.64,-0.00
00:05:56.998 [TUNER] 718,1000,2017.97,2000.00,1.82,-0.00,2037.12,2000.00,1.64,-0.00
00:05:57.027 [TUNER] 719,1000,2012.97,2000.00,1.86,-0.00,2057.49,2000.00,1.34,-0.00
00:05:57.065 [TUNER] 720,1000,2012.97,2000.00,1.86,-0.00,2057.49,2000.00,1.34,-0.00
00:05:57.065 [TUNER] 721,1000,2031.30,2000.00,1.63,-0.00,2039.43,2000.00,1.53,-0.00
00:05:57.097 [TUNER] 722,1000,2031.30,2000.00,1.63,-0.00,2039.43,2000.00,1.53,-0.00
00:05:57.098 [TUNER] 723,1000,1994.42,2000.00,2.06,-0.00,2004.36,2000.00,1.96,-0.00
00:05:57.133 [TUNER] 724,1000,1994.42,2000.00,2.06,-0.00,2004.36,2000.00,1.96,-0.00
00:05:57.133 [TUNER] 725,1000,1990.69,2000.00,2.10,-0.00,1966.00,2000.00,2.46,-0.00
00:05:57.167 [TUNER] 726,1000,1990.69,2000.00,2.10,-0.00,1966.00,2000.00,2.46,-0.00
00:05:57.202 [TUNER] 727,1000,1977.40,2000.00,2.27,-0.00,1981.70,2000.00,2.28,-0.00
00:05:57.203 [TUNER] 728,1000,1977.40,2000.00,2.27,-0.00,1981.70,2000.00,2.28,-0.00
00:05:57.238 [TUNER] 729,1000,2002.84,2000.00,1.98,-0.00,1971.92,2000.00,2.42,-0.00
00:05:57.239 [TUNER] 730,1000,2002.84,2000.00,1.98,-0.00,1971.92,2000.00,2.42,-0.00
00:05:57.273 [TUNER] 731,1000,2007.74,2000.00,1.92,-0.00,1998.46,2000.00,2.09,-0.00
00:05:57.308 [TUNER] 732,1000,2007.74,2000.00,1.92,-0.00,1998.46,2000.00,2.09,-0.00
00:05:57.308 [TUNER] 733,1002,2024.77,2000.00,1.71,-0.00,1989.90,2000.00,2.21,-0.00
00:05:57.342 [TUNER] 734,998,2024.77,2000.00,1.71,-0.00,1989.90,2000.00,2.21,-0.00
00:05:57.380 [TUNER] 735,1000,2046.53,2000.00,1.43,-0.00,1997.99,2000.00,2.11,-0.00
00:05:57.380 [TUNER] 736,1000,2046.53,2000.00,1.43,-0.00,1997.99,2000.00,2.11,-0.00
00:05:57.413 [TUNER] 737,1000,2040.97,2000.00,1.46,-0.00,2002.14,2000.00,2.06,-0.00
00:05:57.414 [TUNER] 738,1000,2040.97,2000.00,1.46,-0.00,2002.14,2000.00,2.06,-0.00
00:05:57.448 [TUNER] 739,1000,2043.39,2000.00,1.40,-0.00,2012.33,2000.00,1.92,-0.00
00:05:57.448 [TUNER] 740,1000,2043.39,2000.00,1.40,-0.00,2012.33,2000.00,1.92,-0.00
00:05:57.483 [TUNER] 741,1000,1988.63,2000.00,2.03,-0.00,2020.48,2000.00,1.81,-0.00
00:05:57.518 [TUNER] 742,1000,1988.63,2000.00,2.03,-0.00,2020.48,2000.00,1.81,-0.00
00:05:57.518 [TUNER] 743,1000,2001.52,2000.00,1.88,-0.00,2004.66,2000.00,2.00,-0.00
00:05:57.553 [TUNER] 744,1000,2001.52,2000.00,1.88,-0.00,2004.66,2000.00,2.00,-0.00
00:05:57.553 [TUNER] 745,1000,1999.81,2000.00,1.90,-0.00,2010.91,2000.00,1.91,-0.00
00:05:57.587 [TUNER] 746,1036,2017.75,2000.00,1.69,-0.00,1956.98,2000.00,2.59,-0.00
00:05:57.625 [TUNER] 747,964,2017.75,2000.00,1.69,-0.00,1956.98,2000.00,2.59,-0.00
00:05:57.626 [TUNER] 748,1002,2014.44,2000.00,1.72,-0.00,1962.33,2000.00,2.56,-0.00
00:05:57.658 [TUNER] 749,998,2014.44,2000.00,1.72,-0.00,1962.33,2000.00,2.56,-0.00
00:05:57.658 [TUNER] 750,1000,1972.71,2000.00,2.21,-0.00,1989.49,2000.00,2.23,-0.00
00:05:57.693 [TUNER] 751,1000,1972.71,2000.00,2.21,-0.00,1989.49,2000.00,2.23,-0.00
00:05:57.765 [TUNER] 752,1000,1971.60,2000.00,2.24,-0.00,1995.34,2000.00,2.16,-0.00
00:05:57.765 [TUNER] 753,1000,1971.60,2000.00,2.24,-0.00,1995.34,2000.00,2.16,-0.00
00:05:57.765 [TUNER] 754,1000,1941.51,2000.00,2.63,-0.00,2025.78,2000.00,1.77,-0.00
00:05:57.765 [TUNER] 755,1000,1941.51,2000.00,2.63,-0.00,2025.78,2000.00,1.77,-0.00
00:05:57.872 [TUNER] 756,1000,1970.70,2000.00,2.32,-0.00,2034.68,2000.00,1.63,-0.00
00:05:57.873 [TUNER] 757,1000,1970.70,2000.00,2.32,-0.00,2034.68,2000.00,1.63,-0.00
00:05:57.873 [TUNER] 758,1000,1982.02,2000.00,2.21,-0.00,2055.54,2000.00,1.33,-0.00
00:05:57.873 [TUNER] 759,1000,1982.02,2000.00,2.21,-0.00,2055.54,2000.00,1.33,-0.00
00:05:57.902 [TUNER] 760,1000,2013.41,2000.00,1.84,-0.00,2013.81,2000.00,1.83,-0.00
00:05:57.903 [TUNER] 761,1000,2013.41,2000.00,1.84,-0.00,2013.81,2000.00,1.83,-0.00
00:05:57.939 [TUNER] 762,1000,2038.53,2000.00,1.53,-0.00,2019.95,2000.00,1.74,-0.00
00:05:57.939 [TUNER] 763,1000,2038.53,2000.00,1.53,-0.00,2019.95,2000.00,1.74,-0.00
00:05:57.973 [TUNER] 764,1000,2075.80,2000.00,1.04,-0.00,1987.06,2000.00,2.15,-0.00
00:05:57.973 [TUNER] 765,1000,2075.80,2000.00,1.04,-0.00,1987.06,2000.00,2.15,-0.00
00:05:58.010 [TUNER] 766,1000,2038.61,2000.00,1.44,-0.00,1996.83,2000.00,2.04,-0.00
00:05:58.044 [TUNER] 767,1000,2038.61,2000.00,1.44,-0.00,1996.83,2000.00,2.04,-0.00
00:05:58.045 [TUNER] 768,1000,1993.40,2000.00,1.96,-0.00,1989.18,2000.00,2.14,-0.00
00:05:58.078 [TUNER] 769,1000,1993.40,2000.00,1.96,-0.00,1989.18,2000.00,2.14,-0.00
00:05:58.080 [TUNER] 770,1000,1962.38,2000.00,2.34,-0.00,2010.55,2000.00,1.87,-0.00
00:05:58.113 [TUNER] 771,1000,1962.38,2000.00,2.34,-0.00,2010.55,2000.00,1.87,-0.00
00:05:58.147 [TUNER] 772,1000,1946.16,2000.00,2.56,-0.00,1996.72,2000.00,2.04,-0.00
00:05:58.147 [TUNER] 773,1000,1946.16,2000.00,2.56,-0.00,1996.72,2000.00,2.04,-0.00
00:05:58.182 [TUNER] 774,1000,1964.11,2000.00,2.39,-0.00,1990.81,2000.00,2.12,-0.00
00:05:58.183 [TUNER] 775,1000,1964.11,2000.00,2.39,-0.00,1990.81,2000.00,2.12,-0.00
00:05:58.217 [TUNER] 776,1000,1995.65,2000.00,2.03,-0.00,1986.09,2000.00,2.19,-0.00
00:05:58.218 [TUNER] 777,1000,1995.65,2000.00,2.03,-0.00,1986.09,2000.00,2.19,-0.00
00:05:58.252 [TUNER] 778,1000,2053.52,2000.00,1.33,-0.00,1975.43,2000.00,2.34,-0.00
00:05:58.288 [TUNER] 779,1000,2053.52,2000.00,1.33,-0.00,1975.43,2000.00,2.34,-0.00
00:05:58.288 [TUNER] 780,1000,2065.46,2000.00,1.15,-0.00,1996.12,2000.00,2.09,-0.00
00:05:58.322 [TUNER] 781,1036,2047.06,2000.00,1.34,-0.00,1978.31,2000.00,2.32,-0.00
00:05:58.323 [TUNER] 782,964,2047.06,2000.00,1.34,-0.00,1978.31,2000.00,2.32,-0.00
00:05:58.358 [TUNER] 783,1002,2011.67,2000.00,1.73,-0.00,1988.13,2000.00,2.21,-0.00
00:05:58.395 [TUNER] 784,998,2011.67,2000.00,1.73,-0.00,1988.13,2000.00,2.21,-0.00
00:05:58.396 [TUNER] 785,1000,1944.69,2000.00,2.53,-0.00,2023.89,2000.00,1.75,-0.00
00:05:58.428 [TUNER] 786,1000,1944.69,2000.00,2.53,-0.00,2023.89,2000.00,1.75,-0.00
00:05:58.429 [TUNER] 787,1000,1945.75,2000.00,2.56,-0.00,2017.70,2000.00,1.81,-0.00
00:05:58.463 [TUNER] 788,1000,1945.75,2000.00,2.56,-0.00,2017.70,2000.00,1.81,-0.00
00:05:58.497 [TUNER] 789,1000,1962.06,2000.00,2.41,-0.00,2017.91,2000.00,1.79,-0.00
00:05:58.533 [TUNER] 790,1000,1962.06,2000.00,2.41,-0.00,2017.91,2000.00,1.79,-0.00
00:05:58.534 [TUNER] 791,1000,2011.19,2000.00,1.84,-0.00,1980.27,2000.00,2.27,-0.00
00:05:58.534 [TUNER] 792,1000,2011.19,2000.00,1.84,-0.00,1980.27,2000.00,2.27,-0.00
00:05:58.567 [TUNER] 793,1000,2007.54,2000.00,1.87,-0.00,1994.83,2000.00,2.10,-0.00
00:05:58.604 [TUNER] 794,1000,2007.54,2000.00,1.87,-0.00,1994.83,2000.00,2.10,-0.00
00:05:58.604 [TUNER] 795,1000,1987.44,2000.00,2.11,-0.00,1951.50,2000.00,2.67,-0.00
00:05:58.638 [TUNER] 796,1000,1987.44,2000.00,2.11,-0.00,1951.50,2000.00,2.67,-0.00
00:05:58.639 [TUNER] 797,1000,1983.39,2000.00,2.17,-0.00,1963.23,2000.00,2.55,-0.00
00:05:58.672 [TUNER] 798,1000,1983.39,2000.00,2.17,-0.00,1963.23,2000.00,2.55,-0.00
00:05:58.706 [TUNER] 799,1000,1974.99,2000.00,2.29,-0.00,1982.92,2000.00,2.33,-0.00
00:05:58.708 [TUNER] 800,1000,1974.99,2000.00,2.29,-0.00,1982.92,2000.00,2.33,-0.00
00:05:58.744 [TUNER] 801,1000,1976.87,2000.00,2.28,-0.00,2021.00,2000.00,1.84,-0.00
00:05:58.744 [TUNER] 802,1000,1976.87,2000.00,2.28,-0.00,2021.00,2000.00,1.84,-0.00
00:05:58.778 [TUNER] 803,1002,1967.48,2000.00,2.41,-0.00,2014.79,2000.00,1.90,-0.00
00:05:58.813 [TUNER] 804,998,1967.48,2000.00,2.41,-0.00,2014.79,2000.00,1.90,-0.00
00:05:58.814 [TUNER] 805,1000,1998.98,2000.00,2.06,-0.00,2033.39,2000.00,1.65,-0.00
00:05:58.848 [TUNER] 806,1000,1998.98,2000.00,2.06,-0.00,2033.39,2000.00,1.65,-0.00
00:05:58.849 [TUNER] 807,1000,2035.57,2000.00,1.61,-0.00,2027.02,2000.00,1.71,-0.00
00:05:58.921 [TUNER] 808,1000,2035.57,2000.00,1.61,-0.00,2027.02,2000.00,1.71,-0.00
00:05:58.921 [TUNER] 809,1000,2059.69,2000.00,1.30,-0.00,2006.46,2000.00,1.95,-0.00
00:05:58.921 [TUNER] 810,1000,2059.69,2000.00,1.30,-0.00,2006.46,2000.00,1.95,-0.00
00:05:58.955 [TUNER] 811,1000,2024.01,2000.00,1.68,-0.00,2000.32,2000.00,2.03,-0.00
00:05:58.956 [TUNER] 812,1000,2024.01,2000.00,1.68,-0.00,2000.32,2000.00,2.03,-0.00
00:05:58.987 [TUNER] 813,1000,2024.67,2000.00,1.66,-0.00,1971.36,2000.00,2.41,-0.00
00:05:59.021 [TUNER] 814,1000,2024.67,2000.00,1.66,-0.00,1971.36,2000.00,2.41,-0.00
00:05:59.057 [TUNER] 815,1000,1973.65,2000.00,2.25,-0.00,1996.29,2000.00,2.10,-0.00
00:05:59.057 [TUNER] 816,1036,1937.13,2000.00,2.69,-0.00,1971.82,2000.00,2.42,-0.00
00:05:59.058 [TUNER] 817,964,1937.13,2000.00,2.69,-0.00,1971.82,2000.00,2.42,-0.00
00:05:59.093 [TUNER] 818,1002,1944.70,2000.00,2.65,-0.00,1972.46,2000.00,2.43,-0.00
00:05:59.127 [TUNER] 819,998,1944.70,2000.00,2.65,-0.00,1972.46,2000.00,2.43,-0.00
00:05:59.128 [TUNER] 820,1000,1977.10,2000.00,2.30,-0.00,1992.43,2000.00,2.19,-0.00
00:05:59.163 [TUNER] 821,1000,1977.10,2000.00,2.30,-0.00,1992.43,2000.00,2.19,-0.00
00:05:59.164 [TUNER] 822,1000,2023.22,2000.00,1.76,-0.00,1985.66,2000.00,2.29,-0.00
00:05:59.199 [TUNER] 823,1000,2023.22,2000.00,1.76,-0.00,1985.66,2000.00,2.29,-0.00
00:05:59.199 [TUNER] 824,1000,2037.79,2000.00,1.56,-0.00,2009.45,2000.00,1.99,-0.00
00:05:59.233 [TUNER] 825,1000,2037.79,2000.00,1.56,-0.00,2009.45,2000.00,1.99,-0.00
00:05:59.269 [TUNER] 826,1000,2075.21,2000.00,1.08,-0.00,2002.72,2000.00,2.07,-0.00
00:05:59.270 [TUNER] 827,1000,2075.21,2000.00,1.08,-0.00,2002.72,2000.00,2.07,-0.00
00:05:59.302 [TUNER] 828,1000,2036.42,2000.00,1.49,-0.00,2031.69,2000.00,1.69,-0.00
00:05:59.304 [TUNER] 829,1000,2036.42,2000.00,1.49,-0.00,2031.69,2000.00,1.69,-0.00
00:05:59.338 [TUNER] 830,1000,2000.24,2000.00,1.91,-0.00,2017.07,2000.00,1.85,-0.00
00:05:59.373 [TUNER] 831,1000,2000.24,2000.00,1.91,-0.00,2017.07,2000.00,1.85,-0.00
00:05:59.373 [TUNER] 832,1000,1983.32,2000.00,2.11,-0.00,2025.99,2000.00,1.72,-0.00
00:05:59.407 [TUNER] 833,1000,1983.32,2000.00,2.11,-0.00,2025.99,2000.00,1.72,-0.00
00:05:59.409 [TUNER] 834,1000,1980.09,2000.00,2.16,-0.00,1988.46,2000.00,2.19,-0.00
00:05:59.442 [TUNER] 835,1000,1980.09,2000.00,2.16,-0.00,1988.46,2000.00,2.19,-0.00
00:05:59.479 [TUNER] 836,1000,1992.97,2000.00,2.02,-0.00,1991.07,2000.00,2.17,-0.00
00:05:59.479 [TUNER] 837,1000,1992.97,2000.00,2.02,-0.00,1991.07,2000.00,2.17,-0.00
00:05:59.514 [TUNER] 838,1000,1968.91,2000.00,2.32,-0.00,1986.29,2000.00,2.24,-0.00
00:05:59.514 [TUNER] 839,1000,1968.91,2000.00,2.32,-0.00,1986.29,2000.00,2.24,-0.00
00:05:59.549 [TUNER] 840,1000,1972.00,2000.00,2.30,-0.00,1975.60,2000.00,2.39,-0.00
00:05:59.584 [TUNER] 841,1000,1972.00,2000.00,2.30,-0.00,1975.60,2000.00,2.39,-0.00
00:05:59.586 [TUNER] 842,1000,1953.86,2000.00,2.55,-0.00,2004.84,2000.00,2.02,-0.00
00:05:59.618 [TUNER] 843,1000,1953.86,2000.00,2.55,-0.00,2004.84,2000.00,2.02,-0.00
00:05:59.618 [TUNER] 844,1000,1973.70,2000.00,2.34,-0.00,2012.77,2000.00,1.92,-0.00
00:05:59.654 [TUNER] 845,1000,1973.70,2000.00,2.34,-0.00,2012.77,2000.00,1.92,-0.00
00:05:59.688 [TUNER] 846,1000,1980.99,2000.00,2.27,-0.00,2038.01,2000.00,1.57,-0.00
00:05:59.689 [TUNER] 847,1000,1980.99,2000.00,2.27,-0.00,2038.01,2000.00,1.57,-0.00
00:05:59.723 [TUNER] 848,1000,1988.53,2000.00,2.19,-0.00,1992.92,2000.00,2.13,-0.00
00:05:59.724 [TUNER] 849,1000,1988.53,2000.00,2.19,-0.00,1992.92,2000.00,2.13,-0.00
00:05:59.757 [TUNER] 850,1000,2010.03,2000.00,1.94,-0.00,2016.98,2000.00,1.83,-0.00
00:05:59.793 [TUNER] 851,1036,2042.52,2000.00,1.56,-0.00,1985.05,2000.00,2.22,-0.00
00:05:59.793 [TUNER] 852,964,2042.52,2000.00,1.56,-0.00,1985.05,2000.00,2.22,-0.00
00:05:59.828 [TUNER] 853,1002,2067.46,2000.00,1.22,-0.00,1974.30,2000.00,2.38,-0.00
00:05:59.828 [TUNER] 854,998,2067.46,2000.00,1.22,-0.00,1974.30,2000.00,2.38,-0.00
00:05:59.863 [TUNER] 855,1000,2035.76,2000.00,1.56,-0.00,1990.47,2000.00,2.19,-0.00
00:05:59.900 [TUNER] 856,1000,2035.76,2000.00,1.56,-0.00,1990.47,2000.00,2.19,-0.00
00:05:59.904 [TUNER] 857,1000,2011.73,2000.00,1.82,-0.00,1994.40,2000.00,2.14,-0.00
00:05:59.933 [TUNER] 858,1000,2011.73,2000.00,1.82,-0.00,1994.40,2000.00,2.14,-0.00
00:05:59.933 [TUNER] 859,1000,1961.59,2000.00,2.42,-0.00,2016.44,2000.00,1.86,-0.00
00:05:59.968 [TUNER] 860,1000,1961.59,2000.00,2.42,-0.00,2016.44,2000.00,1.86,-0.00
00:06:00.003 [TUNER] 861,1000,1955.83,2000.00,2.52,-0.00,1980.82,2000.00,2.31,-0.00
00:06:00.009 [TUNER] 862,1000,1955.83,2000.00,2.52,-0.00,1980.82,2000.00,2.31,-0.00
00:06:00.037 [TUNER] 863,1000,1954.67,2000.00,2.57,-0.00,2005.58,2000.00,2.00,-0.00
00:06:00.040 [TUNER] 864,1000,1954.67,2000.00,2.57,-0.00,2005.58,2000.00,2.00,-0.00
00:06:00.074 [TUNER] 865,1000,1994.97,2000.00,2.11,-0.00,1980.72,2000.00,2.32,-0.00
00:06:00.106 [TUNER] 866,1000,1994.97,2000.00,2.11,-0.00,1980.72,2000.00,2.32,-0.00
00:06:00.107 [TUNER] 867,1000,2044.39,2000.00,1.52,-0.00,2000.35,2000.00,2.08,-0.00
00:06:00.142 [TUNER] 868,1000,2044.39,2000.00,1.52,-0.00,2000.35,2000.00,2.08,-0.00
00:06:00.143 [TUNER] 869,1000,2077.05,2000.00,1.09,-0.00,1998.87,2000.00,2.10,-0.00
00:06:00.178 [TUNER] 870,1000,2077.05,2000.00,1.09,-0.00,1998.87,2000.00,2.10,-0.00
00:06:00.179 [TUNER] 871,1000,2075.69,2000.00,1.05,-0.00,2004.55,2000.00,2.03,-0.00
00:06:00.213 [TUNER] 872,1000,2075.69,2000.00,1.05,-0.00,2004.55,2000.00,2.03,-0.00
00:06:00.248 [TUNER] 873,1002,2024.06,2000.00,1.61,-0.00,2022.01,2000.00,1.79,-0.00
00:06:00.249 [TUNER] 874,998,2024.06,2000.00,1.61,-0.00,2022.01,2000.00,1.79,-0.00
00:06:00.283 [TUNER] 875,1000,1999.70,2000.00,1.89,-0.00,2025.61,2000.00,1.73,-0.00
00:06:00.284 [TUNER] 876,1000,1999.70,2000.00,1.89,-0.00,2025.61,2000.00,1.73,-0.00
00:06:00.318 [TUNER] 877,1000,1962.27,2000.00,2.34,-0.00,2013.92,2000.00,1.86,-0.00
00:06:00.353 [TUNER] 878,1000,1962.27,2000.00,2.34,-0.00,2013.92,2000.00,1.86,-0.00
00:06:00.355 [TUNER] 879,1000,1973.56,2000.00,2.24,-0.00,1983.96,2000.00,2.24,-0.00
00:06:00.389 [TUNER] 880,1000,1973.56,2000.00,2.24,-0.00,1983.96,2000.00,2.24,-0.00
00:06:00.389 [TUNER] 881,1000,1965.41,2000.00,2.35,-0.00,1996.06,2000.00,2.10,-0.00
00:06:00.423 [TUNER] 882,1000,1965.41,2000.00,2.35,-0.00,1996.06,2000.00,2.10,-0.00
00:06:00.459 [TUNER] 883,1000,1965.76,2000.00,2.38,-0.00,1954.21,2000.00,2.65,-0.00
00:06:00.460 [TUNER] 884,1000,1965.76,2000.00,2.38,-0.00,1954.21,2000.00,2.65,-0.00
00:06:00.493 [TUNER] 885,1000,1976.35,2000.00,2.27,-0.00,1975.70,2000.00,2.41,-0.00
00:06:00.493 [TUNER] 886,1036,1982.41,2000.00,2.21,-0.00,2018.37,2000.00,1.87,-0.00
00:06:00.527 [TUNER] 887,964,1982.41,2000.00,2.21,-0.00,2018.37,2000.00,1.87,-0.00
00:06:00.564 [TUNER] 888,1002,2028.11,2000.00,1.67,-0.00,2021.92,2000.00,1.81,-0.00
00:06:00.564 [TUNER] 889,998,2028.11,2000.00,1.67,-0.00,2021.92,2000.00,1.81,-0.00
00:06:00.598 [TUNER] 890,1000,2000.84,2000.00,1.98,-0.00,2032.00,2000.00,1.66,-0.00
00:06:00.599 [TUNER] 891,1000,2000.84,2000.00,1.98,-0.00,2032.00,2000.00,1.66,-0.00
00:06:00.633 [TUNER] 892,1000,2000.98,2000.00,1.98,-0.00,2013.89,2000.00,1.87,-0.00
00:06:00.668 [TUNER] 893,1000,2000.98,2000.00,1.98,-0.00,2013.89,2000.00,1.87,-0.00
00:06:00.670 [TUNER] 894,1000,1982.19,2000.00,2.21,-0.00,2026.88,2000.00,1.69,-0.00
00:06:00.702 [TUNER] 895,1000,1982.19,2000.00,2.21,-0.00,2026.88,2000.00,1.69,-0.00
00:06:00.704 [TUNER] 896,1000,1996.37,2000.00,2.05,-0.00,1990.89,2000.00,2.14,-0.00
00:06:00.739 [TUNER] 897,1000,1996.37,2000.00,2.05,-0.00,1990.89,2000.00,2.14,-0.00
00:06:00.773 [TUNER] 898,1000,1980.22,2000.00,2.25,-0.00,2005.04,2000.00,1.96,-0.00
00:06:00.773 [TUNER] 899,1000,1980.22,2000.00,2.25,-0.00,2005.04,2000.00,1.96,-0.00
00:06:00.809 [TUNER] 900,1000,1981.05,2000.00,2.25,-0.00,1978.57,2000.00,2.31,-0.00
00:06:00.809 [TUNER] 901,1000,1981.05,2000.00,2.25,-0.00,1978.57,2000.00,2.31,-0.00
00:06:00.842 [TUNER] 902,1000,1993.74,2000.00,2.11,-0.00,2000.34,2000.00,2.04,-0.00
00:06:00.843 [TUNER] 903,1000,1993.74,2000.00,2.11,-0.00,2000.34,2000.00,2.04,-0.00
00:06:00.877 [TUNER] 904,1000,1998.73,2000.00,2.06,-0.00,1997.15,2000.00,2.08,-0.00
00:06:00.913 [TUNER] 905,1000,1998.73,2000.00,2.06,-0.00,1997.15,2000.00,2.08,-0.00
00:06:00.914 [TUNER] 906,1000,2035.37,2000.00,1.61,-0.00,1989.43,2000.00,2.18,-0.00
00:06:00.948 [TUNER] 907,1000,2035.37,2000.00,1.61,-0.00,1989.43,2000.00,2.18,-0.00
00:06:00.949 [TUNER] 908,1000,2004.55,2000.00,1.96,-0.00,2000.45,2000.00,2.05,-0.00
00:06:00.984 [TUNER] 909,1000,2004.55,2000.00,1.96,-0.00,2000.45,2000.00,2.05,-0.00
00:06:01.021 [TUNER] 910,1000,2014.26,2000.00,1.84,-0.00,1985.20,2000.00,2.25,-0.00
00:06:01.022 [TUNER] 911,1000,2014.26,2000.00,1.84,-0.00,1985.20,2000.00,2.25,-0.00
00:06:01.054 [TUNER] 912,1000,2001.41,2000.00,1.98,-0.00,2002.21,2000.00,2.04,-0.00
00:06:01.054 [TUNER] 913,1000,2001.41,2000.00,1.98,-0.00,2002.21,2000.00,2.04,-0.00
00:06:01.088 [TUNER] 914,1000,2022.05,2000.00,1.73,-0.00,1990.05,2000.00,2.19,-0.00
00:06:01.122 [TUNER] 915,1000,2022.05,2000.00,1.73,-0.00,1990.05,2000.00,2.19,-0.00
00:06:01.123 [TUNER] 916,1000,1995.61,2000.00,2.04,-0.00,2023.27,2000.00,1.77,-0.00
00:06:01.158 [TUNER] 917,1000,1995.61,2000.00,2.04,-0.00,2023.27,2000.00,1.77,-0.00
00:06:01.158 [TUNER] 918,1000,1986.49,2000.00,2.15,-0.00,2013.77,2000.00,1.87,-0.00
00:06:01.192 [TUNER] 919,1000,1986.49,2000.00,2.15,-0.00,2013.77,2000.00,1.87,-0.00
00:06:01.228 [TUNER] 920,1000,1998.09,2000.00,2.02,-0.00,2009.61,2000.00,1.92,-0.00
00:06:01.228 [TUNER] 921,1036,2006.43,2000.00,1.92,-0.00,1989.11,2000.00,2.17,-0.00
00:06:01.262 [TUNER] 922,964,2006.43,2000.00,1.92,-0.00,1989.11,2000.00,2.17,-0.00
00:06:01.262 [TUNER] 923,1002,2042.08,2000.00,1.49,-0.00,1954.82,2000.00,2.63,-0.00
00:06:01.298 [TUNER] 924,998,2042.08,2000.00,1.49,-0.00,1954.82,2000.00,2.63,-0.00
00:06:01.335 [TUNER] 925,1000,1999.98,2000.00,1.96,-0.00,1985.20,2000.00,2.27,-0.00
00:06:01.337 [TUNER] 926,1000,1999.98,2000.00,1.96,-0.00,1985.20,2000.00,2.27,-0.00
00:06:01.370 [TUNER] 927,1000,1981.39,2000.00,2.19,-0.00,1971.29,2000.00,2.46,-0.00
00:06:01.371 [TUNER] 928,1000,1981.39,2000.00,2.19,-0.00,1971.29,2000.00,2.46,-0.00
00:06:01.402 [TUNER] 929,1000,1959.65,2000.00,2.47,-0.00,2004.83,2000.00,2.05,-0.00
00:06:01.439 [TUNER] 930,1000,1959.65,2000.00,2.47,-0.00,2004.83,2000.00,2.05,-0.00
00:06:01.439 [TUNER] 931,1000,1945.69,2000.00,2.67,-0.00,2017.92,2000.00,1.87,-0.00
00:06:01.473 [TUNER] 932,1000,1945.69,2000.00,2.67,-0.00,2017.92,2000.00,1.87,-0.00
00:06:01.474 [TUNER] 933,1000,1989.51,2000.00,2.18,-0.00,2055.87,2000.00,1.36,-0.00
00:06:01.507 [TUNER] 934,1000,1989.51,2000.00,2.18,-0.00,2055.87,2000.00,1.36,-0.00
00:06:01.542 [TUNER] 935,1000,2027.99,2000.00,1.72,-0.00,2020.95,2000.00,1.77,-0.00
00:06:01.543 [TUNER] 936,1000,2027.99,2000.00,1.72,-0.00,2020.95,2000.00,1.77,-0.00
00:06:01.577 [TUNER] 937,1000,2067.37,2000.00,1.22,-0.00,2017.07,2000.00,1.80,-0.00
00:06:01.578 [TUNER] 938,1000,2067.37,2000.00,1.22,-0.00,2017.07,2000.00,1.80,-0.00
00:06:01.612 [TUNER] 939,1000,2047.33,2000.00,1.41,-0.00,2003.66,2000.00,1.97,-0.00
00:06:01.649 [TUNER] 940,1000,2047.33,2000.00,1.41,-0.00,2003.66,2000.00,1.97,-0.00
00:06:01.649 [TUNER] 941,1000,2000.38,2000.00,1.94,-0.00,1982.62,2000.00,2.24,-0.00
00:06:01.683 [TUNER] 942,1000,2000.38,2000.00,1.94,-0.00,1982.62,2000.00,2.24,-0.00
00:06:01.684 [TUNER] 943,1000,1931.89,2000.00,2.77,-0.00,1981.25,2000.00,2.27,-0.00
00:06:01.718 [TUNER] 944,1000,1931.89,2000.00,2.77,-0.00,1981.25,2000.00,2.27,-0.00
00:06:01.752 [TUNER] 945,1000,1916.61,2000.00,3.01,-0.00,1981.87,2000.00,2.28,-0.00
00:06:01.754 [TUNER] 946,1000,1916.61,2000.00,3.01,-0.00,1981.87,2000.00,2.28,-0.00
00:06:01.789 [TUNER] 947,1000,1937.03,2000.00,2.83,0.00,2006.42,2000.00,1.97,-0.00
00:06:01.789 [TUNER] 948,1000,1937.03,2000.00,2.83,0.00,2006.42,2000.00,1.97,-0.00
00:06:01.822 [TUNER] 949,1000,2028.96,2000.00,1.76,-0.00,1986.54,2000.00,2.23,-0.00
00:06:01.858 [TUNER] 950,1000,2028.96,2000.00,1.76,-0.00,1986.54,2000.00,2.23,-0.00
00:06:01.858 [TUNER] 951,1000,2088.76,2000.00,1.01,-0.00,2006.72,2000.00,1.97,-0.00
00:06:01.893 [TUNER] 952,1000,2088.76,2000.00,1.01,-0.00,2006.72,2000.00,1.97,-0.00
00:06:01.893 [TUNER] 953,1000,2109.12,2000.00,0.70,-0.00,1988.51,2000.00,2.21,-0.00
00:06:01.927 [TUNER] 954,1000,2109.12,2000.00,0.70,-0.00,1988.51,2000.00,2.21,-0.00
00:06:01.962 [TUNER] 955,1000,2065.27,2000.00,1.15,-0.00,1996.27,2000.00,2.11,-0.00
00:06:01.963 [TUNER] 956,1036,1973.93,2000.00,2.20,-0.00,2008.29,2000.00,1.96,-0.00
00:06:01.998 [TUNER] 957,964,1973.93,2000.00,2.20,-0.00,2008.29,2000.00,1.96,-0.00
00:06:01.999 [TUNER] 958,1002,1923.46,2000.00,2.83,-0.00,1987.64,2000.00,2.23,-0.00
00:06:02.033 [TUNER] 959,998,1923.46,2000.00,2.83,-0.00,1987.64,2000.00,2.23,-0.00
00:06:02.068 [TUNER] 960,1000,1927.44,2000.00,2.84,-0.00,2023.50,2000.00,1.77,-0.00
00:06:02.071 [TUNER] 961,1000,1927.44,2000.00,2.84,-0.00,2023.50,2000.00,1.77,-0.00
00:06:02.106 [TUNER] 962,1000,1940.54,2000.00,2.73,-0.00,2012.23,2000.00,1.90,-0.00
00:06:02.107 [TUNER] 963,1000,1940.54,2000.00,2.73,-0.00,2012.23,2000.00,1.90,-0.00
00:06:02.139 [TUNER] 964,1000,1981.95,2000.00,2.28,-0.00,2023.84,2000.00,1.73,-0.00
00:06:02.173 [TUNER] 965,1000,1981.95,2000.00,2.28,-0.00,2023.84,2000.00,1.73,-0.00
00:06:02.206 [TUNER] 966,1000,2023.66,2000.00,1.78,-0.00,1986.74,2000.00,2.20,-0.00
00:06:02.208 [TUNER] 967,1000,2023.66,2000.00,1.78,-0.00,1986.74,2000.00,2.20,-0.00
00:06:02.208 [TUNER] 968,1000,2032.98,2000.00,1.65,-0.00,1979.39,2000.00,2.31,-0.00
00:06:02.242 [TUNER] 969,1000,2032.98,2000.00,1.65,-0.00,1979.39,2000.00,2.31,-0.00
00:06:02.278 [TUNER] 970,1000,1997.49,2000.00,2.06,-0.00,1975.23,2000.00,2.38,-0.00
00:06:02.278 [TUNER] 971,1005,1993.68,2000.00,2.10,-0.00,1945.44,2000.00,2.77,-0.00
00:06:02.315 [TUNER] 972,995,1993.68,2000.00,2.10,-0.00,1945.44,2000.00,2.77,-0.00
00:06:02.315 [TUNER] 973,1002,1956.37,2000.00,2.56,-0.00,1971.38,2000.00,2.47,-0.00
00:06:02.348 [TUNER] 974,998,1956.37,2000.00,2.56,-0.00,1971.38,2000.00,2.47,-0.00
00:06:02.384 [TUNER] 975,1000,1955.68,2000.00,2.60,0.00,1988.34,2000.00,2.27,-0.00
00:06:02.384 [TUNER] 976,1000,1955.68,2000.00,2.60,0.00,1988.34,2000.00,2.27,-0.00
00:06:02.419 [TUNER] 977,1000,1999.21,2000.00,2.11,0.00,2025.34,2000.00,1.80,-0.00
00:06:02.419 [TUNER] 978,1000,1999.21,2000.00,2.11,0.00,2025.34,2000.00,1.80,-0.00
00:06:02.454 [TUNER] 979,1000,2034.04,2000.00,1.69,-0.00,2032.61,2000.00,1.68,-0.00
00:06:02.456 [TUNER] 980,1000,2034.04,2000.00,1.69,-0.00,2032.61,2000.00,1.68,-0.00
00:06:02.487 [TUNER] 981,1000,2060.18,2000.00,1.34,-0.00,2064.19,2000.00,1.24,-0.00
00:06:02.522 [TUNER] 982,1000,2060.18,2000.00,1.34,-0.00,2064.19,2000.00,1.24,-0.00
00:06:02.523 [TUNER] 983,1000,2065.63,2000.00,1.23,-0.00,2051.66,2000.00,1.35,-0.00
00:06:02.557 [TUNER] 984,1000,2065.63,2000.00,1.23,-0.00,2051.66,2000.00,1.35,-0.00
00:06:02.557 [TUNER] 985,1000,2051.10,2000.00,1.36,-0.00,2033.05,2000.00,1.56,-0.00
00:06:02.592 [TUNER] 986,1000,2051.10,2000.00,1.36,-0.00,2033.05,2000.00,1.56,-0.00
00:06:02.629 [TUNER] 987,1000,1939.82,2000.00,2.67,-0.00,1978.64,2000.00,2.24,-0.00
00:06:02.630 [TUNER] 988,1000,1939.82,2000.00,2.67,-0.00,1978.64,2000.00,2.24,-0.00
00:06:02.662 [TUNER] 989,1000,1900.62,2000.00,3.19,-0.00,1967.76,2000.00,2.40,-0.00
00:06:02.663 [TUNER] 990,1000,1925.15,2000.00,2.94,-0.00,1989.14,2000.00,2.14,-0.00
00:06:02.699 [TUNER] 991,1040,1947.29,2000.00,2.71,0.00,1981.93,2000.00,2.24,-0.00
00:06:02.733 [TUNER] 992,960,1947.29,2000.00,2.71,0.00,1981.93,2000.00,2.24,-0.00
00:06:02.734 [TUNER] 993,1002,2035.95,2000.00,1.67,-0.00,1974.34,2000.00,2.35,-0.00
00:06:02.768 [TUNER] 994,998,2035.95,2000.00,1.67,-0.00,1974.34,2000.00,2.35,-0.00
00:06:02.769 [TUNER] 995,1000,2093.10,2000.00,0.96,-0.00,1997.38,2000.00,2.07,-0.00
00:06:02.802 [TUNER] 996,1000,2093.10,2000.00,0.96,-0.00,1997.38,2000.00,2.07,-0.00
00:06:02.837 [TUNER] 997,1000,2103.99,2000.00,0.75,-0.00,1977.60,2000.00,2.33,-0.00
00:06:02.837 [TUNER] 998,1000,2103.99,2000.00,0.75,-0.00,1977.60,2000.00,2.33,-0.00
00:06:02.873 [TUNER] 999,1000,2050.86,2000.00,1.32,-0.00,1996.13,2000.00,2.11,-0.00
00:06:02.874 [TUNER] 1000,1000,1987.04,1999.90,2.05,-0.00,1998.13,1999.90,2.08,-0.00
00:06:02.907 [TUNER] 1001,1000,1987.04,1999.70,2.05,-0.00,1998.13,1999.70,2.08,-0.00
00:06:02.943 [TUNER] 1002,1000,1961.11,1999.40,2.36,-0.00,1983.73,1999.40,2.27,-0.00
00:06:02.943 [TUNER] 1003,1000,1961.11,1999.00,2.36,-0.00,1983.73,1999.00,2.27,-0.00
00:06:02.978 [TUNER] 1004,1000,1922.80,1998.50,2.84,-0.00,2025.09,1998.50,1.73,-0.00
00:06:02.978 [TUNER] 1005,1000,1922.80,1997.90,2.84,-0.00,2025.09,1997.90,1.73,-0.00
00:06:03.012 [TUNER] 1006,1000,1948.86,1997.20,2.57,-0.00,2008.35,1997.20,1.90,-0.00
00:06:03.048 [TUNER] 1007,1000,1948.86,1996.40,2.57,-0.00,2008.35,1996.40,1.90,-0.00
00:06:03.048 [TUNER] 1008,1000,2021.25,1995.50,1.71,-0.00,2013.86,1995.50,1.80,-0.00
00:06:03.083 [TUNER] 1009,1000,2021.25,1994.50,1.71,-0.00,2013.86,1994.50,1.80,-0.00
00:06:03.083 [TUNER] 1010,1000,2034.48,1993.40,1.50,-0.00,1966.73,1993.40,2.37,-0.00
00:06:03.118 [TUNER] 1011,1000,2034.48,1992.20,1.50,-0.00,1966.73,1992.20,2.37,-0.00
00:06:03.153 [TUNER] 1012,1000,2009.00,1990.90,1.74,-0.00,1961.66,1990.90,2.43,-0.00
00:06:03.154 [TUNER] 1013,1000,2009.00,1989.50,1.74,-0.00,1961.66,1989.50,2.43,-0.00
00:06:03.188 [TUNER] 1014,1000,1923.32,1988.00,2.73,-0.00,1974.79,1988.00,2.24,-0.00
00:06:03.189 [TUNER] 1015,1000,1923.32,1986.40,2.73,-0.00,1974.79,1986.40,2.24,-0.00
00:06:03.223 [TUNER] 1016,1000,1899.45,1984.70,3.02,-0.00,1980.14,1984.70,2.13,-0.00
00:06:03.223 [TUNER] 1017,1000,1899.45,1982.90,3.02,-0.00,1980.14,1982.90,2.13,-0.00
00:06:03.257 [TUNER] 1018,1000,1940.48,1981.00,2.54,0.00,2006.76,1981.00,1.73,-0.00
00:06:03.293 [TUNER] 1019,1000,1940.48,1979.00,2.54,0.00,2006.76,1979.00,1.73,-0.00
00:06:03.293 [TUNER] 1020,1000,2016.26,1976.90,1.60,-0.00,2009.15,1976.90,1.62,-0.00
00:06:03.328 [TUNER] 1021,1000,2016.26,1974.70,1.60,-0.00,2009.15,1974.70,1.62,-0.00
00:06:03.328 [TUNER] 1022,1000,2015.04,1972.40,1.53,-0.00,2029.96,1972.40,1.26,-0.00
00:06:03.362 [TUNER] 1023,1000,2015.04,1970.00,1.53,-0.00,2029.96,1970.00,1.26,-0.00
00:06:03.401 [TUNER] 1024,1000,2043.26,1967.50,1.09,-0.00,1983.04,1967.50,1.76,-0.00
00:06:03.401 [TUNER] 1025,1000,2043.26,1964.90,1.09,-0.00,1983.04,1964.90,1.76,-0.00
00:06:03.434 [TUNER] 1026,1035,2039.85,1962.20,1.00,-0.00,1993.37,1962.20,1.54,-0.00
00:06:03.434 [TUNER] 1027,965,2039.85,1959.40,1.00,-0.00,1993.37,1959.40,1.54,-0.00
00:06:03.466 [TUNER] 1028,1002,2042.40,1956.50,0.84,-0.00,1954.55,1956.50,1.94,-0.00
00:06:03.502 [TUNER] 1029,998,2042.40,1953.50,0.84,-0.00,1954.55,1953.50,1.94,-0.00
00:06:03.504 [TUNER] 1030,1000,1981.31,1950.40,1.43,-0.00,1971.23,1950.40,1.64,-0.00
00:06:03.539 [TUNER] 1031,1000,1981.31,1947.20,1.43,-0.00,1971.23,1947.20,1.64,-0.00
00:06:03.540 [TUNER] 1032,1000,1920.07,1943.90,2.07,-0.00,1951.52,1943.90,1.79,-0.00
00:06:03.572 [TUNER] 1033,1000,1920.07,1940.50,2.07,-0.00,1951.52,1940.50,1.79,-0.00
00:06:03.608 [TUNER] 1034,1000,1895.13,1937.00,2.30,-0.00,1961.52,1937.00,1.55,-0.00
00:06:03.608 [TUNER] 1035,1000,1895.13,1933.40,2.30,-0.00,1961.52,1933.40,1.55,-0.00
00:06:03.643 [TUNER] 1036,1000,1868.31,1929.70,2.56,-0.00,1954.06,1929.70,1.53,-0.00
00:06:03.643 [TUNER] 1037,1000,1868.31,1925.90,2.56,-0.00,1954.06,1925.90,1.53,-0.00
00:06:03.677 [TUNER] 1038,1000,1920.72,1922.00,1.87,-0.00,1939.51,1922.00,1.59,-0.00
00:06:03.713 [TUNER] 1039,1000,1920.72,1918.00,1.87,-0.00,1939.51,1918.00,1.59,-0.00
00:06:03.713 [TUNER] 1040,1000,1981.56,1913.90,1.03,-0.00,1943.32,1913.90,1.41,-0.00
00:06:03.748 [TUNER] 1041,1000,1981.56,1909.70,1.03,-0.00,1943.32,1909.70,1.41,-0.00
00:06:03.749 [TUNER] 1042,1000,2052.56,1905.40,0.00,-0.00,1910.30,1905.40,1.70,-0.00
00:06:03.784 [TUNER] 1043,1000,2052.56,1901.00,0.00,-0.00,1910.30,1901.00,1.70,-0.00
00:06:03.818 [TUNER] 1044,1000,2002.84,1896.50,0.38,-0.00,1921.67,1896.50,1.42,-0.00
00:06:03.820 [TUNER] 1045,1000,2002.84,1891.90,0.38,-0.00,1921.67,1891.90,1.42,-0.00
00:06:03.855 [TUNER] 1046,1000,1916.68,1887.20,1.22,-0.00,1901.57,1887.20,1.53,-0.00
00:06:03.856 [TUNER] 1047,1000,1916.68,1882.40,1.22,-0.00,1901.57,1882.40,1.53,-0.00
00:06:03.888 [TUNER] 1048,1000,1839.15,1877.50,2.01,-0.00,1899.23,1877.50,1.42,-0.00
00:06:03.923 [TUNER] 1049,1000,1839.15,1872.50,2.01,-0.00,1899.23,1872.50,1.42,-0.00
00:06:03.924 [TUNER] 1050,1000,1789.01,1867.40,2.51,-0.00,1902.32,1867.40,1.21,-0.00
00:06:03.959 [TUNER] 1051,1000,1789.01,1862.20,2.51,-0.00,1902.32,1862.20,1.21,-0.00
00:06:03.959 [TUNER] 1052,1000,1843.74,1856.90,1.77,-0.00,1893.14,1856.90,1.16,-0.00
00:06:03.992 [TUNER] 1053,1000,1843.74,1851.50,1.77,-0.00,1893.14,1851.50,1.16,-0.00
00:06:04.028 [TUNER] 1054,1000,1878.74,1846.00,1.21,-0.00,1904.51,1846.00,0.83,-0.00
00:06:04.028 [TUNER] 1055,1000,1878.74,1840.40,1.21,-0.00,1904.51,1840.40,0.83,-0.00
00:06:04.063 [TUNER] 1056,1000,1930.79,1834.70,0.41,-0.00,1865.50,1834.70,1.13,-0.00
00:06:04.063 [TUNER] 1057,1000,1930.79,1828.90,0.41,-0.00,1865.50,1828.90,1.13,-0.00
00:06:04.098 [TUNER] 1058,1000,1891.68,1823.00,0.66,-0.00,1841.17,1823.00,1.26,-0.00
00:06:04.133 [TUNER] 1059,1000,1891.68,1817.00,0.66,-0.00,1841.17,1817.00,1.26,-0.00
00:06:04.135 [TUNER] 1060,1000,1784.80,1810.90,1.74,-0.00,1797.65,1810.90,1.65,-0.00
00:06:04.170 [TUNER] 1061,1036,1729.66,1804.70,2.32,-0.00,1723.36,1804.70,2.51,-0.00
00:06:04.171 [TUNER] 1062,964,1729.66,1798.40,2.32,-0.00,1723.36,1798.40,2.51,-0.00
00:06:04.204 [TUNER] 1063,1002,1654.63,1792.00,3.12,-0.00,1714.26,1792.00,2.52,-0.00
00:06:04.206 [TUNER] 1064,998,1654.63,1785.50,3.12,-0.00,1714.26,1785.50,2.52,-0.00
00:06:04.237 [TUNER] 1065,1000,1657.34,1778.90,3.02,-0.00,1751.48,1778.90,1.91,-0.00
00:06:04.271 [TUNER] 1066,1000,1657.34,1772.20,3.02,-0.00,1751.48,1772.20,1.91,-0.00
00:06:04.272 [TUNER] 1067,1000,1765.70,1765.40,1.62,-0.00,1763.69,1765.40,1.58,-0.00
00:06:04.308 [TUNER] 1068,1000,1765.70,1758.50,1.62,-0.00,1763.69,1758.50,1.58,-0.00
00:06:04.308 [TUNER] 1069,1000,1812.86,1751.50,0.87,-0.00,1807.82,1751.50,0.81,-0.00
00:06:04.342 [TUNER] 1070,1000,1812.86,1744.40,0.87,-0.00,1807.82,1744.40,0.81,-0.00
00:06:04.376 [TUNER] 1071,1000,1857.47,1737.20,0.09,-0.00,1800.18,1737.20,0.66,-0.00
00:06:04.377 [TUNER] 1072,1000,1857.47,1729.90,0.09,-0.00,1800.18,1729.90,0.66,-0.00
00:06:04.416 [TUNER] 1073,1002,1846.05,1722.50,-0.06,-0.00,1803.65,1722.50,0.35,-0.00
00:06:04.416 [TUNER] 1074,998,1846.05,1715.00,-0.06,-0.00,1803.65,1715.00,0.35,-0.00
00:06:04.448 [TUNER] 1075,1000,1774.66,1707.40,0.52,-0.00,1744.18,1707.40,0.85,-0.00
00:06:04.483 [TUNER] 1076,1000,1774.66,1699.70,0.52,-0.00,1744.18,1699.70,0.85,-0.00
00:06:04.484 [TUNER] 1077,1000,1711.80,1691.90,1.02,-0.00,1690.85,1691.90,1.31,-0.00
00:06:04.518 [TUNER] 1078,1000,1711.80,1684.00,1.02,-0.00,1690.85,1684.00,1.31,-0.00
00:06:04.520 [TUNER] 1079,1000,1634.02,1676.00,1.74,-0.00,1704.88,1676.00,0.90,-0.00
00:06:04.556 [TUNER] 1080,1000,1634.02,1667.90,1.74,-0.00,1704.88,1667.90,0.90,-0.00
00:06:04.556 [TUNER] 1081,1000,1609.59,1659.70,1.86,-0.00,1717.82,1659.70,0.48,-0.00
00:06:04.588 [TUNER] 1082,1000,1609.59,1651.40,1.86,-0.00,1717.82,1651.40,0.48,-0.00
00:06:04.624 [TUNER] 1083,1000,1674.24,1643.00,0.89,-0.00,1707.56,1643.00,0.33,-0.00
00:06:04.624 [TUNER] 1084,1000,1674.24,1634.50,0.89,-0.00,1707.56,1634.50,0.33,-0.00
00:06:04.658 [TUNER] 1085,1000,1684.72,1625.90,0.52,-0.00,1664.99,1625.90,0.59,-0.00
00:06:04.658 [TUNER] 1086,1000,1684.72,1617.20,0.52,-0.00,1664.99,1617.20,0.59,-0.00
00:06:04.692 [TUNER] 1087,1000,1703.41,1608.40,0.02,-0.00,1598.29,1608.40,1.19,-0.00
00:06:04.693 [TUNER] 1088,1000,1703.41,1599.50,0.02,-0.00,1598.29,1599.50,1.19,-0.00
00:06:04.729 [TUNER] 1089,1000,1682.29,1590.50,-0.03,-0.00,1589.60,1590.50,1.06,-0.00
00:06:04.764 [TUNER] 1090,1000,1682.29,1581.40,-0.03,-0.00,1589.60,1581.40,1.06,-0.00
00:06:04.764 [TUNER] 1091,1000,1636.18,1572.20,0.21,-0.00,1618.73,1572.20,0.42,-0.00
00:06:04.799 [TUNER] 1092,1000,1636.18,1562.90,0.21,-0.00,1618.73,1562.90,0.42,-0.00
00:06:04.799 [TUNER] 1093,1000,1601.02,1553.50,0.35,-0.00,1607.67,1553.50,0.26,-0.00
00:06:04.833 [TUNER] 1094,1000,1601.02,1544.00,0.35,-0.00,1607.67,1544.00,0.26,-0.00
00:06:04.837 [TUNER] 1095,1000,1540.24,1534.40,0.80,-0.00,1607.41,1534.40,-0.05,-0.00
00:06:04.868 [TUNER] 1096,1036,1434.51,1524.70,1.91,-0.00,1594.39,1524.70,-0.05,-0.00
00:06:04.902 [TUNER] 1097,964,1434.51,1514.90,1.91,-0.00,1594.39,1514.90,-0.05,-0.00
00:06:04.903 [TUNER] 1098,1002,1359.09,1505.00,2.63,-0.00,1534.18,1505.00,0.41,-0.00
00:06:04.938 [TUNER] 1099,998,1359.09,1495.00,2.63,-0.00,1534.18,1495.00,0.41,-0.00
00:06:04.939 [TUNER] 1100,1000,1329.76,1484.90,2.84,-0.00,1469.83,1484.90,0.94,-0.00
00:06:04.973 [TUNER] 1101,1000,1329.76,1474.70,2.84,-0.00,1469.83,1474.70,0.94,-0.00
00:06:04.973 [TUNER] 1102,1000,1428.04,1464.40,1.49,-0.00,1419.83,1464.40,1.32,-0.00
00:06:05.008 [TUNER] 1103,1000,1428.04,1454.00,1.49,-0.00,1419.83,1454.00,1.32,-0.00
00:06:05.042 [TUNER] 1104,1000,1522.12,1443.50,0.11,-0.00,1364.37,1443.50,1.79,-0.00
00:06:05.042 [TUNER] 1105,1000,1522.12,1432.90,0.11,-0.00,1364.37,1432.90,1.79,-0.00
00:06:05.077 [TUNER] 1106,1000,1619.72,1422.20,-1.41,-0.00,1414.49,1422.20,0.90,-0.00
00:06:05.078 [TUNER] 1107,1000,1619.72,1411.40,-1.41,-0.00,1414.49,1411.40,0.90,-0.00
00:06:05.113 [TUNER] 1108,1000,1570.67,1400.50,-1.25,-0.00,1463.18,1400.50,-0.04,-0.00
00:06:05.113 [TUNER] 1109,1000,1570.67,1389.50,-1.25,-0.00,1463.18,1389.50,-0.04,-0.00
00:06:05.149 [TUNER] 1110,1000,1526.27,1378.40,-1.14,-0.00,1460.89,1378.40,-0.37,-0.00
00:06:05.183 [TUNER] 1111,1000,1526.27,1367.20,-1.14,-0.00,1460.89,1367.20,-0.37,-0.00
00:06:05.184 [TUNER] 1112,1000,1452.95,1355.90,-0.65,-0.00,1419.55,1355.90,-0.21,-0.00
00:06:05.220 [TUNER] 1113,1000,1452.95,1344.50,-0.65,-0.00,1419.55,1344.50,-0.21,-0.00
00:06:05.220 [TUNER] 1114,1000,1346.19,1333.00,0.26,-0.00,1371.01,1333.00,0.05,-0.00
00:06:05.253 [TUNER] 1115,1000,1346.19,1321.40,0.26,-0.00,1371.01,1321.40,0.05,-0.00
00:06:05.255 [TUNER] 1116,1000,1265.94,1309.70,0.92,-0.00,1309.85,1309.70,0.49,-0.00
00:06:05.289 [TUNER] 1117,1000,1265.94,1297.90,0.92,-0.00,1309.85,1297.90,0.49,-0.00
00:06:05.323 [TUNER] 1118,1000,1193.15,1286.00,1.52,-0.00,1221.40,1286.00,1.32,-0.00
00:06:05.324 [TUNER] 1119,1000,1193.15,1274.00,1.52,-0.00,1221.40,1274.00,1.32,-0.00
00:06:05.358 [TUNER] 1120,1000,1145.22,1262.00,1.86,-0.00,1148.93,1262.00,1.98,-0.00
00:06:05.358 [TUNER] 1121,1000,1145.22,1250.00,1.86,-0.00,1148.93,1250.00,1.98,-0.00
00:06:05.393 [TUNER] 1122,1000,1108.60,1238.00,2.08,-0.00,1123.59,1238.00,2.07,-0.00
00:06:05.394 [TUNER] 1123,1000,1108.60,1226.00,2.08,-0.00,1123.59,1226.00,2.07,-0.00
00:06:05.429 [TUNER] 1124,1000,1103.36,1214.00,1.93,-0.00,1129.09,1214.00,1.75,-0.00
00:06:05.464 [TUNER] 1125,1000,1103.36,1202.00,1.93,-0.00,1129.09,1202.00,1.75,-0.00
00:06:05.464 [TUNER] 1126,1000,1166.17,1190.00,0.93,-0.00,1145.52,1190.00,1.27,-0.00
00:06:05.498 [TUNER] 1127,1000,1166.17,1178.00,0.93,-0.00,1145.52,1178.00,1.27,-0.00
00:06:05.498 [TUNER] 1128,1000,1278.26,1166.00,-0.72,-0.00,1162.10,1166.00,0.75,-0.00
00:06:05.533 [TUNER] 1129,1000,1278.26,1154.00,-0.72,-0.00,1162.10,1154.00,0.75,-0.00
00:06:05.534 [TUNER] 1130,1000,1333.58,1142.00,-1.79,-0.00,1197.70,1142.00,-0.05,-0.00
00:06:05.568 [TUNER] 1131,1036,1365.37,1130.00,-2.39,-0.00,1246.71,1130.00,-0.87,-0.00
00:06:05.602 [TUNER] 1132,964,1365.37,1118.00,-2.39,-0.00,1246.71,1118.00,-0.87,-0.00
00:06:05.604 [TUNER] 1133,1002,1328.24,1106.00,-2.44,-0.00,1215.84,1106.00,-0.89,-0.00
00:06:05.639 [TUNER] 1134,998,1328.24,1094.00,-2.44,-0.00,1215.84,1094.00,-0.89,-0.00
00:06:05.640 [TUNER] 1135,1000,1224.25,1082.00,-1.66,-0.00,1197.96,1082.00,-1.09,-0.00
00:06:05.673 [TUNER] 1136,1000,1224.25,1070.00,-1.66,-0.00,1197.96,1070.00,-1.09,-0.00
00:06:05.709 [TUNER] 1137,1000,1082.49,1058.00,-0.36,-0.00,1233.26,1058.00,-1.98,-0.00
00:06:05.709 [TUNER] 1138,1000,1082.49,1046.00,-0.36,-0.00,1233.26,1046.00,-1.98,-0.00
00:06:05.742 [TUNER] 1139,1000,958.76,1034.00,0.80,-0.00,1240.88,1034.00,-2.56,-0.00
00:06:05.743 [TUNER] 1140,1000,958.76,1022.00,0.80,-0.00,1240.88,1022.00,-2.56,-0.00
00:06:05.779 [TUNER] 1141,1000,911.33,1010.00,1.12,-0.00,1176.54,1010.00,-2.23,-0.00
00:06:05.780 [TUNER] 1142,1000,911.33,998.00,1.12,-0.00,1176.54,998.00,-2.23,-0.00
00:06:05.812 [TUNER] 1143,1000,1003.95,986.00,-0.24,-0.00,1021.98,986.00,-0.68,-0.00
00:06:05.813 [TUNER] 1144,1000,1003.95,974.00,-0.24,-0.00,1021.98,974.00,-0.68,-0.00
00:06:05.847 [TUNER] 1145,1000,1084.92,962.00,-1.55,-0.00,872.56,962.00,0.92,-0.00
00:06:05.883 [TUNER] 1146,1000,1084.92,950.00,-1.55,-0.00,872.56,950.00,0.92,-0.00
00:06:05.884 [TUNER] 1147,1000,1105.03,938.00,-2.20,-0.00,844.08,938.00,1.03,-0.00
00:06:05.918 [TUNER] 1148,1000,1105.03,926.00,-2.20,-0.00,844.08,926.00,1.03,-0.00
00:06:05.919 [TUNER] 1149,1000,1060.98,914.00,-2.11,-0.00,896.90,914.00,0.07,-0.00
00:06:05.953 [TUNER] 1150,1000,1060.98,902.00,-2.11,-0.00,896.90,902.00,0.07,-0.00
00:06:05.954 [TUNER] 1151,1000,972.49,890.00,-1.47,-0.00,964.92,890.00,-1.15,-0.00
00:06:05.987 [TUNER] 1152,1000,972.49,878.00,-1.47,-0.00,964.92,878.00,-1.15,-0.00
00:06:06.023 [TUNER] 1153,1000,874.20,866.00,-0.65,-0.00,967.79,866.00,-1.58,-0.00
00:06:06.024 [TUNER] 1154,1000,874.20,854.00,-0.65,-0.00,967.79,854.00,-1.58,-0.00
00:06:06.057 [TUNER] 1155,1000,781.83,842.00,0.14,-0.00,952.91,842.00,-1.81,-0.00
00:06:06.058 [TUNER] 1156,1000,781.83,830.00,0.14,-0.00,952.91,830.00,-1.81,-0.00
00:06:06.092 [TUNER] 1157,1000,704.49,818.00,0.81,-0.00,894.62,818.00,-1.47,-0.00
00:06:06.092 [TUNER] 1158,1000,704.49,806.00,0.81,-0.00,894.62,806.00,-1.47,-0.00
00:06:06.127 [TUNER] 1159,1000,637.47,794.00,1.39,-0.00,817.06,794.00,-0.86,-0.00
00:06:06.164 [TUNER] 1160,1000,637.47,782.00,1.39,-0.00,817.06,782.00,-0.86,-0.00
00:06:06.164 [TUNER] 1161,1000,647.42,770.00,1.08,-0.00,785.94,770.00,-0.81,-0.00
00:06:06.201 [TUNER] 1162,1000,647.42,758.00,1.08,-0.00,785.94,758.00,-0.81,-0.00
00:06:06.202 [TUNER] 1163,1000,712.08,746.00,0.07,-0.00,785.10,746.00,-1.15,-0.00
00:06:06.233 [TUNER] 1164,1000,712.08,734.00,0.07,-0.00,785.10,734.00,-1.15,-0.00
00:06:06.234 [TUNER] 1165,1000,810.19,722.00,-1.40,-0.00,755.21,722.00,-1.13,-0.00
00:06:06.270 [TUNER] 1166,1036,900.22,710.00,-2.65,-0.00,700.35,710.00,-0.61,-0.00
00:06:06.304 [TUNER] 1167,964,900.22,698.10,-2.65,-0.00,700.35,698.10,-0.61,-0.00
00:06:06.306 [TUNER] 1168,1002,975.35,686.30,-4.01,-0.00,645.92,686.30,-0.22,-0.00
00:06:06.339 [TUNER] 1169,998,975.35,674.60,-4.01,-0.00,645.92,674.60,-0.22,-0.00
00:06:06.339 [TUNER] 1170,1000,864.55,663.00,-3.19,-0.00,601.01,663.00,0.07,-0.00
00:06:06.373 [TUNER] 1171,1000,864.55,651.50,-3.19,-0.00,601.01,651.50,0.07,-0.00
00:06:06.373 [TUNER] 1172,1000,665.87,640.10,-1.24,-0.00,577.02,640.10,0.12,-0.00
00:06:06.407 [TUNER] 1173,1000,665.87,628.80,-1.24,-0.00,577.02,628.80,0.12,-0.00
00:06:06.443 [TUNER] 1174,1000,451.95,617.60,1.04,-0.00,573.29,617.60,-0.10,-0.00
00:06:06.444 [TUNER] 1175,1000,451.95,606.50,1.04,-0.00,573.29,606.50,-0.10,-0.00
00:06:06.479 [TUNER] 1176,1000,265.35,595.50,3.13,-0.00,587.49,595.50,-0.56,-0.00
00:06:06.480 [TUNER] 1177,1000,265.35,584.60,3.13,-0.00,587.49,584.60,-0.56,-0.00
00:06:06.512 [TUNER] 1178,1000,165.89,573.80,4.30,-0.00,617.74,573.80,-1.26,-0.00
00:06:06.513 [TUNER] 1179,1000,165.89,563.10,4.30,-0.00,617.74,563.10,-1.26,-0.00
00:06:06.548 [TUNER] 1180,1000,216.90,552.50,3.71,-0.00,583.53,552.50,-1.14,-0.00
00:06:06.584 [TUNER] 1181,1000,216.90,542.00,3.71,-0.00,583.53,542.00,-1.14,-0.00
00:06:06.584 [TUNER] 1182,1000,403.74,531.60,1.43,-0.00,540.70,531.60,-0.90,-0.00
00:06:06.618 [TUNER] 1183,1000,403.74,521.30,1.43,-0.00,540.70,521.30,-0.90,-0.00
00:06:06.618 [TUNER] 1184,1000,566.95,511.10,-0.72,-0.00,482.39,511.10,-0.43,-0.00
00:06:06.654 [TUNER] 1185,1000,566.95,501.00,-0.72,-0.00,482.39,501.00,-0.43,-0.00
00:06:06.654 [TUNER] 1186,1000,747.35,491.00,-3.21,-0.00,458.07,491.00,-0.37,-0.00
00:06:06.690 [TUNER] 1187,1000,747.35,481.10,-3.21,-0.00,458.07,481.10,-0.37,-0.00
00:06:06.723 [TUNER] 1188,1000,819.51,471.30,-4.54,-0.00,517.64,471.30,-1.41,-0.00
00:06:06.724 [TUNER] 1189,1000,819.51,461.60,-4.54,-0.00,517.64,461.60,-1.41,-0.00
00:06:06.758 [TUNER] 1190,1000,775.87,452.00,-4.52,-0.00,584.20,452.00,-2.59,-0.00
00:06:06.758 [TUNER] 1191,1000,775.87,442.50,-4.52,-0.00,584.20,442.50,-2.59,-0.00
00:06:06.793 [TUNER] 1192,1000,691.14,433.10,-3.99,-0.00,596.22,433.10,-3.12,-0.00
00:06:06.794 [TUNER] 1193,1000,691.14,423.80,-3.99,-0.00,596.22,423.80,-3.12,-0.00
00:06:06.827 [TUNER] 1194,1000,585.55,414.60,-3.15,-0.00,566.31,414.60,-3.12,-0.00
00:06:06.862 [TUNER] 1195,1000,585.55,405.50,-3.15,-0.00,566.31,405.50,-3.12,-0.00
00:06:06.862 [TUNER] 1196,1000,451.26,396.50,-1.89,-0.00,497.72,396.50,-2.60,-0.00
00:06:06.899 [TUNER] 1197,1000,451.26,387.60,-1.89,-0.00,497.72,387.60,-2.60,-0.00
00:06:06.899 [TUNER] 1198,1000,311.19,378.80,-0.47,-0.00,377.56,378.80,-1.36,-0.00
00:06:06.934 [TUNER] 1199,1000,311.19,370.10,-0.47,-0.00,377.56,370.10,-1.36,-0.00
00:06:06.935 [TUNER] 1200,1000,193.97,361.50,0.77,-0.00,248.79,361.50,0.09,-0.00
00:06:06.969 [TUNER] 1201,1036,102.11,353.00,1.81,-0.00,136.01,353.00,1.45,-0.00
00:06:07.002 [TUNER] 1202,964,102.11,344.60,1.81,-0.00,136.01,344.60,1.45,-0.00
00:06:07.003 [TUNER] 1203,1002,104.41,336.30,1.75,-0.00,56.38,336.30,2.44,-0.00
00:06:07.040 [TUNER] 1204,998,104.41,328.10,1.75,-0.00,56.38,328.10,2.44,-0.00
00:06:07.040 [TUNER] 1205,1000,176.39,320.00,0.84,-0.00,62.30,320.00,2.36,-0.00
00:06:07.073 [TUNER] 1206,1000,176.39,312.00,0.84,-0.00,62.30,312.00,2.36,-0.00
00:06:07.073 [TUNER] 1207,1000,295.74,304.10,-0.70,-0.00,127.15,304.10,1.49,-0.00
00:06:07.108 [TUNER] 1208,1000,295.74,296.30,-0.70,-0.00,127.15,296.30,1.49,-0.00
00:06:07.143 [TUNER] 1209,1000,391.22,288.60,-2.06,-0.00,234.01,288.60,0.02,-0.00
00:06:07.143 [TUNER] 1210,1000,391.22,281.00,-2.06,-0.00,234.01,281.00,0.02,-0.00
00:06:07.178 [TUNER] 1211,1000,445.27,273.50,-2.99,-0.00,333.24,273.50,-1.45,-0.00
00:06:07.179 [TUNER] 1212,1000,445.27,266.10,-2.99,-0.00,333.24,266.10,-1.45,-0.00
00:06:07.213 [TUNER] 1213,1000,431.81,258.80,-3.15,-0.00,393.73,258.80,-2.50,-0.00
00:06:07.249 [TUNER] 1214,1000,431.81,251.60,-3.15,-0.00,393.73,251.60,-2.50,-0.00
00:06:07.249 [TUNER] 1215,1000,371.22,244.50,-2.73,-0.00,381.99,244.50,-2.66,-0.00
00:06:07.283 [TUNER] 1216,1000,371.22,237.50,-2.73,-0.00,381.99,237.50,-2.66,-0.00
00:06:07.284 [TUNER] 1217,1000,300.41,230.60,-2.15,-0.00,351.98,230.60,-2.58,-0.00
00:06:07.318 [TUNER] 1218,1000,300.41,223.80,-2.15,-0.00,351.98,223.80,-2.58,-0.00
00:06:07.320 [TUNER] 1219,1000,230.02,217.10,-1.53,-0.00,364.05,217.10,-3.02,-0.00
00:06:07.353 [TUNER] 1220,1000,230.02,210.50,-1.53,-0.00,364.05,210.50,-3.02,-0.00
00:06:07.389 [TUNER] 1221,1000,175.42,204.00,-1.05,-0.00,339.35,204.00,-3.00,-0.00
00:06:07.389 [TUNER] 1222,1000,175.42,197.60,-1.05,-0.00,339.35,197.60,-3.00,-0.00
00:06:07.425 [TUNER] 1223,1000,159.24,191.30,-1.00,-0.00,252.58,191.30,-2.16,-0.00
00:06:07.426 [TUNER] 1224,1000,159.24,185.10,-1.00,-0.00,252.58,185.10,-2.16,-0.00
00:06:07.458 [TUNER] 1225,1000,161.75,179.00,-1.17,-0.00,164.27,179.00,-1.22,-0.00
00:06:07.458 [TUNER] 1226,1000,161.75,173.00,-1.17,-0.00,164.27,173.00,-1.22,-0.00
00:06:07.492 [TUNER] 1227,1000,184.38,167.10,-1.58,-0.00,97.05,167.10,-0.50,-0.00
00:06:07.528 [TUNER] 1228,1000,184.38,161.30,-1.58,-0.00,97.05,161.30,-0.50,-0.00
00:06:07.528 [TUNER] 1229,1000,209.35,155.60,-2.05,-0.00,69.05,155.60,-0.23,-0.00
00:06:07.563 [TUNER] 1230,1000,209.35,150.00,-2.05,-0.00,69.05,150.00,-0.23,-0.00
00:06:07.564 [TUNER] 1231,1000,217.31,144.50,-2.33,-0.00,82.73,144.50,-0.50,-0.00
00:06:07.597 [TUNER] 1232,1000,217.31,139.10,-2.33,-0.00,82.73,139.10,-0.50,-0.00
00:06:07.634 [TUNER] 1233,1000,180.72,133.80,-2.09,-0.00,103.98,133.80,-0.88,-0.00
00:06:07.634 [TUNER] 1234,1000,180.72,128.60,-2.09,-0.00,103.98,128.60,-0.88,-0.00
00:06:07.668 [TUNER] 1235,1000,111.93,123.50,-1.42,-0.00,131.29,123.50,-1.36,-0.00
00:06:07.670 [TUNER] 1236,1036,36.48,118.50,-0.60,-0.00,161.42,118.50,-1.81,-0.00
00:06:07.702 [TUNER] 1237,964,36.48,113.60,-0.60,-0.00,161.42,113.60,-1.81,-0.00
00:06:07.704 [TUNER] 1238,1002,-30.24,108.80,0.15,-0.00,186.81,108.80,-2.32,-0.00
00:06:07.738 [TUNER] 1239,998,-30.24,104.10,0.15,-0.00,186.81,104.10,-2.32,-0.00
00:06:07.739 [TUNER] 1240,1000,5.04,99.50,-0.30,-0.00,190.72,99.50,-2.56,-0.00
00:06:07.774 [TUNER] 1241,1000,5.04,95.00,-0.30,-0.00,190.72,95.00,-2.56,-0.00
00:06:07.807 [TUNER] 1242,1000,105.40,90.60,-1.56,-0.00,156.01,90.60,-2.31,-0.00
00:06:07.808 [TUNER] 1243,1000,105.40,86.30,-1.56,-0.00,156.01,86.30,-2.31,-0.00
00:06:07.842 [TUNER] 1244,1000,199.43,82.10,-2.82,-0.00,93.89,82.10,-1.66,-0.00
00:06:07.842 [TUNER] 1245,1000,199.43,78.00,-2.82,-0.00,93.89,78.00,-1.66,-0.00
00:06:07.889 [TUNER] 1246,1000,243.73,74.00,-3.55,-0.00,27.00,74.00,-0.91,-0.00
00:06:07.889 [TUNER] 1247,1000,243.73,70.10,-3.55,-0.00,27.00,70.10,-0.91,-0.00
00:06:07.911 [TUNER] 1248,1000,181.24,66.30,-3.03,-0.00,-35.09,66.30,-0.17,-0.00
00:06:07.946 [TUNER] 1249,1000,181.24,62.60,-3.03,-0.00,-35.09,62.60,-0.17,-0.00
00:06:07.947 [TUNER] 1250,1000,71.11,59.00,-1.88,-0.00,-67.59,59.00,0.24,-0.00
00:06:07.981 [TUNER] 1251,1000,71.11,55.50,-1.88,-0.00,-67.59,55.50,0.24,-0.00
00:06:07.982 [TUNER] 1252,1000,-42.76,52.10,-0.60,-0.00,-48.92,52.10,0.00,-0.00
00:06:08.020 [TUNER] 1253,1000,-42.76,48.80,-0.60,-0.00,-48.92,48.80,0.00,-0.00
00:06:08.020 [TUNER] 1254,1000,-154.47,45.60,0.74,-0.00,29.59,45.60,-1.04,-0.00
00:06:08.055 [TUNER] 1255,1000,-154.47,42.50,0.74,-0.00,29.59,42.50,-1.04,-0.00
00:06:08.088 [TUNER] 1256,1000,-147.63,39.50,0.73,-0.00,99.27,39.50,-2.02,-0.00
00:06:08.089 [TUNER] 1257,1000,-147.63,36.60,0.73,-0.00,99.27,36.60,-2.02,-0.00
00:06:08.123 [TUNER] 1258,1000,-68.28,33.80,-0.16,-0.00,125.80,33.80,-2.50,-0.00
00:06:08.123 [TUNER] 1259,1000,-68.28,31.10,-0.16,-0.00,125.80,31.10,-2.50,-0.00
00:06:08.158 [TUNER] 1260,1000,27.84,28.50,-1.32,-0.00,86.90,28.50,-2.14,-0.00
00:06:08.158 [TUNER] 1261,1000,87.50,26.00,-2.05,-0.00,48.92,26.00,-1.72,-0.00
00:06:08.191 [TUNER] 1262,1000,87.50,23.60,-2.05,-0.00,48.92,23.60,-1.72,-0.00
00:06:08.229 [TUNER] 1263,1000,119.85,21.30,-2.55,-0.00,23.67,21.30,-1.47,-0.00
00:06:08.229 [TUNER] 1264,1000,119.85,19.10,-2.55,-0.00,23.67,19.10,-1.47,-0.00
00:06:08.263 [TUNER] 1265,1000,97.59,17.00,-2.41,-0.00,13.78,17.00,-1.40,-0.00
00:06:08.263 [TUNER] 1266,1000,97.59,15.00,-2.41,-0.00,13.78,15.00,-1.40,-0.00
00:06:08.299 [TUNER] 1267,1000,60.89,13.10,-2.08,-0.00,19.61,13.10,-1.53,-0.00
00:06:08.301 [TUNER] 1268,1000,60.89,11.30,-2.08,-0.00,19.61,11.30,-1.53,-0.00
00:06:08.333 [TUNER] 1269,1000,24.66,9.60,-1.72,-0.00,27.72,9.60,-1.69,-0.00
00:06:08.368 [TUNER] 1270,1000,24.66,8.00,-1.72,-0.00,27.72,8.00,-1.69,-0.00
00:06:08.370 [TUNER] 1271,1036,2.85,6.50,-1.51,-0.00,22.17,6.50,-1.68,-0.00
00:06:08.404 [TUNER] 1272,964,2.85,5.10,-1.51,-0.00,22.17,5.10,-1.68,-0.00
00:06:08.405 [TUNER] 1273,1002,-13.45,3.80,-1.34,-0.00,2.01,3.80,-1.47,-0.00
00:06:08.438 [TUNER] 1274,998,-13.45,2.60,-1.34,-0.00,2.01,2.60,-1.47,-0.00
00:06:08.439 [TUNER] 1275,1000,-34.83,1.50,-1.10,-0.00,-20.75,1.50,-1.20,-0.00
00:06:08.473 [TUNER] 1276,1000,-34.83,0.50,-1.10,-0.00,-20.75,0.50,-1.20,-0.00
00:06:08.508 [TUNER] 1277,1000,-57.07,-0.40,-1.00,-0.00,-44.09,-0.40,-1.34,-0.00
00:06:08.508 [TUNER] 1278,1000,-57.07,-1.20,-1.00,-0.00,-44.09,-1.20,-1.34,-0.00
00:06:08.542 [TUNER] 1279,1000,-55.97,-1.90,-0.99,-0.00,-62.76,-1.90,-1.09,-0.00
00:06:08.543 [TUNER] 1280,1000,-55.97,-2.50,-0.99,-0.00,-62.76,-2.50,-1.09,-0.00
00:06:08.578 [TUNER] 1281,1000,-48.21,-3.00,-1.06,-0.00,-74.25,-3.00,-0.90,-0.00
00:06:08.578 [TUNER] 1282,1000,-48.21,-3.40,-1.06,-0.00,-74.25,-3.40,-0.90,-0.00
00:06:08.615 [TUNER] 1283,1000,-40.29,-3.70,-1.13,-0.00,-83.46,-3.70,-0.73,-0.00
00:06:08.648 [TUNER] 1284,1000,-40.29,-3.90,-1.13,-0.00,-83.46,-3.90,-0.73,-0.00
00:06:08.649 [TUNER] 1285,1000,-35.66,-4.00,-1.16,-0.00,-85.67,-4.00,-0.64,-0.00
00:06:08.683 [TUNER] 1286,1000,-35.66,0.00,-1.16,-0.00,-85.67,0.00,-0.64,-0.00
00:06:08.684 [TUNER] 1287,1000,-33.69,0.00,-0.94,-0.00,-85.72,0.00,-0.07,-0.00
00:06:08.718 [TUNER] 1288,1000,-33.69,0.00,-0.94,-0.00,-85.72,0.00,-0.07,-0.00
00:06:08.718 [TUNER] 1289,1000,-38.98,0.00,-0.85,-0.00,-85.75,0.00,-0.00,-0.00
00:06:08.752 [TUNER] 1290,1000,-38.98,0.00,-0.85,-0.00,-85.75,0.00,-0.00,-0.00
00:06:08.787 [TUNER] 1291,1000,-48.36,0.00,-0.71,-0.00,-85.78,0.00,0.07,-0.00
00:06:08.787 [TUNER] 1292,1000,-48.36,0.00,-0.71,-0.00,-85.78,0.00,0.07,-0.00
00:06:08.824 [TUNER] 1293,1000,-59.31,0.00,-0.54,-0.00,-78.94,0.00,0.05,-0.00
00:06:08.825 [TUNER] 1294,1000,-59.31,0.00,-0.54,-0.00,-78.94,0.00,0.05,-0.00
00:06:08.856 [TUNER] 1295,1000,-73.22,0.00,-0.32,-0.00,-68.30,0.00,-0.03,-0.00
00:06:08.856 [TUNER] 1296,1000,-73.22,0.00,-0.32,-0.00,-68.30,0.00,-0.03,-0.00
00:06:08.895 [TUNER] 1297,1000,-77.47,0.00,-0.21,-0.00,-71.82,0.00,0.08,-0.00
00:06:08.927 [TUNER] 1298,1000,-77.47,0.00,-0.21,-0.00,-71.82,0.00,0.08,-0.00
00:06:08.928 [TUNER] 1299,1000,-82.57,0.00,-0.09,-0.00,-81.49,0.00,0.26,-0.00
00:06:08.962 [TUNER] 1300,1000,-82.57,0.00,-0.09,-0.00,-81.49,0.00,0.26,-0.00
00:06:08.963 [TUNER] 1301,1000,-83.26,0.00,-0.02,-0.00,-84.11,0.00,0.36,-0.00
00:06:08.998 [TUNER] 1302,1000,-83.26,0.00,-0.02,-0.00,-84.11,0.00,0.36,-0.00
00:06:08.999 [TUNER] 1303,1000,-94.09,0.00,0.17,-0.00,-89.62,0.00,0.50,-0.00
00:06:09.033 [TUNER] 1304,1000,-94.09,0.00,0.17,-0.00,-89.62,0.00,0.50,-0.00
00:06:09.071 [TUNER] 1305,1000,-106.20,0.00,0.39,-0.00,-87.16,0.00,0.54,-0.00
00:06:09.072 [TUNER] 1306,1037,-114.78,0.00,0.53,-0.00,-82.98,0.00,0.53,-0.00
00:06:09.105 [TUNER] 1307,963,-114.78,0.00,0.53,-0.00,-82.98,0.00,0.53,-0.00
00:06:09.107 [TUNER] 1308,1002,-118.06,0.00,0.66,-0.00,-78.63,0.00,0.54,-0.00
00:06:09.138 [TUNER] 1309,998,-118.06,0.00,0.66,-0.00,-78.63,0.00,0.54,-0.00
00:06:09.140 [TUNER] 1310,1000,-104.76,0.00,0.59,-0.00,-76.66,0.00,0.58,-0.00
00:06:09.173 [TUNER] 1311,1000,-104.76,0.00,0.59,-0.00,-76.66,0.00,0.58,-0.00
00:06:09.208 [TUNER] 1312,1000,-92.40,0.00,0.52,-0.00,-75.07,0.00,0.62,-0.00
00:06:09.209 [TUNER] 1313,1000,-92.40,0.00,0.52,-0.00,-75.07,0.00,0.62,-0.00
00:06:09.243 [TUNER] 1314,1000,-91.10,0.00,0.57,-0.00,-68.65,0.00,0.59,-0.00
00:06:09.244 [TUNER] 1315,1000,-91.10,0.00,0.57,-0.00,-68.65,0.00,0.59,-0.00
00:06:09.280 [TUNER] 1316,1000,-93.50,0.00,0.67,-0.00,-60.07,0.00,0.54,-0.00
00:06:09.281 [TUNER] 1317,1000,-93.50,0.00,0.67,-0.00,-60.07,0.00,0.54,-0.00
00:06:09.313 [TUNER] 1318,1000,-97.13,0.00,0.78,-0.00,-56.65,0.00,0.54,-0.00
00:06:09.348 [TUNER] 1319,1000,-97.13,0.00,0.78,-0.00,-56.65,0.00,0.54,-0.00
00:06:09.349 [TUNER] 1320,1000,-93.17,0.00,0.81,-0.00,-55.63,0.00,0.58,-0.00
00:06:09.384 [TUNER] 1321,1000,-93.17,0.00,0.81,-0.00,-55.63,0.00,0.58,-0.00
00:06:09.385 [TUNER] 1322,1000,-79.69,0.00,0.72,-0.00,-54.81,0.00,0.61,-0.00
00:06:09.418 [TUNER] 1323,1000,-79.69,0.00,0.72,-0.00,-54.81,0.00,0.61,-0.00
00:06:09.453 [TUNER] 1324,1000,-70.62,0.00,0.67,-0.00,-52.44,0.00,0.62,-0.00
00:06:09.453 [TUNER] 1325,1000,-70.62,0.00,0.67,-0.00,-52.44,0.00,0.62,-0.00
00:06:09.490 [TUNER] 1326,1000,-66.81,0.00,0.68,-0.00,-45.39,0.00,0.57,-0.00
00:06:09.491 [TUNER] 1327,1000,-66.81,0.00,0.68,-0.00,-45.39,0.00,0.57,-0.00
00:06:09.524 [TUNER] 1328,1000,-63.75,0.00,0.69,-0.00,-39.75,0.00,0.54,-0.00
00:06:09.558 [TUNER] 1329,1000,-63.75,0.00,0.69,-0.00,-39.75,0.00,0.54,-0.00
00:06:09.560 [TUNER] 1330,1000,-51.00,0.00,0.58,-0.00,-35.23,0.00,0.51,-0.00
00:06:09.593 [TUNER] 1331,1000,-51.00,0.00,0.58,-0.00,-35.23,0.00,0.51,-0.00
00:06:09.594 [TUNER] 1332,1000,-42.52,0.00,0.52,-0.00,-31.62,0.00,0.49,-0.00
00:06:09.628 [TUNER] 1333,1000,-42.52,0.00,0.52,-0.00,-31.62,0.00,0.49,-0.00
00:06:09.666 [TUNER] 1334,1000,-35.73,0.00,0.47,-0.00,-28.73,0.00,0.48,-0.00
00:06:09.666 [TUNER] 1335,1000,-35.73,0.00,0.47,-0.00,-28.73,0.00,0.48,-0.00
00:06:09.699 [TUNER] 1336,1000,-33.74,0.00,0.47,0.00,-22.99,0.00,0.43,-0.00
00:06:09.699 [TUNER] 1337,1000,-33.74,0.00,0.47,0.00,-22.99,0.00,0.43,-0.00
00:06:09.734 [TUNER] 1338,1000,-32.15,0.00,0.48,0.00,-20.11,0.00,0.41,-0.00
00:06:09.735 [TUNER] 1339,1000,-32.15,0.00,0.48,0.00,-20.11,0.00,0.41,-0.00
00:06:09.767 [TUNER] 1340,1000,-25.72,0.00,0.43,0.00,-16.09,0.00,0.37,-0.00
00:06:09.804 [TUNER] 1341,1037,-20.57,0.00,0.38,0.00,-12.87,0.00,0.34,-0.00
00:06:09.804 [TUNER] 1342,963,-20.57,0.00,0.38,0.00,-12.87,0.00,0.34,-0.00
00:06:09.840 [TUNER] 1343,1002,-16.46,0.00,0.34,0.00,-10.30,0.00,0.32,-0.00
00:06:09.841 [TUNER] 1344,998,-16.46,0.00,0.34,0.00,-10.30,0.00,0.32,-0.00
00:06:09.873 [TUNER] 1345,1000,-13.17,0.00,0.31,0.00,-8.24,0.00,0.30,-0.00
00:06:09.909 [TUNER] 1346,1000,-13.17,0.00,0.31,0.00,-8.24,0.00,0.30,-0.00
00:06:09.910 [TUNER] 1347,1000,-10.53,0.00,0.29,0.00,-6.59,0.00,0.28,-0.00
00:06:09.945 [TUNER] 1348,1000,-10.53,0.00,0.29,0.00,-6.59,0.00,0.28,-0.00
00:06:09.946 [TUNER] 1349,1000,-8.43,0.00,0.28,0.00,-5.27,0.00,0.27,-0.00
00:06:09.978 [TUNER] 1350,1000,-8.43,0.00,0.28,0.00,-5.27,0.00,0.27,-0.00
00:06:10.015 [TUNER] 1351,1000,-3.31,0.00,0.22,0.00,-4.22,0.00,0.26,-0.00
00:06:10.016 [TUNER] 1352,1000,-3.31,0.00,0.22,0.00,-4.22,0.00,0.26,-0.00
00:06:10.050 [TUNER] 1353,1000,-0.93,0.00,0.19,0.00,-3.37,0.00,0.25,-0.00
00:06:10.051 [TUNER] 1354,1000,-0.93,0.00,0.19,0.00,-3.37,0.00,0.25,-0.00
00:06:10.083 [TUNER] 1355,1000,0.98,0.00,0.17,0.00,-2.70,0.00,0.25,-0.00
00:06:10.118 [TUNER] 1356,1000,0.98,0.00,0.17,0.00,-2.70,0.00,0.25,-0.00
00:06:10.120 [TUNER] 1357,1000,0.78,0.00,0.17,0.00,-2.16,0.00,0.24,-0.00
00:06:10.153 [TUNER] 1358,1000,0.78,0.00,0.17,0.00,-2.16,0.00,0.24,-0.00
00:06:10.154 [TUNER] 1359,1000,0.63,0.00,0.17,0.00,-1.73,0.00,0.24,-0.00
00:06:10.190 [TUNER] 1360,1000,0.63,0.00,0.17,0.00,-1.73,0.00,0.24,-0.00
00:06:10.224 [TUNER] 1361,1000,0.50,0.00,0.17,0.00,-1.38,0.00,0.23,-0.00
00:06:10.224 [TUNER] 1362,1000,0.50,0.00,0.17,0.00,-1.38,0.00,0.23,-0.00
00:06:10.258 [TUNER] 1363,1000,0.40,0.00,0.18,0.00,-1.11,0.00,0.23,-0.00
00:06:10.258 [TUNER] 1364,1000,0.40,0.00,0.18,0.00,-1.11,0.00,0.23,-0.00
00:06:10.293 [TUNER] 1365,1000,0.32,0.00,0.18,0.00,-0.88,0.00,0.23,-0.00
00:06:10.293 [TUNER] 1366,1000,0.32,0.00,0.18,0.00,-0.88,0.00,0.23,-0.00
00:06:10.329 [TUNER] 1367,1000,0.26,0.00,0.18,0.00,-0.71,0.00,0.23,-0.00
00:06:10.364 [TUNER] 1368,1000,0.26,0.00,0.18,0.00,-0.71,0.00,0.23,-0.00
00:06:10.364 [TUNER] 1369,1000,0.20,0.00,0.18,0.00,-0.57,0.00,0.23,-0.00
00:06:10.400 [TUNER] 1370,1000,0.20,0.00,0.18,0.00,-0.57,0.00,0.23,-0.00
00:06:10.400 [TUNER] 1371,1000,0.16,0.00,0.18,0.00,-0.45,0.00,0.23,-0.00
00:06:10.433 [TUNER] 1372,1000,0.16,0.00,0.18,0.00,-0.45,0.00,0.23,-0.00
00:06:10.471 [TUNER] 1373,1002,0.13,0.00,0.18,0.00,-0.36,0.00,0.23,-0.00
00:06:10.471 [TUNER] 1374,998,0.13,0.00,0.18,0.00,-0.36,0.00,0.23,-0.00
00:06:10.504 [TUNER] 1375,1000,0.10,0.00,0.18,0.00,-0.29,0.00,0.22,-0.00
00:06:10.504 [TUNER] 1376,1037,0.08,0.00,0.18,0.00,-0.23,0.00,0.22,-0.00
00:06:10.540 [TUNER] 1377,963,0.08,0.00,0.18,0.00,-0.23,0.00,0.22,-0.00
00:06:10.574 [TUNER] 1378,1002,0.07,0.00,0.18,0.00,-0.19,0.00,0.22,-0.00
00:06:10.574 [TUNER] 1379,998,0.07,0.00,0.18,0.00,-0.19,0.00,0.22,-0.00
00:06:10.608 [TUNER] 1380,1000,0.05,0.00,0.18,0.00,-0.15,0.00,0.22,-0.00
00:06:10.609 [TUNER] 1381,1000,0.05,0.00,0.18,0.00,-0.15,0.00,0.22,-0.00
00:06:10.642 [TUNER] 1382,1000,0.04,0.00,0.18,0.00,-0.12,0.00,0.22,-0.00
00:06:10.643 [TUNER] 1383,1000,0.04,0.00,0.18,0.00,-0.12,0.00,0.22,-0.00
00:06:10.678 [TUNER] 1384,1000,0.03,0.00,0.18,0.00,-0.09,0.00,0.22,-0.00
00:06:10.712 [TUNER] 1385,1000,0.03,0.00,0.18,0.00,-0.09,0.00,0.22,-0.00
00:06:10.712 [TUNER] 1386,1000,0.03,0.00,0.18,0.00,-0.08,0.00,0.22,-0.00
00:06:10.748 [TUNER] 1387,1000,0.03,0.00,0.18,0.00,-0.08,0.00,0.22,-0.00
00:06:10.785 [TUNER] 1388,1000,0.02,0.00,0.18,0.00,-0.06,0.00,0.22,-0.00
00:06:10.787 [TUNER] 1389,1000,0.02,0.00,0.18,0.00,-0.06,0.00,0.22,-0.00
00:06:10.788 [TUNER] 1390,1000,0.02,0.00,0.18,0.00,-0.05,0.00,0.22,-0.00
00:06:10.818 [TUNER] 1391,1000,0.02,0.00,0.18,0.00,-0.05,0.00,0.22,-0.00
00:06:10.854 [TUNER] 1392,1000,0.01,0.00,0.18,0.00,-0.04,0.00,0.22,-0.00
00:06:10.854 [TUNER] 1393,1000,0.01,0.00,0.18,0.00,-0.04,0.00,0.22,-0.00
00:06:10.888 [TUNER] 1394,1000,0.01,0.00,0.18,0.00,-0.03,0.00,0.22,-0.00
00:06:10.889 [TUNER] 1395,1000,0.01,0.00,0.18,0.00,-0.03,0.00,0.22,-0.00
00:06:10.922 [TUNER] 1396,1000,0.01,0.00,0.18,0.00,-0.02,0.00,0.22,-0.00
00:06:10.960 [TUNER] 1397,1000,0.01,0.00,0.18,0.00,-0.02,0.00,0.22,-0.00
00:06:10.962 [TUNER] 1398,1000,0.01,0.00,0.18,0.00,-0.02,0.00,0.22,-0.00
00:06:10.993 [TUNER] 1399,1000,0.01,0.00,0.18,0.00,-0.02,0.00,0.22,-0.00
00:06:10.993 [TUNER] 1400,1000,0.01,0.00,0.18,0.00,-0.02,0.00,0.22,-0.00
00:06:11.029 [TUNER] 1401,1000,0.01,0.00,0.18,0.00,-0.02,0.00,0.22,-0.00
00:06:11.065 [TUNER] 1402,1000,0.00,0.00,0.18,0.00,-0.01,0.00,0.22,0.00
00:06:11.065 [TUNER] 1403,1000,0.00,0.00,0.18,0.00,-0.01,0.00,0.22,0.00
00:06:11.098 [TUNER] 1404,1000,0.00,0.00,0.18,0.00,-0.01,0.00,0.22,0.00
00:06:11.099 [TUNER] 1405,1000,0.00,0.00,0.18,0.00,-0.01,0.00,0.22,0.00
00:06:11.135 [TUNER] 1406,1000,0.00,0.00,0.18,0.00,-0.01,0.00,0.22,0.00
00:06:11.167 [TUNER] 1407,1000,0.00,0.00,0.18,0.00,-0.01,0.00,0.22,0.00
00:06:11.168 [TUNER] 1408,1000,0.00,0.00,0.18,0.00,-0.01,0.00,0.22,0.00
00:06:11.202 [TUNER] 1409,1000,0.00,0.00,0.18,0.00,-0.01,0.00,0.22,0.00
00:06:11.204 [TUNER] 1410,1000,0.00,0.00,0.18,0.00,-0.01,0.00,0.22,0.00
00:06:11.239 [TUNER] 1411,1037,0.00,0.00,0.18,0.00,-0.00,0.00,0.22,0.00
00:06:11.240 [TUNER] 1412,963,0.00,0.00,0.18,0.00,-0.00,0.00,0.22,0.00
00:06:11.273 [TUNER] 1413,1002,0.00,0.00,0.18,0.00,-0.00,0.00,0.22,0.00
00:06:11.308 [TUNER] 1414,998,0.00,0.00,0.18,0.00,-0.00,0.00,0.22,0.00
00:06:11.308 [TUNER] 1415,1000,0.00,0.00,0.18,0.00,-0.00,0.00,0.22,0.00
00:06:11.343 [TUNER] 1416,1000,0.00,0.00,0.18,0.00,-0.00,0.00,0.22,0.00
00:06:11.344 [TUNER] 1417,1000,1.72,0.00,0.16,0.00,-0.00,0.00,0.22,0.00
00:06:11.377 [TUNER] 1418,1000,1.72,0.00,0.16,0.00,-0.00,0.00,0.22,0.00
00:06:11.378 [TUNER] 1419,1000,1.38,0.00,0.16,0.00,-0.00,0.00,0.22,0.00
00:06:11.413 [TUNER] 1420,1000,1.38,0.00,0.16,0.00,-0.00,0.00,0.22,0.00
00:06:11.448 [TUNER] 1421,1000,1.10,0.00,0.16,0.00,-0.00,0.00,0.22,0.00
00:06:11.449 [TUNER] 1422,1000,1.10,0.00,0.16,0.00,-0.00,0.00,0.22,0.00
00:06:11.483 [TUNER] 1423,1000,0.88,0.00,0.17,0.00,-0.00,0.00,0.22,0.00
00:06:11.484 [TUNER] 1424,1000,0.88,0.00,0.17,0.00,-0.00,0.00,0.22,0.00
00:06:11.518 [TUNER] 1425,1000,0.70,0.00,0.17,0.00,-0.00,0.00,0.22,0.00
00:06:11.552 [TUNER] 1426,1000,0.70,0.00,0.17,0.00,-0.00,0.00,0.22,0.00
00:06:11.554 [TUNER] 1427,1000,0.56,0.00,0.17,0.00,-0.00,0.00,0.22,0.00
00:06:11.588 [TUNER] 1428,1000,0.56,0.00,0.17,0.00,-0.00,0.00,0.22,0.00
00:06:11.589 [TUNER] 1429,1000,0.45,0.00,0.17,0.00,-0.00,0.00,0.22,0.00
00:06:11.623 [TUNER] 1430,1000,0.45,0.00,0.17,0.00,-0.00,0.00,0.22,0.00
00:06:11.660 [TUNER] 1431,1000,0.36,0.00,0.17,0.00,-0.00,0.00,0.22,0.00
00:06:11.661 [TUNER] 1432,1000,0.36,0.00,0.17,0.00,-0.00,0.00,0.22,0.00
00:06:11.693 [TUNER] 1433,1000,0.29,0.00,0.17,0.00,-0.00,0.00,0.22,0.00
00:06:11.693 [TUNER] 1434,1000,0.29,0.00,0.17,0.00,-0.00,0.00,0.22,0.00
00:06:11.729 [TUNER] 1435,1000,0.23,0.00,0.17,0.00,-0.00,0.00,0.22,0.00
00:06:11.729 [TUNER] 1436,1000,0.23,0.00,0.17,0.00,-0.00,0.00,0.22,0.00
00:06:11.763 [TUNER] 1437,1000,0.18,0.00,0.17,0.00,-0.00,0.00,0.22,0.00
00:06:11.798 [TUNER] 1438,1000,0.18,0.00,0.17,0.00,-0.00,0.00,0.22,0.00
00:06:11.798 [TUNER] 1439,1000,0.15,0.00,0.17,0.00,-0.00,0.00,0.22,0.00
00:06:11.832 [TUNER] 1440,1000,0.15,0.00,0.17,0.00,-0.00,0.00,0.22,0.00
00:06:11.836 [TUNER] 1441,1000,0.12,0.00,0.17,0.00,-0.00,0.00,0.22,0.00
00:06:11.868 [TUNER] 1442,1000,0.12,0.00,0.17,0.00,-0.00,0.00,0.22,0.00
00:06:11.903 [TUNER] 1443,1000,0.09,0.00,0.17,0.00,-0.00,0.00,0.22,0.00
00:06:11.904 [TUNER] 1444,1000,0.09,0.00,0.17,0.00,-0.00,0.00,0.22,0.00
00:06:11.941 [TUNER] 1445,1000,0.08,0.00,0.17,0.00,-0.00,0.00,0.22,0.00
00:06:11.943 [TUNER] 1446,1038,0.06,0.00,0.17,0.00,-0.00,0.00,0.22,0.00
00:06:11.973 [TUNER] 1447,962,0.06,0.00,0.17,0.00,-0.00,0.00,0.22,0.00
00:06:11.974 [TUNER] 1448,1002,0.05,0.00,0.17,0.00,-0.00,0.00,0.22,0.00
00:06:12.007 [TUNER] 1449,998,0.05,0.00,0.17,0.00,-0.00,0.00,0.22,0.00
00:06:12.044 [TUNER] 1450,1000,0.04,0.00,0.17,0.00,-0.00,0.00,0.22,0.00
00:06:12.045 [TUNER] 1451,1000,0.04,0.00,0.17,0.00,-0.00,0.00,0.22,0.00
00:06:12.077 [TUNER] 1452,1000,0.03,0.00,0.17,0.00,-0.00,0.00,0.22,0.00
00:06:12.078 [TUNER] 1453,1000,0.03,0.00,0.17,0.00,-0.00,0.00,0.22,0.00
00:06:12.113 [TUNER] 1454,1000,0.02,0.00,0.17,0.00,-0.00,0.00,0.22,0.00
00:06:12.150 [TUNER] 1455,1000,0.02,0.00,0.17,0.00,-0.00,0.00,0.22,0.00
00:06:12.151 [TUNER] 1456,1000,0.02,0.00,0.17,0.00,-0.00,0.00,0.22,0.00
00:06:12.184 [TUNER] 1457,1000,0.02,0.00,0.17,0.00,-0.00,0.00,0.22,0.00
00:06:12.188 [TUNER] 1458,1000,0.02,0.00,0.17,0.00,-0.00,0.00,0.22,0.00
00:06:12.219 [TUNER] 1459,1000,0.02,0.00,0.17,0.00,-0.00,0.00,0.22,0.00
00:06:12.220 [TUNER] 1460,1000,0.01,0.00,0.17,0.00,-0.00,0.00,0.22,0.00
00:06:12.252 [TUNER] 1461,1000,0.01,0.00,0.17,0.00,-0.00,0.00,0.22,0.00
00:06:12.286 [TUNER] 1462,1000,0.01,0.00,0.17,0.00,-0.00,0.00,0.22,0.00
00:06:12.287 [TUNER] 1463,1000,0.01,0.00,0.17,0.00,-0.00,0.00,0.22,0.00
00:06:12.323 [TUNER] 1464,1000,0.01,0.00,0.17,0.00,-0.00,0.00,0.22,0.00
00:06:12.323 [TUNER] 1465,1000,0.01,0.00,0.17,0.00,-0.00,0.00,0.22,0.00
00:06:12.358 [TUNER] 1466,1000,0.01,0.00,0.17,0.00,-0.00,0.00,0.22,0.00
00:06:12.394 [TUNER] 1467,1000,0.01,0.00,0.17,0.00,-0.00,0.00,0.22,0.00
00:06:12.394 [TUNER] 1468,1000,0.01,0.00,0.17,0.00,-0.00,0.00,0.22,0.00
00:06:12.427 [TUNER] 1469,1000,0.01,0.00,0.17,0.00,-0.00,0.00,0.22,0.00
00:06:12.427 [TUNER] 1470,1000,0.00,0.00,0.17,0.00,-0.00,0.00,0.22,0.00
00:06:12.462 [TUNER] 1471,1000,0.00,0.00,0.17,0.00,-0.00,0.00,0.22,0.00
00:06:12.463 [TUNER] 1472,1000,0.00,0.00,0.17,0.00,-0.00,0.00,0.22,0.00
00:06:12.497 [TUNER] 1473,1000,0.00,0.00,0.17,0.00,-0.00,0.00,0.22,0.00
00:06:12.533 [TUNER] 1474,1000,0.00,0.00,0.17,0.00,-0.00,0.00,0.22,0.00
00:06:12.533 [TUNER] 1475,1000,0.00,0.00,0.17,0.00,-0.00,0.00,0.22,0.00
00:06:12.569 [TUNER] 1476,1000,0.00,0.00,0.17,0.00,-0.00,0.00,0.22,0.00
00:06:12.573 [TUNER] 1477,1000,0.00,0.00,0.17,0.00,-0.00,0.00,0.22,0.00
00:06:12.602 [TUNER] 1478,1000,0.00,0.00,0.17,0.00,-0.00,0.00,0.22,0.00
00:06:12.640 [TUNER] 1479,1000,0.00,0.00,0.17,0.00,-0.00,0.00,0.22,0.00
00:06:12.640 [TUNER] 1480,1000,0.00,0.00,0.17,0.00,-0.00,0.00,0.22,0.00
00:06:12.673 [TUNER] 1481,1038,0.00,0.00,0.17,0.00,-0.00,0.00,0.22,0.00
00:06:12.674 [TUNER] 1482,962,0.00,0.00,0.17,0.00,-0.00,0.00,0.22,0.00
00:06:12.708 [TUNER] 1483,1002,0.00,0.00,0.17,0.00,-0.00,0.00,0.22,0.00
00:06:12.742 [TUNER] 1484,998,0.00,0.00,0.17,0.00,-0.00,0.00,0.22,0.00
00:06:12.745 [TUNER] 1485,1000,0.00,0.00,0.17,0.00,-0.00,0.00,0.22,0.00
00:06:12.778 [TUNER] 1486,1000,0.00,0.00,0.17,0.00,-0.00,0.00,0.22,0.00
00:06:12.778 [TUNER] 1487,1000,0.00,0.00,0.17,0.00,-0.00,0.00,0.22,0.00
00:06:12.813 [TUNER] 1488,1000,0.00,0.00,0.17,0.00,-0.00,0.00,0.22,0.00
00:06:12.813 [TUNER] 1489,1000,0.00,0.00,0.17,0.00,-0.00,0.00,0.22,0.00
00:06:12.849 [TUNER] 1490,1000,0.00,0.00,0.17,0.00,-0.00,0.00,0.22,0.00
00:06:12.883 [TUNER] 1491,1000,0.00,0.00,0.17,0.00,-0.00,0.00,0.22,0.00
00:06:12.884 [TUNER] 1492,1000,0.00,0.00,0.17,0.00,-0.00,0.00,0.22,0.00
00:06:12.920 [TUNER] 1493,1000,0.00,0.00,0.17,0.00,-0.00,0.00,0.22,0.00
00:06:12.921 [TUNER] 1494,1000,0.00,0.00,0.17,0.00,-0.00,0.00,0.22,0.00
00:06:12.955 [TUNER] 1495,1000,0.00,0.00,0.17,0.00,-0.00,0.00,0.22,0.00
00:06:12.989 [TUNER] 1496,1000,0.00,0.00,0.17,0.00,-0.00,0.00,0.22,0.00
00:06:12.991 [TUNER] 1497,1000,0.00,0.00,0.17,0.00,-0.00,0.00,0.22,0.00
00:06:13.022 [TUNER] 1498,1000,0.00,0.00,0.17,0.00,-0.00,0.00,0.22,0.00
00:06:13.023 [TUNER] 1499,1000,0.00,0.00,0.17,0.00,-0.00,0.00,0.22,0.00
00:06:13.058 [TUNER] 1500,1000,0.00,0.00,0.17,0.00,-0.00,0.00,0.22,0.00
00:06:13.058 [TUNER] 1501,1000,0.00,0.00,0.17,0.00,-0.00,0.00,0.22,0.00
00:06:13.093 [TUNER] 1502,1000,0.00,0.00,0.17,0.00,-0.00,0.00,0.22,0.00
00:06:13.128 [TUNER] 1503,1000,0.00,0.00,0.17,0.00,-0.00,0.00,0.22,0.00
00:06:13.129 [TUNER] 1504,1000,0.00,0.00,0.17,0.00,-0.00,0.00,0.22,0.00
00:06:13.163 [TUNER] 1505,1000,0.00,0.00,0.17,0.00,-0.00,0.00,0.22,0.00
00:06:13.198 [TUNER] 1506,1000,0.00,0.00,0.17,0.00,-0.00,0.00,0.22,0.00
00:06:13.198 [TUNER] 1507,1000,0.00,0.00,0.17,0.00,-0.00,0.00,0.22,0.00
00:06:13.233 [TUNER] 1508,1000,0.00,0.00,0.17,0.00,-0.00,0.00,0.22,0.00
00:06:13.234 [TUNER] 1509,1000,0.00,0.00,0.17,0.00,-0.00,0.00,0.22,0.00
00:06:13.269 [TUNER] 1510,1000,0.00,0.00,0.17,0.00,-0.00,0.00,0.22,0.00
00:06:13.271 [TUNER] 1511,1000,0.00,0.00,0.17,0.00,-0.00,0.00,0.22,0.00
00:06:13.304 [TUNER] 1512,1000,0.00,0.00,0.17,0.00,-0.00,0.00,0.22,0.00
00:06:13.340 [TUNER] 1513,1000,0.00,0.00,0.17,0.00,-0.00,0.00,0.22,0.00
00:06:13.341 [TUNER] 1514,1000,0.00,0.00,0.17,0.00,-0.00,0.00,0.22,0.00
00:06:13.373 [TUNER] 1515,1000,0.00,0.00,0.17,0.00,-0.00,0.00,0.22,0.00
00:06:13.374 [TUNER] 1516,1038,0.00,0.00,0.17,0.00,-0.00,0.00,0.22,0.00
00:06:13.408 [TUNER] 1517,962,0.00,0.00,0.17,0.00,-0.00,0.00,0.22,0.00
00:06:13.409 [TUNER] 1518,1002,0.00,0.00,0.17,0.00,-0.00,0.00,0.22,0.00
00:06:13.443 [TUNER] 1519,998,0.00,0.00,0.17,0.00,-0.00,0.00,0.22,0.00
00:06:13.478 [TUNER] 1520,1000,0.00,0.00,0.17,0.00,-0.00,0.00,0.22,0.00
00:06:13.478 [TUNER] 1521,1000,0.00,0.00,0.17,0.00,-0.00,0.00,0.22,0.00
00:06:13.513 [TUNER] 1522,1000,0.00,0.00,0.17,0.00,-0.00,0.00,0.22,0.00
00:06:13.514 [TUNER] 1523,1000,0.00,0.00,0.17,0.00,-0.00,0.00,0.22,0.00
00:06:13.549 [TUNER] 1524,1000,0.00,0.00,0.17,0.00,-0.00,0.00,0.22,0.00
00:06:13.583 [TUNER] 1525,1000,0.00,0.00,0.17,0.00,-0.00,0.00,0.22,0.00
00:06:13.584 [TUNER] 1526,1000,0.00,0.00,0.17,0.00,-0.00,0.00,0.22,0.00
00:06:13.619 [TUNER] 1527,1000,0.00,0.00,0.17,0.00,-0.00,0.00,0.22,0.00
00:06:13.620 [TUNER] 1528,1000,0.00,0.00,0.17,0.00,-0.00,0.00,0.22,0.00
00:06:13.652 [TUNER] 1529,1000,0.00,0.00,0.17,0.00,-0.00,0.00,0.22,0.00
00:06:13.654 [TUNER] 1530,1000,0.00,0.00,0.17,0.00,-0.00,0.00,0.22,0.00
00:06:13.691 [TUNER] 1531,1000,0.00,0.00,0.17,0.00,-0.00,0.00,0.22,0.00
00:06:13.723 [TUNER] 1532,1000,0.00,0.00,0.17,0.00,-0.00,0.00,0.22,0.00
00:06:13.724 [TUNER] 1533,1000,0.00,0.00,0.17,0.00,-0.00,0.00,0.22,0.00
00:06:13.759 [TUNER] 1534,1000,0.00,0.00,0.17,0.00,-0.00,0.00,0.22,0.00
00:06:13.760 [TUNER] 1535,1000,0.00,0.00,0.17,0.00,-0.00,0.00,0.22,0.00
00:06:13.792 [TUNER] 1536,1000,0.00,0.00,0.17,0.00,-0.00,0.00,0.22,0.00
00:06:13.827 [TUNER] 1537,1000,0.00,0.00,0.17,0.00,-0.00,0.00,0.22,0.00
00:06:13.827 [TUNER] 1538,1000,0.00,0.00,0.17,0.00,-0.00,0.00,0.22,0.00
00:06:13.863 [TUNER] 1539,1000,0.00,0.00,0.17,0.00,-0.00,0.00,0.22,0.00
00:06:13.864 [TUNER] 1540,1000,0.00,0.00,0.17,0.00,-0.00,0.00,0.22,0.00
00:06:13.901 [TUNER] 1541,1000,0.00,0.00,0.17,0.00,-0.00,0.00,0.22,0.00
00:06:13.934 [TUNER] 1542,1000,0.00,0.00,0.17,0.00,-0.00,0.00,0.22,0.00
00:06:13.936 [TUNER] 1543,1000,0.00,0.00,0.17,0.00,-0.00,0.00,0.22,0.00
00:06:13.968 [TUNER] 1544,1000,0.00,0.00,0.17,0.00,-0.00,0.00,0.22,0.00
00:06:13.969 [TUNER] 1545,1000,0.00,0.00,0.17,0.00,-0.00,0.00,0.22,0.00
00:06:14.005 [TUNER] 1546,1000,0.00,0.00,0.17,0.00,-0.00,0.00,0.22,0.00
00:06:14.005 [TUNER] 1547,1000,0.00,0.00,0.17,0.00,-0.00,0.00,0.22,0.00
00:06:14.038 [TUNER] 1548,1000,0.00,0.00,0.17,0.00,-0.00,0.00,0.22,0.00
00:06:14.074 [TUNER] 1549,1000,0.00,0.00,0.17,0.00,-0.00,0.00,0.22,0.00
00:06:14.074 [TUNER] 1550,1000,0.00,0.00,0.17,0.00,-0.00,0.00,0.22,0.00
00:06:14.108 [TUNER] 1551,1038,0.00,0.00,0.17,0.00,-0.00,0.00,0.22,0.00
00:06:14.108 [TUNER] 1552,962,0.00,0.00,0.17,0.00,-0.00,0.00,0.22,0.00
00:06:14.143 [TUNER] 1553,1002,0.00,0.00,0.17,0.00,-0.00,0.00,0.22,0.00
00:06:14.177 [TUNER] 1554,998,0.00,0.00,0.17,0.00,-0.00,0.00,0.22,0.00
00:06:14.178 [TUNER] 1555,1000,0.00,0.00,0.17,0.00,-0.00,0.00,0.22,0.00
00:06:14.213 [TUNER] 1556,1000,0.00,0.00,0.17,0.00,-0.00,0.00,0.22,0.00
00:06:14.214 [TUNER] 1557,1000,0.00,0.00,0.17,0.00,-0.00,0.00,0.22,0.00
00:06:14.250 [TUNER] 1558,1000,0.00,0.00,0.17,0.00,-0.00,0.00,0.22,0.00
00:06:14.252 [TUNER] 1559,1000,0.00,0.00,0.17,0.00,-0.00,0.00,0.22,0.00
00:06:14.282 [TUNER] 1560,1000,0.00,0.00,0.17,0.00,-0.00,0.00,0.22,0.00
00:06:14.319 [TUNER] 1561,1000,0.00,0.00,0.17,0.00,-0.00,0.00,0.22,0.00
00:06:14.320 [TUNER] 1562,1000,0.00,0.00,0.17,0.00,-0.00,0.00,0.22,0.00
00:06:14.355 [TUNER] 1563,1000,0.00,0.00,0.17,0.00,-0.00,0.00,0.22,0.00
00:06:14.356 [TUNER] 1564,1000,0.00,0.00,0.17,0.00,-0.00,0.00,0.22,0.00
00:06:14.387 [TUNER] 1565,1000,0.00,0.00,0.17,0.00,-0.00,0.00,0.22,0.00
00:06:14.423 [TUNER] 1566,1000,0.00,0.00,0.17,0.00,-0.00,0.00,0.22,0.00
00:06:14.424 [TUNER] 1567,1000,0.00,0.00,0.17,0.00,-0.00,0.00,0.22,0.00
00:06:14.458 [TUNER] 1568,1000,0.00,0.00,0.17,0.00,-0.00,0.00,0.22,0.00
00:06:14.459 [TUNER] 1569,1000,0.00,0.00,0.17,0.00,-0.00,0.00,0.22,0.00
00:06:14.493 [TUNER] 1570,1000,0.00,0.00,0.17,0.00,-0.00,0.00,0.22,0.00
00:06:14.530 [TUNER] 1571,1000,0.00,0.00,0.17,0.00,-0.00,0.00,0.22,0.00
00:06:14.530 [TUNER] 1572,1000,0.00,0.00,0.17,0.00,-0.00,0.00,0.22,0.00
00:06:14.564 [TUNER] 1573,1002,0.00,0.00,0.17,0.00,-0.00,0.00,0.22,0.00
00:06:14.565 [TUNER] 1574,998,0.00,0.00,0.17,0.00,-0.00,0.00,0.22,0.00
00:06:14.598 [TUNER] 1575,1000,0.00,0.00,0.17,0.00,-0.00,0.00,0.22,0.00
00:06:14.598 [TUNER] 1576,1000,0.00,0.00,0.17,0.00,-0.00,0.00,0.22,0.00
00:06:14.637 [TUNER] 1577,1000,0.00,0.00,0.17,0.00,-0.00,0.00,0.22,0.00
00:06:14.670 [TUNER] 1578,1000,0.00,0.00,0.17,0.00,-0.00,0.00,0.22,0.00
00:06:14.673 [TUNER] 1579,1000,0.00,0.00,0.17,0.00,-0.00,0.00,0.22,0.00
00:06:14.703 [TUNER] 1580,1000,0.00,0.00,0.17,0.00,-0.00,0.00,0.22,0.00
00:06:14.704 [TUNER] 1581,1000,0.00,0.00,0.17,0.00,-0.00,0.00,0.22,0.00
00:06:14.737 [TUNER] 1582,1000,0.00,0.00,0.17,0.00,-0.00,0.00,0.22,0.00
00:06:14.774 [TUNER] 1583,1000,0.00,0.00,0.17,0.00,-0.00,0.00,0.22,0.00
00:06:14.774 [TUNER] 1584,1000,0.00,0.00,0.17,0.00,-0.00,0.00,0.22,0.00
00:06:14.808 [TUNER] 1585,1000,0.00,0.00,0.17,0.00,-0.00,0.00,0.22,0.00
00:06:14.808 [TUNER] 1586,1038,0.00,0.00,0.17,0.00,-0.00,0.00,0.22,0.00
00:06:14.844 [TUNER] 1587,962,0.00,0.00,0.17,0.00,-0.00,0.00,0.22,0.00
00:06:14.845 [TUNER] 1588,1002,0.00,0.00,0.17,0.00,-0.00,0.00,0.22,0.00
00:06:14.876 [TUNER] 1589,998,0.00,0.00,0.17,0.00,-0.00,0.00,0.22,0.00
00:06:14.913 [TUNER] 1590,1000,0.00,0.00,0.17,0.00,-0.00,0.00,0.22,0.00
00:06:14.914 [TUNER] 1591,1000,0.00,0.00,0.17,0.00,-0.00,0.00,0.22,0.00
00:06:14.949 [TUNER] 1592,1000,0.00,0.00,0.17,0.00,-0.00,0.00,0.22,0.00
00:06:14.950 [TUNER] 1593,1000,0.00,0.00,0.17,0.00,-0.00,0.00,0.22,0.00
00:06:14.986 [TUNER] 1594,1000,0.00,0.00,0.17,0.00,-0.00,0.00,0.22,0.00
00:06:15.018 [TUNER] 1595,1000,0.00,0.00,0.17,0.00,-0.00,0.00,0.22,0.00
00:06:15.018 [TUNER] 1596,1000,0.00,0.00,0.17,0.00,-0.00,0.00,0.22,0.00
00:06:15.053 [TUNER] 1597,1000,0.00,0.00,0.17,0.00,-0.00,0.00,0.22,0.00
00:06:15.054 [TUNER] 1598,1000,0.00,0.00,0.17,0.00,-0.00,0.00,0.22,0.00
00:06:15.088 [TUNER] 1599,1000,0.00,0.00,0.17,0.00,-0.00,0.00,0.22,0.00
00:06:15.090 [TUNER] 1600,1000,0.00,0.00,0.17,0.00,-0.00,0.00,0.22,0.00
00:06:15.123 [TUNER] 1601,1000,0.00,0.00,0.17,0.00,-0.00,0.00,0.22,0.00
00:06:15.159 [TUNER] 1602,1000,0.00,0.00,0.17,0.00,-0.00,0.00,0.22,0.00
00:06:15.160 [TUNER] 1603,1000,0.00,0.00,0.17,0.00,-0.00,0.00,0.22,0.00
00:06:15.192 [TUNER] 1604,1000,0.00,0.00,0.17,0.00,-0.00,0.00,0.22,0.00
00:06:15.193 [TUNER] 1605,1000,0.00,0.00,0.17,0.00,-0.00,0.00,0.22,0.00
00:06:15.227 [TUNER] 1606,1000,0.00,0.00,0.17,0.00,-0.00,0.00,0.22,0.00
00:06:15.263 [TUNER] 1607,1000,0.00,0.00,0.17,0.00,-0.00,0.00,0.22,0.00
00:06:15.263 [TUNER] 1608,1000,0.00,0.00,0.17,0.00,-0.00,0.00,0.22,0.00
00:06:15.298 [TUNER] 1609,1000,0.00,0.00,0.17,0.00,-0.00,0.00,0.22,0.00
00:06:15.299 [TUNER] 1610,1000,0.00,0.00,0.17,0.00,-0.00,0.00,0.22,0.00
00:06:15.334 [TUNER] 1611,1000,0.00,0.00,0.17,0.00,-0.00,0.00,0.22,0.00
00:06:15.334 [TUNER] 1612,1000,0.00,0.00,0.17,0.00,-0.00,0.00,0.22,0.00
00:06:15.369 [TUNER] 1613,1000,0.00,0.00,0.17,0.00,-0.00,0.00,0.22,0.00
00:06:15.404 [TUNER] 1614,1000,0.00,0.00,0.17,0.00,-0.00,0.00,0.22,0.00
00:06:15.405 [TUNER] 1615,1000,0.00,0.00,0.17,0.00,-0.00,0.00,0.22,0.00
00:06:15.437 [TUNER] 1616,1000,0.00,0.00,0.17,0.00,-0.00,0.00,0.22,0.00
00:06:15.437 [TUNER] 1617,1000,0.00,0.00,0.17,0.00,-0.00,0.00,0.22,0.00
00:06:15.473 [TUNER] 1618,1000,0.00,0.00,0.17,0.00,-0.00,0.00,0.22,0.00
00:06:15.510 [TUNER] 1619,1000,0.00,0.00,0.17,0.00,-0.00,0.00,0.22,0.00
00:06:15.511 [TUNER] 1620,1000,0.00,0.00,0.17,0.00,-0.00,0.00,0.22,0.00
00:06:15.543 [TUNER] 1621,1038,0.00,0.00,0.17,0.00,-0.00,0.00,0.22,0.00
00:06:15.543 [TUNER] 1622,962,0.00,0.00,0.17,0.00,-0.00,0.00,0.22,0.00
00:06:15.577 [TUNER] 1623,1002,0.00,0.00,0.17,0.00,-0.00,0.00,0.22,0.00
00:06:15.577 [TUNER] 1624,998,0.00,0.00,0.17,0.00,-0.00,0.00,0.22,0.00
00:06:15.611 [TUNER] 1625,1000,0.00,0.00,0.17,0.00,-0.00,0.00,0.22,0.00
00:06:15.646 [TUNER] 1626,1000,0.00,0.00,0.17,0.00,-0.00,0.00,0.22,0.00
00:06:15.647 [TUNER] 1627,1000,0.00,0.00,0.17,0.00,-0.00,0.00,0.22,0.00
00:06:15.682 [TUNER] 1628,1000,0.00,0.00,0.17,0.00,-0.00,0.00,0.22,0.00
00:06:15.682 [TUNER] 1629,1000,0.00,0.00,0.17,0.00,-0.00,0.00,0.22,0.00
00:06:15.719 [TUNER] 1630,1000,0.00,0.00,0.17,0.00,-0.00,0.00,0.22,0.00
00:06:15.756 [TUNER] 1631,1000,0.00,0.00,0.17,0.00,-0.00,0.00,0.22,0.00
00:06:15.757 [TUNER] 1632,1000,0.00,0.00,0.17,0.00,-0.00,0.00,0.22,0.00
00:06:15.788 [TUNER] 1633,1000,0.00,0.00,0.17,0.00,-0.00,0.00,0.22,0.00
00:06:15.789 [TUNER] 1634,1000,0.00,0.00,0.17,0.00,-0.00,0.00,0.22,0.00
00:06:15.824 [TUNER] 1635,1000,0.00,0.00,0.17,0.00,-0.00,0.00,0.22,0.00
00:06:15.824 [TUNER] 1636,1000,0.00,0.00,0.17,0.00,-0.00,0.00,0.22,0.00
00:06:15.858 [TUNER] 1637,1000,0.00,0.00,0.17,0.00,-0.00,0.00,0.22,0.00
00:06:15.892 [TUNER] 1638,1000,0.00,0.00,0.17,0.00,-0.00,0.00,0.22,0.00
00:06:15.893 [TUNER] 1639,1000,0.00,0.00,0.17,0.00,-0.00,0.00,0.22,0.00
00:06:15.928 [TUNER] 1640,1000,0.00,0.00,0.17,0.00,-0.00,0.00,0.22,0.00
00:06:15.928 [TUNER] 1641,1000,0.00,0.00,0.17,0.00,-0.00,0.00,0.22,0.00
00:06:15.962 [TUNER] 1642,1000,0.00,0.00,0.17,0.00,-0.00,0.00,0.22,0.00
00:06:16.000 [TUNER] 1643,1000,0.00,0.00,0.17,0.00,-0.00,0.00,0.22,0.00
00:06:16.000 [TUNER] 1644,1000,0.00,0.00,0.17,0.00,-0.00,0.00,0.22,0.00
00:06:16.034 [TUNER] 1645,1000,0.00,0.00,0.17,0.00,-0.00,0.00,0.22,0.00
00:06:16.038 [TUNER] 1646,1000,0.00,0.00,0.17,0.00,-0.00,0.00,0.22,0.00
00:06:16.067 [TUNER] 1647,1000,0.00,0.00,0.17,0.00,-0.00,0.00,0.22,0.00
00:06:16.067 [TUNER] 1648,1000,0.00,0.00,0.17,0.00,-0.00,0.00,0.22,0.00
00:06:16.105 [TUNER] 1649,1000,0.00,0.00,0.17,0.00,-0.00,0.00,0.22,0.00
00:06:16.140 [TUNER] 1650,1000,0.00,0.00,0.17,0.00,-0.00,0.00,0.22,0.00
00:06:16.140 [TUNER] 1651,1000,0.00,0.00,0.17,0.00,-0.00,0.00,0.22,0.00
00:06:16.174 [TUNER] 1652,1000,0.00,0.00,0.17,0.00,-0.00,0.00,0.22,0.00
00:06:16.175 [TUNER] 1653,1000,0.00,0.00,0.17,0.00,-0.00,0.00,0.22,0.00
00:06:16.208 [TUNER] 1654,1000,0.00,0.00,0.17,0.00,-0.00,0.00,0.22,0.00
00:06:16.243 [TUNER] 1655,1000,0.00,0.00,0.17,0.00,-0.00,0.00,0.22,0.00
00:06:16.243 [TUNER] 1656,1039,0.00,0.00,0.17,0.00,-0.00,0.00,0.22,0.00
00:06:16.278 [TUNER] 1657,961,0.00,0.00,0.17,0.00,-0.00,0.00,0.22,0.00
00:06:16.278 [TUNER] 1658,1002,0.00,0.00,0.17,0.00,-0.00,0.00,0.22,0.00
00:06:16.313 [TUNER] 1659,998,0.00,0.00,0.17,0.00,-0.00,0.00,0.22,0.00
00:06:16.314 [TUNER] 1660,1000,0.00,0.00,0.17,0.00,-0.00,0.00,0.22,0.00
00:06:16.349 [TUNER] 1661,1000,0.00,0.00,0.17,0.00,-0.00,0.00,0.22,0.00
00:06:16.385 [TUNER] 1662,1000,0.00,0.00,0.17,0.00,-0.00,0.00,0.22,0.00
00:06:16.386 [TUNER] 1663,1000,0.00,0.00,0.17,0.00,-0.00,0.00,0.22,0.00
00:06:16.418 [TUNER] 1664,1000,0.00,0.00,0.17,0.00,-0.00,0.00,0.22,0.00
00:06:16.420 [TUNER] 1665,1000,0.00,0.00,0.17,0.00,-0.00,0.00,0.22,0.00
00:06:16.454 [TUNER] 1666,1000,0.00,0.00,0.17,0.00,-0.00,0.00,0.22,0.00
00:06:16.491 [TUNER] 1667,1000,0.00,0.00,0.17,0.00,-0.00,0.00,0.22,0.00
00:06:16.491 [TUNER] 1668,1000,0.00,0.00,0.17,0.00,-0.00,0.00,0.22,0.00
00:06:16.523 [TUNER] 1669,1000,0.00,0.00,0.17,0.00,-0.00,0.00,0.22,0.00
00:06:16.524 [TUNER] 1670,1000,0.00,0.00,0.17,0.00,-0.00,0.00,0.22,0.00
00:06:16.558 [TUNER] 1671,1000,0.00,0.00,0.17,0.00,-0.00,0.00,0.22,0.00
00:06:16.558 [TUNER] 1672,1000,0.00,0.00,0.17,0.00,-0.00,0.00,0.22,0.00
00:06:16.592 [TUNER] 1673,1000,0.00,0.00,0.17,0.00,-0.00,0.00,0.22,0.00
00:06:16.628 [TUNER] 1674,1000,0.00,0.00,0.17,0.00,-0.00,0.00,0.22,0.00
00:06:16.664 [TUNER] 1675,1000,0.00,0.00,0.17,0.00,-0.00,0.00,0.22,0.00
00:06:16.664 [TUNER] 1676,1000,0.00,0.00,0.17,0.00,-0.00,0.00,0.22,0.00
00:06:16.664 [TUNER] 1677,1000,0.00,0.00,0.17,0.00,-0.00,0.00,0.22,0.00
00:06:16.697 [TUNER] 1678,1000,0.00,0.00,0.17,0.00,-0.00,0.00,0.22,0.00
00:06:16.698 [TUNER] 1679,1000,0.00,0.00,0.17,0.00,-0.00,0.00,0.22,0.00
00:06:16.732 [TUNER] 1680,1000,0.00,0.00,0.17,0.00,-0.00,0.00,0.22,0.00
00:06:16.770 [TUNER] 1681,1000,0.00,0.00,0.17,0.00,-0.00,0.00,0.22,0.00
00:06:16.770 [TUNER] 1682,1000,0.00,0.00,0.17,0.00,-0.00,0.00,0.22,0.00
00:06:16.805 [TUNER] 1683,1000,0.00,0.00,0.17,0.00,-0.00,0.00,0.22,0.00
00:06:16.805 [TUNER] 1684,1000,0.00,0.00,0.17,0.00,-0.00,0.00,0.22,0.00
00:06:16.840 [TUNER] 1685,1000,0.00,0.00,0.17,0.00,-0.00,0.00,0.22,0.00
00:06:16.874 [TUNER] 1686,1000,0.00,0.00,0.17,0.00,-0.00,0.00,0.22,0.00
00:06:16.875 [TUNER] 1687,1000,0.00,0.00,0.17,0.00,-0.00,0.00,0.22,0.00
00:06:16.908 [TUNER] 1688,1000,0.00,0.00,0.17,0.00,-0.00,0.00,0.22,0.00
00:06:16.909 [TUNER] 1689,1000,0.00,0.00,0.17,0.00,-0.00,0.00,0.22,0.00
00:06:16.943 [TUNER] 1690,1000,0.00,0.00,0.17,0.00,-0.00,0.00,0.22,0.00
00:06:16.944 [TUNER] 1691,1039,0.00,0.00,0.17,0.00,-0.00,0.00,0.22,0.00
00:06:16.978 [TUNER] 1692,961,0.00,0.00,0.17,0.00,-0.00,0.00,0.22,0.00
00:06:17.013 [TUNER] 1693,1002,0.00,0.00,0.17,0.00,-0.00,0.00,0.22,0.00
00:06:17.013 [TUNER] 1694,998,0.00,0.00,0.17,0.00,-0.00,0.00,0.22,0.00
00:06:17.049 [TUNER] 1695,1000,0.00,0.00,0.17,0.00,-0.00,0.00,0.22,0.00
00:06:17.049 [TUNER] 1696,1000,0.00,0.00,0.17,0.00,-0.00,0.00,0.22,0.00
00:06:17.084 [TUNER] 1697,1000,0.00,0.00,0.17,0.00,-0.00,0.00,0.22,0.00
00:06:17.119 [TUNER] 1698,1000,0.00,0.00,0.17,0.00,-0.00,0.00,0.22,0.00
00:06:17.121 [TUNER] 1699,1000,0.00,0.00,0.17,0.00,-0.00,0.00,0.22,0.00
00:06:17.155 [TUNER] 1700,1000,0.00,0.00,0.17,0.00,-0.00,0.00,0.22,0.00
00:06:17.155 [TUNER] 1701,1000,0.00,0.00,0.17,0.00,-0.00,0.00,0.22,0.00
00:06:17.187 [TUNER] 1702,1000,0.00,0.00,0.17,0.00,-0.00,0.00,0.22,0.00
00:06:17.190 [TUNER] 1703,1000,0.00,0.00,0.17,0.00,-0.00,0.00,0.22,0.00
00:06:17.224 [TUNER] 1704,1000,0.00,0.00,0.17,0.00,-0.00,0.00,0.22,0.00
00:06:17.257 [TUNER] 1705,1000,0.00,0.00,0.17,0.00,-0.00,0.00,0.22,0.00
00:06:17.257 [TUNER] 1706,1000,0.00,0.00,0.17,0.00,-0.00,0.00,0.22,0.00
00:06:17.293 [TUNER] 1707,1000,0.00,0.00,0.17,0.00,-0.00,0.00,0.22,0.00
00:06:17.295 [TUNER] 1708,1000,0.00,0.00,0.17,0.00,-0.00,0.00,0.22,0.00
00:06:17.328 [TUNER] 1709,1000,0.00,0.00,0.17,0.00,-0.00,0.00,0.22,0.00
00:06:17.364 [TUNER] 1710,1000,0.00,0.00,0.17,0.00,-0.00,0.00,0.22,0.00
00:06:17.364 [TUNER] 1711,1000,0.00,0.00,0.17,0.00,-0.00,0.00,0.22,0.00
00:06:17.398 [TUNER] 1712,1000,0.00,0.00,0.17,0.00,-0.00,0.00,0.22,0.00
00:06:17.399 [TUNER] 1713,1000,0.00,0.00,0.17,0.00,-0.00,0.00,0.22,0.00
00:06:17.433 [TUNER] 1714,1000,0.00,0.00,0.17,0.00,-0.00,0.00,0.22,0.00
00:06:17.435 [TUNER] 1715,1000,0.00,0.00,0.17,0.00,-0.00,0.00,0.22,0.00
00:06:17.469 [TUNER] 1716,1000,0.00,0.00,0.17,0.00,-0.00,0.00,0.22,0.00
00:06:17.502 [TUNER] 1717,1000,0.00,0.00,0.17,0.00,-0.00,0.00,0.22,0.00
00:06:17.503 [TUNER] 1718,1000,0.00,0.00,0.17,0.00,-0.00,0.00,0.22,0.00
00:06:17.540 [TUNER] 1719,1000,0.00,0.00,0.17,0.00,-0.00,0.00,0.22,0.00
00:06:17.540 [TUNER] 1720,1000,0.00,0.00,0.17,0.00,-0.00,0.00,0.22,0.00
00:06:17.573 [TUNER] 1721,1000,0.00,0.00,0.17,0.00,-0.00,0.00,0.22,0.00
00:06:17.609 [TUNER] 1722,1000,0.00,0.00,0.17,0.00,-0.00,0.00,0.22,0.00
00:06:17.610 [TUNER] 1723,1000,0.00,0.00,0.17,0.00,-0.00,0.00,0.22,0.00
00:06:17.642 [TUNER] 1724,1000,0.00,0.00,0.17,0.00,-0.00,0.00,0.22,0.00
00:06:17.642 [TUNER] 1725,1000,0.00,0.00,0.17,0.00,-0.00,0.00,0.22,0.00
00:06:17.678 [TUNER] 1726,1039,0.00,0.00,0.17,0.00,-0.00,0.00,0.22,0.00
00:06:17.678 [TUNER] 1727,961,0.00,0.00,0.17,0.00,-0.00,0.00,0.22,0.00
00:06:17.713 [TUNER] 1728,1002,0.00,0.00,0.17,0.00,-0.00,0.00,0.22,0.00
00:06:17.748 [TUNER] 1729,998,0.00,0.00,0.17,0.00,-0.00,0.00,0.22,0.00
00:06:17.752 [TUNER] 1730,1000,0.00,0.00,0.17,0.00,-0.00,0.00,0.22,0.00
00:06:17.783 [TUNER] 1731,1000,0.00,0.00,0.17,0.00,-0.00,0.00,0.22,0.00
00:06:17.785 [TUNER] 1732,1000,0.00,0.00,0.17,0.00,-0.00,0.00,0.22,0.00
00:06:17.819 [TUNER] 1733,1000,0.00,0.00,0.17,0.00,-0.00,0.00,0.22,0.00
00:06:17.855 [TUNER] 1734,1000,0.00,0.00,0.17,0.00,-0.00,0.00,0.22,0.00
00:06:17.858 [TUNER] 1735,1000,0.00,0.00,0.17,0.00,-0.00,0.00,0.22,0.00
00:06:17.891 [TUNER] 1736,1000,0.00,0.00,0.17,0.00,-0.00,0.00,0.22,0.00
00:06:17.894 [TUNER] 1737,1000,0.00,0.00,0.17,0.00,-0.00,0.00,0.22,0.00
00:06:17.924 [TUNER] 1738,1000,0.00,0.00,0.17,0.00,-0.00,0.00,0.22,0.00
00:06:17.924 [TUNER] 1739,1000,0.00,0.00,0.17,0.00,-0.00,0.00,0.22,0.00
00:06:17.958 [TUNER] 1740,1000,0.00,0.00,0.17,0.00,-0.00,0.00,0.22,0.00
00:06:17.993 [TUNER] 1741,1000,0.00,0.00,0.17,0.00,-0.00,0.00,0.22,0.00
00:06:17.993 [TUNER] 1742,1000,0.00,0.00,0.17,0.00,-0.00,0.00,0.22,0.00
00:06:18.028 [TUNER] 1743,1000,0.00,0.00,0.17,0.00,-0.00,0.00,0.22,0.00
00:06:18.028 [TUNER] 1744,1000,0.00,0.00,0.17,0.00,-0.00,0.00,0.22,0.00
00:06:18.063 [TUNER] 1745,1000,0.00,0.00,0.17,0.00,-0.00,0.00,0.22,0.00
00:06:18.098 [TUNER] 1746,1000,0.00,0.00,0.17,0.00,-0.00,0.00,0.22,0.00
00:06:18.099 [TUNER] 1747,1000,0.00,0.00,0.17,0.00,-0.00,0.00,0.22,0.00
00:06:18.133 [TUNER] 1748,1000,0.00,0.00,0.17,0.00,-0.00,0.00,0.22,0.00
00:06:18.134 [TUNER] 1749,1000,0.00,0.00,0.17,0.00,-0.00,0.00,0.22,0.00
00:06:18.168 [TUNER] 1750,1000,0.00,0.00,0.17,0.00,-0.00,0.00,0.22,0.00
00:06:18.204 [TUNER] 1751,1000,0.00,0.00,0.17,0.00,-0.00,0.00,0.22,0.00
00:06:18.205 [TUNER] 1752,1000,0.00,0.00,0.17,0.00,-0.00,0.00,0.22,0.00
00:06:18.241 [TUNER] 1753,1000,0.00,0.00,0.17,0.00,-0.00,0.00,0.22,0.00
00:06:18.243 [TUNER] 1754,1000,0.00,0.00,0.17,0.00,-0.00,0.00,0.22,0.00
00:06:18.273 [TUNER] 1755,1000,0.00,0.00,0.17,0.00,-0.00,0.00,0.22,0.00
00:06:18.273 [TUNER] 1756,1000,0.00,0.00,0.17,0.00,-0.00,0.00,0.22,0.00
00:06:18.308 [TUNER] 1757,1000,0.00,0.00,0.17,0.00,-0.00,0.00,0.22,0.00
00:06:18.343 [TUNER] 1758,1000,0.00,0.00,0.17,0.00,-0.00,0.00,0.22,0.00
00:06:18.344 [TUNER] 1759,1000,0.00,0.00,0.17,0.00,-0.00,0.00,0.22,0.00
00:06:18.378 [TUNER] 1760,1000,0.00,0.00,0.17,0.00,-0.00,0.00,0.22,0.00
00:06:18.378 [TUNER] 1761,1039,0.00,0.00,0.17,0.00,-0.00,0.00,0.22,0.00
00:06:18.413 [TUNER] 1762,961,0.00,0.00,0.17,0.00,-0.00,0.00,0.22,0.00
00:06:18.447 [TUNER] 1763,1002,0.00,0.00,0.17,0.00,-0.00,0.00,0.22,0.00
00:06:18.448 [TUNER] 1764,998,0.00,0.00,0.17,0.00,-0.00,0.00,0.22,0.00
00:06:18.483 [TUNER] 1765,1000,0.00,0.00,0.17,0.00,-0.00,0.00,0.22,0.00
00:06:18.483 [TUNER] 1766,1000,0.00,0.00,0.17,0.00,-0.00,0.00,0.22,0.00
00:06:18.521 [TUNER] 1767,1000,0.00,0.00,0.17,0.00,-0.00,0.00,0.22,0.00
00:06:18.522 [TUNER] 1768,1000,0.00,0.00,0.17,0.00,-0.00,0.00,0.22,0.00
00:06:18.553 [TUNER] 1769,1000,0.00,0.00,0.17,0.00,-0.00,0.00,0.22,0.00
00:06:18.587 [TUNER] 1770,1000,0.00,0.00,0.17,0.00,-0.00,0.00,0.22,0.00
00:06:18.589 [TUNER] 1771,1000,0.00,0.00,0.17,0.00,-0.00,0.00,0.22,0.00
00:06:18.625 [TUNER] 1772,1000,0.00,0.00,0.17,0.00,-0.00,0.00,0.22,0.00
00:06:18.626 [TUNER] 1773,1002,0.00,0.00,0.17,0.00,-0.00,0.00,0.22,0.00
00:06:18.657 [TUNER] 1774,998,0.00,0.00,0.17,0.00,-0.00,0.00,0.22,0.00
00:06:18.693 [TUNER] 1775,1000,0.00,0.00,0.17,0.00,-0.00,0.00,0.22,0.00
00:06:18.693 [TUNER] 1776,1000,0.00,0.00,0.17,0.00,-0.00,0.00,0.22,0.00
00:06:18.728 [TUNER] 1777,1000,0.00,0.00,0.17,0.00,-0.00,0.00,0.22,0.00
00:06:18.728 [TUNER] 1778,1000,0.00,0.00,0.17,0.00,-0.00,0.00,0.22,0.00
00:06:18.763 [TUNER] 1779,1000,0.00,0.00,0.17,0.00,-0.00,0.00,0.22,0.00
00:06:18.764 [TUNER] 1780,1000,0.00,0.00,0.17,0.00,-0.00,0.00,0.22,0.00
00:06:18.798 [TUNER] 1781,1000,0.00,0.00,0.17,0.00,-0.00,0.00,0.22,0.00
00:06:18.834 [TUNER] 1782,1000,0.00,0.00,0.17,0.00,-0.00,0.00,0.22,0.00
00:06:18.834 [TUNER] 1783,1000,0.00,0.00,0.17,0.00,-0.00,0.00,0.22,0.00
00:06:18.868 [TUNER] 1784,1000,0.00,0.00,0.17,0.00,-0.00,0.00,0.22,0.00
00:06:18.868 [TUNER] 1785,1000,0.00,0.00,0.17,0.00,-0.00,0.00,0.22,0.00
00:06:18.904 [TUNER] 1786,1000,0.00,0.00,0.17,0.00,-0.00,0.00,0.22,0.00
00:06:18.939 [TUNER] 1787,1000,0.00,0.00,0.17,0.00,-0.00,0.00,0.22,0.00
00:06:18.940 [TUNER] 1788,1000,0.00,0.00,0.17,0.00,-0.00,0.00,0.22,0.00
00:06:18.972 [TUNER] 1789,1000,0.00,0.00,0.17,0.00,-0.00,0.00,0.22,0.00
00:06:18.973 [TUNER] 1790,1000,0.00,0.00,0.17,0.00,-0.00,0.00,0.22,0.00
00:06:19.008 [TUNER] 1791,1000,0.00,0.00,0.17,0.00,-0.00,0.00,0.22,0.00
00:06:19.008 [TUNER] 1792,1000,0.00,0.00,0.17,0.00,-0.00,0.00,0.22,0.00
00:06:19.044 [TUNER] 1793,1000,0.00,0.00,0.17,0.00,-0.00,0.00,0.22,0.00
00:06:19.078 [TUNER] 1794,1000,0.00,0.00,0.17,0.00,-0.00,0.00,0.22,0.00
00:06:19.078 [TUNER] 1795,1000,0.00,0.00,0.17,0.00,-0.00,0.00,0.22,0.00
00:06:19.113 [TUNER] 1796,1039,0.00,0.00,0.17,0.00,-0.00,0.00,0.22,0.00
00:06:19.114 [TUNER] 1797,961,0.00,0.00,0.17,0.00,-0.00,0.00,0.22,0.00
00:06:19.148 [TUNER] 1798,1002,0.00,0.00,0.17,0.00,-0.00,0.00,0.22,0.00
00:06:19.184 [TUNER] 1799,998,0.00,0.00,0.17,0.00,-0.00,0.00,0.22,0.00
00:06:19.184 [TUNER] 1800,1000,0.00,0.00,0.17,0.00,-0.00,0.00,0.22,0.00
00:06:19.218 [TUNER] 1801,1000,0.00,0.00,0.17,0.00,-0.00,0.00,0.22,0.00
00:06:19.220 [TUNER] 1802,1000,0.00,0.00,0.17,0.00,-0.00,0.00,0.22,0.00
00:06:19.255 [TUNER] 1803,1000,0.00,0.00,0.17,0.00,-0.00,0.00,0.22,0.00
00:06:19.289 [TUNER] 1804,1000,0.00,0.00,0.17,0.00,-0.00,0.00,0.22,0.00
00:06:19.290 [TUNER] 1805,1000,0.00,0.00,0.17,0.00,-0.00,0.00,0.22,0.00
00:06:19.325 [TUNER] 1806,1000,0.00,0.00,0.17,0.00,-0.00,0.00,0.22,0.00
00:06:19.325 [TUNER] 1807,1000,0.00,0.00,0.17,0.00,-0.00,0.00,0.22,0.00
00:06:19.358 [TUNER] 1808,1000,0.00,0.00,0.17,0.00,-0.00,0.00,0.22,0.00
00:06:19.359 [TUNER] 1809,1000,0.00,0.00,0.17,0.00,-0.00,0.00,0.22,0.00
00:06:19.396 [TUNER] 1810,1000,0.00,0.00,0.17,0.00,-0.00,0.00,0.22,0.00
00:06:19.429 [TUNER] 1811,1000,0.00,0.00,0.17,0.00,-0.00,0.00,0.22,0.00
00:06:19.429 [TUNER] 1812,1000,0.00,0.00,0.17,0.00,-0.00,0.00,0.22,0.00
00:06:19.464 [TUNER] 1813,1000,0.00,0.00,0.17,0.00,-0.00,0.00,0.22,0.00
00:06:19.465 [TUNER] 1814,1000,0.00,0.00,0.17,0.00,-0.00,0.00,0.22,0.00
00:06:19.500 [TUNER] 1815,1000,0.00,0.00,0.17,0.00,-0.00,0.00,0.22,0.00
00:06:19.533 [TUNER] 1816,1000,0.00,0.00,0.17,0.00,-0.00,0.00,0.22,0.00
00:06:19.534 [TUNER] 1817,1000,0.00,0.00,0.17,0.00,-0.00,0.00,0.22,0.00
00:06:19.569 [TUNER] 1818,1000,0.00,0.00,0.17,0.00,-0.00,0.00,0.22,0.00
00:06:19.571 [TUNER] 1819,1000,0.00,0.00,0.17,0.00,-0.00,0.00,0.22,0.00
00:06:19.602 [TUNER] 1820,1000,0.00,0.00,0.17,0.00,-0.00,0.00,0.22,0.00
00:06:19.605 [TUNER] 1821,1000,0.00,0.00,0.17,0.00,-0.00,0.00,0.22,0.00
00:06:19.637 [TUNER] 1822,1000,0.00,0.00,0.17,0.00,-0.00,0.00,0.22,0.00
00:06:19.674 [TUNER] 1823,1000,0.00,0.00,0.17,0.00,-0.00,0.00,0.22,0.00
00:06:19.674 [TUNER] 1824,1000,0.00,0.00,0.17,0.00,-0.00,0.00,0.22,0.00
00:06:19.708 [TUNER] 1825,1000,0.00,0.00,0.17,0.00,-0.00,0.00,0.22,0.00
00:06:19.708 [TUNER] 1826,1000,0.00,0.00,0.17,0.00,-0.00,0.00,0.22,0.00
00:06:19.742 [TUNER] 1827,1000,0.00,0.00,0.17,0.00,-0.00,0.00,0.22,0.00
00:06:19.777 [TUNER] 1828,1000,0.00,0.00,0.17,0.00,-0.00,0.00,0.22,0.00
00:06:19.777 [TUNER] 1829,1000,0.00,0.00,0.17,0.00,-0.00,0.00,0.22,0.00
00:06:19.814 [TUNER] 1830,1000,0.00,0.00,0.17,0.00,-0.00,0.00,0.22,0.00
00:06:19.814 [TUNER] 1831,1040,0.00,0.00,0.17,0.00,-0.00,0.00,0.22,0.00
00:06:19.849 [TUNER] 1832,960,0.00,0.00,0.17,0.00,-0.00,0.00,0.22,0.00
00:06:19.849 [TUNER] 1833,1002,0.00,0.00,0.17,0.00,-0.00,0.00,0.22,0.00
00:06:19.884 [TUNER] 1834,998,0.00,0.00,0.17,0.00,-0.00,0.00,0.22,0.00
00:06:19.921 [TUNER] 1835,1000,0.00,0.00,0.17,0.00,-0.00,0.00,0.22,0.00
00:06:19.922 [TUNER] 1836,1000,0.00,0.00,0.17,0.00,-0.00,0.00,0.22,0.00
00:06:19.953 [TUNER] 1837,1000,0.00,0.00,0.17,0.00,-0.00,0.00,0.22,0.00
00:06:19.954 [TUNER] 1838,1000,0.00,0.00,0.17,0.00,-0.00,0.00,0.22,0.00
00:06:19.987 [TUNER] 1839,1000,0.00,0.00,0.17,0.00,-0.00,0.00,0.22,0.00
00:06:20.024 [TUNER] 1840,1000,0.00,0.00,0.17,0.00,-0.00,0.00,0.22,0.00
00:06:20.026 [TUNER] 1841,1000,0.00,0.00,0.17,0.00,-0.00,0.00,0.22,0.00
00:06:20.058 [TUNER] 1842,1000,0.00,0.00,0.17,0.00,-0.00,0.00,0.22,0.00
00:06:20.093 [TUNER] 1843,1000,0.00,0.00,0.17,0.00,-0.00,0.00,0.22,0.00
00:06:20.093 [TUNER] 1844,1000,0.00,0.00,0.17,0.00,-0.00,0.00,0.22,0.00
00:06:20.094 [TUNER] 1845,1000,0.00,0.00,0.17,0.00,-0.00,0.00,0.22,0.00
00:06:20.126 [TUNER] 1846,1000,0.00,0.00,0.17,0.00,-0.00,0.00,0.22,0.00
00:06:20.163 [TUNER] 1847,1000,0.00,0.00,0.17,0.00,-0.00,0.00,0.22,0.00
00:06:20.164 [TUNER] 1848,1000,0.00,0.00,0.17,0.00,-0.00,0.00,0.22,0.00
00:06:20.199 [TUNER] 1849,1000,0.00,0.00,0.17,0.00,-0.00,0.00,0.22,0.00
00:06:20.199 [TUNER] 1850,1000,0.00,0.00,0.17,0.00,-0.00,0.00,0.22,0.00
00:06:20.233 [TUNER] 1851,1000,0.00,0.00,0.17,0.00,-0.00,0.00,0.22,0.00
00:06:20.270 [TUNER] 1852,1000,0.00,0.00,0.17,0.00,-0.00,0.00,0.22,0.00
00:06:20.273 [TUNER] 1853,1000,0.00,0.00,0.17,0.00,-0.00,0.00,0.22,0.00
00:06:20.303 [TUNER] 1854,1000,0.00,0.00,0.17,0.00,-0.00,0.00,0.22,0.00
00:06:20.304 [TUNER] 1855,1000,0.00,0.00,0.17,0.00,-0.00,0.00,0.22,0.00
00:06:20.337 [TUNER] 1856,1000,0.00,0.00,0.17,0.00,-0.00,0.00,0.22,0.00
00:06:20.373 [TUNER] 1857,1000,0.00,0.00,0.17,0.00,-0.00,0.00,0.22,0.00
00:06:20.374 [TUNER] 1858,1000,0.00,0.00,0.17,0.00,-0.00,0.00,0.22,0.00
00:06:20.408 [TUNER] 1859,1000,0.00,0.00,0.17,0.00,-0.00,0.00,0.22,0.00
00:06:20.408 [TUNER] 1860,1000,0.00,0.00,0.17,0.00,-0.00,0.00,0.22,0.00
00:06:20.443 [TUNER] 1861,1000,0.00,0.00,0.17,0.00,-0.00,0.00,0.22,0.00
00:06:20.443 [TUNER] 1862,1000,0.00,0.00,0.17,0.00,-0.00,0.00,0.22,0.00
00:06:20.478 [TUNER] 1863,1000,0.00,0.00,0.17,0.00,-0.00,0.00,0.22,0.00
00:06:20.514 [TUNER] 1864,1000,0.00,0.00,0.17,0.00,-0.00,0.00,0.22,0.00
00:06:20.515 [TUNER] 1865,1000,0.00,0.00,0.17,0.00,-0.00,0.00,0.22,0.00
00:06:20.548 [TUNER] 1866,1040,0.00,0.00,0.17,0.00,-0.00,0.00,0.22,0.00
00:06:20.549 [TUNER] 1867,960,0.00,0.00,0.17,0.00,-0.00,0.00,0.22,0.00
00:06:20.583 [TUNER] 1868,1002,0.00,0.00,0.17,0.00,-0.00,0.00,0.22,0.00
00:06:20.621 [TUNER] 1869,998,0.00,0.00,0.17,0.00,-0.00,0.00,0.22,0.00
00:06:20.621 [TUNER] 1870,1000,0.00,0.00,0.17,0.00,-0.00,0.00,0.22,0.00
00:06:20.655 [TUNER] 1871,1000,0.00,0.00,0.17,0.00,-0.00,0.00,0.22,0.00
00:06:20.658 [TUNER] 1872,1000,0.00,0.00,0.17,0.00,-0.00,0.00,0.22,0.00
00:06:20.689 [TUNER] 1873,1000,0.00,0.00,0.17,0.00,-0.00,0.00,0.22,0.00
00:06:20.690 [TUNER] 1874,1000,0.00,0.00,0.17,0.00,-0.00,0.00,0.22,0.00
00:06:20.723 [TUNER] 1875,1000,0.00,0.00,0.17,0.00,-0.00,0.00,0.22,0.00
00:06:20.758 [TUNER] 1876,1000,0.00,0.00,0.17,0.00,-0.00,0.00,0.22,0.00
00:06:20.792 [TUNER] 1877,1000,0.00,0.00,0.17,0.00,-0.00,0.00,0.22,0.00
00:06:20.793 [TUNER] 1878,1000,0.00,0.00,0.17,0.00,-0.00,0.00,0.22,0.00
00:06:20.795 [TUNER] 1879,1000,0.00,0.00,0.17,0.00,-0.00,0.00,0.22,0.00
00:06:20.829 [TUNER] 1880,1000,0.00,0.00,0.17,0.00,-0.00,0.00,0.22,0.00
00:06:20.869 [TUNER] 1881,1000,0.00,0.00,0.17,0.00,-0.00,0.00,0.22,0.00
00:06:20.872 [TUNER] 1882,1000,0.00,0.00,0.17,0.00,-0.00,0.00,0.22,0.00
00:06:20.897 [TUNER] 1883,1000,0.00,0.00,0.17,0.00,-0.00,0.00,0.22,0.00
00:06:20.897 [TUNER] 1884,1000,0.00,0.00,0.17,0.00,-0.00,0.00,0.22,0.00
00:06:20.935 [TUNER] 1885,1000,0.00,0.00,0.17,0.00,-0.00,0.00,0.22,0.00
00:06:20.938 [TUNER] 1886,1000,0.00,0.00,0.17,0.00,-0.00,0.00,0.22,0.00
00:06:20.969 [TUNER] 1887,1000,0.00,0.00,0.17,0.00,-0.00,0.00,0.22,0.00
00:06:21.004 [TUNER] 1888,1000,0.00,0.00,0.17,0.00,-0.00,0.00,0.22,0.00
00:06:21.007 [TUNER] 1889,1000,0.00,0.00,0.17,0.00,-0.00,0.00,0.22,0.00
00:06:21.039 [TUNER] 1890,1000,0.00,0.00,0.17,0.00,-0.00,0.00,0.22,0.00
00:06:21.039 [TUNER] 1891,1000,0.00,0.00,0.17,0.00,-0.00,0.00,0.22,0.00
00:06:21.074 [TUNER] 1892,1000,0.00,0.00,0.17,0.00,-0.00,0.00,0.22,0.00
00:06:21.108 [TUNER] 1893,1000,0.00,0.00,0.17,0.00,-0.00,0.00,0.22,0.00
00:06:21.108 [TUNER] 1894,1000,0.00,0.00,0.17,0.00,-0.00,0.00,0.22,0.00
00:06:21.143 [TUNER] 1895,1000,0.00,0.00,0.17,0.00,-0.00,0.00,0.22,0.00
00:06:21.144 [TUNER] 1896,1000,0.00,0.00,0.17,0.00,-0.00,0.00,0.22,0.00
00:06:21.178 [TUNER] 1897,1000,0.00,0.00,0.17,0.00,-0.00,0.00,0.22,0.00
00:06:21.179 [TUNER] 1898,1000,0.00,0.00,0.17,0.00,-0.00,0.00,0.22,0.00
00:06:21.214 [TUNER] 1899,1000,0.00,0.00,0.17,0.00,-0.00,0.00,0.22,0.00
00:06:21.248 [TUNER] 1900,1000,0.00,0.00,0.17,0.00,-0.00,0.00,0.22,0.00
00:06:21.249 [TUNER] 1901,1040,0.00,0.00,0.17,0.00,-0.00,0.00,0.22,0.00
00:06:21.284 [TUNER] 1902,960,0.00,0.00,0.17,0.00,-0.00,0.00,0.22,0.00
00:06:21.284 [TUNER] 1903,1002,0.00,0.00,0.17,0.00,-0.00,0.00,0.22,0.00
00:06:21.318 [TUNER] 1904,998,0.00,0.00,0.17,0.00,-0.00,0.00,0.22,0.00
00:06:21.355 [TUNER] 1905,1000,0.00,0.00,0.17,0.00,-0.00,0.00,0.22,0.00
00:06:21.355 [TUNER] 1906,1000,0.00,0.00,0.17,0.00,-0.00,0.00,0.22,0.00
00:06:21.389 [TUNER] 1907,1000,0.00,0.00,0.17,0.00,-0.00,0.00,0.22,0.00
00:06:21.390 [TUNER] 1908,1000,0.00,0.00,0.17,0.00,-0.00,0.00,0.22,0.00
00:06:21.423 [TUNER] 1909,1000,0.00,0.00,0.17,0.00,-0.00,0.00,0.22,0.00
00:06:21.423 [TUNER] 1910,1000,0.00,0.00,0.17,0.00,-0.00,0.00,0.22,0.00
00:06:21.459 [TUNER] 1911,1000,0.00,0.00,0.17,0.00,-0.00,0.00,0.22,0.00
00:06:21.493 [TUNER] 1912,1000,0.00,0.00,0.17,0.00,-0.00,0.00,0.22,0.00
00:06:21.493 [TUNER] 1913,1000,0.00,0.00,0.17,0.00,-0.00,0.00,0.22,0.00
00:06:21.529 [TUNER] 1914,1000,0.00,0.00,0.17,0.00,-0.00,0.00,0.22,0.00
00:06:21.531 [TUNER] 1915,1000,0.00,0.00,0.17,0.00,-0.00,0.00,0.22,0.00
00:06:21.562 [TUNER] 1916,1000,0.00,0.00,0.17,0.00,-0.00,0.00,0.22,0.00
00:06:21.599 [TUNER] 1917,1000,0.00,0.00,0.17,0.00,-0.00,0.00,0.22,0.00
00:06:21.599 [TUNER] 1918,1000,0.00,0.00,0.17,0.00,-0.00,0.00,0.22,0.00
00:06:21.633 [TUNER] 1919,1000,0.00,0.00,0.17,0.00,-0.00,0.00,0.22,0.00
00:06:21.634 [TUNER] 1920,1000,0.00,0.00,0.17,0.00,-0.00,0.00,0.22,0.00
00:06:21.669 [TUNER] 1921,1000,0.00,0.00,0.17,0.00,-0.00,0.00,0.22,0.00
00:06:21.702 [TUNER] 1922,1000,0.00,0.00,0.17,0.00,-0.00,0.00,0.22,0.00
00:06:21.703 [TUNER] 1923,1000,0.00,0.00,0.17,0.00,-0.00,0.00,0.22,0.00
00:06:21.740 [TUNER] 1924,1000,0.00,0.00,0.17,0.00,-0.00,0.00,0.22,0.00
00:06:21.743 [TUNER] 1925,1000,0.00,0.00,0.17,0.00,-0.00,0.00,0.22,0.00
00:06:21.773 [TUNER] 1926,1000,0.00,0.00,0.17,0.00,-0.00,0.00,0.22,0.00
00:06:21.774 [TUNER] 1927,1000,0.00,0.00,0.17,0.00,-0.00,0.00,0.22,0.00
00:06:21.808 [TUNER] 1928,1000,0.00,0.00,0.17,0.00,-0.00,0.00,0.22,0.00
00:06:21.844 [TUNER] 1929,1000,0.00,0.00,0.17,0.00,-0.00,0.00,0.22,0.00
00:06:21.844 [TUNER] 1930,1000,0.00,0.00,0.17,0.00,-0.00,0.00,0.22,0.00
00:06:21.881 [TUNER] 1931,1000,0.00,0.00,0.17,0.00,-0.00,0.00,0.22,0.00
00:06:21.881 [TUNER] 1932,1000,0.00,0.00,0.17,0.00,-0.00,0.00,0.22,0.00
00:06:21.913 [TUNER] 1933,1000,0.00,0.00,0.17,0.00,-0.00,0.00,0.22,0.00
00:06:21.948 [TUNER] 1934,1000,0.00,0.00,0.17,0.00,-0.00,0.00,0.22,0.00
00:06:21.949 [TUNER] 1935,1000,0.00,0.00,0.17,0.00,-0.00,0.00,0.22,0.00
00:06:21.984 [TUNER] 1936,1040,0.00,0.00,0.17,0.00,-0.00,0.00,0.22,0.00
00:06:21.985 [TUNER] 1937,960,0.00,0.00,0.17,0.00,-0.00,0.00,0.22,0.00
00:06:22.019 [TUNER] 1938,1002,0.00,0.00,0.17,0.00,-0.00,0.00,0.22,0.00
00:06:22.056 [TUNER] 1939,998,0.00,0.00,0.17,0.00,-0.00,0.00,0.22,0.00
00:06:22.057 [TUNER] 1940,1000,0.00,0.00,0.17,0.00,-0.00,0.00,0.22,0.00
00:06:22.089 [TUNER] 1941,1000,0.00,0.00,0.17,0.00,-0.00,0.00,0.22,0.00
00:06:22.090 [TUNER] 1942,1000,0.00,0.00,0.17,0.00,-0.00,0.00,0.22,0.00
00:06:22.122 [TUNER] 1943,1000,0.00,0.00,0.17,0.00,-0.00,0.00,0.22,0.00
00:06:22.158 [TUNER] 1944,1000,0.00,0.00,0.17,0.00,-0.00,0.00,0.22,0.00
00:06:22.159 [TUNER] 1945,1000,0.00,0.00,0.17,0.00,-0.00,0.00,0.22,0.00
00:06:22.193 [TUNER] 1946,1000,0.00,0.00,0.17,0.00,-0.00,0.00,0.22,0.00
00:06:22.230 [TUNER] 1947,1000,0.00,0.00,0.17,0.00,-0.00,0.00,0.22,0.00
00:06:22.230 [TUNER] 1948,1000,0.00,0.00,0.17,0.00,-0.00,0.00,0.22,0.00
00:06:22.231 [TUNER] 1949,1000,0.00,0.00,0.17,0.00,-0.00,0.00,0.22,0.00
00:06:22.262 [TUNER] 1950,1000,0.00,0.00,0.17,0.00,-0.00,0.00,0.22,0.00
00:06:22.299 [TUNER] 1951,1000,0.00,0.00,0.17,0.00,-0.00,0.00,0.22,0.00
00:06:22.299 [TUNER] 1952,1000,0.00,0.00,0.17,0.00,-0.00,0.00,0.22,0.00
00:06:22.333 [TUNER] 1953,1000,0.00,0.00,0.17,0.00,-0.00,0.00,0.22,0.00
00:06:22.335 [TUNER] 1954,1000,0.00,0.00,0.17,0.00,-0.00,0.00,0.22,0.00
00:06:22.368 [TUNER] 1955,1000,0.00,0.00,0.17,0.00,-0.00,0.00,0.22,0.00
00:06:22.403 [TUNER] 1956,1000,0.00,0.00,0.17,0.00,-0.00,0.00,0.22,0.00
00:06:22.404 [TUNER] 1957,1000,0.00,0.00,0.17,0.00,-0.00,0.00,0.22,0.00
00:06:22.438 [TUNER] 1958,1000,0.00,0.00,0.17,0.00,-0.00,0.00,0.22,0.00
00:06:22.439 [TUNER] 1959,1000,0.00,0.00,0.17,0.00,-0.00,0.00,0.22,0.00
00:06:22.474 [TUNER] 1960,1000,0.00,0.00,0.17,0.00,-0.00,0.00,0.22,0.00
00:06:22.475 [TUNER] 1961,1000,0.00,0.00,0.17,0.00,-0.00,0.00,0.22,0.00
00:06:22.509 [TUNER] 1962,1000,0.00,0.00,0.17,0.00,-0.00,0.00,0.22,0.00
00:06:22.544 [TUNER] 1963,1000,0.00,0.00,0.17,0.00,-0.00,0.00,0.22,0.00
00:06:22.545 [TUNER] 1964,1000,0.00,0.00,0.17,0.00,-0.00,0.00,0.22,0.00
00:06:22.578 [TUNER] 1965,1000,0.00,0.00,0.17,0.00,-0.00,0.00,0.22,0.00
00:06:22.579 [TUNER] 1966,1000,0.00,0.00,0.17,0.00,-0.00,0.00,0.22,0.00
00:06:22.613 [TUNER] 1967,1000,0.00,0.00,0.17,0.00,-0.00,0.00,0.22,0.00
00:06:22.653 [TUNER] 1968,1000,0.00,0.00,0.17,0.00,-0.00,0.00,0.22,0.00
00:06:22.654 [TUNER] 1969,1000,0.00,0.00,0.17,0.00,-0.00,0.00,0.22,0.00
00:06:22.683 [TUNER] 1970,1000,0.00,0.00,0.17,0.00,-0.00,0.00,0.22,0.00
00:06:22.683 [TUNER] 1971,1040,0.00,0.00,0.17,0.00,-0.00,0.00,0.22,0.00
00:06:22.720 [TUNER] 1972,960,0.00,0.00,0.17,0.00,-0.00,0.00,0.22,0.00
00:06:22.723 [TUNER] 1973,1002,0.00,0.00,0.17,0.00,-0.00,0.00,0.22,0.00
00:06:22.754 [TUNER] 1974,998,0.00,0.00,0.17,0.00,-0.00,0.00,0.22,0.00
00:06:22.788 [TUNER] 1975,1000,0.00,0.00,0.17,0.00,-0.00,0.00,0.22,0.00
00:06:22.790 [TUNER] 1976,1000,0.00,0.00,0.17,0.00,-0.00,0.00,0.22,0.00
00:06:22.824 [TUNER] 1977,1000,0.00,0.00,0.17,0.00,-0.00,0.00,0.22,0.00
00:06:22.824 [TUNER] 1978,1000,0.00,0.00,0.17,0.00,-0.00,0.00,0.22,0.00
00:06:22.858 [TUNER] 1979,1000,0.00,0.00,0.17,0.00,-0.00,0.00,0.22,0.00
00:06:22.893 [TUNER] 1980,1000,0.00,0.00,0.17,0.00,-0.00,0.00,0.22,0.00
00:06:22.894 [TUNER] 1981,1000,0.00,0.00,0.17,0.00,-0.00,0.00,0.22,0.00
00:06:22.928 [TUNER] 1982,1000,0.00,0.00,0.17,0.00,-0.00,0.00,0.22,0.00
00:06:22.929 [TUNER] 1983,1000,0.00,0.00,0.17,0.00,-0.00,0.00,0.22,0.00
00:06:22.963 [TUNER] 1984,1000,0.00,0.00,0.17,0.00,-0.00,0.00,0.22,0.00
00:06:23.000 [TUNER] 1985,1000,0.00,0.00,0.17,0.00,-0.00,0.00,0.22,0.00
00:06:23.001 [TUNER] 1986,1000,0.00,0.00,0.17,0.00,-0.00,0.00,0.22,0.00
00:06:23.034 [TUNER] 1987,1000,0.00,0.00,0.17,0.00,-0.00,0.00,0.22,0.00
00:06:23.035 [TUNER] 1988,1000,0.00,0.00,0.17,0.00,-0.00,0.00,0.22,0.00
00:06:23.068 [TUNER] 1989,1000,0.00,0.00,0.17,0.00,-0.00,0.00,0.22,0.00
00:06:23.069 [TUNER] 1990,1000,0.00,0.00,0.17,0.00,-0.00,0.00,0.22,0.00
00:06:23.103 [TUNER] 1991,1000,0.00,0.00,0.17,0.00,-0.00,0.00,0.22,0.00
00:06:23.137 [TUNER] 1992,1000,0.00,0.00,0.17,0.00,-0.00,0.00,0.22,0.00
00:06:23.139 [TUNER] 1993,1000,0.00,0.00,0.17,0.00,-0.00,0.00,0.22,0.00
00:06:23.172 [TUNER] 1994,1000,0.00,0.00,0.17,0.00,-0.00,0.00,0.22,0.00
00:06:23.174 [TUNER] 1995,1000,0.00,0.00,0.17,0.00,-0.00,0.00,0.22,0.00
00:06:23.209 [TUNER] 1996,1000,0.00,0.00,0.17,0.00,-0.00,0.00,0.22,0.00
00:06:23.243 [TUNER] 1997,1000,0.00,0.00,0.17,0.00,-0.00,0.00,0.22,0.00
00:06:23.243 [TUNER] 1998,1000,0.00,0.00,0.17,0.00,-0.00,0.00,0.22,0.00
00:06:23.278 [TUNER] 1999,1000,0.00,0.00,0.17,0.00,-0.00,0.00,0.22,0.00
00:06:23.279 [TUNER] --- CSV END ---