00:03:07.279 [TUNER] --- CSV START ---
00:03:07.279 [TUNER] Metadata,Profile(Accel:12.0 Jerk:100.0),PID_0(P:15.06000 I:642.76068 D:0.00000),PID_1(P:16.28460 I:690.83972 D:0.00000)
00:03:07.279 [TUNER] Tick,DeltaTime_us,Reading_0,Setpoint_0,Output_0,int_0,Reading_1,Setpoint_1,Output_1,int_1
00:03:07.280 [TUNER] 0,0,0.00,0.10,0.09,0.00,0.00,0.10,0.22,0.00
00:03:07.313 [TUNER] 1,968,0.00,0.30,0.09,0.00,0.00,0.30,0.22,0.00
00:03:07.314 [TUNER] 2,1000,0.00,0.60,0.10,0.00,0.00,0.60,0.23,0.00
00:03:07.347 [TUNER] 3,1000,0.00,1.00,0.10,0.00,0.00,1.00,0.23,0.00
00:03:07.382 [TUNER] 4,1000,0.00,1.50,0.11,0.00,0.00,1.50,0.25,0.00
00:03:07.382 [TUNER] 5,1000,0.00,2.10,0.11,0.00,0.00,2.10,0.25,0.00
00:03:07.418 [TUNER] 6,1000,0.00,2.80,0.14,0.00,0.00,2.80,0.28,0.00
00:03:07.418 [TUNER] 7,1000,0.00,3.60,0.14,0.00,0.00,3.60,0.28,0.00
00:03:07.451 [TUNER] 8,1004,0.00,4.50,0.17,0.00,0.00,4.50,0.31,0.00
00:03:07.451 [TUNER] 9,998,0.00,5.50,0.19,0.00,0.00,5.50,0.33,0.00
00:03:07.486 [TUNER] 10,1000,0.00,6.60,0.19,0.00,0.00,6.60,0.33,0.00
00:03:07.521 [TUNER] 11,998,0.00,7.80,0.24,0.00,0.00,7.80,0.38,0.00
00:03:07.521 [TUNER] 12,1002,0.00,9.10,0.24,0.00,0.00,9.10,0.38,0.00
00:03:07.556 [TUNER] 13,998,0.00,10.50,0.29,0.00,0.00,10.50,0.44,0.00
00:03:07.556 [TUNER] 14,1000,0.00,12.00,0.29,0.00,0.00,12.00,0.44,0.00
00:03:07.592 [TUNER] 15,1000,0.00,13.60,0.36,0.00,0.00,13.60,0.52,0.00
00:03:07.627 [TUNER] 16,1000,0.00,15.30,0.36,0.00,0.00,15.30,0.52,0.00
00:03:07.627 [TUNER] 17,1000,0.00,17.10,0.44,0.00,0.00,17.10,0.60,0.00
00:03:07.662 [TUNER] 18,1000,0.00,19.00,0.44,0.00,0.00,19.00,0.60,0.00
00:03:07.662 [TUNER] 19,1000,0.00,21.00,0.53,0.00,0.00,21.00,0.70,0.00
00:03:07.697 [TUNER] 20,1000,0.00,23.10,0.53,0.00,0.00,23.10,0.70,0.00
00:03:07.698 [TUNER] 21,1000,0.00,25.30,0.63,0.00,6.87,25.30,0.69,0.00
00:03:07.733 [TUNER] 22,1000,0.00,27.60,0.63,0.00,6.87,27.60,0.69,0.00
00:03:07.767 [TUNER] 23,1000,0.00,30.00,0.74,0.00,14.09,30.00,0.67,0.00
00:03:07.768 [TUNER] 24,1000,0.00,32.50,0.74,0.00,14.09,32.50,0.67,0.00
00:03:07.802 [TUNER] 25,1000,3.44,35.10,0.81,0.00,21.58,35.10,0.66,0.00
00:03:07.802 [TUNER] 26,1000,3.44,37.80,0.81,0.00,21.58,37.80,0.66,0.00
00:03:07.838 [TUNER] 27,1000,7.90,40.60,0.88,0.00,27.57,40.60,0.67,0.00
00:03:07.872 [TUNER] 28,1000,7.90,43.50,0.88,0.00,27.57,43.50,0.67,0.00
00:03:07.874 [TUNER] 29,1000,11.48,46.50,0.96,0.00,28.93,46.50,0.78,0.00
00:03:07.906 [TUNER] 30,1000,11.48,49.60,0.96,0.00,28.93,49.60,0.78,0.00
00:03:07.907 [TUNER] 31,1000,16.05,52.80,1.04,0.00,30.02,52.80,0.90,0.00
00:03:07.942 [TUNER] 32,1000,16.05,56.10,1.04,0.00,30.02,56.10,0.90,0.00
00:03:07.976 [TUNER] 33,1000,26.59,59.50,1.03,0.00,34.32,59.50,0.98,0.00
00:03:07.976 [TUNER] 34,1000,26.59,63.00,1.03,0.00,34.32,63.00,0.98,0.00
00:03:08.013 [TUNER] 35,1000,35.01,66.60,1.06,0.00,39.48,66.60,1.05,0.00
00:03:08.014 [TUNER] 36,1000,35.01,70.30,1.06,0.00,39.48,70.30,1.05,0.00
00:03:08.048 [TUNER] 37,1000,43.47,74.10,1.09,0.00,45.33,74.10,1.13,0.00
00:03:08.048 [TUNER] 38,1000,43.47,78.00,1.09,0.00,45.33,78.00,1.13,0.00
00:03:08.082 [TUNER] 39,1000,51.96,82.00,1.13,0.00,50.01,82.00,1.23,0.00
00:03:08.118 [TUNER] 40,1000,51.96,86.10,1.13,0.00,50.01,86.10,1.23,0.00
00:03:08.120 [TUNER] 41,1000,62.18,90.30,1.15,0.00,60.62,90.30,1.24,0.00
00:03:08.153 [TUNER] 42,1000,62.18,94.60,1.15,0.00,60.62,94.60,1.24,0.00
00:03:08.153 [TUNER] 43,1002,72.06,99.00,1.17,0.00,70.81,99.00,1.27,0.00
00:03:08.186 [TUNER] 44,1000,72.06,103.50,1.17,0.00,70.81,103.50,1.27,0.00
00:03:08.223 [TUNER] 45,998,80.01,108.10,1.24,0.00,85.89,108.10,1.21,0.00
00:03:08.223 [TUNER] 46,1000,80.01,112.80,1.24,0.00,85.89,112.80,1.21,0.00
00:03:08.257 [TUNER] 47,1000,88.06,117.60,1.30,0.00,94.48,117.60,1.27,0.00
00:03:08.258 [TUNER] 48,1000,88.06,122.50,1.30,0.00,94.48,122.50,1.27,0.00
00:03:08.291 [TUNER] 49,1000,99.65,127.50,1.33,0.00,97.92,127.50,1.42,0.00
00:03:08.327 [TUNER] 50,1000,99.65,132.60,1.33,0.00,97.92,132.60,1.42,0.00
00:03:08.327 [TUNER] 51,1000,114.08,137.80,1.30,0.00,104.11,137.80,1.55,0.00
00:03:08.402 [TUNER] 52,1000,114.08,143.10,1.30,0.00,104.11,143.10,1.55,0.00
00:03:08.403 [TUNER] 53,1000,125.63,148.50,1.33,0.00,114.21,148.50,1.61,0.00
00:03:08.403 [TUNER] 54,1000,125.63,154.00,1.33,0.00,114.21,154.00,1.61,0.00
00:03:08.432 [TUNER] 55,1000,136.58,159.60,1.37,0.00,127.45,159.60,1.63,0.00
00:03:08.433 [TUNER] 56,1000,136.58,165.30,1.37,0.00,127.45,165.30,1.63,0.00
00:03:08.469 [TUNER] 57,1000,152.22,171.10,1.35,0.00,144.91,171.10,1.58,0.00
00:03:08.472 [TUNER] 58,1000,152.22,177.00,1.35,0.00,144.91,177.00,1.58,0.00
00:03:08.537 [TUNER] 59,1000,168.16,183.00,1.32,0.00,153.72,183.00,1.69,0.00
00:03:08.537 [TUNER] 60,1000,168.16,189.10,1.32,0.00,153.72,189.10,1.69,0.00
00:03:08.537 [TUNER] 61,1000,186.07,195.30,1.26,0.00,162.49,195.30,1.80,0.00
00:03:08.571 [TUNER] 62,1000,186.07,201.60,1.26,0.00,162.49,201.60,1.80,0.00
00:03:08.571 [TUNER] 63,1000,207.27,208.00,1.14,0.00,188.41,208.00,1.63,0.00
00:03:08.606 [TUNER] 64,1000,207.27,214.50,1.14,0.00,188.41,214.50,1.63,0.00
00:03:08.607 [TUNER] 65,1000,203.61,221.10,1.43,0.00,209.14,221.10,1.53,0.00
00:03:08.642 [TUNER] 66,1000,203.61,227.80,1.43,0.00,209.14,227.80,1.53,0.00
00:03:08.677 [TUNER] 67,1000,205.84,234.60,1.65,0.00,218.86,234.60,1.63,0.00
00:03:08.678 [TUNER] 68,1000,205.84,241.50,1.65,0.00,218.86,241.50,1.63,0.00
00:03:08.713 [TUNER] 69,1000,212.78,248.50,1.82,0.00,240.37,248.50,1.53,0.00
00:03:08.713 [TUNER] 70,1000,212.78,255.60,1.82,0.00,240.37,255.60,1.53,0.00
00:03:08.748 [TUNER] 71,1000,223.48,262.80,1.94,0.00,250.71,262.80,1.62,0.00
00:03:08.749 [TUNER] 72,1000,223.48,270.10,1.94,0.00,250.71,270.10,1.62,0.00
00:03:08.783 [TUNER] 73,1000,247.51,277.50,1.85,0.00,279.60,277.50,1.40,0.00
00:03:08.817 [TUNER] 74,1000,247.51,285.00,1.85,0.00,279.60,285.00,1.40,0.00
00:03:08.817 [TUNER] 75,1000,270.17,292.60,1.78,0.00,288.97,292.60,1.52,0.00
00:03:08.852 [TUNER] 76,1000,270.17,300.30,1.78,0.00,288.97,300.30,1.52,0.00
00:03:08.852 [TUNER] 77,1000,281.42,308.10,1.89,0.00,311.92,308.10,1.41,0.00
00:03:08.888 [TUNER] 78,1000,281.42,316.00,1.89,0.00,311.92,316.00,1.41,0.00
00:03:08.888 [TUNER] 79,1000,297.29,324.00,1.94,0.00,316.54,324.00,1.61,0.00
00:03:08.923 [TUNER] 80,1000,297.29,332.10,1.94,0.00,316.54,332.10,1.61,0.00
00:03:08.958 [TUNER] 81,1000,332.33,340.30,1.69,0.00,335.70,340.30,1.59,0.00
00:03:08.959 [TUNER] 82,1000,332.33,348.60,1.69,0.00,335.70,348.60,1.59,0.00
00:03:08.992 [TUNER] 83,1002,352.92,357.00,1.65,0.00,336.84,357.00,1.89,0.00
00:03:08.992 [TUNER] 84,998,352.92,365.50,1.65,0.00,336.84,365.50,1.89,0.00
00:03:09.027 [TUNER] 85,1000,361.88,374.10,1.81,0.00,347.29,374.10,2.05,0.00
00:03:09.027 [TUNER] 86,1000,361.88,382.80,1.81,0.00,347.29,382.80,2.05,0.00
00:03:09.061 [TUNER] 87,1000,373.69,391.60,1.93,0.00,351.71,391.60,2.34,0.00
00:03:09.099 [TUNER] 88,1000,373.69,400.50,1.93,0.00,351.71,400.50,2.34,0.00
00:03:09.132 [TUNER] 89,1000,388.29,409.50,2.03,0.00,368.99,409.50,2.42,0.00
00:03:09.133 [TUNER] 90,1000,388.29,418.60,2.03,0.00,368.99,418.60,2.42,0.00
00:03:09.134 [TUNER] 91,1000,399.88,427.80,2.18,0.00,393.02,427.80,2.39,0.00
00:03:09.170 [TUNER] 92,1000,399.88,437.10,2.18,0.00,393.02,437.10,2.39,0.00
00:03:09.170 [TUNER] 93,1000,412.77,446.50,2.33,0.00,412.44,446.50,2.45,0.00
00:03:09.203 [TUNER] 94,1000,412.77,456.00,2.33,0.00,412.44,456.00,2.45,0.00
00:03:09.240 [TUNER] 95,1000,431.58,465.60,2.40,0.00,451.94,465.60,2.15,0.00
00:03:09.241 [TUNER] 96,1000,431.58,475.30,2.40,0.00,451.94,475.30,2.15,0.00
00:03:09.271 [TUNER] 97,1000,458.66,485.10,2.34,0.00,483.53,485.10,1.98,0.00
00:03:09.272 [TUNER] 98,1000,458.66,495.00,2.34,0.00,483.53,495.00,1.98,0.00
00:03:09.307 [TUNER] 99,1000,494.06,505.00,2.14,0.00,505.37,505.00,1.96,0.00
00:03:09.307 [TUNER] 100,1000,494.06,515.10,2.14,0.00,505.37,515.10,1.96,0.00
00:03:09.341 [TUNER] 101,1000,537.85,525.30,1.79,0.00,514.25,525.30,2.18,0.00
00:03:09.378 [TUNER] 102,1000,537.85,535.60,1.79,0.00,514.25,535.60,2.18,0.00
00:03:09.378 [TUNER] 103,1000,569.44,546.00,1.62,0.00,523.08,546.00,2.43,0.00
00:03:09.412 [TUNER] 104,1000,569.44,556.50,1.62,0.00,523.08,556.50,2.43,0.00
00:03:09.412 [TUNER] 105,1000,570.66,567.10,1.93,0.00,533.57,567.10,2.67,0.00
00:03:09.446 [TUNER] 106,1000,570.66,577.80,1.93,0.00,533.57,577.80,2.67,0.00
00:03:09.447 [TUNER] 107,1000,573.36,588.60,2.26,0.00,552.28,588.60,2.79,0.00
00:03:09.482 [TUNER] 108,1000,573.36,599.50,2.26,0.00,552.28,599.50,2.79,0.00
00:03:09.517 [TUNER] 109,1000,585.82,610.50,2.45,0.00,575.83,610.50,2.83,0.00
00:03:09.520 [TUNER] 110,1000,585.82,621.60,2.45,0.00,575.83,621.60,2.83,0.00
00:03:09.554 [TUNER] 111,1000,609.54,632.80,2.48,0.00,596.39,632.80,2.93,0.00
00:03:09.556 [TUNER] 112,1000,609.54,644.10,2.48,0.00,596.39,644.10,2.93,0.00
00:03:09.588 [TUNER] 113,1002,643.82,655.50,2.35,0.00,623.00,655.50,2.93,0.00
00:03:09.589 [TUNER] 114,1000,643.82,667.00,2.35,0.00,623.00,667.00,2.93,0.00
00:03:09.622 [TUNER] 115,998,674.99,678.60,2.25,0.00,649.74,678.60,2.94,0.00
00:03:09.656 [TUNER] 116,1000,674.99,690.30,2.25,0.00,649.74,690.30,2.94,0.00
00:03:09.656 [TUNER] 117,1000,696.34,702.10,2.32,0.00,683.01,702.10,2.83,0.00
00:03:09.692 [TUNER] 118,1000,696.34,714.00,2.32,0.00,683.01,714.00,2.83,0.00
00:03:09.693 [TUNER] 119,1000,728.88,726.00,2.21,0.00,731.96,726.00,2.43,0.00
00:03:09.727 [TUNER] 120,1000,728.88,738.00,2.21,0.00,731.96,738.00,2.43,0.00
00:03:09.727 [TUNER] 121,1000,772.09,750.00,1.91,0.00,784.86,750.00,1.94,0.00
00:03:09.763 [TUNER] 122,1000,772.09,762.00,1.91,0.00,784.86,762.00,1.94,0.00
00:03:09.798 [TUNER] 123,1000,818.68,774.00,1.54,0.00,804.85,774.00,1.98,0.00
00:03:09.834 [TUNER] 124,1000,818.68,786.00,1.54,0.00,804.85,786.00,1.98,0.00
00:03:09.838 [TUNER] 125,1000,837.06,798.00,1.60,0.00,791.63,798.00,2.62,0.00
00:03:09.838 [TUNER] 126,1000,837.06,810.00,1.60,0.00,791.63,810.00,2.62,0.00
00:03:09.868 [TUNER] 127,1000,824.27,822.00,2.17,0.00,772.47,822.00,3.42,0.00
00:03:09.868 [TUNER] 128,1000,824.27,834.00,2.17,0.00,772.47,834.00,3.42,0.00
00:03:09.902 [TUNER] 129,1000,819.20,846.00,2.67,0.00,788.06,846.00,3.66,0.00
00:03:09.938 [TUNER] 130,1000,819.20,858.00,2.67,0.00,788.06,858.00,3.66,0.00
00:03:09.938 [TUNER] 131,1000,806.55,870.00,3.33,0.00,814.28,870.00,3.72,0.00
00:03:09.972 [TUNER] 132,1000,806.55,882.00,3.33,0.00,814.28,882.00,3.72,0.00
00:03:09.973 [TUNER] 133,1000,851.41,894.00,3.09,0.00,869.62,894.00,3.27,0.00
00:03:10.007 [TUNER] 134,1000,851.41,906.00,3.09,0.00,869.62,906.00,3.27,0.00
00:03:10.007 [TUNER] 135,1000,868.39,918.00,3.29,0.00,898.43,918.00,3.24,0.00
00:03:10.042 [TUNER] 136,1000,868.39,930.00,3.29,0.00,898.43,930.00,3.24,0.00
00:03:10.079 [TUNER] 137,1000,888.85,942.00,3.43,0.00,909.45,942.00,3.52,0.00
00:03:10.079 [TUNER] 138,1000,888.85,954.00,3.43,0.00,909.45,954.00,3.52,0.00
00:03:10.112 [TUNER] 139,1000,925.84,966.00,3.31,0.00,949.19,966.00,3.31,0.00
00:03:10.114 [TUNER] 140,1000,925.84,978.00,3.31,0.00,949.19,978.00,3.31,0.00
00:03:10.148 [TUNER] 141,1000,1000.10,990.00,2.57,0.00,1013.62,990.00,2.64,0.00
00:03:10.148 [TUNER] 142,1000,1000.10,1002.00,2.57,0.00,1013.62,1002.00,2.64,0.00
00:03:10.182 [TUNER] 143,1000,1057.79,1014.00,2.03,0.00,1061.73,1014.00,2.21,0.00
00:03:10.217 [TUNER] 144,1000,1057.79,1026.00,2.03,0.00,1061.73,1026.00,2.21,0.00
00:03:10.219 [TUNER] 145,1000,1102.22,1038.00,1.66,0.00,1079.61,1038.00,2.27,0.00
00:03:10.253 [TUNER] 146,1000,1102.22,1050.00,1.66,0.00,1079.61,1050.00,2.27,0.00
00:03:10.255 [TUNER] 147,1000,1118.87,1062.00,1.72,0.00,1104.21,1062.00,2.23,0.00
00:03:10.289 [TUNER] 148,1000,1118.87,1074.00,1.72,0.00,1104.21,1074.00,2.23,0.00
00:03:10.291 [TUNER] 149,1000,1085.80,1086.00,2.61,0.00,1092.97,1086.00,2.82,0.00
00:03:10.322 [TUNER] 150,1000,1085.80,1098.00,2.61,0.00,1092.97,1098.00,2.82,0.00
00:03:10.357 [TUNER] 151,1000,1059.34,1110.00,3.45,0.00,1063.37,1110.00,3.78,0.00
00:03:10.358 [TUNER] 152,1000,1059.34,1122.00,3.45,0.00,1063.37,1122.00,3.78,0.00
00:03:10.392 [TUNER] 153,1000,1050.21,1134.00,4.09,0.00,1074.04,1134.00,4.10,0.00
00:03:10.393 [TUNER] 154,1000,1050.21,1146.00,4.09,0.00,1074.04,1146.00,4.10,0.00
00:03:10.428 [TUNER] 155,1000,1075.54,1158.00,4.20,0.00,1132.40,1158.00,3.60,0.00
00:03:10.428 [TUNER] 156,1000,1075.54,1170.00,4.20,0.00,1132.40,1170.00,3.60,0.00
00:03:10.462 [TUNER] 157,1000,1152.50,1182.00,3.46,0.00,1197.99,1182.00,2.93,0.00
00:03:10.498 [TUNER] 158,1000,1152.50,1194.00,3.46,0.00,1197.99,1194.00,2.93,0.00
00:03:10.499 [TUNER] 159,1000,1224.38,1206.00,2.74,0.00,1185.18,1206.00,3.58,0.00
00:03:10.533 [TUNER] 160,1000,1224.38,1218.00,2.74,0.00,1185.18,1218.00,3.58,0.00
00:03:10.533 [TUNER] 161,1000,1275.01,1230.00,2.30,0.00,1156.03,1230.00,4.57,0.00
00:03:10.569 [TUNER] 162,1000,1275.01,1242.00,2.30,0.00,1156.03,1242.00,4.57,0.00
00:03:10.569 [TUNER] 163,1000,1308.64,1254.00,2.11,0.00,1180.81,1254.00,4.68,0.00
00:03:10.603 [TUNER] 164,1000,1308.64,1266.00,2.11,0.00,1180.81,1266.00,4.68,0.00
00:03:10.637 [TUNER] 165,1000,1268.54,1278.00,3.11,0.00,1228.13,1278.00,4.39,0.00
00:03:10.638 [TUNER] 166,1000,1268.54,1290.00,3.11,0.00,1228.13,1290.00,4.39,0.00
00:03:10.673 [TUNER] 167,1000,1236.46,1301.90,4.07,0.00,1326.12,1301.90,3.18,0.00
00:03:10.673 [TUNER] 168,1000,1236.46,1313.70,4.07,0.00,1326.12,1313.70,3.18,0.00
00:03:10.706 [TUNER] 169,1000,1258.91,1325.40,4.19,0.00,1473.23,1325.40,0.98,0.00
00:03:10.708 [TUNER] 170,1000,1258.91,1337.00,4.19,0.00,1473.23,1337.00,0.98,0.00
00:03:10.778 [TUNER] 171,1000,1295.76,1348.50,4.07,0.00,1535.94,1348.50,0.10,0.00
00:03:10.779 [TUNER] 172,1000,1295.76,1359.90,4.07,0.00,1535.94,1359.90,0.10,0.00
00:03:10.779 [TUNER] 173,1000,1330.40,1371.20,3.97,0.00,1524.26,1371.20,0.47,0.00
00:03:10.814 [TUNER] 174,1000,1330.40,1382.40,3.97,0.00,1524.26,1382.40,0.47,0.00
00:03:10.815 [TUNER] 175,1000,1459.47,1393.50,2.30,0.00,1411.83,1393.50,2.66,0.00
00:03:10.851 [TUNER] 176,1000,1459.47,1404.50,2.30,0.00,1411.83,1404.50,2.66,0.00
00:03:10.856 [TUNER] 177,1000,1555.86,1415.40,1.02,0.00,1316.73,1415.40,4.73,0.00
00:03:10.882 [TUNER] 178,1000,1555.86,1426.20,1.02,0.00,1316.73,1426.20,4.73,0.00
00:03:10.919 [TUNER] 179,1000,1610.63,1436.90,0.32,0.00,1316.25,1436.90,5.27,0.00
00:03:10.920 [TUNER] 180,1000,1610.63,1447.50,0.32,0.00,1316.25,1447.50,5.27,0.00
00:03:10.952 [TUNER] 181,1000,1663.04,1458.00,-0.40,0.00,1372.56,1458.00,4.84,0.00
00:03:10.953 [TUNER] 182,1000,1663.04,1468.40,-0.40,0.00,1372.56,1468.40,4.84,0.00
00:03:10.989 [TUNER] 183,1002,1649.51,1478.70,-0.08,0.00,1499.47,1478.70,3.10,0.00
00:03:10.990 [TUNER] 184,1000,1649.51,1488.90,-0.08,0.00,1499.47,1488.90,3.10,0.00
00:03:11.023 [TUNER] 185,998,1538.13,1499.00,1.87,0.00,1650.38,1499.00,0.78,0.00
00:03:11.058 [TUNER] 186,1000,1538.13,1509.00,1.87,0.00,1650.38,1509.00,0.78,0.00
00:03:11.059 [TUNER] 187,1000,1438.39,1518.90,3.79,0.00,1748.10,1518.90,-0.78,0.00
00:03:11.092 [TUNER] 188,1000,1438.39,1528.70,3.79,0.00,1748.10,1528.70,-0.78,0.00
00:03:11.093 [TUNER] 189,1000,1401.55,1538.40,4.84,0.00,1778.17,1538.40,-1.26,0.00
00:03:11.126 [TUNER] 190,1000,1401.55,1548.00,4.84,0.00,1778.17,1548.00,-1.26,0.00
00:03:11.127 [TUNER] 191,1000,1438.76,1557.50,4.74,0.00,1685.14,1557.50,0.40,0.00
00:03:11.163 [TUNER] 192,1000,1438.76,1566.90,4.74,0.00,1685.14,1566.90,0.40,0.00
00:03:11.199 [TUNER] 193,1000,1546.56,1576.20,3.45,0.00,1540.73,1576.20,3.13,0.00
00:03:11.199 [TUNER] 194,1000,1546.56,1585.40,3.45,0.00,1540.73,1585.40,3.13,0.00
00:03:11.233 [TUNER] 195,1000,1613.50,1594.50,2.71,0.00,1467.95,1594.50,4.80,0.00
00:03:11.233 [TUNER] 196,1000,1613.50,1603.50,2.71,0.00,1467.95,1603.50,4.80,0.00
00:03:11.267 [TUNER] 197,1000,1697.98,1612.40,1.62,0.00,1452.69,1612.40,5.58,0.00
00:03:11.270 [TUNER] 198,1000,1697.98,1621.20,1.62,0.00,1452.69,1621.20,5.58,0.00
00:03:11.302 [TUNER] 199,1000,1648.74,1629.90,2.62,0.00,1478.27,1629.90,5.68,0.00
00:03:11.336 [TUNER] 200,1000,1648.74,1638.50,2.62,0.00,1478.27,1638.50,5.68,0.00
00:03:11.336 [TUNER] 201,1000,1569.83,1647.00,4.18,0.00,1529.67,1647.00,5.30,0.00
00:03:11.371 [TUNER] 202,1000,1569.83,1655.40,4.18,0.00,1529.67,1655.40,5.30,0.00
00:03:11.371 [TUNER] 203,1000,1506.70,1663.70,5.60,0.00,1670.43,1663.70,3.28,0.00
00:03:11.406 [TUNER] 204,1000,1506.70,1671.90,5.60,0.00,1670.43,1671.90,3.28,0.00
00:03:11.407 [TUNER] 205,1000,1605.67,1680.00,4.47,0.00,1813.96,1680.00,1.04,0.00
00:03:11.443 [TUNER] 206,1000,1605.67,1688.00,4.47,0.00,1813.96,1688.00,1.04,0.00
00:03:11.476 [TUNER] 207,1000,1760.43,1695.90,2.31,0.00,1890.99,1695.90,-0.21,0.00
00:03:11.476 [TUNER] 208,1000,1760.43,1703.70,2.31,0.00,1890.99,1703.70,-0.21,0.00
00:03:11.510 [TUNER] 209,1000,1813.81,1711.40,1.62,0.00,1861.56,1711.40,0.33,0.00
00:03:11.511 [TUNER] 210,1000,1813.81,1719.00,1.62,0.00,1861.56,1719.00,0.33,0.00
00:03:11.546 [TUNER] 211,1000,1756.86,1726.50,2.68,0.00,1776.16,1726.50,1.92,0.00
00:03:11.547 [TUNER] 212,1000,1756.86,1733.90,2.68,0.00,1776.16,1733.90,1.92,0.00
00:03:11.581 [TUNER] 213,1000,1721.61,1741.20,3.48,0.00,1658.02,1741.20,4.21,0.00
00:03:11.616 [TUNER] 214,1000,1721.61,1748.40,3.48,0.00,1658.02,1748.40,4.21,0.00
00:03:11.616 [TUNER] 215,1000,1708.88,1755.50,3.96,0.00,1573.82,1755.50,6.08,0.00
00:03:11.650 [TUNER] 216,1000,1708.88,1762.50,3.96,0.00,1573.82,1762.50,6.08,0.00
00:03:11.651 [TUNER] 217,1000,1696.97,1769.40,4.45,0.00,1578.61,1769.40,6.50,0.00
00:03:11.685 [TUNER] 218,1000,1696.97,1776.20,4.45,0.00,1578.61,1776.20,6.50,0.00
00:03:11.686 [TUNER] 219,1000,1728.67,1782.90,4.26,0.00,1608.22,1782.90,6.50,0.00
00:03:11.720 [TUNER] 220,1000,1728.67,1789.50,4.26,0.00,1608.22,1789.50,6.50,0.00
00:03:11.755 [TUNER] 221,1000,1729.99,1796.00,4.54,0.00,1673.14,1796.00,5.84,0.00
00:03:11.756 [TUNER] 222,1000,1729.99,1802.40,4.54,0.00,1673.14,1802.40,5.84,0.00
00:03:11.790 [TUNER] 223,1000,1748.22,1808.70,4.55,0.00,1788.64,1808.70,4.20,0.00
00:03:11.791 [TUNER] 224,1000,1748.22,1814.90,4.55,0.00,1788.64,1814.90,4.20,0.00
00:03:11.827 [TUNER] 225,1000,1785.14,1821.00,4.23,0.00,1937.74,1821.00,1.82,0.00
00:03:11.828 [TUNER] 226,1000,1785.14,1827.00,4.23,0.00,1937.74,1827.00,1.82,0.00
00:03:11.861 [TUNER] 227,1000,1941.81,1832.90,1.93,0.00,2029.53,1832.90,0.26,0.00
00:03:11.896 [TUNER] 228,1000,1941.81,1838.70,1.93,0.00,2029.53,1838.70,0.26,0.00
00:03:11.896 [TUNER] 229,1000,2020.76,1844.40,0.69,0.00,2063.45,1844.40,-0.39,0.00
00:03:11.932 [TUNER] 230,1000,2020.76,1850.00,0.69,0.00,2063.45,1850.00,-0.39,0.00
00:03:11.933 [TUNER] 231,1000,2120.00,1855.50,-0.96,0.00,2023.58,1855.50,0.22,0.00
00:03:11.966 [TUNER] 232,1000,2120.00,1860.90,-0.96,0.00,2023.58,1860.90,0.22,0.00
00:03:11.967 [TUNER] 233,1000,2120.36,1866.20,-1.12,0.00,1886.88,1866.20,2.60,0.00
00:03:12.002 [TUNER] 234,1000,2120.36,1871.40,-1.12,0.00,1886.88,1871.40,2.60,0.00
00:03:12.038 [TUNER] 235,1000,2027.87,1876.50,0.24,0.00,1791.27,1876.50,4.45,0.00
00:03:12.039 [TUNER] 236,1000,2027.87,1881.50,0.24,0.00,1791.27,1881.50,4.45,0.00
00:03:12.072 [TUNER] 237,1000,1871.42,1886.40,2.78,0.00,1726.80,1886.40,5.89,0.00
00:03:12.073 [TUNER] 238,1000,1871.42,1891.20,2.78,0.00,1726.80,1891.20,5.89,0.00
00:03:12.106 [TUNER] 239,1000,1729.07,1895.90,5.29,0.00,1747.39,1895.90,5.93,0.00
00:03:12.145 [TUNER] 240,1000,1729.07,1900.50,5.29,0.00,1747.39,1900.50,5.93,0.00
00:03:12.146 [TUNER] 241,1000,1671.89,1905.00,6.59,0.00,1892.71,1905.00,3.73,0.00
00:03:12.177 [TUNER] 242,1000,1671.89,1909.40,6.59,0.00,1892.71,1909.40,3.73,0.00
00:03:12.178 [TUNER] 243,1000,1777.34,1913.70,5.32,0.00,2012.40,1913.70,1.80,0.00
00:03:12.212 [TUNER] 244,1000,1777.34,1917.90,5.32,0.00,2012.40,1917.90,1.80,0.00
00:03:12.213 [TUNER] 245,1000,1949.31,1922.00,2.83,0.00,2113.32,1922.00,0.03,0.00
00:03:12.248 [TUNER] 246,1000,1949.31,1926.00,2.83,0.00,2113.32,1926.00,0.03,0.00
00:03:12.283 [TUNER] 247,1000,2023.33,1929.90,1.72,0.00,2183.73,1929.90,-1.33,0.00
00:03:12.283 [TUNER] 248,1000,2023.33,1933.70,1.72,0.00,2183.73,1933.70,-1.33,0.00
00:03:12.316 [TUNER] 249,1000,1967.43,1937.40,2.64,0.00,2114.65,1937.40,-0.32,0.00
00:03:12.318 [TUNER] 250,1000,1967.43,1941.00,2.64,0.00,2114.65,1941.00,-0.32,0.00
00:03:12.353 [TUNER] 251,1000,1878.04,1944.50,4.19,0.00,1973.48,1944.50,2.06,0.00
00:03:12.388 [TUNER] 252,1000,1878.04,1947.90,4.19,0.00,1973.48,1947.90,2.06,0.00
00:03:12.389 [TUNER] 253,1002,1847.41,1951.20,4.89,0.00,1868.85,1951.20,4.00,0.00
00:03:12.422 [TUNER] 254,1000,1847.41,1954.40,4.89,0.00,1868.85,1954.40,4.00,0.00
00:03:12.423 [TUNER] 255,998,1906.16,1957.50,4.18,0.00,1794.32,1957.50,5.54,0.00
00:03:12.457 [TUNER] 256,1000,1906.16,1960.50,4.18,0.00,1794.32,1960.50,5.54,0.00
00:03:12.492 [TUNER] 257,1000,1951.00,1963.40,3.61,0.00,1796.25,1963.40,5.84,0.00
00:03:12.492 [TUNER] 258,1000,1951.00,1966.20,3.61,0.00,1796.25,1966.20,5.84,0.00
00:03:12.530 [TUNER] 259,1000,2007.50,1968.90,2.80,0.00,1876.82,1968.90,4.75,0.00
00:03:12.532 [TUNER] 260,1000,2007.50,1971.50,2.80,0.00,1876.82,1971.50,4.75,0.00
00:03:12.563 [TUNER] 261,1000,2056.13,1974.00,2.04,0.00,1994.54,1974.00,2.90,0.00
00:03:12.564 [TUNER] 262,1000,2056.13,1976.40,2.04,0.00,1994.54,1976.40,2.90,0.00
00:03:12.598 [TUNER] 263,1000,2131.11,1978.70,0.79,0.00,2104.18,1978.70,1.02,0.00
00:03:12.632 [TUNER] 264,1000,2131.11,1980.90,0.79,0.00,2104.18,1980.90,1.02,0.00
00:03:12.633 [TUNER] 265,1000,2144.71,1983.00,0.45,0.00,2210.79,1983.00,-0.96,0.00
00:03:12.667 [TUNER] 266,1000,2144.71,1985.00,0.45,0.00,2210.79,1985.00,-0.96,0.00
00:03:12.668 [TUNER] 267,1000,2147.00,1986.90,0.27,0.00,2230.79,1986.90,-1.55,0.00
00:03:12.705 [TUNER] 268,1000,2147.00,1988.70,0.27,0.00,2230.79,1988.70,-1.55,0.00
00:03:12.738 [TUNER] 269,1000,2032.01,1990.40,2.01,0.00,2154.01,1990.40,-0.47,0.00
00:03:12.739 [TUNER] 270,1000,2032.01,1992.00,2.01,0.00,2154.01,1992.00,-0.47,0.00
00:03:12.772 [TUNER] 271,1000,1922.83,1993.50,3.79,0.00,1948.28,1993.50,3.00,0.00
00:03:12.772 [TUNER] 272,1000,1922.83,1994.90,3.79,0.00,1948.28,1994.90,3.00,0.00
00:03:12.807 [TUNER] 273,1000,1864.70,1996.20,4.88,0.00,1788.84,1996.20,5.93,0.00
00:03:12.841 [TUNER] 274,1000,1864.70,1997.40,4.88,0.00,1788.84,1997.40,5.93,0.00
00:03:12.841 [TUNER] 275,1000,1931.58,1998.50,4.00,0.00,1803.89,1998.50,5.99,0.00
00:03:12.879 [TUNER] 276,1000,1931.58,1999.50,4.00,0.00,1803.89,1999.50,5.99,0.00
00:03:12.880 [TUNER] 277,1000,2038.35,2000.40,2.37,0.00,1884.65,2000.40,4.87,0.00
00:03:12.912 [TUNER] 278,1000,2038.35,2001.20,2.37,0.00,1884.65,2001.20,4.87,0.00
00:03:12.913 [TUNER] 279,1000,2092.83,2001.90,1.46,0.00,2054.07,2001.90,2.06,0.00
00:03:12.947 [TUNER] 280,1000,2092.83,2002.50,1.46,0.00,2054.07,2002.50,2.06,0.00
00:03:12.984 [TUNER] 281,1000,2023.03,2003.00,2.50,0.00,2077.92,2003.00,1.59,0.00
00:03:12.984 [TUNER] 282,1000,2023.03,2003.40,2.50,0.00,2077.92,2003.40,1.59,0.00
00:03:13.018 [TUNER] 283,1002,1971.64,2003.70,3.33,0.00,2090.99,2003.70,1.27,0.00
00:03:13.020 [TUNER] 284,998,1971.64,2003.90,3.33,0.00,2090.99,2003.90,1.27,0.00
00:03:13.055 [TUNER] 285,1000,1947.44,2004.00,3.77,0.00,1987.83,2004.00,2.98,0.00
00:03:13.088 [TUNER] 286,1000,1947.44,2000.00,3.77,0.00,1987.83,2000.00,2.98,0.00
00:03:13.089 [TUNER] 287,1000,1978.87,2000.00,3.26,0.00,1894.36,2000.00,4.57,0.00
00:03:13.122 [TUNER] 288,1000,1978.87,2000.00,3.26,0.00,1894.36,2000.00,4.57,0.00
00:03:13.157 [TUNER] 289,1000,2065.87,2000.00,1.86,0.00,1886.59,2000.00,4.86,0.00
00:03:13.158 [TUNER] 290,1000,2065.87,2000.00,1.86,0.00,1886.59,2000.00,4.86,0.00
00:03:13.158 [TUNER] 291,1000,2059.47,2000.00,1.88,0.00,1866.27,2000.00,5.37,0.00
00:03:13.191 [TUNER] 292,1000,2059.47,2000.00,1.88,0.00,1866.27,2000.00,5.37,0.00
00:03:13.226 [TUNER] 293,1000,2024.21,2000.00,2.38,0.00,1914.36,2000.00,4.71,0.00
00:03:13.227 [TUNER] 294,1000,2024.21,2000.00,2.38,0.00,1914.36,2000.00,4.71,0.00
00:03:13.263 [TUNER] 295,1000,1976.72,2000.00,3.13,0.00,1923.21,2000.00,4.67,0.00
00:03:13.264 [TUNER] 296,1000,1976.72,2000.00,3.13,0.00,1923.21,2000.00,4.67,0.00
00:03:13.297 [TUNER] 297,1000,1990.28,2000.00,2.94,0.00,1945.75,2000.00,4.38,0.00
00:03:13.297 [TUNER] 298,1000,1990.28,2000.00,2.94,0.00,1945.75,2000.00,4.38,0.00
00:03:13.333 [TUNER] 299,1000,1977.07,2000.00,3.16,0.00,1965.49,2000.00,4.10,0.00
00:03:13.369 [TUNER] 300,1000,1977.07,2000.00,3.16,0.00,1965.49,2000.00,4.10,0.00
00:03:13.370 [TUNER] 301,1000,1975.09,2000.00,3.23,0.00,2036.27,2000.00,2.90,0.00
00:03:13.403 [TUNER] 302,1000,1975.09,2000.00,3.23,0.00,2036.27,2000.00,2.90,0.00
00:03:13.403 [TUNER] 303,1000,2016.46,2000.00,2.58,0.00,2087.74,2000.00,1.94,0.00
00:03:13.438 [TUNER] 304,1000,2016.46,2000.00,2.58,0.00,2087.74,2000.00,1.94,0.00
00:03:13.439 [TUNER] 305,1000,2101.09,2000.00,1.18,0.00,2168.43,2000.00,0.40,0.00
00:03:13.473 [TUNER] 306,1000,2101.09,2000.00,1.18,0.00,2168.43,2000.00,0.40,0.00
00:03:13.507 [TUNER] 307,1000,2161.93,2000.00,0.05,0.00,2179.72,2000.00,-0.04,0.00
00:03:13.507 [TUNER] 308,1000,2161.93,2000.00,0.05,0.00,2179.72,2000.00,-0.04,0.00
00:03:13.542 [TUNER] 309,1000,2169.37,2000.00,-0.28,0.00,2149.24,2000.00,0.25,0.00
00:03:13.542 [TUNER] 310,1000,2169.37,2000.00,-0.28,0.00,2149.24,2000.00,0.25,0.00
00:03:13.577 [TUNER] 311,1000,2111.75,2000.00,0.45,0.00,2025.20,2000.00,2.24,0.00
00:03:13.612 [TUNER] 312,1000,2111.75,2000.00,0.45,0.00,2025.20,2000.00,2.24,0.00
00:03:13.613 [TUNER] 313,1000,1986.62,2000.00,2.35,0.00,1922.54,2000.00,4.02,0.00
00:03:13.649 [TUNER] 314,1000,1986.62,2000.00,2.35,0.00,1922.54,2000.00,4.02,0.00
00:03:13.650 [TUNER] 315,1000,1919.17,2000.00,3.47,0.00,1916.01,2000.00,4.24,0.00
00:03:13.682 [TUNER] 316,1000,1919.17,2000.00,3.47,0.00,1916.01,2000.00,4.24,0.00
00:03:13.718 [TUNER] 317,1000,1887.54,2000.00,4.09,0.00,1905.62,2000.00,4.54,0.00
00:03:13.719 [TUNER] 318,1000,1887.54,2000.00,4.09,0.00,1905.62,2000.00,4.54,0.00
00:03:13.752 [TUNER] 319,1000,1879.41,2000.00,4.37,0.00,1950.58,2000.00,3.88,0.00
00:03:13.753 [TUNER] 320,1000,1879.41,2000.00,4.37,0.00,1950.58,2000.00,3.88,0.00
00:03:13.788 [TUNER] 321,1000,1910.71,2000.00,4.01,0.00,1948.74,2000.00,3.98,0.00
00:03:13.822 [TUNER] 322,1000,1910.71,2000.00,4.01,0.00,1948.74,2000.00,3.98,0.00
00:03:13.823 [TUNER] 323,1002,1969.67,2000.00,3.16,0.00,1986.36,2000.00,3.38,0.00
00:03:13.857 [TUNER] 324,1000,1969.67,2000.00,3.16,0.00,1986.36,2000.00,3.38,0.00
00:03:13.857 [TUNER] 325,998,1991.92,2000.00,2.84,0.00,2015.60,2000.00,2.89,0.00
00:03:13.892 [TUNER] 326,1000,1991.92,2000.00,2.84,0.00,2015.60,2000.00,2.89,0.00
00:03:13.927 [TUNER] 327,1000,1976.66,2000.00,3.10,0.00,2084.94,2000.00,1.64,0.00
00:03:13.927 [TUNER] 328,1000,1976.66,2000.00,3.10,0.00,2084.94,2000.00,1.64,0.00
00:03:13.962 [TUNER] 329,1000,2000.54,2000.00,2.74,0.00,2095.75,2000.00,1.33,0.00
00:03:13.963 [TUNER] 330,1000,2000.54,2000.00,2.74,0.00,2095.75,2000.00,1.33,0.00
00:03:14.000 [TUNER] 331,1000,1995.58,2000.00,2.82,0.00,2140.48,2000.00,0.41,0.00
00:03:14.003 [TUNER] 332,1000,1995.58,2000.00,2.82,0.00,2140.48,2000.00,0.41,0.00
00:03:14.032 [TUNER] 333,1000,2022.54,2000.00,2.38,0.00,2114.41,2000.00,0.68,0.00
00:03:14.068 [TUNER] 334,1000,2022.54,2000.00,2.38,0.00,2114.41,2000.00,0.68,0.00
00:03:14.071 [TUNER] 335,1000,1990.85,2000.00,2.87,0.00,2059.19,2000.00,1.49,0.00
00:03:14.102 [TUNER] 336,1000,1990.85,2000.00,2.87,0.00,2059.19,2000.00,1.49,0.00
00:03:14.105 [TUNER] 337,1000,2005.02,2000.00,2.65,0.00,2004.71,2000.00,2.37,0.00
00:03:14.138 [TUNER] 338,1000,2005.02,2000.00,2.65,0.00,2004.71,2000.00,2.37,0.00
00:03:14.173 [TUNER] 339,1000,2009.48,2000.00,2.57,0.00,1961.12,2000.00,3.14,0.00
00:03:14.174 [TUNER] 340,1000,2009.48,2000.00,2.57,0.00,1961.12,2000.00,3.14,0.00
00:03:14.207 [TUNER] 341,1000,2076.61,2000.00,1.46,0.00,1974.36,2000.00,2.96,0.00
00:03:14.208 [TUNER] 342,1000,2076.61,2000.00,1.46,0.00,1974.36,2000.00,2.96,0.00
00:03:14.242 [TUNER] 343,1000,2068.47,2000.00,1.50,0.00,1978.08,2000.00,2.93,0.00
00:03:14.276 [TUNER] 344,1000,2068.47,2000.00,1.50,0.00,1978.08,2000.00,2.93,0.00
00:03:14.276 [TUNER] 345,1000,2056.80,2000.00,1.60,0.00,2029.16,2000.00,2.05,0.00
00:03:14.314 [TUNER] 346,1000,2056.80,2000.00,1.60,0.00,2029.16,2000.00,2.05,0.00
00:03:14.316 [TUNER] 347,1000,2014.82,2000.00,2.21,0.00,2021.92,2000.00,2.14,0.00
00:03:14.347 [TUNER] 348,1000,2014.82,2000.00,2.21,0.00,2021.92,2000.00,2.14,0.00
00:03:14.382 [TUNER] 349,1000,1994.99,2000.00,2.52,0.00,2050.48,2000.00,1.61,0.00
00:03:14.384 [TUNER] 350,1000,1994.99,2000.00,2.52,0.00,2050.48,2000.00,1.61,0.00
00:03:14.418 [TUNER] 351,1000,1972.24,2000.00,2.90,0.00,2051.00,2000.00,1.53,0.00
00:03:14.418 [TUNER] 352,1000,1972.24,2000.00,2.90,0.00,2051.00,2000.00,1.53,0.00
00:03:14.452 [TUNER] 353,1000,2010.74,2000.00,2.30,0.00,2051.42,2000.00,1.45,0.00
00:03:14.489 [TUNER] 354,1000,2010.74,2000.00,2.30,0.00,2051.42,2000.00,1.45,0.00
00:03:14.490 [TUNER] 355,1000,2024.37,2000.00,2.07,0.00,1996.77,2000.00,2.34,0.00
00:03:14.522 [TUNER] 356,1000,2024.37,2000.00,2.07,0.00,1996.77,2000.00,2.34,0.00
00:03:14.523 [TUNER] 357,1000,1994.03,2000.00,2.53,0.00,1968.52,2000.00,2.85,0.00
00:03:14.557 [TUNER] 358,1000,1994.03,2000.00,2.53,0.00,1968.52,2000.00,2.85,0.00
00:03:14.592 [TUNER] 359,1000,2009.28,2000.00,2.29,0.00,1956.22,2000.00,3.11,0.00
00:03:14.593 [TUNER] 360,1000,2009.28,2000.00,2.29,0.00,1956.22,2000.00,3.11,0.00
00:03:14.627 [TUNER] 361,1000,1983.68,2000.00,2.69,0.00,1939.52,2000.00,3.46,0.00
00:03:14.627 [TUNER] 362,1000,1983.68,2000.00,2.69,0.00,1939.52,2000.00,3.46,0.00
00:03:14.663 [TUNER] 363,1000,1983.81,2000.00,2.71,0.00,1970.82,2000.00,3.00,0.00
00:03:14.698 [TUNER] 364,1000,1983.81,2000.00,2.71,0.00,1970.82,2000.00,3.00,0.00
00:03:14.698 [TUNER] 365,1000,2007.97,2000.00,2.34,0.00,1976.96,2000.00,2.93,0.00
00:03:14.733 [TUNER] 366,1000,2007.97,2000.00,2.34,0.00,1976.96,2000.00,2.93,0.00
00:03:14.733 [TUNER] 367,1000,2051.36,2000.00,1.62,0.00,2059.19,2000.00,1.51,0.00
00:03:14.767 [TUNER] 368,1000,2051.36,2000.00,1.62,0.00,2059.19,2000.00,1.51,0.00
00:03:14.805 [TUNER] 369,1000,2063.73,2000.00,1.35,0.00,2071.71,2000.00,1.20,0.00
00:03:14.805 [TUNER] 370,1000,2063.73,2000.00,1.35,0.00,2071.71,2000.00,1.20,0.00
00:03:14.839 [TUNER] 371,1000,2094.24,2000.00,0.77,0.00,2098.91,2000.00,0.62,0.00
00:03:14.839 [TUNER] 372,1000,2094.24,2000.00,0.77,0.00,2098.91,2000.00,0.62,0.00
00:03:14.874 [TUNER] 373,1000,2044.78,2000.00,1.46,0.00,2057.10,2000.00,1.23,-0.00
00:03:14.906 [TUNER] 374,1000,2044.78,2000.00,1.46,0.00,2057.10,2000.00,1.23,-0.00
00:03:14.907 [TUNER] 375,1000,1991.46,2000.00,2.27,0.00,2033.96,2000.00,1.56,-0.00
00:03:14.942 [TUNER] 376,1000,1991.46,2000.00,2.27,0.00,2033.96,2000.00,1.56,-0.00
00:03:14.978 [TUNER] 377,1000,1933.34,2000.00,3.23,0.00,1958.76,2000.00,2.84,-0.00
00:03:14.979 [TUNER] 378,1000,1933.34,2000.00,3.23,0.00,1958.76,2000.00,2.84,-0.00
00:03:15.012 [TUNER] 379,1000,1917.77,2000.00,3.57,0.00,1919.21,2000.00,3.59,0.00
00:03:15.012 [TUNER] 380,1000,1917.77,2000.00,3.57,0.00,1919.21,2000.00,3.59,0.00
00:03:15.048 [TUNER] 381,1000,2027.30,2000.00,1.89,0.00,1963.16,2000.00,2.93,0.00
00:03:15.048 [TUNER] 382,1000,2027.30,2000.00,1.89,0.00,1963.16,2000.00,2.93,0.00
00:03:15.082 [TUNER] 383,1002,2071.52,2000.00,1.13,0.00,1948.12,2000.00,3.25,0.00
00:03:15.117 [TUNER] 384,998,2071.52,2000.00,1.13,0.00,1948.12,2000.00,3.25,0.00
00:03:15.118 [TUNER] 385,1000,2106.08,2000.00,0.47,-0.00,1959.21,2000.00,3.12,0.00
00:03:15.151 [TUNER] 386,1000,2106.08,2000.00,0.47,-0.00,1959.21,2000.00,3.12,0.00
00:03:15.187 [TUNER] 387,1000,1995.83,2000.00,2.14,-0.00,1931.59,2000.00,3.66,0.00
00:03:15.187 [TUNER] 388,1000,1995.83,2000.00,2.14,-0.00,1931.59,2000.00,3.66,0.00
00:03:15.221 [TUNER] 389,1000,1942.00,2000.00,3.03,0.00,1978.23,2000.00,2.94,0.00
00:03:15.222 [TUNER] 390,1000,1942.00,2000.00,3.03,0.00,1978.23,2000.00,2.94,0.00
00:03:15.259 [TUNER] 391,1000,1960.37,2000.00,2.80,0.00,1991.07,2000.00,2.74,0.00
00:03:15.261 [TUNER] 392,1000,1960.37,2000.00,2.80,0.00,1991.07,2000.00,2.74,0.00
00:03:15.292 [TUNER] 393,1002,1997.81,2000.00,2.24,0.00,2013.78,2000.00,2.35,0.00
00:03:15.329 [TUNER] 394,1000,1997.81,2000.00,2.24,0.00,2013.78,2000.00,2.35,0.00
00:03:15.329 [TUNER] 395,998,2053.99,2000.00,1.32,0.00,2001.41,2000.00,2.55,0.00
00:03:15.362 [TUNER] 396,1000,2053.99,2000.00,1.32,0.00,2001.41,2000.00,2.55,0.00
00:03:15.363 [TUNER] 397,1000,2065.83,2000.00,1.06,-0.00,2016.90,2000.00,2.27,0.00
00:03:15.396 [TUNER] 398,1000,2065.83,2000.00,1.06,-0.00,2016.90,2000.00,2.27,0.00
00:03:15.433 [TUNER] 399,1000,2035.79,2000.00,1.47,-0.00,2006.96,2000.00,2.43,0.00
00:03:15.434 [TUNER] 400,1000,2035.79,2000.00,1.47,-0.00,2006.96,2000.00,2.43,0.00
00:03:15.467 [TUNER] 401,1000,1967.09,2000.00,2.54,-0.00,2023.05,2000.00,2.13,0.00
00:03:15.468 [TUNER] 402,1000,1967.09,2000.00,2.54,-0.00,2023.05,2000.00,2.13,0.00
00:03:15.502 [TUNER] 403,1000,1967.11,2000.00,2.59,-0.00,2017.03,2000.00,2.21,0.00
00:03:15.504 [TUNER] 404,1000,1967.11,2000.00,2.59,-0.00,2017.03,2000.00,2.21,0.00
00:03:15.537 [TUNER] 405,1000,1920.74,2000.00,3.39,0.00,1976.14,2000.00,2.91,0.00
00:03:15.573 [TUNER] 406,1000,1920.74,2000.00,3.39,0.00,1976.14,2000.00,2.91,0.00
00:03:15.574 [TUNER] 407,1000,1911.13,2000.00,3.65,0.00,1984.65,2000.00,2.79,0.00
00:03:15.609 [TUNER] 408,1000,1911.13,2000.00,3.65,0.00,1984.65,2000.00,2.79,0.00
00:03:15.610 [TUNER] 409,1000,1965.29,2000.00,2.88,0.00,1963.98,2000.00,3.17,0.00
00:03:15.642 [TUNER] 410,1000,1965.29,2000.00,2.88,0.00,1963.98,2000.00,3.17,0.00
00:03:15.676 [TUNER] 411,1000,2077.34,2000.00,1.09,0.00,2048.80,2000.00,1.73,0.00
00:03:15.677 [TUNER] 412,1000,2077.34,2000.00,1.09,0.00,2048.80,2000.00,1.73,0.00
00:03:15.713 [TUNER] 413,1000,2099.98,2000.00,0.62,0.00,2039.35,2000.00,1.83,0.00
00:03:15.714 [TUNER] 414,1000,2099.98,2000.00,0.62,0.00,2039.35,2000.00,1.83,0.00
00:03:15.748 [TUNER] 415,1000,2035.62,2000.00,1.54,-0.00,2060.99,2000.00,1.39,0.00
00:03:15.783 [TUNER] 416,1000,2035.62,2000.00,1.54,-0.00,2060.99,2000.00,1.39,0.00
00:03:15.784 [TUNER] 417,1000,1948.05,2000.00,2.93,0.00,2025.05,2000.00,1.94,0.00
00:03:15.817 [TUNER] 418,1000,1948.05,2000.00,2.93,0.00,2025.05,2000.00,1.94,0.00
00:03:15.819 [TUNER] 419,1000,1890.03,2000.00,3.94,0.00,2020.35,2000.00,1.99,0.00
00:03:15.852 [TUNER] 420,1000,1890.03,2000.00,3.94,0.00,2020.35,2000.00,1.99,0.00
00:03:15.888 [TUNER] 421,1000,1941.54,2000.00,3.24,0.00,1989.10,2000.00,2.51,0.00
00:03:15.889 [TUNER] 422,1000,1941.54,2000.00,3.24,0.00,1989.10,2000.00,2.51,0.00
00:03:15.922 [TUNER] 423,1000,1984.46,2000.00,2.62,0.00,1984.71,2000.00,2.60,0.00
00:03:15.922 [TUNER] 424,1000,1984.46,2000.00,2.62,0.00,1984.71,2000.00,2.60,0.00
00:03:15.958 [TUNER] 425,1000,2053.16,2000.00,1.51,0.00,1998.39,2000.00,2.38,0.00
00:03:15.995 [TUNER] 426,1000,2053.16,2000.00,1.51,0.00,1998.39,2000.00,2.38,0.00
00:03:15.996 [TUNER] 427,1000,2053.15,2000.00,1.44,0.00,2011.04,2000.00,2.16,0.00
00:03:16.027 [TUNER] 428,1000,2053.15,2000.00,1.44,0.00,2011.04,2000.00,2.16,0.00
00:03:16.028 [TUNER] 429,1000,2042.83,2000.00,1.54,0.00,2033.20,2000.00,1.76,0.00
00:03:16.062 [TUNER] 430,1000,2042.83,2000.00,1.54,0.00,2033.20,2000.00,1.76,0.00
00:03:16.097 [TUNER] 431,1000,1962.41,2000.00,2.80,0.00,2002.81,2000.00,2.25,0.00
00:03:16.098 [TUNER] 432,1000,1962.41,2000.00,2.80,0.00,2002.81,2000.00,2.25,0.00
00:03:16.133 [TUNER] 433,1000,1941.03,2000.00,3.20,0.00,2004.27,2000.00,2.22,0.00
00:03:16.133 [TUNER] 434,1000,1941.03,2000.00,3.20,0.00,2004.27,2000.00,2.22,0.00
00:03:16.169 [TUNER] 435,1000,1980.62,2000.00,2.63,0.00,1960.78,2000.00,2.98,0.00
00:03:16.201 [TUNER] 436,1000,1980.62,2000.00,2.63,0.00,1960.78,2000.00,2.98,0.00
00:03:16.201 [TUNER] 437,1000,2063.83,2000.00,1.30,0.00,1979.24,2000.00,2.71,0.00
00:03:16.240 [TUNER] 438,1000,2063.83,2000.00,1.30,0.00,1979.24,2000.00,2.71,0.00
00:03:16.240 [TUNER] 439,1000,2085.74,2000.00,0.86,0.00,1973.39,2000.00,2.84,0.00
00:03:16.272 [TUNER] 440,1000,2085.74,2000.00,0.86,0.00,1973.39,2000.00,2.84,0.00
00:03:16.309 [TUNER] 441,1000,2048.28,2000.00,1.36,-0.00,2011.66,2000.00,2.20,0.00
00:03:16.310 [TUNER] 442,1000,2048.28,2000.00,1.36,-0.00,2011.66,2000.00,2.20,0.00
00:03:16.342 [TUNER] 443,1000,2002.85,2000.00,2.04,-0.00,2009.64,2000.00,2.22,0.00
00:03:16.343 [TUNER] 444,1000,2002.85,2000.00,2.04,-0.00,2009.64,2000.00,2.22,0.00
00:03:16.377 [TUNER] 445,1000,1973.38,2000.00,2.52,0.00,2002.86,2000.00,2.33,0.00
00:03:16.412 [TUNER] 446,1000,1973.38,2000.00,2.52,0.00,2002.86,2000.00,2.33,0.00
00:03:16.413 [TUNER] 447,1000,1992.76,2000.00,2.23,0.00,2004.32,2000.00,2.30,0.00
00:03:16.448 [TUNER] 448,1000,1992.76,2000.00,2.23,0.00,2004.32,2000.00,2.30,0.00
00:03:16.449 [TUNER] 449,1000,1955.00,2000.00,2.86,0.00,1996.89,2000.00,2.42,0.00
00:03:16.483 [TUNER] 450,1000,1955.00,2000.00,2.86,0.00,1996.89,2000.00,2.42,0.00
00:03:16.517 [TUNER] 451,1000,1971.18,2000.00,2.65,0.00,2013.28,2000.00,2.14,0.00
00:03:16.518 [TUNER] 452,1000,1971.18,2000.00,2.65,0.00,2013.28,2000.00,2.14,0.00
00:03:16.553 [TUNER] 453,1000,2006.46,2000.00,2.11,0.00,1998.91,2000.00,2.37,0.00
00:03:16.554 [TUNER] 454,1000,2006.46,2000.00,2.11,0.00,1998.91,2000.00,2.37,0.00
00:03:16.586 [TUNER] 455,1000,2091.38,2000.00,0.72,0.00,2045.82,2000.00,1.54,0.00
00:03:16.622 [TUNER] 456,1000,2091.38,2000.00,0.72,0.00,2045.82,2000.00,1.54,0.00
00:03:16.622 [TUNER] 457,1000,2094.03,2000.00,0.56,-0.00,2018.06,2000.00,1.97,0.00
00:03:16.657 [TUNER] 458,1000,2094.03,2000.00,0.56,-0.00,2018.06,2000.00,1.97,0.00
00:03:16.657 [TUNER] 459,1000,2046.32,2000.00,1.22,-0.00,2033.66,2000.00,1.67,0.00
00:03:16.694 [TUNER] 460,1000,2046.32,2000.00,1.22,-0.00,2033.66,2000.00,1.67,0.00
00:03:16.727 [TUNER] 461,1000,1942.87,2000.00,2.85,-0.00,2016.93,2000.00,1.92,0.00
00:03:16.728 [TUNER] 462,1000,1942.87,2000.00,2.85,-0.00,2016.93,2000.00,1.92,0.00
00:03:16.763 [TUNER] 463,1002,1887.27,2000.00,3.83,0.00,2039.19,2000.00,1.50,-0.00
00:03:16.763 [TUNER] 464,1000,1887.27,2000.00,3.83,0.00,2039.19,2000.00,1.50,-0.00
00:03:16.798 [TUNER] 465,998,1946.64,2000.00,3.00,0.00,2002.83,2000.00,2.09,-0.00
00:03:16.833 [TUNER] 466,1000,1946.64,2000.00,3.00,0.00,2002.83,2000.00,2.09,-0.00
00:03:16.835 [TUNER] 467,1000,2005.72,2000.00,2.11,0.00,2006.01,2000.00,2.03,-0.00
00:03:16.867 [TUNER] 468,1000,2005.72,2000.00,2.11,0.00,2006.01,2000.00,2.03,-0.00
00:03:16.904 [TUNER] 469,1000,2092.51,2000.00,0.68,-0.00,1998.24,2000.00,2.16,-0.00
00:03:16.905 [TUNER] 470,1000,2092.51,2000.00,0.68,-0.00,1998.24,2000.00,2.16,-0.00
00:03:16.939 [TUNER] 471,1000,2039.95,2000.00,1.42,-0.00,2009.21,2000.00,1.97,-0.00
00:03:16.939 [TUNER] 472,1000,2039.95,2000.00,1.42,-0.00,2009.21,2000.00,1.97,-0.00
00:03:16.973 [TUNER] 473,1000,1956.67,2000.00,2.73,-0.00,2026.57,2000.00,1.65,-0.00
00:03:16.975 [TUNER] 474,1000,1956.67,2000.00,2.73,-0.00,2026.57,2000.00,1.65,-0.00
00:03:17.006 [TUNER] 475,1000,1883.18,2000.00,3.99,0.00,1978.61,2000.00,2.46,-0.00
00:03:17.043 [TUNER] 476,1000,1883.18,2000.00,3.99,0.00,1978.61,2000.00,2.46,-0.00
00:03:17.044 [TUNER] 477,1000,1917.16,2000.00,3.58,0.00,1996.94,2000.00,2.17,-0.00
00:03:17.076 [TUNER] 478,1000,1917.16,2000.00,3.58,0.00,1996.94,2000.00,2.17,-0.00
00:03:17.077 [TUNER] 479,1000,1990.73,2000.00,2.49,0.00,1968.66,2000.00,2.67,-0.00
00:03:17.112 [TUNER] 480,1000,1990.73,2000.00,2.49,0.00,1968.66,2000.00,2.67,-0.00
00:03:17.148 [TUNER] 481,1000,2090.82,2000.00,0.86,0.00,1997.57,2000.00,2.20,-0.00
00:03:17.148 [TUNER] 482,1000,2090.82,2000.00,0.86,0.00,1997.57,2000.00,2.20,-0.00
00:03:17.182 [TUNER] 483,1002,2113.76,2000.00,0.37,-0.00,1991.10,2000.00,2.32,-0.00
00:03:17.183 [TUNER] 484,998,2113.76,2000.00,0.37,-0.00,1991.10,2000.00,2.32,-0.00
00:03:17.217 [TUNER] 485,1000,2055.60,2000.00,1.18,-0.00,2019.38,2000.00,1.83,-0.00
00:03:17.252 [TUNER] 486,1000,2055.60,2000.00,1.18,-0.00,2019.38,2000.00,1.83,-0.00
00:03:17.254 [TUNER] 487,1000,2008.71,2000.00,1.87,-0.00,2003.79,2000.00,2.08,-0.00
00:03:17.289 [TUNER] 488,1000,2008.71,2000.00,1.87,-0.00,2003.79,2000.00,2.08,-0.00
00:03:17.289 [TUNER] 489,1000,1976.35,2000.00,2.39,-0.00,1986.16,2000.00,2.39,-0.00
00:03:17.322 [TUNER] 490,1000,1976.35,2000.00,2.39,-0.00,1986.16,2000.00,2.39,-0.00
00:03:17.357 [TUNER] 491,1000,1953.53,2000.00,2.79,-0.00,1993.98,2000.00,2.27,-0.00
00:03:17.358 [TUNER] 492,1000,1953.53,2000.00,2.79,-0.00,1993.98,2000.00,2.27,-0.00
00:03:17.392 [TUNER] 493,1000,1917.09,2000.00,3.45,0.00,1975.26,2000.00,2.61,0.00
00:03:17.393 [TUNER] 494,1000,1917.09,2000.00,3.45,0.00,1975.26,2000.00,2.61,0.00
00:03:17.429 [TUNER] 495,1000,1946.01,2000.00,3.08,0.00,1997.69,2000.00,2.25,0.00
00:03:17.462 [TUNER] 496,1000,1946.01,2000.00,3.08,0.00,1997.69,2000.00,2.25,0.00
00:03:17.462 [TUNER] 497,1000,2008.66,2000.00,2.13,0.00,1986.44,2000.00,2.45,0.00
00:03:17.498 [TUNER] 498,1000,2008.66,2000.00,2.13,0.00,1986.44,2000.00,2.45,0.00
00:03:17.498 [TUNER] 499,1000,2105.16,2000.00,0.54,0.00,2042.72,2000.00,1.47,-0.00
00:03:17.533 [TUNER] 500,1000,2105.16,2000.00,0.54,0.00,2042.72,2000.00,1.47,-0.00
00:03:17.567 [TUNER] 501,1000,2130.83,2000.00,-0.02,-0.00,2019.02,2000.00,1.83,-0.00
00:03:17.568 [TUNER] 502,1000,2130.83,2000.00,-0.02,-0.00,2019.02,2000.00,1.83,-0.00
00:03:17.604 [TUNER] 503,1000,2051.71,2000.00,1.11,-0.00,2039.58,2000.00,1.44,-0.00
00:03:17.605 [TUNER] 504,1000,2051.71,2000.00,1.11,-0.00,2039.58,2000.00,1.44,-0.00
00:03:17.639 [TUNER] 505,1000,1942.03,2000.00,2.83,-0.00,1995.89,2000.00,2.16,-0.00
00:03:17.674 [TUNER] 506,1000,1942.03,2000.00,2.83,-0.00,1995.89,2000.00,2.16,-0.00
00:03:17.675 [TUNER] 507,1000,1876.62,2000.00,3.98,0.00,2009.04,2000.00,1.93,-0.00
00:03:17.707 [TUNER] 508,1000,1876.62,2000.00,3.98,0.00,2009.04,2000.00,1.93,-0.00
00:03:17.708 [TUNER] 509,1000,1922.22,2000.00,3.39,0.00,1978.34,2000.00,2.46,-0.00
00:03:17.742 [TUNER] 510,1000,1922.22,2000.00,3.39,0.00,1978.34,2000.00,2.46,-0.00
00:03:17.779 [TUNER] 511,1000,1927.77,2000.00,3.40,0.00,1977.82,2000.00,2.50,-0.00
00:03:17.782 [TUNER] 512,1000,1927.77,2000.00,3.40,0.00,1977.82,2000.00,2.50,-0.00
00:03:17.812 [TUNER] 513,1000,1997.50,2000.00,2.35,0.00,1989.44,2000.00,2.33,-0.00
00:03:17.812 [TUNER] 514,1000,1997.50,2000.00,2.35,0.00,1989.44,2000.00,2.33,-0.00
00:03:17.847 [TUNER] 515,1000,2036.11,2000.00,1.73,0.00,2012.47,2000.00,1.93,-0.00
00:03:17.883 [TUNER] 516,1000,2036.11,2000.00,1.73,0.00,2012.47,2000.00,1.93,-0.00
00:03:17.883 [TUNER] 517,1000,2097.92,2000.00,0.67,0.00,2046.37,2000.00,1.32,-0.00
00:03:17.918 [TUNER] 518,1000,2097.92,2000.00,0.67,0.00,2046.37,2000.00,1.32,-0.00
00:03:17.918 [TUNER] 519,1000,2088.95,2000.00,0.69,-0.00,2027.09,2000.00,1.59,-0.00
00:03:17.952 [TUNER] 520,1000,2088.95,2000.00,0.69,-0.00,2027.09,2000.00,1.59,-0.00
00:03:17.988 [TUNER] 521,1000,2026.80,2000.00,1.59,-0.00,2015.11,2000.00,1.77,-0.00
00:03:17.989 [TUNER] 522,1000,2026.80,2000.00,1.59,-0.00,2015.11,2000.00,1.77,-0.00
00:03:18.022 [TUNER] 523,1000,1958.18,2000.00,2.68,-0.00,1945.39,2000.00,2.98,-0.00
00:03:18.022 [TUNER] 524,1000,1958.18,2000.00,2.68,-0.00,1945.39,2000.00,2.98,-0.00
00:03:18.056 [TUNER] 525,1000,1958.26,2000.00,2.73,0.00,1963.49,2000.00,2.74,-0.00
00:03:18.092 [TUNER] 526,1000,1958.26,2000.00,2.73,0.00,1963.49,2000.00,2.74,-0.00
00:03:18.092 [TUNER] 527,1000,1970.35,2000.00,2.59,0.00,1964.23,2000.00,2.77,0.00
00:03:18.126 [TUNER] 528,1000,1970.35,2000.00,2.59,0.00,1964.23,2000.00,2.77,0.00
00:03:18.126 [TUNER] 529,1000,1988.61,2000.00,2.33,0.00,2002.62,2000.00,2.14,0.00
00:03:18.162 [TUNER] 530,1000,1988.61,2000.00,2.33,0.00,2002.62,2000.00,2.14,0.00
00:03:18.198 [TUNER] 531,1000,1999.79,2000.00,2.16,0.00,2004.12,2000.00,2.11,-0.00
00:03:18.199 [TUNER] 532,1000,1999.79,2000.00,2.16,0.00,2004.12,2000.00,2.11,-0.00
00:03:18.233 [TUNER] 533,1002,2013.47,2000.00,1.94,0.00,2003.20,2000.00,2.12,-0.00
00:03:18.233 [TUNER] 534,1000,2013.47,2000.00,1.94,0.00,2003.20,2000.00,2.12,-0.00
00:03:18.266 [TUNER] 535,998,2042.44,2000.00,1.44,-0.00,1986.07,2000.00,2.42,0.00
00:03:18.302 [TUNER] 536,1000,2042.44,2000.00,1.44,-0.00,1986.07,2000.00,2.42,0.00
00:03:18.340 [TUNER] 537,1000,2011.93,2000.00,1.89,-0.00,1965.11,2000.00,2.81,0.00
00:03:18.341 [TUNER] 538,1000,2011.93,2000.00,1.89,-0.00,1965.11,2000.00,2.81,0.00
00:03:18.341 [TUNER] 539,1000,2028.75,2000.00,1.60,-0.00,1977.55,2000.00,2.64,0.00
00:03:18.372 [TUNER] 540,1000,2028.75,2000.00,1.60,-0.00,1977.55,2000.00,2.64,0.00
00:03:18.408 [TUNER] 541,1000,1987.23,2000.00,2.24,-0.00,1992.66,2000.00,2.40,0.00
00:03:18.443 [TUNER] 542,1000,1987.23,2000.00,2.24,-0.00,1992.66,2000.00,2.40,0.00
00:03:18.444 [TUNER] 543,1000,1983.22,2000.00,2.32,-0.00,2052.85,2000.00,1.35,0.00
00:03:18.444 [TUNER] 544,1000,1983.22,2000.00,2.32,-0.00,2052.85,2000.00,1.35,0.00
00:03:18.477 [TUNER] 545,1000,1971.42,2000.00,2.54,0.00,2032.28,2000.00,1.64,-0.00
00:03:18.513 [TUNER] 546,1000,1971.42,2000.00,2.54,0.00,2032.28,2000.00,1.64,-0.00
00:03:18.513 [TUNER] 547,1000,2001.49,2000.00,2.08,0.00,2041.59,2000.00,1.43,-0.00
00:03:18.547 [TUNER] 548,1000,2001.49,2000.00,2.08,0.00,2041.59,2000.00,1.43,-0.00
00:03:18.547 [TUNER] 549,1000,2022.12,2000.00,1.74,-0.00,2018.12,2000.00,1.79,-0.00
00:03:18.582 [TUNER] 550,1000,2022.12,2000.00,1.74,-0.00,2018.12,2000.00,1.79,-0.00
00:03:18.616 [TUNER] 551,1000,2035.18,2000.00,1.50,-0.00,2030.27,2000.00,1.55,-0.00
00:03:18.617 [TUNER] 552,1000,2035.18,2000.00,1.50,-0.00,2030.27,2000.00,1.55,-0.00
00:03:18.654 [TUNER] 553,1000,2040.48,2000.00,1.37,-0.00,2000.47,2000.00,2.03,-0.00
00:03:18.655 [TUNER] 554,1000,2040.48,2000.00,1.37,-0.00,2000.47,2000.00,2.03,-0.00
00:03:18.688 [TUNER] 555,1000,1994.90,2000.00,2.06,-0.00,1998.96,2000.00,2.06,-0.00
00:03:18.723 [TUNER] 556,1000,1994.90,2000.00,2.06,-0.00,1998.96,2000.00,2.06,-0.00
00:03:18.723 [TUNER] 557,1000,1972.17,2000.00,2.44,-0.00,1990.89,2000.00,2.20,-0.00
00:03:18.757 [TUNER] 558,1000,1972.17,2000.00,2.44,-0.00,1990.89,2000.00,2.20,-0.00
00:03:18.758 [TUNER] 559,1000,1938.53,2000.00,3.03,0.00,1991.30,2000.00,2.21,-0.00
00:03:18.792 [TUNER] 560,1000,1938.53,2000.00,3.03,0.00,1991.30,2000.00,2.21,-0.00
00:03:18.793 [TUNER] 561,1000,1982.06,2000.00,2.39,0.00,2003.66,2000.00,2.00,-0.00
00:03:18.826 [TUNER] 562,1000,1982.06,2000.00,2.39,0.00,2003.66,2000.00,2.00,-0.00
00:03:18.863 [TUNER] 563,1000,2010.01,2000.00,1.96,0.00,1975.74,2000.00,2.49,-0.00
00:03:18.864 [TUNER] 564,1000,2010.01,2000.00,1.96,0.00,1975.74,2000.00,2.49,-0.00
00:03:18.898 [TUNER] 565,1000,2059.85,2000.00,1.13,-0.00,2001.52,2000.00,2.07,-0.00
00:03:18.898 [TUNER] 566,1000,2059.85,2000.00,1.13,-0.00,2001.52,2000.00,2.07,-0.00
00:03:18.933 [TUNER] 567,1000,2060.22,2000.00,1.05,-0.00,1970.60,2000.00,2.61,-0.00
00:03:18.968 [TUNER] 568,1000,2060.22,2000.00,1.05,-0.00,1970.60,2000.00,2.61,-0.00
00:03:18.970 [TUNER] 569,1000,2101.74,2000.00,0.29,-0.00,1993.97,2000.00,2.24,-0.00
00:03:19.005 [TUNER] 570,1000,2101.74,2000.00,0.29,-0.00,1993.97,2000.00,2.24,-0.00
00:03:19.005 [TUNER] 571,1000,2006.11,2000.00,1.72,-0.00,1980.02,2000.00,2.50,-0.00
00:03:19.038 [TUNER] 572,1000,2006.11,2000.00,1.72,-0.00,1980.02,2000.00,2.50,-0.00
00:03:19.073 [TUNER] 573,1000,1957.09,2000.00,2.52,-0.00,2006.66,2000.00,2.05,-0.00
00:03:19.073 [TUNER] 574,1000,1957.09,2000.00,2.52,-0.00,2006.66,2000.00,2.05,-0.00
00:03:19.107 [TUNER] 575,1000,1981.44,2000.00,2.18,-0.00,1991.89,2000.00,2.31,-0.00
00:03:19.108 [TUNER] 576,1000,1981.44,2000.00,2.18,-0.00,1991.89,2000.00,2.31,-0.00
00:03:19.141 [TUNER] 577,1000,1988.90,2000.00,2.08,-0.00,1992.10,2000.00,2.31,-0.00
00:03:19.177 [TUNER] 578,1000,1988.90,2000.00,2.08,-0.00,1992.10,2000.00,2.31,-0.00
00:03:19.177 [TUNER] 579,1000,2008.60,2000.00,1.77,-0.00,2000.86,2000.00,2.17,-0.00
00:03:19.213 [TUNER] 580,1000,2008.60,2000.00,1.77,-0.00,2000.86,2000.00,2.17,-0.00
00:03:19.213 [TUNER] 581,1000,1967.68,2000.00,2.43,-0.00,1987.25,2000.00,2.41,0.00
00:03:19.248 [TUNER] 582,1000,1967.68,2000.00,2.43,-0.00,1987.25,2000.00,2.41,0.00
00:03:19.283 [TUNER] 583,1002,1970.62,2000.00,2.42,-0.00,2008.59,2000.00,2.05,0.00
00:03:19.285 [TUNER] 584,998,1970.62,2000.00,2.42,-0.00,2008.59,2000.00,2.05,0.00
00:03:19.318 [TUNER] 585,1000,1963.44,2000.00,2.58,-0.00,1993.82,2000.00,2.30,0.00
00:03:19.318 [TUNER] 586,1000,1963.44,2000.00,2.58,-0.00,1993.82,2000.00,2.30,0.00
00:03:19.354 [TUNER] 587,1000,2027.76,2000.00,1.57,-0.00,2028.01,2000.00,1.70,-0.00
00:03:19.390 [TUNER] 588,1000,2027.76,2000.00,1.57,-0.00,2028.01,2000.00,1.70,-0.00
00:03:19.392 [TUNER] 589,1000,2043.13,2000.00,1.28,-0.00,2010.69,2000.00,1.97,-0.00
00:03:19.423 [TUNER] 590,1000,2043.13,2000.00,1.28,-0.00,2010.69,2000.00,1.97,-0.00
00:03:19.424 [TUNER] 591,1000,2053.29,2000.00,1.06,-0.00,2037.64,2000.00,1.48,-0.00
00:03:19.458 [TUNER] 592,1000,2053.29,2000.00,1.06,-0.00,2037.64,2000.00,1.48,-0.00
00:03:19.493 [TUNER] 593,1000,1993.47,2000.00,1.97,-0.00,2008.46,2000.00,1.94,-0.00
00:03:19.494 [TUNER] 594,1000,1993.47,2000.00,1.97,-0.00,2008.46,2000.00,1.94,-0.00
00:03:19.528 [TUNER] 595,1000,1943.54,2000.00,2.80,-0.00,2013.95,2000.00,1.83,-0.00
00:03:19.529 [TUNER] 596,1000,1943.54,2000.00,2.80,-0.00,2013.95,2000.00,1.83,-0.00
00:03:19.563 [TUNER] 597,1000,1896.73,2000.00,3.63,-0.00,1980.54,2000.00,2.40,-0.00
00:03:19.599 [TUNER] 598,1000,1896.73,2000.00,3.63,-0.00,1980.54,2000.00,2.40,-0.00
00:03:19.599 [TUNER] 599,1000,1910.82,2000.00,3.54,0.00,1988.18,2000.00,2.30,-0.00
00:03:19.632 [TUNER] 600,1000,1910.82,2000.00,3.54,0.00,1988.18,2000.00,2.30,-0.00
00:03:19.634 [TUNER] 601,1000,1978.78,2000.00,2.54,0.00,1999.44,2000.00,2.11,-0.00
00:03:19.667 [TUNER] 602,1000,1978.78,2000.00,2.54,0.00,1999.44,2000.00,2.11,-0.00
00:03:19.704 [TUNER] 603,1002,2046.44,2000.00,1.46,0.00,2025.20,2000.00,1.66,-0.00
00:03:19.705 [TUNER] 604,1000,2046.44,2000.00,1.46,0.00,2025.20,2000.00,1.66,-0.00
00:03:19.738 [TUNER] 605,998,2111.81,2000.00,0.33,-0.00,2056.99,2000.00,1.06,-0.00
00:03:19.738 [TUNER] 606,1000,2111.81,2000.00,0.33,-0.00,2056.99,2000.00,1.06,-0.00
00:03:19.774 [TUNER] 607,1000,2060.55,2000.00,1.03,-0.00,2004.66,2000.00,1.91,-0.00
00:03:19.808 [TUNER] 608,1000,2060.55,2000.00,1.03,-0.00,2004.66,2000.00,1.91,-0.00
00:03:19.808 [TUNER] 609,1000,1997.21,2000.00,1.99,-0.00,1986.86,2000.00,2.22,-0.00
00:03:19.843 [TUNER] 610,1000,1997.21,2000.00,1.99,-0.00,1986.86,2000.00,2.22,-0.00
00:03:19.844 [TUNER] 611,1000,1919.04,2000.00,3.27,-0.00,1953.71,2000.00,2.82,-0.00
00:03:19.877 [TUNER] 612,1000,1919.04,2000.00,3.27,-0.00,1953.71,2000.00,2.82,-0.00
00:03:19.913 [TUNER] 613,1000,1940.69,2000.00,3.02,0.00,1970.15,2000.00,2.59,-0.00
00:03:19.913 [TUNER] 614,1000,1940.69,2000.00,3.02,0.00,1970.15,2000.00,2.59,-0.00
00:03:19.948 [TUNER] 615,1000,1983.79,2000.00,2.39,0.00,1957.53,2000.00,2.86,-0.00
00:03:19.949 [TUNER] 616,1000,1983.79,2000.00,2.39,0.00,1957.53,2000.00,2.86,-0.00
00:03:19.982 [TUNER] 617,1000,1978.75,2000.00,2.49,0.00,2004.13,2000.00,2.09,-0.00
00:03:20.019 [TUNER] 618,1000,1978.75,2000.00,2.49,0.00,2004.13,2000.00,2.09,-0.00
00:03:20.021 [TUNER] 619,1000,1978.15,2000.00,2.53,0.00,1988.15,2000.00,2.37,-0.00
00:03:20.054 [TUNER] 620,1000,1978.15,2000.00,2.53,0.00,1988.15,2000.00,2.37,-0.00
00:03:20.057 [TUNER] 621,1000,1977.68,2000.00,2.57,0.00,1978.80,2000.00,2.55,0.00
00:03:20.089 [TUNER] 622,1000,1977.68,2000.00,2.57,0.00,1978.80,2000.00,2.55,0.00
00:03:20.123 [TUNER] 623,1000,2006.50,2000.00,2.12,0.00,1985.07,2000.00,2.47,0.00
00:03:20.157 [TUNER] 624,1000,2006.50,2000.00,2.12,0.00,1985.07,2000.00,2.47,0.00
00:03:20.158 [TUNER] 625,1000,2019.25,2000.00,1.91,0.00,1979.77,2000.00,2.58,0.00
00:03:20.159 [TUNER] 626,1000,2019.25,2000.00,1.91,0.00,1979.77,2000.00,2.58,0.00
00:03:20.192 [TUNER] 627,1000,2058.66,2000.00,1.24,0.00,1994.43,2000.00,2.35,0.00
00:03:20.231 [TUNER] 628,1000,2058.66,2000.00,1.24,0.00,1994.43,2000.00,2.35,0.00
00:03:20.231 [TUNER] 629,1000,2076.44,2000.00,0.87,-0.00,2014.75,2000.00,2.00,0.00
00:03:20.263 [TUNER] 630,1000,2076.44,2000.00,0.87,-0.00,2014.75,2000.00,2.00,0.00
00:03:20.263 [TUNER] 631,1000,2071.77,2000.00,0.85,-0.00,2036.16,2000.00,1.60,0.00
00:03:20.297 [TUNER] 632,1000,2071.77,2000.00,0.85,-0.00,2036.16,2000.00,1.60,0.00
00:03:20.333 [TUNER] 633,1000,2006.18,2000.00,1.83,-0.00,2006.90,2000.00,2.07,-0.00
00:03:20.336 [TUNER] 634,1000,2006.18,2000.00,1.83,-0.00,2006.90,2000.00,2.07,-0.00
00:03:20.366 [TUNER] 635,1000,1958.87,2000.00,2.59,-0.00,2019.57,2000.00,1.84,-0.00
00:03:20.369 [TUNER] 636,1000,1958.87,2000.00,2.59,-0.00,2019.57,2000.00,1.84,-0.00
00:03:20.402 [TUNER] 637,1000,1953.66,2000.00,2.73,-0.00,1993.63,2000.00,2.27,-0.00
00:03:20.437 [TUNER] 638,1000,1953.66,2000.00,2.73,-0.00,1993.63,2000.00,2.27,-0.00
00:03:20.438 [TUNER] 639,1000,1994.16,2000.00,2.13,-0.00,2026.14,2000.00,1.70,-0.00
00:03:20.474 [TUNER] 640,1000,1994.16,2000.00,2.13,-0.00,2026.14,2000.00,1.70,-0.00
00:03:20.474 [TUNER] 641,1000,2035.15,2000.00,1.47,-0.00,2002.32,2000.00,2.09,-0.00
00:03:20.507 [TUNER] 642,1000,2035.15,2000.00,1.47,-0.00,2002.32,2000.00,2.09,-0.00
00:03:20.543 [TUNER] 643,1000,2024.99,2000.00,1.59,-0.00,2005.60,2000.00,2.03,-0.00
00:03:20.543 [TUNER] 644,1000,2024.99,2000.00,1.59,-0.00,2005.60,2000.00,2.03,-0.00
00:03:20.577 [TUNER] 645,1000,2018.58,2000.00,1.66,-0.00,2003.07,2000.00,2.06,-0.00
00:03:20.579 [TUNER] 646,1000,2018.58,2000.00,1.66,-0.00,2003.07,2000.00,2.06,-0.00
00:03:20.614 [TUNER] 647,1000,1973.94,2000.00,2.37,-0.00,1999.33,2000.00,2.13,-0.00
00:03:20.649 [TUNER] 648,1000,1973.94,2000.00,2.37,-0.00,1999.33,2000.00,2.13,-0.00
00:03:20.649 [TUNER] 649,1000,1938.23,2000.00,2.98,-0.00,2008.36,2000.00,1.97,-0.00
00:03:20.683 [TUNER] 650,1000,1938.23,2000.00,2.98,-0.00,2008.36,2000.00,1.97,-0.00
00:03:20.684 [TUNER] 651,1000,1930.27,2000.00,3.19,0.00,1979.51,2000.00,2.46,-0.00
00:03:20.717 [TUNER] 652,1000,1930.27,2000.00,3.19,0.00,1979.51,2000.00,2.46,-0.00
00:03:20.752 [TUNER] 653,1000,1966.86,2000.00,2.69,0.00,1997.66,2000.00,2.17,-0.00
00:03:20.753 [TUNER] 654,1000,1966.86,2000.00,2.69,0.00,1997.66,2000.00,2.17,-0.00
00:03:20.789 [TUNER] 655,1000,2006.44,2000.00,2.08,0.00,1976.10,2000.00,2.56,-0.00
00:03:20.790 [TUNER] 656,1000,2006.44,2000.00,2.08,0.00,1976.10,2000.00,2.56,-0.00
00:03:20.822 [TUNER] 657,1000,2086.21,2000.00,0.77,-0.00,2005.24,2000.00,2.07,-0.00
00:03:20.858 [TUNER] 658,1000,2086.21,2000.00,0.77,-0.00,2005.24,2000.00,2.07,-0.00
00:03:20.859 [TUNER] 659,1000,2110.51,2000.00,0.26,-0.00,1990.75,2000.00,2.32,-0.00
00:03:20.893 [TUNER] 660,1000,2110.51,2000.00,0.26,-0.00,1990.75,2000.00,2.32,-0.00
00:03:20.893 [TUNER] 661,1000,2105.89,2000.00,0.19,-0.00,2016.96,2000.00,1.87,-0.00
00:03:20.927 [TUNER] 662,1000,2105.89,2000.00,0.19,-0.00,2016.96,2000.00,1.87,-0.00
00:03:20.965 [TUNER] 663,1000,2019.74,2000.00,1.47,-0.00,1991.54,2000.00,2.30,-0.00
00:03:20.967 [TUNER] 664,1000,2019.74,2000.00,1.47,-0.00,1991.54,2000.00,2.30,-0.00
00:03:20.999 [TUNER] 665,1000,1940.50,2000.00,2.74,-0.00,1986.67,2000.00,2.40,-0.00
00:03:21.000 [TUNER] 666,1000,1940.50,2000.00,2.74,-0.00,1986.67,2000.00,2.40,-0.00
00:03:21.033 [TUNER] 667,1000,1899.45,2000.00,3.48,-0.00,1987.93,2000.00,2.39,0.00
00:03:21.068 [TUNER] 668,1000,1899.45,2000.00,3.48,-0.00,1987.93,2000.00,2.39,0.00
00:03:21.071 [TUNER] 669,1000,1839.12,2000.00,4.60,0.00,1975.19,2000.00,2.63,0.00
00:03:21.103 [TUNER] 670,1000,1839.12,2000.00,4.60,0.00,1975.19,2000.00,2.63,0.00
00:03:21.103 [TUNER] 671,1000,1909.40,2000.00,3.66,0.00,1997.64,2000.00,2.27,0.00
00:03:21.139 [TUNER] 672,1000,1909.40,2000.00,3.66,0.00,1997.64,2000.00,2.27,0.00
00:03:21.171 [TUNER] 673,1002,1996.08,2000.00,2.36,0.00,2008.32,2000.00,2.09,0.00
00:03:21.172 [TUNER] 674,1000,1996.08,2000.00,2.36,0.00,2008.32,2000.00,2.09,0.00
00:03:21.207 [TUNER] 675,998,2154.07,2000.00,-0.22,0.00,2050.36,2000.00,1.33,-0.00
00:03:21.208 [TUNER] 676,1000,2154.07,2000.00,-0.22,0.00,2050.36,2000.00,1.33,-0.00
00:03:21.242 [TUNER] 677,1000,2216.34,2000.00,-1.43,-0.00,2025.13,2000.00,1.71,-0.00
00:03:21.278 [TUNER] 678,1000,2216.34,2000.00,-1.43,-0.00,2025.13,2000.00,1.71,-0.00
00:03:21.278 [TUNER] 679,1000,2219.77,2000.00,-1.77,-0.00,2041.03,2000.00,1.39,-0.00
00:03:21.314 [TUNER] 680,1000,2219.77,2000.00,-1.77,-0.00,2041.03,2000.00,1.39,-0.00
00:03:21.320 [TUNER] 681,1000,2071.32,2000.00,0.38,-0.00,1991.90,2000.00,2.20,-0.00
00:03:21.348 [TUNER] 682,1000,2071.32,2000.00,0.38,-0.00,1991.90,2000.00,2.20,-0.00
00:03:21.383 [TUNER] 683,1002,1929.96,2000.00,2.60,-0.00,1986.56,2000.00,2.31,-0.00
00:03:21.384 [TUNER] 684,998,1929.96,2000.00,2.60,-0.00,1986.56,2000.00,2.31,-0.00
00:03:21.422 [TUNER] 685,1000,1812.25,2000.00,4.61,-0.00,1965.88,2000.00,2.69,-0.00
00:03:21.422 [TUNER] 686,1000,1812.25,2000.00,4.61,-0.00,1965.88,2000.00,2.69,-0.00
00:03:21.454 [TUNER] 687,1000,1798.57,2000.00,5.07,-0.00,1988.47,2000.00,2.34,-0.00
00:03:21.488 [TUNER] 688,1000,1798.57,2000.00,5.07,-0.00,1988.47,2000.00,2.34,-0.00
00:03:21.522 [TUNER] 689,1000,1882.11,2000.00,3.97,0.00,2023.73,2000.00,1.74,-0.00
00:03:21.523 [TUNER] 690,1000,1882.11,2000.00,3.97,0.00,2023.73,2000.00,1.74,-0.00
00:03:21.524 [TUNER] 691,1000,1982.83,2000.00,2.47,0.00,2024.04,2000.00,1.70,-0.00
00:03:21.557 [TUNER] 692,1000,1982.83,2000.00,2.47,0.00,2024.04,2000.00,1.70,-0.00
00:03:21.593 [TUNER] 693,1000,2126.28,2000.00,0.15,-0.00,2018.22,2000.00,1.77,-0.00
00:03:21.593 [TUNER] 694,1000,2126.28,2000.00,0.15,-0.00,2018.22,2000.00,1.77,-0.00
00:03:21.627 [TUNER] 695,1000,2060.10,2000.00,1.07,-0.00,1995.99,2000.00,2.13,-0.00
00:03:21.628 [TUNER] 696,1000,2060.10,2000.00,1.07,-0.00,1995.99,2000.00,2.13,-0.00
00:03:21.662 [TUNER] 697,1000,1952.17,2000.00,2.76,-0.00,1998.81,2000.00,2.09,-0.00
00:03:21.699 [TUNER] 698,1000,1952.17,2000.00,2.76,-0.00,1998.81,2000.00,2.09,-0.00
00:03:21.702 [TUNER] 699,1000,1888.17,2000.00,3.86,0.00,1970.15,2000.00,2.60,-0.00
00:03:21.733 [TUNER] 700,1000,1888.17,2000.00,3.86,0.00,1970.15,2000.00,2.60,-0.00
00:03:21.737 [TUNER] 701,1000,1890.23,2000.00,3.97,0.00,1986.74,2000.00,2.35,-0.00
00:03:21.768 [TUNER] 702,1000,1890.23,2000.00,3.97,0.00,1986.74,2000.00,2.35,-0.00
00:03:21.803 [TUNER] 703,1000,1953.72,2000.00,3.08,0.00,1960.49,2000.00,2.83,0.00
00:03:21.805 [TUNER] 704,1000,1953.72,2000.00,3.08,0.00,1960.49,2000.00,2.83,0.00
00:03:21.838 [TUNER] 705,1000,1965.00,2000.00,2.95,0.00,1991.04,2000.00,2.34,0.00
00:03:21.840 [TUNER] 706,1000,1965.00,2000.00,2.95,0.00,1991.04,2000.00,2.34,0.00
00:03:21.873 [TUNER] 707,1000,1975.75,2000.00,2.82,0.00,1996.57,2000.00,2.26,0.00
00:03:21.908 [TUNER] 708,1000,1975.75,2000.00,2.82,0.00,1996.57,2000.00,2.26,0.00
00:03:21.908 [TUNER] 709,1000,1994.65,2000.00,2.54,0.00,2006.16,2000.00,2.09,0.00
00:03:21.943 [TUNER] 710,1000,1994.65,2000.00,2.54,0.00,2006.16,2000.00,2.09,0.00
00:03:21.944 [TUNER] 711,1000,2049.29,2000.00,1.66,0.00,1998.36,2000.00,2.22,0.00
00:03:21.980 [TUNER] 712,1000,2049.29,2000.00,1.66,0.00,1998.36,2000.00,2.22,0.00
00:03:22.012 [TUNER] 713,1000,2060.35,2000.00,1.41,0.00,1983.53,2000.00,2.49,0.00
00:03:22.049 [TUNER] 714,1000,2060.35,2000.00,1.41,0.00,1983.53,2000.00,2.49,0.00
00:03:22.049 [TUNER] 715,1000,2091.54,2000.00,0.83,0.00,1983.70,2000.00,2.51,0.00
00:03:22.049 [TUNER] 716,1000,2091.54,2000.00,0.83,0.00,1983.70,2000.00,2.51,0.00
00:03:22.082 [TUNER] 717,1000,2059.80,2000.00,1.23,0.00,1963.21,2000.00,2.89,0.00
00:03:22.123 [TUNER] 718,1000,2059.80,2000.00,1.23,0.00,1963.21,2000.00,2.89,0.00
00:03:22.126 [TUNER] 719,1000,2024.09,2000.00,1.73,0.00,2017.27,2000.00,1.99,0.00
00:03:22.152 [TUNER] 720,1000,2024.09,2000.00,1.73,0.00,2017.27,2000.00,1.99,0.00
00:03:22.154 [TUNER] 721,1000,1940.55,2000.00,3.07,0.00,2003.81,2000.00,2.20,0.00
00:03:22.188 [TUNER] 722,1000,1940.55,2000.00,3.07,0.00,2003.81,2000.00,2.20,0.00
00:03:22.223 [TUNER] 723,1000,1892.62,2000.00,3.93,0.00,2041.15,2000.00,1.54,0.00
00:03:22.224 [TUNER] 724,1000,1892.62,2000.00,3.93,0.00,2041.15,2000.00,1.54,0.00
00:03:22.258 [TUNER] 725,1000,1926.43,2000.00,3.51,0.00,2029.79,2000.00,1.68,-0.00
00:03:22.258 [TUNER] 726,1000,1926.43,2000.00,3.51,0.00,2029.79,2000.00,1.68,-0.00
00:03:22.292 [TUNER] 727,1000,1991.27,2000.00,2.55,0.00,2053.35,2000.00,1.22,-0.00
00:03:22.328 [TUNER] 728,1000,1991.27,2000.00,2.55,0.00,2053.35,2000.00,1.22,-0.00
00:03:22.328 [TUNER] 729,1000,2068.92,2000.00,1.29,0.00,2018.94,2000.00,1.76,-0.00
00:03:22.363 [TUNER] 730,1000,2068.92,2000.00,1.29,0.00,2018.94,2000.00,1.76,-0.00
00:03:22.364 [TUNER] 731,1000,2089.81,2000.00,0.86,0.00,2020.61,2000.00,1.70,-0.00
00:03:22.398 [TUNER] 732,1000,2089.81,2000.00,0.86,0.00,2020.61,2000.00,1.70,-0.00
00:03:22.434 [TUNER] 733,1000,2051.54,2000.00,1.37,0.00,2003.05,2000.00,1.98,-0.00
00:03:22.438 [TUNER] 734,1000,2051.54,2000.00,1.37,0.00,2003.05,2000.00,1.98,-0.00
00:03:22.469 [TUNER] 735,1000,1953.91,2000.00,2.90,0.00,1978.70,2000.00,2.41,-0.00
00:03:22.472 [TUNER] 736,1000,1953.91,2000.00,2.90,0.00,1978.70,2000.00,2.41,-0.00
00:03:22.503 [TUNER] 737,1000,1923.92,2000.00,3.45,0.00,1964.37,2000.00,2.69,-0.00
00:03:22.538 [TUNER] 738,1000,1923.92,2000.00,3.45,0.00,1964.37,2000.00,2.69,-0.00
00:03:22.539 [TUNER] 739,1000,1951.47,2000.00,3.10,0.00,1932.28,2000.00,3.31,0.00
00:03:22.572 [TUNER] 740,1000,1951.47,2000.00,3.10,0.00,1932.28,2000.00,3.31,0.00
00:03:22.572 [TUNER] 741,1000,2030.21,2000.00,1.87,0.00,1987.37,2000.00,2.43,0.00
00:03:22.607 [TUNER] 742,1000,2030.21,2000.00,1.87,0.00,1987.37,2000.00,2.43,0.00
00:03:22.643 [TUNER] 743,1002,2099.59,2000.00,0.70,0.00,1994.95,2000.00,2.31,0.00
00:03:22.643 [TUNER] 744,1000,2099.59,2000.00,0.70,0.00,1994.95,2000.00,2.31,0.00
00:03:22.677 [TUNER] 745,998,2164.65,2000.00,-0.49,-0.00,2044.82,2000.00,1.44,-0.00
00:03:22.678 [TUNER] 746,1000,2164.65,2000.00,-0.49,-0.00,2044.82,2000.00,1.44,-0.00
00:03:22.714 [TUNER] 747,1000,2075.33,2000.00,0.76,-0.00,2055.07,2000.00,1.19,-0.00
00:03:22.748 [TUNER] 748,1000,2075.33,2000.00,0.76,-0.00,2055.07,2000.00,1.19,-0.00
00:03:22.749 [TUNER] 749,1000,1986.70,2000.00,2.11,-0.00,2085.59,2000.00,0.58,-0.00
00:03:22.783 [TUNER] 750,1000,1986.70,2000.00,2.11,-0.00,2085.59,2000.00,0.58,-0.00
00:03:22.783 [TUNER] 751,1000,1953.59,2000.00,2.67,-0.00,2027.55,2000.00,1.49,-0.00
00:03:22.818 [TUNER] 752,1000,1953.59,2000.00,2.67,-0.00,2027.55,2000.00,1.49,-0.00
00:03:22.853 [TUNER] 753,1000,1949.43,2000.00,2.80,-0.00,2003.45,2000.00,1.87,-0.00
00:03:22.854 [TUNER] 754,1000,1949.43,2000.00,2.80,-0.00,2003.45,2000.00,1.87,-0.00
00:03:22.887 [TUNER] 755,1000,2013.11,2000.00,1.82,-0.00,1944.65,2000.00,2.91,-0.00
00:03:22.888 [TUNER] 756,1000,2013.11,2000.00,1.82,-0.00,1944.65,2000.00,2.91,-0.00
00:03:22.923 [TUNER] 757,1000,2017.67,2000.00,1.73,-0.00,1961.18,2000.00,2.69,-0.00
00:03:22.958 [TUNER] 758,1000,2017.67,2000.00,1.73,-0.00,1961.18,2000.00,2.69,-0.00
00:03:22.958 [TUNER] 759,1000,2019.60,2000.00,1.67,-0.00,1970.97,2000.00,2.57,-0.00
00:03:22.993 [TUNER] 760,1000,2019.60,2000.00,1.67,-0.00,1970.97,2000.00,2.57,-0.00
00:03:22.993 [TUNER] 761,1000,1988.50,2000.00,2.16,-0.00,1951.31,2000.00,2.96,-0.00
00:03:23.027 [TUNER] 762,1000,1988.50,2000.00,2.16,-0.00,1951.31,2000.00,2.96,-0.00
00:03:23.062 [TUNER] 763,1000,1999.70,2000.00,1.99,-0.00,1963.08,2000.00,2.82,0.00
00:03:23.062 [TUNER] 764,1000,1999.70,2000.00,1.99,-0.00,1963.08,2000.00,2.82,0.00
00:03:23.098 [TUNER] 765,1000,1967.42,2000.00,2.52,-0.00,1950.15,2000.00,3.10,0.00
00:03:23.099 [TUNER] 766,1000,1967.42,2000.00,2.52,-0.00,1950.15,2000.00,3.10,0.00
00:03:23.133 [TUNER] 767,1000,1965.65,2000.00,2.59,-0.00,1981.05,2000.00,2.62,0.00
00:03:23.169 [TUNER] 768,1000,1965.65,2000.00,2.59,-0.00,1981.05,2000.00,2.62,0.00
00:03:23.169 [TUNER] 769,1000,1979.70,2000.00,2.40,0.00,1978.27,2000.00,2.70,0.00
00:03:23.205 [TUNER] 770,1000,1979.70,2000.00,2.40,0.00,1978.27,2000.00,2.70,0.00
00:03:23.206 [TUNER] 771,1000,2009.84,2000.00,1.94,-0.00,2003.54,2000.00,2.28,0.00
00:03:23.239 [TUNER] 772,1000,2009.84,2000.00,1.94,-0.00,2003.54,2000.00,2.28,0.00
00:03:23.271 [TUNER] 773,1000,2051.13,2000.00,1.25,-0.00,1996.27,2000.00,2.40,0.00
00:03:23.272 [TUNER] 774,1000,2051.13,2000.00,1.25,-0.00,1996.27,2000.00,2.40,0.00
00:03:23.308 [TUNER] 775,1000,2056.68,2000.00,1.09,-0.00,2007.63,2000.00,2.21,0.00
00:03:23.308 [TUNER] 776,1000,2056.68,2000.00,1.09,-0.00,2007.63,2000.00,2.21,0.00
00:03:23.342 [TUNER] 777,1000,2043.93,2000.00,1.23,-0.00,2021.88,2000.00,1.95,0.00
00:03:23.377 [TUNER] 778,1000,2043.93,2000.00,1.23,-0.00,2021.88,2000.00,1.95,0.00
00:03:23.378 [TUNER] 779,1000,1975.32,2000.00,2.29,-0.00,2043.58,2000.00,1.53,0.00
00:03:23.412 [TUNER] 780,1000,1975.32,2000.00,2.29,-0.00,2043.58,2000.00,1.53,0.00
00:03:23.413 [TUNER] 781,1000,1929.02,2000.00,3.08,-0.00,2045.48,2000.00,1.44,-0.00
00:03:23.448 [TUNER] 782,1000,1929.02,2000.00,3.08,-0.00,2045.48,2000.00,1.44,-0.00
00:03:23.483 [TUNER] 783,1002,1929.39,2000.00,3.17,0.00,1995.10,2000.00,2.27,0.00
00:03:23.485 [TUNER] 784,998,1929.39,2000.00,3.17,0.00,1995.10,2000.00,2.27,0.00
00:03:23.519 [TUNER] 785,1000,2009.58,2000.00,1.95,-0.00,2007.11,2000.00,2.06,-0.00
00:03:23.521 [TUNER] 786,1000,2009.58,2000.00,1.95,-0.00,2007.11,2000.00,2.06,-0.00
00:03:23.552 [TUNER] 787,1000,2066.38,2000.00,1.01,-0.00,1969.91,2000.00,2.71,0.00
00:03:23.589 [TUNER] 788,1000,2066.38,2000.00,1.01,-0.00,1969.91,2000.00,2.71,0.00
00:03:23.589 [TUNER] 789,1000,2067.16,2000.00,0.91,-0.00,1986.55,2000.00,2.46,0.00
00:03:23.621 [TUNER] 790,1000,2067.16,2000.00,0.91,-0.00,1986.55,2000.00,2.46,0.00
00:03:23.622 [TUNER] 791,1000,1981.55,2000.00,2.22,-0.00,1965.12,2000.00,2.85,0.00
00:03:23.656 [TUNER] 792,1000,1981.55,2000.00,2.22,-0.00,1965.12,2000.00,2.85,0.00
00:03:23.693 [TUNER] 793,1000,1936.07,2000.00,2.99,-0.00,2005.48,2000.00,2.19,0.00
00:03:23.693 [TUNER] 794,1000,1936.07,2000.00,2.99,-0.00,2005.48,2000.00,2.19,0.00
00:03:23.729 [TUNER] 795,1000,1959.47,2000.00,2.69,-0.00,1999.54,2000.00,2.29,0.00
00:03:23.729 [TUNER] 796,1000,1959.47,2000.00,2.69,-0.00,1999.54,2000.00,2.29,0.00
00:03:23.764 [TUNER] 797,1000,1986.79,2000.00,2.29,0.00,2020.55,2000.00,1.92,0.00
00:03:23.797 [TUNER] 798,1000,1986.79,2000.00,2.29,0.00,2020.55,2000.00,1.92,0.00
00:03:23.798 [TUNER] 799,1000,2041.28,2000.00,1.42,-0.00,2008.16,2000.00,2.11,0.00
00:03:23.832 [TUNER] 800,1000,2041.28,2000.00,1.42,-0.00,2008.16,2000.00,2.11,0.00
00:03:23.837 [TUNER] 801,1000,2069.41,2000.00,0.91,-0.00,2005.12,2000.00,2.15,0.00
00:03:23.867 [TUNER] 802,1000,2069.41,2000.00,0.91,-0.00,2005.12,2000.00,2.15,0.00
00:03:23.902 [TUNER] 803,1000,2078.17,2000.00,0.67,-0.00,2014.71,2000.00,1.97,0.00
00:03:23.903 [TUNER] 804,1000,2078.17,2000.00,0.67,-0.00,2014.71,2000.00,1.97,0.00
00:03:23.940 [TUNER] 805,1000,2016.46,2000.00,1.58,-0.00,1998.33,2000.00,2.24,0.00
00:03:23.942 [TUNER] 806,1000,2016.46,2000.00,1.58,-0.00,1998.33,2000.00,2.24,0.00
00:03:23.973 [TUNER] 807,1000,1949.90,2000.00,2.65,-0.00,2012.72,2000.00,1.99,0.00
00:03:24.008 [TUNER] 808,1000,1949.90,2000.00,2.65,-0.00,2012.72,2000.00,1.99,0.00
00:03:24.009 [TUNER] 809,1000,1894.94,2000.00,3.61,-0.00,1995.02,2000.00,2.28,0.00
00:03:24.043 [TUNER] 810,1000,1894.94,2000.00,3.61,-0.00,1995.02,2000.00,2.28,0.00
00:03:24.043 [TUNER] 811,1000,1938.60,2000.00,3.03,0.00,2020.38,2000.00,1.84,-0.00
00:03:24.077 [TUNER] 812,1000,1938.60,2000.00,3.03,0.00,2020.38,2000.00,1.84,-0.00
00:03:24.114 [TUNER] 813,1002,1993.69,2000.00,2.21,0.00,2016.21,2000.00,1.89,-0.00
00:03:24.116 [TUNER] 814,1000,1993.69,2000.00,2.21,0.00,2016.21,2000.00,1.89,-0.00
00:03:24.149 [TUNER] 815,998,2048.98,2000.00,1.32,-0.00,2020.55,2000.00,1.79,-0.00
00:03:24.149 [TUNER] 816,1000,2048.98,2000.00,1.32,-0.00,2020.55,2000.00,1.79,-0.00
00:03:24.183 [TUNER] 817,1000,2065.26,2000.00,0.99,-0.00,1992.70,2000.00,2.25,-0.00
00:03:24.218 [TUNER] 818,1000,2065.26,2000.00,0.99,-0.00,1992.70,2000.00,2.25,-0.00
00:03:24.219 [TUNER] 819,1000,2028.46,2000.00,1.51,-0.00,1997.90,2000.00,2.17,-0.00
00:03:24.252 [TUNER] 820,1000,2028.46,2000.00,1.51,-0.00,1997.90,2000.00,2.17,-0.00
00:03:24.288 [TUNER] 821,1000,1956.07,2000.00,2.65,-0.00,2002.07,2000.00,2.10,-0.00
00:03:24.289 [TUNER] 822,1000,1956.07,2000.00,2.65,-0.00,2002.07,2000.00,2.10,-0.00
00:03:24.322 [TUNER] 823,1000,1880.98,2000.00,3.94,0.00,2017.42,2000.00,1.83,-0.00
00:03:24.324 [TUNER] 824,1000,1880.98,2000.00,3.94,0.00,2017.42,2000.00,1.83,-0.00
00:03:24.359 [TUNER] 825,1000,1941.17,2000.00,3.10,0.00,2014.25,2000.00,1.86,-0.00
00:03:24.359 [TUNER] 826,1000,1941.17,2000.00,3.10,0.00,2014.25,2000.00,1.86,-0.00
00:03:24.393 [TUNER] 827,1000,2016.81,2000.00,1.94,0.00,1985.93,2000.00,2.34,-0.00
00:03:24.427 [TUNER] 828,1000,2016.81,2000.00,1.94,0.00,1985.93,2000.00,2.34,-0.00
00:03:24.427 [TUNER] 829,1000,2103.10,2000.00,0.51,-0.00,2002.80,2000.00,2.06,-0.00
00:03:24.463 [TUNER] 830,1000,2103.10,2000.00,0.51,-0.00,2002.80,2000.00,2.06,-0.00
00:03:24.464 [TUNER] 831,1000,2103.40,2000.00,0.37,-0.00,1976.78,2000.00,2.52,-0.00
00:03:24.500 [TUNER] 832,1000,2103.40,2000.00,0.37,-0.00,1976.78,2000.00,2.52,-0.00
00:03:24.534 [TUNER] 833,1000,2098.49,2000.00,0.32,-0.00,2000.63,2000.00,2.13,-0.00
00:03:24.536 [TUNER] 834,1000,2098.49,2000.00,0.32,-0.00,2000.63,2000.00,2.13,-0.00
00:03:24.568 [TUNER] 835,1000,2010.38,2000.00,1.64,-0.00,1992.22,2000.00,2.28,-0.00
00:03:24.568 [TUNER] 836,1000,2010.38,2000.00,1.64,-0.00,1992.22,2000.00,2.28,-0.00
00:03:24.604 [TUNER] 837,1000,1939.89,2000.00,2.77,-0.00,2021.57,2000.00,1.77,-0.00
00:03:24.639 [TUNER] 838,1000,1939.89,2000.00,2.77,-0.00,2021.57,2000.00,1.77,-0.00
00:03:24.640 [TUNER] 839,1000,1953.94,2000.00,2.62,-0.00,1998.67,2000.00,2.14,-0.00
00:03:24.674 [TUNER] 840,1000,1953.94,2000.00,2.62,-0.00,1998.67,2000.00,2.14,-0.00
00:03:24.674 [TUNER] 841,1000,1978.92,2000.00,2.27,-0.00,1992.37,2000.00,2.26,-0.00
00:03:24.707 [TUNER] 842,1000,1978.92,2000.00,2.27,-0.00,1992.37,2000.00,2.26,-0.00
00:03:24.743 [TUNER] 843,1000,2010.93,2000.00,1.78,-0.00,1987.33,2000.00,2.35,-0.00
00:03:24.744 [TUNER] 844,1000,2010.93,2000.00,1.78,-0.00,1987.33,2000.00,2.35,-0.00
00:03:24.778 [TUNER] 845,1000,1966.10,2000.00,2.50,-0.00,1981.58,2000.00,2.47,-0.00
00:03:24.779 [TUNER] 846,1000,1966.10,2000.00,2.50,-0.00,1981.58,2000.00,2.47,-0.00
00:03:24.813 [TUNER] 847,1000,1952.57,2000.00,2.76,-0.00,1995.88,2000.00,2.25,-0.00
00:03:24.849 [TUNER] 848,1000,1952.57,2000.00,2.76,-0.00,1995.88,2000.00,2.25,-0.00
00:03:24.849 [TUNER] 849,1000,1940.03,2000.00,3.03,0.00,2005.60,2000.00,2.08,-0.00
00:03:24.884 [TUNER] 850,1000,1940.03,2000.00,3.03,0.00,2005.60,2000.00,2.08,-0.00
00:03:24.888 [TUNER] 851,1000,2024.49,2000.00,1.72,-0.00,2049.46,2000.00,1.30,-0.00
00:03:24.917 [TUNER] 852,1000,2024.49,2000.00,1.72,-0.00,2049.46,2000.00,1.30,-0.00
00:03:24.953 [TUNER] 853,1000,2045.67,2000.00,1.35,-0.00,2031.29,2000.00,1.55,-0.00
00:03:24.955 [TUNER] 854,1000,2045.67,2000.00,1.35,-0.00,2031.29,2000.00,1.55,-0.00
00:03:24.988 [TUNER] 855,1000,2050.59,2000.00,1.21,-0.00,2042.52,2000.00,1.31,-0.00
00:03:25.022 [TUNER] 856,1000,2050.59,2000.00,1.21,-0.00,2042.52,2000.00,1.31,-0.00
00:03:25.023 [TUNER] 857,1000,1975.49,2000.00,2.37,-0.00,2006.83,2000.00,1.88,-0.00
00:03:25.058 [TUNER] 858,1000,1975.49,2000.00,2.37,-0.00,2006.83,2000.00,1.88,-0.00
00:03:25.059 [TUNER] 859,1000,1917.13,2000.00,3.35,0.00,2014.36,2000.00,1.74,-0.00
00:03:25.092 [TUNER] 860,1000,1917.13,2000.00,3.35,0.00,2014.36,2000.00,1.74,-0.00
00:03:25.093 [TUNER] 861,1000,1911.68,2000.00,3.55,0.00,1970.56,2000.00,2.49,-0.00
00:03:25.127 [TUNER] 862,1000,1911.68,2000.00,3.55,0.00,1970.56,2000.00,2.49,-0.00
00:03:25.163 [TUNER] 863,1000,1931.37,2000.00,3.34,0.00,1973.32,2000.00,2.48,-0.00
00:03:25.163 [TUNER] 864,1000,1931.37,2000.00,3.34,0.00,1973.32,2000.00,2.48,-0.00
00:03:25.199 [TUNER] 865,1000,2005.54,2000.00,2.22,0.00,1996.15,2000.00,2.12,-0.00
00:03:25.199 [TUNER] 866,1000,2005.54,2000.00,2.22,0.00,1996.15,2000.00,2.12,-0.00
00:03:25.235 [TUNER] 867,1000,2037.38,2000.00,1.69,0.00,2026.43,2000.00,1.59,-0.00
00:03:25.268 [TUNER] 868,1000,2037.38,2000.00,1.69,0.00,2026.43,2000.00,1.59,-0.00
00:03:25.270 [TUNER] 869,1000,2083.47,2000.00,0.89,0.00,2028.33,2000.00,1.52,-0.00
00:03:25.304 [TUNER] 870,1000,2083.47,2000.00,0.89,0.00,2028.33,2000.00,1.52,-0.00
00:03:25.306 [TUNER] 871,1000,2031.00,2000.00,1.64,0.00,1993.76,2000.00,2.09,-0.00
00:03:25.338 [TUNER] 872,1000,2031.00,2000.00,1.64,0.00,1993.76,2000.00,2.09,-0.00
00:03:25.373 [TUNER] 873,1000,2019.96,2000.00,1.78,-0.00,1978.14,2000.00,2.37,-0.00
00:03:25.373 [TUNER] 874,1000,2019.96,2000.00,1.78,-0.00,1978.14,2000.00,2.37,-0.00
00:03:25.407 [TUNER] 875,1000,1971.60,2000.00,2.54,0.00,1943.30,2000.00,3.02,-0.00
00:03:25.408 [TUNER] 876,1000,1971.60,2000.00,2.54,0.00,1943.30,2000.00,3.02,-0.00
00:03:25.442 [TUNER] 877,1000,1984.46,2000.00,2.37,0.00,1968.69,2000.00,2.65,-0.00
00:03:25.482 [TUNER] 878,1000,1984.46,2000.00,2.37,0.00,1968.69,2000.00,2.65,-0.00
00:03:25.482 [TUNER] 879,1000,1981.01,2000.00,2.45,0.00,1959.80,2000.00,2.85,0.00
00:03:25.512 [TUNER] 880,1000,1981.01,2000.00,2.45,0.00,1959.80,2000.00,2.85,0.00
00:03:25.512 [TUNER] 881,1000,1974.80,2000.00,2.57,0.00,2007.66,2000.00,2.06,0.00
00:03:25.548 [TUNER] 882,1000,1974.80,2000.00,2.57,0.00,2007.66,2000.00,2.06,0.00
00:03:25.585 [TUNER] 883,1002,1988.33,2000.00,2.38,0.00,1975.14,2000.00,2.62,0.00
00:03:25.588 [TUNER] 884,1000,1988.33,2000.00,2.38,0.00,1975.14,2000.00,2.62,0.00
00:03:25.617 [TUNER] 885,998,2006.85,2000.00,2.10,0.00,1979.10,2000.00,2.59,0.00
00:03:25.621 [TUNER] 886,1000,2006.85,2000.00,2.10,0.00,1979.10,2000.00,2.59,0.00
00:03:25.653 [TUNER] 887,1000,2043.59,2000.00,1.49,0.00,1987.03,2000.00,2.48,0.00
00:03:25.689 [TUNER] 888,1000,2043.59,2000.00,1.49,0.00,1987.03,2000.00,2.48,0.00
00:03:25.689 [TUNER] 889,1000,2018.00,2000.00,1.85,0.00,1989.93,2000.00,2.44,0.00
00:03:25.722 [TUNER] 890,1000,2018.00,2000.00,1.85,0.00,1989.93,2000.00,2.44,0.00
00:03:25.723 [TUNER] 891,1000,2033.18,2000.00,1.58,-0.00,2010.73,2000.00,2.09,0.00
00:03:25.757 [TUNER] 892,1000,2033.18,2000.00,1.58,-0.00,2010.73,2000.00,2.09,0.00
00:03:25.791 [TUNER] 893,1000,1999.74,2000.00,2.08,-0.00,2014.45,2000.00,2.01,0.00
00:03:25.792 [TUNER] 894,1000,1999.74,2000.00,2.08,-0.00,2014.45,2000.00,2.01,0.00
00:03:25.828 [TUNER] 895,1000,2006.97,2000.00,1.96,-0.00,2025.61,2000.00,1.79,0.00
00:03:25.828 [TUNER] 896,1000,2006.97,2000.00,1.96,-0.00,2025.61,2000.00,1.79,0.00
00:03:25.865 [TUNER] 897,1000,1966.37,2000.00,2.62,0.00,2001.90,2000.00,2.18,0.00
00:03:25.898 [TUNER] 898,1000,1966.37,2000.00,2.62,0.00,2001.90,2000.00,2.18,0.00
00:03:25.899 [TUNER] 899,1000,1957.94,2000.00,2.80,0.00,2025.88,2000.00,1.75,-0.00
00:03:25.933 [TUNER] 900,1000,1957.94,2000.00,2.80,0.00,2025.88,2000.00,1.75,-0.00
00:03:25.934 [TUNER] 901,1000,1975.25,2000.00,2.57,0.00,2007.27,2000.00,2.04,-0.00
00:03:25.968 [TUNER] 902,1000,1975.25,2000.00,2.57,0.00,2007.27,2000.00,2.04,-0.00
00:03:26.006 [TUNER] 903,1000,2002.84,2000.00,2.15,0.00,2035.33,2000.00,1.54,-0.00
00:03:26.008 [TUNER] 904,1000,2002.84,2000.00,2.15,0.00,2035.33,2000.00,1.54,-0.00
00:03:26.039 [TUNER] 905,1000,2035.22,2000.00,1.62,0.00,1992.49,2000.00,2.25,-0.00
00:03:26.040 [TUNER] 906,1000,2035.22,2000.00,1.62,0.00,1992.49,2000.00,2.25,-0.00
00:03:26.072 [TUNER] 907,1000,2045.67,2000.00,1.40,-0.00,1996.02,2000.00,2.19,-0.00
00:03:26.107 [TUNER] 908,1000,2045.67,2000.00,1.40,-0.00,1996.02,2000.00,2.19,-0.00
00:03:26.107 [TUNER] 909,1000,2062.61,2000.00,1.07,-0.00,1986.81,2000.00,2.36,-0.00
00:03:26.142 [TUNER] 910,1000,2062.61,2000.00,1.07,-0.00,1986.81,2000.00,2.36,-0.00
00:03:26.143 [TUNER] 911,1000,1986.83,2000.00,2.23,-0.00,2000.07,2000.00,2.15,-0.00
00:03:26.177 [TUNER] 912,1000,1932.06,2000.00,3.10,-0.00,2051.19,2000.00,1.28,-0.00
00:03:26.215 [TUNER] 913,1000,1932.06,2000.00,3.10,-0.00,2051.19,2000.00,1.28,-0.00
00:03:26.216 [TUNER] 914,1000,1910.53,2000.00,3.53,0.00,1998.92,2000.00,2.13,-0.00
00:03:26.249 [TUNER] 915,1000,1910.53,2000.00,3.53,0.00,1998.92,2000.00,2.13,-0.00
00:03:26.249 [TUNER] 916,1000,1928.73,2000.00,3.35,0.00,1989.13,2000.00,2.30,-0.00
00:03:26.282 [TUNER] 917,1000,1928.73,2000.00,3.35,0.00,1989.13,2000.00,2.30,-0.00
00:03:26.317 [TUNER] 918,1004,2004.22,2000.00,2.21,0.00,1978.81,2000.00,2.50,-0.00
00:03:26.320 [TUNER] 919,998,2004.22,2000.00,2.21,0.00,1978.81,2000.00,2.50,-0.00
00:03:26.356 [TUNER] 920,998,2088.84,2000.00,0.82,0.00,1972.11,2000.00,2.65,0.00
00:03:26.359 [TUNER] 921,1000,2088.84,2000.00,0.82,0.00,1972.11,2000.00,2.65,0.00
00:03:26.387 [TUNER] 922,1000,2145.26,2000.00,-0.21,-0.00,1998.61,2000.00,2.22,0.00
00:03:26.422 [TUNER] 923,1000,2145.26,2000.00,-0.21,-0.00,1998.61,2000.00,2.22,0.00
00:03:26.423 [TUNER] 924,1000,2097.61,2000.00,0.38,-0.00,1990.61,2000.00,2.36,0.00
00:03:26.457 [TUNER] 925,1000,2097.61,2000.00,0.38,-0.00,1990.61,2000.00,2.36,0.00
00:03:26.458 [TUNER] 926,1000,2007.96,2000.00,1.72,-0.00,2008.26,2000.00,2.06,0.00
00:03:26.491 [TUNER] 927,1000,2007.96,2000.00,1.72,-0.00,2008.26,2000.00,2.06,0.00
00:03:26.526 [TUNER] 928,1000,1927.64,2000.00,3.02,-0.00,1975.99,2000.00,2.62,0.00
00:03:26.527 [TUNER] 929,1000,1927.64,2000.00,3.02,-0.00,1975.99,2000.00,2.62,0.00
00:03:26.565 [TUNER] 930,1000,1871.98,2000.00,4.02,0.00,1994.84,2000.00,2.32,0.00
00:03:26.567 [TUNER] 931,1000,1871.98,2000.00,4.02,0.00,1994.84,2000.00,2.32,0.00
00:03:26.597 [TUNER] 932,1000,1885.87,2000.00,3.96,0.00,1972.13,2000.00,2.73,0.00
00:03:26.634 [TUNER] 933,1000,1885.87,2000.00,3.96,0.00,1972.13,2000.00,2.73,0.00
00:03:26.635 [TUNER] 934,1000,1931.34,2000.00,3.36,0.00,2003.78,2000.00,2.21,0.00
00:03:26.669 [TUNER] 935,1000,1931.34,2000.00,3.36,0.00,2003.78,2000.00,2.21,0.00
00:03:26.671 [TUNER] 936,1000,2020.97,2000.00,1.99,0.00,2001.61,2000.00,2.24,0.00
00:03:26.703 [TUNER] 937,1000,2020.97,2000.00,1.99,0.00,2001.61,2000.00,2.24,0.00
00:03:26.736 [TUNER] 938,1000,2132.19,2000.00,0.14,0.00,2037.68,2000.00,1.60,0.00
00:03:26.737 [TUNER] 939,1000,2132.19,2000.00,0.14,0.00,2037.68,2000.00,1.60,0.00
00:03:26.773 [TUNER] 940,1000,2202.27,2000.00,-1.17,-0.00,2023.58,2000.00,1.80,0.00
00:03:26.773 [TUNER] 941,1000,2202.27,2000.00,-1.17,-0.00,2023.58,2000.00,1.80,0.00
00:03:26.807 [TUNER] 942,1000,2165.56,2000.00,-0.83,-0.00,2019.17,2000.00,1.85,-0.00
00:03:26.842 [TUNER] 943,1000,2165.56,2000.00,-0.83,-0.00,2019.17,2000.00,1.85,-0.00
00:03:26.843 [TUNER] 944,1000,2021.08,2000.00,1.32,-0.00,2020.80,2000.00,1.79,-0.00
00:03:26.878 [TUNER] 945,1000,2021.08,2000.00,1.32,-0.00,2020.80,2000.00,1.79,-0.00
00:03:26.878 [TUNER] 946,1000,1872.86,2000.00,3.71,-0.00,2008.36,2000.00,1.98,-0.00
00:03:26.914 [TUNER] 947,1000,1872.86,2000.00,3.71,-0.00,2008.36,2000.00,1.98,-0.00
00:03:26.949 [TUNER] 948,1000,1833.31,2000.00,4.52,-0.00,2008.71,2000.00,1.96,-0.00
00:03:26.950 [TUNER] 949,1000,1833.31,2000.00,4.52,-0.00,2008.71,2000.00,1.96,-0.00
00:03:26.988 [TUNER] 950,1000,1853.21,2000.00,4.41,0.00,1978.07,2000.00,2.49,-0.00
00:03:26.990 [TUNER] 951,1000,1853.21,2000.00,4.41,0.00,1978.07,2000.00,2.49,-0.00
00:03:27.017 [TUNER] 952,1000,1886.31,2000.00,4.06,0.00,1987.92,2000.00,2.35,-0.00
00:03:27.053 [TUNER] 953,1000,1886.31,2000.00,4.06,0.00,1987.92,2000.00,2.35,-0.00
00:03:27.054 [TUNER] 954,1000,1966.05,2000.00,2.90,0.00,1985.49,2000.00,2.41,-0.00
00:03:27.089 [TUNER] 955,1000,1966.05,2000.00,2.90,0.00,1985.49,2000.00,2.41,-0.00
00:03:27.089 [TUNER] 956,1000,2069.36,2000.00,1.26,0.00,2043.68,2000.00,1.40,-0.00
00:03:27.126 [TUNER] 957,1000,2069.36,2000.00,1.26,0.00,2043.68,2000.00,1.40,-0.00
00:03:27.157 [TUNER] 958,1000,2121.08,2000.00,0.32,0.00,2042.12,2000.00,1.37,-0.00
00:03:27.157 [TUNER] 959,1000,2121.08,2000.00,0.32,0.00,2042.12,2000.00,1.37,-0.00
00:03:27.192 [TUNER] 960,1000,2090.30,2000.00,0.67,-0.00,2035.72,2000.00,1.42,-0.00
00:03:27.192 [TUNER] 961,1000,2090.30,2000.00,0.67,-0.00,2035.72,2000.00,1.42,-0.00
00:03:27.227 [TUNER] 962,1000,2010.70,2000.00,1.85,-0.00,1968.75,2000.00,2.56,-0.00
00:03:27.262 [TUNER] 963,1000,2010.70,2000.00,1.85,-0.00,1968.75,2000.00,2.56,-0.00
00:03:27.262 [TUNER] 964,1000,1929.84,2000.00,3.16,0.00,1951.26,2000.00,2.91,-0.00
00:03:27.298 [TUNER] 965,1000,1929.84,2000.00,3.16,0.00,1951.26,2000.00,2.91,-0.00
00:03:27.298 [TUNER] 966,1000,1928.71,2000.00,3.27,0.00,1964.75,2000.00,2.74,-0.00
00:03:27.334 [TUNER] 967,1000,1928.71,2000.00,3.27,0.00,1964.75,2000.00,2.74,-0.00
00:03:27.369 [TUNER] 968,1000,1936.41,2000.00,3.24,0.00,1960.08,2000.00,2.87,0.00
00:03:27.374 [TUNER] 969,1000,1936.41,2000.00,3.24,0.00,1960.08,2000.00,2.87,0.00
00:03:27.403 [TUNER] 970,1000,1980.36,2000.00,2.60,0.00,2006.17,2000.00,2.11,0.00
00:03:27.404 [TUNER] 971,1000,1980.36,2000.00,2.60,0.00,2006.17,2000.00,2.11,0.00
00:03:27.437 [TUNER] 972,1000,2013.80,2000.00,2.08,0.00,1993.22,2000.00,2.33,0.00
00:03:27.472 [TUNER] 973,1000,2013.80,2000.00,2.08,0.00,1993.22,2000.00,2.33,0.00
00:03:27.474 [TUNER] 974,1000,2076.63,2000.00,1.03,0.00,2005.19,2000.00,2.13,0.00
00:03:27.508 [TUNER] 975,1000,2076.63,2000.00,1.03,0.00,2005.19,2000.00,2.13,0.00
00:03:27.509 [TUNER] 976,1000,2077.08,2000.00,0.93,-0.00,1966.66,2000.00,2.80,0.00
00:03:27.542 [TUNER] 977,1000,2077.08,2000.00,0.93,-0.00,1966.66,2000.00,2.80,0.00
00:03:27.577 [TUNER] 978,1000,2091.18,2000.00,0.60,-0.00,1982.23,2000.00,2.57,0.00
00:03:27.577 [TUNER] 979,1000,2091.18,2000.00,0.60,-0.00,1982.23,2000.00,2.57,0.00
00:03:27.614 [TUNER] 980,1000,2030.30,2000.00,1.48,-0.00,1974.06,2000.00,2.74,0.00
00:03:27.614 [TUNER] 981,1000,2030.30,2000.00,1.48,-0.00,1974.06,2000.00,2.74,0.00
00:03:27.648 [TUNER] 982,1000,1947.23,2000.00,2.80,-0.00,2029.38,2000.00,1.80,0.00
00:03:27.685 [TUNER] 983,1000,1882.92,2000.00,3.84,-0.00,2065.00,2000.00,1.17,0.00
00:03:27.686 [TUNER] 984,1000,1882.92,2000.00,3.84,-0.00,2065.00,2000.00,1.17,0.00
00:03:27.717 [TUNER] 985,1000,1842.03,2000.00,4.66,0.00,2029.01,2000.00,1.72,0.00
00:03:27.721 [TUNER] 986,1000,1842.03,2000.00,4.66,0.00,2029.01,2000.00,1.72,0.00
00:03:27.752 [TUNER] 987,1000,1899.70,2000.00,3.92,0.00,2040.69,2000.00,1.47,-0.00
00:03:27.788 [TUNER] 988,1000,1899.70,2000.00,3.92,0.00,2040.69,2000.00,1.47,-0.00
00:03:27.788 [TUNER] 989,1000,1992.23,2000.00,2.53,0.00,2005.37,2000.00,2.04,-0.00
00:03:27.824 [TUNER] 990,1000,1992.23,2000.00,2.53,0.00,2005.37,2000.00,2.04,-0.00
00:03:27.825 [TUNER] 991,1000,2098.89,2000.00,0.80,0.00,2009.76,2000.00,1.96,-0.00
00:03:27.858 [TUNER] 992,1000,2098.89,2000.00,0.80,0.00,2009.76,2000.00,1.96,-0.00
00:03:27.892 [TUNER] 993,1000,2112.06,2000.00,0.46,0.00,1996.09,2000.00,2.19,-0.00
00:03:27.893 [TUNER] 994,1000,2112.06,2000.00,0.46,0.00,1996.09,2000.00,2.19,-0.00
00:03:27.928 [TUNER] 995,1000,2010.93,2000.00,1.97,0.00,1985.15,2000.00,2.38,-0.00
00:03:27.929 [TUNER] 996,1000,2010.93,2000.00,1.97,0.00,1985.15,2000.00,2.38,-0.00
00:03:27.963 [TUNER] 997,1000,1940.33,2000.00,3.11,0.00,1984.99,2000.00,2.41,-0.00
00:03:27.998 [TUNER] 998,1000,1940.33,2000.00,3.11,0.00,1984.99,2000.00,2.41,-0.00
00:03:27.999 [TUNER] 999,1000,1918.21,2000.00,3.55,0.00,1995.18,2000.00,2.25,-0.00
00:03:28.032 [TUNER] 1000,1000,1990.66,1999.90,2.46,0.00,2014.51,1999.90,1.92,-0.00
00:03:28.034 [TUNER] 1001,1000,1990.66,1999.70,2.46,0.00,2014.51,1999.70,1.92,-0.00
00:03:28.068 [TUNER] 1002,1000,2053.43,1999.40,1.44,0.00,1995.12,1999.40,2.23,-0.00
00:03:28.103 [TUNER] 1003,1000,2053.43,1999.00,1.44,0.00,1995.12,1999.00,2.23,-0.00
00:03:28.104 [TUNER] 1004,1000,2113.49,1998.50,0.37,0.00,1996.40,1998.50,2.20,-0.00
00:03:28.138 [TUNER] 1005,1000,2113.49,1997.90,0.37,0.00,1996.40,1997.90,2.20,-0.00
00:03:28.138 [TUNER] 1006,1000,2101.41,1997.20,0.40,-0.00,1992.28,1997.20,2.25,-0.00
00:03:28.174 [TUNER] 1007,1000,2101.41,1996.40,0.40,-0.00,1992.28,1996.40,2.25,-0.00
00:03:28.208 [TUNER] 1008,1000,2072.84,1995.50,0.70,-0.00,1983.82,1995.50,2.38,0.00
00:03:28.208 [TUNER] 1009,1000,2072.84,1994.50,0.70,-0.00,1983.82,1994.50,2.38,0.00
00:03:28.242 [TUNER] 1010,1000,1989.86,1993.40,1.92,-0.00,1994.24,1993.40,2.17,0.00
00:03:28.243 [TUNER] 1011,1000,1989.86,1992.20,1.92,-0.00,1994.24,1992.20,2.17,0.00
00:03:28.278 [TUNER] 1012,1000,1918.32,1990.90,3.05,-0.00,1988.82,1990.90,2.22,0.00
00:03:28.314 [TUNER] 1013,1000,1918.32,1989.50,3.05,-0.00,1988.82,1989.50,2.22,0.00
00:03:28.314 [TUNER] 1014,1000,1976.20,1988.00,2.15,-0.00,2011.98,1988.00,1.76,-0.00
00:03:28.348 [TUNER] 1015,1000,1976.20,1986.40,2.15,-0.00,2011.98,1986.40,1.76,-0.00
00:03:28.349 [TUNER] 1016,1000,2001.88,1984.70,1.69,-0.00,1989.28,1984.70,2.06,-0.00
00:03:28.384 [TUNER] 1017,1000,2001.88,1982.90,1.69,-0.00,1989.28,1982.90,2.06,-0.00
00:03:28.418 [TUNER] 1018,1000,2036.17,1981.00,1.04,-0.00,2005.47,1981.00,1.70,-0.00
00:03:28.421 [TUNER] 1019,1000,2036.17,1979.00,1.04,-0.00,2005.47,1979.00,1.70,-0.00
00:03:28.453 [TUNER] 1020,1000,1970.83,1976.90,1.97,-0.00,1970.33,1976.90,2.21,-0.00
00:03:28.456 [TUNER] 1021,1000,1970.83,1974.70,1.97,-0.00,1970.33,1974.70,2.21,-0.00
00:03:28.488 [TUNER] 1022,1000,1932.30,1972.40,2.53,-0.00,1973.13,1972.40,2.09,-0.00
00:03:28.522 [TUNER] 1023,1000,1932.30,1970.00,2.53,-0.00,1973.13,1970.00,2.09,-0.00
00:03:28.524 [TUNER] 1024,1000,1930.69,1967.50,2.52,-0.00,1959.91,1967.50,2.23,-0.00
00:03:28.559 [TUNER] 1025,1000,1930.69,1964.90,2.52,-0.00,1959.91,1964.90,2.23,-0.00
00:03:28.560 [TUNER] 1026,1000,1939.70,1962.20,2.33,-0.00,1980.27,1962.20,1.78,-0.00
00:03:28.592 [TUNER] 1027,1000,1939.70,1959.40,2.33,-0.00,1980.27,1959.40,1.78,-0.00
00:03:28.627 [TUNER] 1028,1000,1964.10,1956.50,1.86,-0.00,2006.85,1956.50,1.18,-0.00
00:03:28.627 [TUNER] 1029,1000,1964.10,1953.50,1.86,-0.00,2006.85,1953.50,1.18,-0.00
00:03:28.664 [TUNER] 1030,1000,1993.92,1950.40,1.25,-0.00,1997.20,1950.40,1.17,-0.00
00:03:28.664 [TUNER] 1031,1000,1993.92,1947.20,1.25,-0.00,1997.20,1947.20,1.17,-0.00
00:03:28.697 [TUNER] 1032,1000,2017.78,1943.90,0.70,-0.00,1965.43,1943.90,1.54,-0.00
00:03:28.698 [TUNER] 1033,1000,2017.78,1940.50,0.70,-0.00,1965.43,1940.50,1.54,-0.00
00:03:28.733 [TUNER] 1034,1000,1932.06,1937.00,1.88,-0.00,1912.52,1937.00,2.32,-0.00
00:03:28.767 [TUNER] 1035,1000,1932.06,1933.40,1.88,-0.00,1912.52,1933.40,2.32,-0.00
00:03:28.768 [TUNER] 1036,1000,1906.44,1929.70,2.18,-0.00,1945.78,1929.70,1.63,-0.00
00:03:28.803 [TUNER] 1037,1000,1906.44,1925.90,2.18,-0.00,1945.78,1925.90,1.63,-0.00
00:03:28.805 [TUNER] 1038,1000,1856.74,1922.00,2.89,-0.00,1924.29,1922.00,1.84,-0.00
00:03:28.838 [TUNER] 1039,1000,1856.74,1918.00,2.89,-0.00,1924.29,1918.00,1.84,-0.00
00:03:28.874 [TUNER] 1040,1000,1837.59,1913.90,3.15,-0.00,1931.15,1913.90,1.57,-0.00
00:03:28.874 [TUNER] 1041,1000,1837.59,1909.70,3.15,-0.00,1931.15,1909.70,1.57,-0.00
00:03:28.909 [TUNER] 1042,1000,1887.56,1905.40,2.28,0.00,1926.33,1905.40,1.47,-0.00
00:03:28.911 [TUNER] 1043,1000,1887.56,1901.00,2.28,0.00,1926.33,1901.00,1.47,-0.00
00:03:28.942 [TUNER] 1044,1000,1955.03,1896.50,1.05,-0.00,1929.34,1896.50,1.22,-0.00
00:03:28.979 [TUNER] 1045,1000,1955.03,1891.90,1.05,-0.00,1929.34,1891.90,1.22,-0.00
00:03:28.979 [TUNER] 1046,1000,2034.77,1887.20,-0.49,-0.00,1938.63,1887.20,0.84,-0.00
00:03:29.014 [TUNER] 1047,1000,2034.77,1882.40,-0.49,-0.00,1938.63,1882.40,0.84,-0.00
00:03:29.015 [TUNER] 1048,1000,1986.89,1877.50,-0.07,-0.00,1894.51,1877.50,1.37,-0.00
00:03:29.047 [TUNER] 1049,1000,1986.89,1872.50,-0.07,-0.00,1894.51,1872.50,1.37,-0.00
00:03:29.083 [TUNER] 1050,1000,1921.10,1867.40,0.69,-0.00,1900.46,1867.40,1.05,-0.00
00:03:29.084 [TUNER] 1051,1000,1921.10,1862.20,0.69,-0.00,1900.46,1862.20,1.05,-0.00
00:03:29.118 [TUNER] 1052,1000,1816.92,1856.90,2.14,-0.00,1853.67,1856.90,1.64,-0.00
00:03:29.118 [TUNER] 1053,1000,1816.92,1851.50,2.14,-0.00,1853.67,1851.50,1.64,-0.00
00:03:29.153 [TUNER] 1054,1000,1728.43,1846.00,3.45,-0.00,1855.75,1846.00,1.40,-0.00
00:03:29.188 [TUNER] 1055,1000,1728.43,1840.40,3.45,-0.00,1855.75,1840.40,1.40,-0.00
00:03:29.189 [TUNER] 1056,1000,1728.07,1834.70,3.41,-0.00,1845.40,1834.70,1.36,-0.00
00:03:29.222 [TUNER] 1057,1000,1728.07,1828.90,3.41,-0.00,1845.40,1828.90,1.36,-0.00
00:03:29.224 [TUNER] 1058,1002,1775.50,1823.00,2.57,-0.00,1824.73,1823.00,1.49,-0.00
00:03:29.259 [TUNER] 1059,1000,1775.50,1817.00,2.57,-0.00,1824.73,1817.00,1.49,-0.00
00:03:29.292 [TUNER] 1060,998,1838.31,1810.90,1.40,-0.00,1845.02,1810.90,0.91,-0.00
00:03:29.293 [TUNER] 1061,1000,1838.31,1804.70,1.40,-0.00,1845.02,1804.70,0.91,-0.00
00:03:29.329 [TUNER] 1062,1000,1876.11,1798.40,0.53,-0.00,1819.63,1798.40,1.07,-0.00
00:03:29.330 [TUNER] 1063,1000,1876.11,1792.00,0.53,-0.00,1819.63,1792.00,1.07,-0.00
00:03:29.362 [TUNER] 1064,1000,1911.50,1785.50,-0.38,-0.00,1819.93,1785.50,0.80,-0.00
00:03:29.398 [TUNER] 1065,1000,1911.50,1778.90,-0.38,-0.00,1819.93,1778.90,0.80,-0.00
00:03:29.399 [TUNER] 1066,1000,1877.97,1772.20,-0.22,-0.00,1802.99,1772.20,0.80,-0.00
00:03:29.433 [TUNER] 1067,1000,1877.97,1765.40,-0.22,-0.00,1802.99,1765.40,0.80,-0.00
00:03:29.434 [TUNER] 1068,1000,1763.52,1758.50,1.28,-0.00,1755.08,1758.50,1.35,-0.00
00:03:29.466 [TUNER] 1069,1000,1763.52,1751.50,1.28,-0.00,1755.08,1751.50,1.35,-0.00
00:03:29.502 [TUNER] 1070,1000,1632.44,1744.40,3.17,-0.00,1721.90,1744.40,1.68,-0.00
00:03:29.504 [TUNER] 1071,1000,1632.44,1737.20,3.17,-0.00,1721.90,1737.20,1.68,-0.00
00:03:29.538 [TUNER] 1072,1000,1546.48,1729.90,4.46,-0.00,1654.13,1729.90,2.64,-0.00
00:03:29.540 [TUNER] 1073,1000,1546.48,1722.50,4.46,-0.00,1654.13,1722.50,2.64,-0.00
00:03:29.572 [TUNER] 1074,1000,1579.08,1715.00,3.91,0.00,1663.48,1715.00,2.30,-0.00
00:03:29.607 [TUNER] 1075,1000,1579.08,1707.40,3.91,0.00,1663.48,1707.40,2.30,-0.00
00:03:29.607 [TUNER] 1076,1000,1727.14,1699.70,1.40,0.00,1707.04,1699.70,1.31,-0.00
00:03:29.643 [TUNER] 1077,1000,1727.14,1691.90,1.40,0.00,1707.04,1691.90,1.31,-0.00
00:03:29.643 [TUNER] 1078,1000,1816.38,1684.00,-0.37,-0.00,1700.65,1684.00,1.12,-0.00
00:03:29.677 [TUNER] 1079,1000,1816.38,1676.00,-0.37,-0.00,1700.65,1676.00,1.12,-0.00
00:03:29.714 [TUNER] 1080,1000,1870.59,1667.90,-1.70,-0.00,1723.03,1667.90,0.41,-0.00
00:03:29.715 [TUNER] 1081,1000,1870.59,1659.70,-1.70,-0.00,1723.03,1659.70,0.41,-0.00
00:03:29.749 [TUNER] 1082,1000,1791.98,1651.40,-0.97,-0.00,1715.17,1651.40,0.16,-0.00
00:03:29.750 [TUNER] 1083,1000,1663.34,1643.00,0.82,-0.00,1691.05,1643.00,0.37,-0.00
00:03:29.785 [TUNER] 1084,1000,1663.34,1634.50,0.82,-0.00,1691.05,1634.50,0.37,-0.00
00:03:29.819 [TUNER] 1085,1000,1585.20,1625.90,1.78,-0.00,1681.32,1625.90,0.16,-0.00
00:03:29.822 [TUNER] 1086,1000,1585.20,1617.20,1.78,-0.00,1681.32,1617.20,0.16,-0.00
00:03:29.853 [TUNER] 1087,1000,1505.25,1608.40,2.83,-0.00,1656.02,1608.40,0.21,-0.00
00:03:29.854 [TUNER] 1088,1000,1505.25,1599.50,2.83,-0.00,1656.02,1599.50,0.21,-0.00
00:03:29.889 [TUNER] 1089,1000,1473.94,1590.50,3.17,-0.00,1580.81,1590.50,1.14,-0.00
00:03:29.922 [TUNER] 1090,1000,1473.94,1581.40,3.17,-0.00,1580.81,1581.40,1.14,-0.00
00:03:29.924 [TUNER] 1091,1000,1519.33,1572.20,2.26,-0.00,1515.49,1572.20,1.96,-0.00
00:03:29.958 [TUNER] 1092,1000,1519.33,1562.90,2.26,-0.00,1515.49,1562.90,1.96,-0.00
00:03:29.959 [TUNER] 1093,1002,1651.41,1553.50,-0.16,-0.00,1456.11,1553.50,2.74,-0.00
00:03:29.992 [TUNER] 1094,1000,1651.41,1544.00,-0.16,-0.00,1456.11,1544.00,2.74,-0.00
00:03:30.028 [TUNER] 1095,998,1733.88,1534.40,-1.96,-0.00,1457.25,1534.40,2.50,-0.00
00:03:30.029 [TUNER] 1096,1000,1733.88,1524.70,-1.96,-0.00,1457.25,1524.70,2.50,-0.00
00:03:30.063 [TUNER] 1097,1000,1735.87,1514.90,-2.59,-0.00,1509.41,1514.90,1.32,-0.00
00:03:30.063 [TUNER] 1098,1000,1735.87,1505.00,-2.59,-0.00,1509.41,1505.00,1.32,-0.00
00:03:30.099 [TUNER] 1099,1000,1610.32,1495.00,-1.17,-0.00,1556.29,1495.00,0.13,-0.00
00:03:30.134 [TUNER] 1100,1000,1610.32,1484.90,-1.17,-0.00,1556.29,1484.90,0.13,-0.00
00:03:30.134 [TUNER] 1101,1000,1420.55,1474.70,1.44,-0.00,1537.11,1474.70,0.00,-0.00
00:03:30.170 [TUNER] 1102,1000,1420.55,1464.40,1.44,-0.00,1537.11,1464.40,0.00,-0.00
00:03:30.173 [TUNER] 1103,1000,1306.53,1454.00,3.01,-0.00,1537.22,1454.00,-0.47,-0.00
00:03:30.204 [TUNER] 1104,1000,1306.53,1443.50,3.01,-0.00,1537.22,1443.50,-0.47,-0.00
00:03:30.238 [TUNER] 1105,1000,1369.93,1432.90,1.80,-0.00,1490.92,1432.90,-0.16,-0.00
00:03:30.238 [TUNER] 1106,1000,1369.93,1422.20,1.80,-0.00,1490.92,1422.20,-0.16,-0.00
00:03:30.273 [TUNER] 1107,1000,1446.43,1411.40,0.25,-0.00,1440.14,1411.40,0.26,-0.00
00:03:30.274 [TUNER] 1108,1000,1446.43,1400.50,0.25,-0.00,1440.14,1400.50,0.26,-0.00
00:03:30.308 [TUNER] 1109,1000,1528.25,1389.50,-1.51,-0.00,1404.66,1389.50,0.43,-0.00
00:03:30.309 [TUNER] 1110,1000,1528.25,1378.40,-1.51,-0.00,1404.66,1378.40,0.43,-0.00
00:03:30.342 [TUNER] 1111,1000,1514.52,1367.20,-1.85,-0.00,1376.16,1367.20,0.50,-0.00
00:03:30.379 [TUNER] 1112,1000,1514.52,1355.90,-1.85,-0.00,1376.16,1355.90,0.50,-0.00
00:03:30.379 [TUNER] 1113,1000,1447.11,1344.50,-1.33,-0.00,1320.95,1344.50,1.04,-0.00
00:03:30.413 [TUNER] 1114,1000,1447.11,1333.00,-1.33,-0.00,1320.95,1333.00,1.04,-0.00
00:03:30.413 [TUNER] 1115,1000,1367.29,1321.40,-0.56,-0.00,1299.01,1321.40,1.03,-0.00
00:03:30.447 [TUNER] 1116,1000,1367.29,1309.70,-0.56,-0.00,1299.01,1309.70,1.03,-0.00
00:03:30.483 [TUNER] 1117,1000,1320.62,1297.90,-0.26,-0.00,1319.25,1297.90,0.27,-0.00
00:03:30.483 [TUNER] 1118,1000,1320.62,1286.00,-0.26,-0.00,1319.25,1286.00,0.27,-0.00
00:03:30.518 [TUNER] 1119,1000,1300.46,1274.00,-0.38,-0.00,1359.49,1274.00,-0.92,-0.00
00:03:30.518 [TUNER] 1120,1000,1300.46,1262.00,-0.38,-0.00,1359.49,1262.00,-0.92,-0.00
00:03:30.552 [TUNER] 1121,1000,1263.71,1250.00,-0.23,-0.00,1355.61,1250.00,-1.42,-0.00
00:03:30.553 [TUNER] 1122,1000,1263.71,1238.00,-0.23,-0.00,1355.61,1238.00,-1.42,-0.00
00:03:30.587 [TUNER] 1123,1000,1227.45,1226.00,-0.07,-0.00,1307.84,1226.00,-1.17,-0.00
00:03:30.622 [TUNER] 1124,1000,1227.45,1214.00,-0.07,-0.00,1307.84,1214.00,-1.17,-0.00
00:03:30.622 [TUNER] 1125,1000,1177.82,1202.00,0.33,-0.00,1240.41,1202.00,-0.54,-0.00
00:03:30.657 [TUNER] 1126,1000,1177.82,1190.00,0.33,-0.00,1240.41,1190.00,-0.54,-0.00
00:03:30.658 [TUNER] 1127,1000,1194.81,1178.00,-0.34,-0.00,1165.85,1178.00,0.28,-0.00
00:03:30.692 [TUNER] 1128,1000,1194.81,1166.00,-0.34,-0.00,1165.85,1166.00,0.28,-0.00
00:03:30.693 [TUNER] 1129,1000,1222.14,1154.00,-1.22,-0.00,1085.59,1154.00,1.27,-0.00
00:03:30.727 [TUNER] 1130,1000,1222.14,1142.00,-1.22,-0.00,1085.59,1142.00,1.27,-0.00
00:03:30.762 [TUNER] 1131,1000,1254.32,1130.00,-2.25,-0.00,1028.25,1130.00,1.93,-0.00
00:03:30.763 [TUNER] 1132,1000,1254.32,1118.00,-2.25,-0.00,1028.25,1118.00,1.93,-0.00
00:03:30.798 [TUNER] 1133,1000,1238.83,1106.00,-2.57,-0.00,1003.00,1106.00,2.07,-0.00
00:03:30.799 [TUNER] 1134,1000,1238.83,1094.00,-2.57,-0.00,1003.00,1094.00,2.07,-0.00
00:03:30.834 [TUNER] 1135,1000,1106.18,1082.00,-0.99,-0.00,1008.56,1082.00,1.66,-0.00
00:03:30.835 [TUNER] 1136,1000,1106.18,1070.00,-0.99,-0.00,1008.56,1070.00,1.66,-0.00
00:03:30.872 [TUNER] 1137,1000,924.46,1058.00,1.53,-0.00,1052.53,1058.00,0.54,-0.00
00:03:30.903 [TUNER] 1138,1000,924.46,1046.00,1.53,-0.00,1052.53,1046.00,0.54,-0.00
00:03:30.905 [TUNER] 1139,1000,760.18,1034.00,3.97,-0.00,1096.30,1034.00,-0.67,-0.00
00:03:30.938 [TUNER] 1140,1000,760.18,1022.00,3.97,-0.00,1096.30,1022.00,-0.67,-0.00
00:03:30.940 [TUNER] 1141,1000,647.66,1010.00,5.74,-0.00,1138.18,1010.00,-1.95,-0.00
00:03:30.973 [TUNER] 1142,1000,647.66,998.00,5.74,-0.00,1138.18,998.00,-1.95,-0.00
00:03:30.973 [TUNER] 1143,1000,708.83,986.00,4.79,-0.00,1113.28,986.00,-2.13,-0.00
00:03:31.007 [TUNER] 1144,1000,708.83,974.00,4.79,-0.00,1113.28,974.00,-2.13,-0.00
00:03:31.043 [TUNER] 1145,1000,929.58,962.00,1.13,-0.00,1031.50,962.00,-1.31,-0.00
00:03:31.044 [TUNER] 1146,1000,929.58,950.00,1.13,-0.00,1031.50,950.00,-1.31,-0.00
00:03:31.078 [TUNER] 1147,1000,1131.94,938.00,-2.56,-0.00,967.80,938.00,-0.73,-0.00
00:03:31.079 [TUNER] 1148,1000,1131.94,926.00,-2.56,-0.00,967.80,926.00,-0.73,-0.00
00:03:31.113 [TUNER] 1149,1000,1194.19,914.00,-4.24,-0.00,949.48,914.00,-0.89,-0.00
00:03:31.150 [TUNER] 1150,1000,1194.19,902.00,-4.24,-0.00,949.48,902.00,-0.89,-0.00
00:03:31.153 [TUNER] 1151,1000,1096.23,890.00,-3.42,-0.00,1005.27,890.00,-2.38,-0.00
00:03:31.182 [TUNER] 1152,1000,1096.23,878.00,-3.42,-0.00,1005.27,878.00,-2.38,-0.00
00:03:31.182 [TUNER] 1153,1000,993.81,866.00,-2.42,-0.00,1008.66,866.00,-3.04,-0.00
00:03:31.218 [TUNER] 1154,1000,993.81,854.00,-2.42,-0.00,1008.66,854.00,-3.04,-0.00
00:03:31.219 [TUNER] 1155,1000,875.80,842.00,-1.07,-0.00,983.89,842.00,-3.25,-0.00
00:03:31.253 [TUNER] 1156,1000,875.80,830.00,-1.07,-0.00,983.89,830.00,-3.25,-0.00
00:03:31.289 [TUNER] 1157,1000,748.74,818.00,0.54,-0.00,898.79,818.00,-2.39,-0.00
00:03:31.290 [TUNER] 1158,1000,748.74,806.00,0.54,-0.00,898.79,806.00,-2.39,-0.00
00:03:31.323 [TUNER] 1159,1006,638.06,794.00,2.04,-0.00,792.07,794.00,-1.06,-0.00
00:03:31.323 [TUNER] 1160,994,638.06,782.00,2.04,-0.00,792.07,782.00,-1.06,-0.00
00:03:31.359 [TUNER] 1161,1000,541.73,770.00,3.38,-0.00,657.99,770.00,0.85,-0.00
00:03:31.360 [TUNER] 1162,1000,541.73,758.00,3.38,-0.00,657.99,758.00,0.85,-0.00
00:03:31.392 [TUNER] 1163,1002,556.96,746.00,3.01,-0.00,528.10,746.00,2.85,-0.00
00:03:31.427 [TUNER] 1164,1000,556.96,734.00,3.01,-0.00,528.10,734.00,2.85,-0.00
00:03:31.428 [TUNER] 1165,998,663.98,722.00,1.08,-0.00,460.32,722.00,3.90,-0.00
00:03:31.463 [TUNER] 1166,1000,663.98,710.00,1.08,-0.00,460.32,710.00,3.90,-0.00
00:03:31.463 [TUNER] 1167,1000,800.92,698.10,-1.49,-0.00,485.08,698.10,3.38,-0.00
00:03:31.497 [TUNER] 1168,1000,800.92,686.30,-1.49,-0.00,485.08,686.30,3.38,-0.00
00:03:31.498 [TUNER] 1169,1000,884.70,674.60,-3.40,-0.00,595.95,674.60,1.27,-0.00
00:03:31.533 [TUNER] 1170,1000,884.70,663.00,-3.40,-0.00,595.95,663.00,1.27,-0.00
00:03:31.568 [TUNER] 1171,1000,896.75,651.50,-4.27,-0.00,712.14,651.50,-1.10,-0.00
00:03:31.571 [TUNER] 1172,1000,896.75,640.10,-4.27,-0.00,712.14,640.10,-1.10,-0.00
00:03:31.602 [TUNER] 1173,1000,818.76,628.80,-3.71,-0.00,781.03,628.80,-2.82,-0.00
00:03:31.604 [TUNER] 1174,1000,818.76,617.60,-3.71,-0.00,781.03,617.60,-2.82,-0.00
00:03:31.641 [TUNER] 1175,1000,675.63,606.50,-2.00,-0.00,777.73,606.50,-3.39,-0.00
00:03:31.642 [TUNER] 1176,1000,675.63,595.50,-2.00,-0.00,777.73,595.50,-3.39,-0.00
00:03:31.672 [TUNER] 1177,1000,502.70,584.60,0.36,-0.00,728.70,584.60,-3.17,-0.00
00:03:31.709 [TUNER] 1178,1000,502.70,573.80,0.36,-0.00,728.70,573.80,-3.17,-0.00
00:03:31.712 [TUNER] 1179,1000,333.44,563.10,2.86,-0.00,713.54,563.10,-3.50,-0.00
00:03:31.742 [TUNER] 1180,1000,333.44,552.50,2.86,-0.00,713.54,552.50,-3.50,-0.00
00:03:31.743 [TUNER] 1181,1000,234.11,542.00,4.41,-0.00,701.40,542.00,-3.89,-0.00
00:03:31.777 [TUNER] 1182,1000,234.11,531.60,4.41,-0.00,701.40,531.60,-3.89,-0.00
00:03:31.777 [TUNER] 1183,1002,369.04,521.30,2.25,-0.00,585.13,521.30,-2.44,-0.00
00:03:31.813 [TUNER] 1184,998,369.04,511.10,2.25,-0.00,585.13,511.10,-2.44,-0.00
00:03:31.848 [TUNER] 1185,1000,622.32,501.00,-2.05,-0.00,406.13,501.00,0.25,-0.00
00:03:31.849 [TUNER] 1186,1000,622.32,491.00,-2.05,-0.00,406.13,491.00,0.25,-0.00
00:03:31.884 [TUNER] 1187,1000,831.16,481.10,-5.96,-0.00,230.41,481.10,3.11,-0.00
00:03:31.884 [TUNER] 1188,1000,831.16,471.30,-5.96,-0.00,230.41,471.30,3.11,-0.00
00:03:31.920 [TUNER] 1189,1000,766.29,461.60,-5.69,-0.00,110.45,461.60,5.22,-0.00
00:03:31.921 [TUNER] 1190,1000,766.29,452.00,-5.69,-0.00,110.45,452.00,5.22,-0.00
00:03:31.952 [TUNER] 1191,1000,590.70,442.50,-3.54,-0.00,203.47,442.50,3.70,-0.00
00:03:31.986 [TUNER] 1192,1000,590.70,433.10,-3.54,-0.00,203.47,433.10,3.70,-0.00
00:03:31.987 [TUNER] 1193,1000,299.03,423.80,0.71,-0.00,413.61,423.80,-0.03,-0.00
00:03:32.025 [TUNER] 1194,1000,299.03,414.60,0.71,-0.00,413.61,414.60,-0.03,-0.00
00:03:32.026 [TUNER] 1195,1000,60.55,405.50,4.45,-0.00,543.93,405.50,-2.66,-0.00
00:03:32.057 [TUNER] 1196,1000,60.55,396.50,4.45,-0.00,543.93,396.50,-2.66,-0.00
00:03:32.058 [TUNER] 1197,1000,-58.08,387.60,6.52,-0.00,538.23,387.60,-3.08,-0.00
00:03:32.094 [TUNER] 1198,1000,-58.08,378.80,6.52,-0.00,538.23,378.80,-3.08,-0.00
00:03:32.130 [TUNER] 1199,1000,49.65,370.10,5.03,-0.00,480.36,370.10,-2.60,-0.00
00:03:32.130 [TUNER] 1200,1000,49.65,361.50,5.03,-0.00,480.36,361.50,-2.60,-0.00
00:03:32.164 [TUNER] 1201,1000,375.08,353.00,-0.17,-0.00,341.29,353.00,-0.61,-0.00
00:03:32.164 [TUNER] 1202,1000,375.08,344.60,-0.17,-0.00,341.29,344.60,-0.61,-0.00
00:03:32.199 [TUNER] 1203,1000,738.17,336.30,-6.42,-0.00,176.82,336.30,2.00,-0.00
00:03:32.232 [TUNER] 1204,1000,738.17,328.10,-6.42,-0.00,176.82,328.10,2.00,-0.00
00:03:32.233 [TUNER] 1205,1000,772.65,320.00,-7.79,-0.00,67.58,320.00,3.85,-0.00
00:03:32.268 [TUNER] 1206,1000,772.65,312.00,-7.79,-0.00,67.58,312.00,3.85,-0.00
00:03:32.269 [TUNER] 1207,1000,592.35,304.10,-5.70,-0.00,121.07,304.10,2.95,-0.00
00:03:32.303 [TUNER] 1208,1000,592.35,296.30,-5.70,-0.00,121.07,296.30,2.95,-0.00
00:03:32.338 [TUNER] 1209,1000,307.23,288.60,-1.68,-0.00,291.00,288.60,-0.09,-0.00
00:03:32.339 [TUNER] 1210,1000,307.23,281.00,-1.68,-0.00,291.00,281.00,-0.09,-0.00
00:03:32.373 [TUNER] 1211,1000,-34.26,273.50,3.62,-0.00,435.53,273.50,-2.92,-0.00
00:03:32.374 [TUNER] 1212,1000,-34.26,266.10,3.62,-0.00,435.53,266.10,-2.92,-0.00
00:03:32.407 [TUNER] 1213,1000,-183.75,258.80,6.20,-0.00,444.63,258.80,-3.58,-0.00
00:03:32.407 [TUNER] 1214,1000,-183.75,251.60,6.20,-0.00,444.63,251.60,-3.58,-0.00
00:03:32.442 [TUNER] 1215,1000,-21.58,244.50,3.87,-0.00,374.61,244.50,-2.87,-0.00
00:03:32.481 [TUNER] 1216,1000,-21.58,237.50,3.87,-0.00,374.61,237.50,-2.87,-0.00
00:03:32.481 [TUNER] 1217,1000,305.73,230.60,-1.37,-0.00,215.50,230.60,-0.50,-0.00
00:03:32.512 [TUNER] 1218,1000,305.73,223.80,-1.37,-0.00,215.50,223.80,-0.50,-0.00
00:03:32.513 [TUNER] 1219,1000,558.99,217.10,-5.84,-0.00,52.14,217.10,2.16,-0.00
00:03:32.549 [TUNER] 1220,1000,558.99,210.50,-5.84,-0.00,52.14,210.50,2.16,-0.00
00:03:32.584 [TUNER] 1221,1000,600.10,204.00,-7.18,-0.00,-32.17,204.00,3.63,-0.00
00:03:32.586 [TUNER] 1222,1000,600.10,197.60,-7.18,-0.00,-32.17,197.60,3.63,-0.00
00:03:32.616 [TUNER] 1223,1000,456.02,191.30,-5.56,-0.00,13.78,191.30,2.91,-0.00
00:03:32.617 [TUNER] 1224,1000,456.02,185.10,-5.56,-0.00,13.78,185.10,2.91,-0.00
00:03:32.653 [TUNER] 1225,1000,223.94,179.00,-2.32,-0.00,175.96,179.00,0.06,-0.00
00:03:32.689 [TUNER] 1226,1000,223.94,173.00,-2.32,-0.00,175.96,173.00,0.06,-0.00
00:03:32.690 [TUNER] 1227,1000,-27.02,167.10,1.52,-0.00,331.47,167.10,-2.90,-0.00
00:03:32.723 [TUNER] 1228,1000,-27.02,161.30,1.52,-0.00,331.47,161.30,-2.90,-0.00
00:03:32.723 [TUNER] 1229,1000,-186.55,155.60,4.18,-0.00,351.08,155.60,-3.69,-0.00
00:03:32.758 [TUNER] 1230,1000,-186.55,150.00,4.18,-0.00,351.08,150.00,-3.69,-0.00
00:03:32.758 [TUNER] 1231,1000,-133.77,144.50,3.56,-0.00,323.82,144.50,-3.69,-0.00
00:03:32.792 [TUNER] 1232,1000,-133.77,139.10,3.56,-0.00,323.82,139.10,-3.69,-0.00
00:03:32.832 [TUNER] 1233,1002,56.03,133.80,0.63,-0.00,221.29,133.80,-2.33,-0.00
00:03:32.834 [TUNER] 1234,1000,56.03,128.60,0.63,-0.00,221.29,128.60,-2.33,-0.00
00:03:32.864 [TUNER] 1235,998,244.32,123.50,-2.52,-0.00,80.73,123.50,-0.16,-0.00
00:03:32.864 [TUNER] 1236,1000,244.32,118.50,-2.52,-0.00,80.73,118.50,-0.16,-0.00
00:03:32.898 [TUNER] 1237,1000,372.42,113.60,-4.94,-0.00,-24.76,113.60,1.58,-0.00
00:03:32.899 [TUNER] 1238,1000,372.42,108.80,-4.94,-0.00,-24.76,108.80,1.58,-0.00
00:03:32.932 [TUNER] 1239,1000,364.94,104.10,-5.32,-0.00,-57.60,104.10,2.18,-0.00
00:03:32.970 [TUNER] 1240,1000,364.94,99.50,-5.32,-0.00,-57.60,99.50,2.18,-0.00
00:03:32.970 [TUNER] 1241,1000,249.00,95.00,-3.92,-0.00,19.20,95.00,0.87,-0.00
00:03:33.002 [TUNER] 1242,1000,249.00,90.60,-3.92,-0.00,19.20,90.60,0.87,-0.00
00:03:33.004 [TUNER] 1243,1000,78.93,86.30,-1.48,-0.00,202.63,86.30,-2.43,-0.00
00:03:33.039 [TUNER] 1244,1000,78.93,82.10,-1.48,-0.00,202.63,82.10,-2.43,-0.00
00:03:33.040 [TUNER] 1245,1000,-65.71,78.00,0.75,-0.00,321.88,78.00,-4.85,-0.00
00:03:33.073 [TUNER] 1246,1000,-65.71,74.00,0.75,-0.00,321.88,74.00,-4.85,-0.00
00:03:33.108 [TUNER] 1247,1000,-150.49,70.10,2.18,-0.00,286.71,70.10,-4.71,-0.00
00:03:33.108 [TUNER] 1248,1000,-150.49,66.30,2.18,-0.00,286.71,66.30,-4.71,-0.00
00:03:33.143 [TUNER] 1249,1000,-89.47,62.60,1.34,-0.00,164.09,62.60,-2.98,-0.00
00:03:33.144 [TUNER] 1250,1000,-89.47,59.00,1.34,-0.00,164.09,59.00,-2.98,-0.00
00:03:33.180 [TUNER] 1251,1000,28.07,55.50,-0.51,-0.00,9.29,55.50,-0.52,-0.00
00:03:33.181 [TUNER] 1252,1000,28.07,52.10,-0.51,-0.00,9.29,52.10,-0.52,-0.00
00:03:33.213 [TUNER] 1253,1000,146.16,48.80,-2.53,-0.00,-128.30,48.80,1.85,-0.00
00:03:33.248 [TUNER] 1254,1000,146.16,45.60,-2.53,-0.00,-128.30,45.60,1.85,-0.00
00:03:33.248 [TUNER] 1255,1000,250.93,42.50,-4.47,-0.00,-210.88,42.50,3.43,-0.00
00:03:33.283 [TUNER] 1256,1000,250.93,39.50,-4.47,-0.00,-210.88,39.50,3.43,-0.00
00:03:33.283 [TUNER] 1257,1000,260.88,36.60,-5.01,-0.00,-223.68,36.60,3.90,-0.00
00:03:33.320 [TUNER] 1258,1000,260.88,33.80,-5.01,-0.00,-223.68,33.80,3.90,-0.00
00:03:33.323 [TUNER] 1259,1000,141.70,31.10,-3.44,-0.00,-115.37,31.10,2.24,-0.00
00:03:33.354 [TUNER] 1260,1000,141.70,28.50,-3.44,-0.00,-115.37,28.50,2.24,-0.00
00:03:33.389 [TUNER] 1261,1000,-37.83,26.00,-0.74,-0.00,33.12,26.00,-0.27,-0.00
00:03:33.390 [TUNER] 1262,1000,-37.83,23.60,-0.74,-0.00,33.12,23.60,-0.27,-0.00
00:03:33.422 [TUNER] 1263,1000,-191.76,21.30,1.78,-0.00,181.12,21.30,-2.98,-0.00
00:03:33.424 [TUNER] 1264,1000,-191.76,19.10,1.78,-0.00,181.12,19.10,-2.98,-0.00
00:03:33.457 [TUNER] 1265,1000,-290.85,17.00,3.60,-0.00,230.80,17.00,-4.16,-0.00
00:03:33.493 [TUNER] 1266,1000,-290.85,15.00,3.60,-0.00,230.80,15.00,-4.16,-0.00
00:03:33.494 [TUNER] 1267,1000,-212.07,13.10,2.64,-0.00,205.26,13.10,-4.08,-0.00
00:03:33.528 [TUNER] 1268,1000,-212.07,11.30,2.64,-0.00,205.26,11.30,-4.08,-0.00
00:03:33.528 [TUNER] 1269,1000,-30.49,9.60,-0.10,-0.00,164.20,9.60,-3.69,-0.00
00:03:33.563 [TUNER] 1270,1000,-30.49,8.00,-0.10,-0.00,164.20,8.00,-3.69,-0.00
00:03:33.599 [TUNER] 1271,1000,156.00,6.50,-3.15,-0.00,66.08,6.50,-2.22,-0.00
00:03:33.600 [TUNER] 1272,1000,156.00,5.10,-3.15,-0.00,66.08,5.10,-2.22,-0.00
00:03:33.636 [TUNER] 1273,1000,274.27,3.80,-5.32,-0.00,-75.99,3.80,0.15,-0.00
00:03:33.637 [TUNER] 1274,1000,274.27,2.60,-5.32,-0.00,-75.99,2.60,0.15,-0.00
00:03:33.667 [TUNER] 1275,1000,197.08,1.50,-4.45,-0.00,-203.39,1.50,2.47,-0.00
00:03:33.668 [TUNER] 1276,1000,197.08,0.50,-4.45,-0.00,-203.39,0.50,2.47,-0.00
00:03:33.703 [TUNER] 1277,1000,45.99,-0.40,-2.43,-0.00,-205.67,-0.40,2.32,-0.00
00:03:33.739 [TUNER] 1278,1000,45.99,-1.20,-2.43,-0.00,-205.67,-1.20,2.32,-0.00
00:03:33.740 [TUNER] 1279,1000,-128.14,-1.90,0.33,-0.00,-71.76,-1.90,0.21,-0.00
00:03:33.773 [TUNER] 1280,1000,-128.14,-2.50,0.33,-0.00,-71.76,-2.50,0.21,-0.00
00:03:33.774 [TUNER] 1281,1000,-274.23,-3.00,2.86,-0.00,90.27,-3.00,-2.58,-0.00
00:03:33.808 [TUNER] 1282,1000,-274.23,-3.40,2.86,-0.00,90.27,-3.40,-2.58,-0.00
00:03:33.808 [TUNER] 1283,1002,-229.69,-3.70,2.47,-0.00,122.02,-3.70,-3.28,-0.00
00:03:33.843 [TUNER] 1284,998,-229.69,-3.90,2.47,-0.00,122.02,-3.90,-3.28,-0.00
00:03:33.878 [TUNER] 1285,1000,-85.72,-4.00,0.40,-0.00,104.49,-4.00,-3.15,-0.00
00:03:33.878 [TUNER] 1286,1000,-85.72,0.00,0.40,-0.00,104.49,0.00,-3.15,-0.00
00:03:33.913 [TUNER] 1287,1000,65.43,0.00,-1.73,-0.00,1.13,0.00,-0.96,-0.00
00:03:33.913 [TUNER] 1288,1000,65.43,0.00,-1.73,-0.00,1.13,0.00,-0.96,-0.00
00:03:33.947 [TUNER] 1289,1000,167.45,0.00,-3.48,-0.00,-126.23,0.00,1.29,-0.00
00:03:33.950 [TUNER] 1290,1000,167.45,0.00,-3.48,-0.00,-126.23,0.00,1.29,-0.00
00:03:33.985 [TUNER] 1291,1000,166.61,0.00,-3.68,-0.00,-180.02,0.00,2.41,-0.00
00:03:34.020 [TUNER] 1292,1000,166.61,0.00,-3.68,-0.00,-180.02,0.00,2.41,-0.00
00:03:34.021 [TUNER] 1293,1000,83.46,0.00,-2.53,-0.00,-119.96,0.00,1.60,-0.00
00:03:34.053 [TUNER] 1294,1000,83.46,0.00,-2.53,-0.00,-119.96,0.00,1.60,-0.00
00:03:34.056 [TUNER] 1295,1000,-24.29,0.00,-0.88,-0.00,7.11,0.00,-0.48,-0.00
00:03:34.089 [TUNER] 1296,1000,-24.29,0.00,-0.88,-0.00,7.11,0.00,-0.48,-0.00
00:03:34.090 [TUNER] 1297,1000,-100.18,0.00,0.39,-0.00,103.62,0.00,-2.19,-0.00
00:03:34.122 [TUNER] 1298,1000,-100.18,0.00,0.39,-0.00,103.62,0.00,-2.19,-0.00
00:03:34.157 [TUNER] 1299,1000,-57.81,0.00,-0.17,-0.00,118.98,0.00,-2.61,-0.00
00:03:34.158 [TUNER] 1300,1000,-57.81,0.00,-0.17,-0.00,118.98,0.00,-2.61,-0.00
00:03:34.192 [TUNER] 1301,1000,8.73,0.00,-1.18,-0.00,93.46,0.00,-2.32,-0.00
00:03:34.193 [TUNER] 1302,1000,8.73,0.00,-1.18,-0.00,93.46,0.00,-2.32,-0.00
00:03:34.227 [TUNER] 1303,1002,63.62,0.00,-2.09,-0.00,26.71,0.00,-1.27,-0.00
00:03:34.263 [TUNER] 1304,1000,63.62,0.00,-2.09,-0.00,26.71,0.00,-1.27,-0.00
00:03:34.263 [TUNER] 1305,998,114.53,0.00,-3.01,-0.00,-49.14,0.00,0.03,-0.00
00:03:34.299 [TUNER] 1306,1000,114.53,0.00,-3.01,-0.00,-49.14,0.00,0.03,-0.00
00:03:34.299 [TUNER] 1307,1000,83.03,0.00,-2.64,-0.00,-96.01,0.00,0.93,-0.00
00:03:34.334 [TUNER] 1308,1000,83.03,0.00,-2.64,-0.00,-96.01,0.00,0.93,-0.00
00:03:34.334 [TUNER] 1309,1000,21.76,0.00,-1.74,-0.00,-81.96,0.00,0.81,-0.00
00:03:34.368 [TUNER] 1310,1000,21.76,0.00,-1.74,-0.00,-81.96,0.00,0.81,-0.00
00:03:34.405 [TUNER] 1311,1000,-41.01,0.00,-0.75,-0.00,4.87,0.00,-0.61,-0.00
00:03:34.405 [TUNER] 1312,1000,-41.01,0.00,-0.75,-0.00,4.87,0.00,-0.61,-0.00
00:03:34.440 [TUNER] 1313,1000,-82.63,0.00,-0.01,-0.00,103.54,0.00,-2.36,-0.00
00:03:34.440 [TUNER] 1314,1000,-82.63,0.00,-0.01,-0.00,103.54,0.00,-2.36,-0.00
00:03:34.473 [TUNER] 1315,1000,-81.57,0.00,0.08,-0.00,148.12,0.00,-3.29,-0.00
00:03:34.474 [TUNER] 1316,1000,-81.57,0.00,0.08,-0.00,148.12,0.00,-3.29,-0.00
00:03:34.507 [TUNER] 1317,1000,-51.51,0.00,-0.31,-0.00,97.88,0.00,-2.61,-0.00
00:03:34.542 [TUNER] 1318,1000,-51.51,0.00,-0.31,-0.00,97.88,0.00,-2.61,-0.00
00:03:34.543 [TUNER] 1319,1000,-22.31,0.00,-0.72,-0.00,6.15,0.00,-1.12,-0.00
00:03:34.578 [TUNER] 1320,1000,-22.31,0.00,-0.72,-0.00,6.15,0.00,-1.12,-0.00
00:03:34.579 [TUNER] 1321,1000,-0.67,0.00,-1.05,-0.00,-82.70,0.00,0.44,-0.00
00:03:34.614 [TUNER] 1322,1000,-0.67,0.00,-1.05,-0.00,-82.70,0.00,0.44,-0.00
00:03:34.614 [TUNER] 1323,1000,11.49,0.00,-1.24,-0.00,-126.30,0.00,1.32,-0.00
00:03:34.648 [TUNER] 1324,1000,11.49,0.00,-1.24,-0.00,-126.30,0.00,1.32,-0.00
00:03:34.682 [TUNER] 1325,1000,12.63,0.00,-1.28,-0.00,-128.53,0.00,1.54,-0.00
00:03:34.684 [TUNER] 1326,1000,12.63,0.00,-1.28,-0.00,-128.53,0.00,1.54,-0.00
00:03:34.720 [TUNER] 1327,1000,-0.20,0.00,-1.08,-0.00,-92.51,0.00,1.08,-0.00
00:03:34.720 [TUNER] 1328,1000,-0.20,0.00,-1.08,-0.00,-92.51,0.00,1.08,-0.00
00:03:34.752 [TUNER] 1329,1000,-20.78,0.00,-0.75,-0.00,-15.60,0.00,-0.15,-0.00
00:03:34.788 [TUNER] 1330,1000,-20.78,0.00,-0.75,-0.00,-15.60,0.00,-0.15,-0.00
00:03:34.790 [TUNER] 1331,1000,-45.83,0.00,-0.31,-0.00,42.50,0.00,-1.16,-0.00
00:03:34.822 [TUNER] 1332,1000,-45.83,0.00,-0.31,-0.00,42.50,0.00,-1.16,-0.00
00:03:34.823 [TUNER] 1333,1000,-57.28,0.00,-0.07,-0.00,76.95,0.00,-1.82,-0.00
00:03:34.857 [TUNER] 1334,1000,-57.28,0.00,-0.07,-0.00,76.95,0.00,-1.82,-0.00
00:03:34.857 [TUNER] 1335,1000,-52.70,0.00,-0.07,-0.00,63.28,0.00,-1.69,-0.00
00:03:34.892 [TUNER] 1336,1000,-52.70,0.00,-0.07,-0.00,63.28,0.00,-1.69,-0.00
00:03:34.927 [TUNER] 1337,1000,-35.29,0.00,-0.28,-0.00,35.16,0.00,-1.28,-0.00
00:03:34.927 [TUNER] 1338,1000,-35.29,0.00,-0.28,-0.00,35.16,0.00,-1.28,-0.00
00:03:34.962 [TUNER] 1339,1000,-23.07,0.00,-0.44,-0.00,5.79,0.00,-0.81,-0.00
00:03:34.962 [TUNER] 1340,1000,-23.07,0.00,-0.44,-0.00,5.79,0.00,-0.81,-0.00
00:03:34.996 [TUNER] 1341,1000,-16.74,0.00,-0.51,-0.00,11.51,0.00,-0.92,-0.00
00:03:34.996 [TUNER] 1342,1000,-16.74,0.00,-0.51,-0.00,11.51,0.00,-0.92,-0.00
00:03:35.032 [TUNER] 1343,1000,-18.55,0.00,-0.46,-0.00,31.54,0.00,-1.29,-0.00
00:03:35.068 [TUNER] 1344,1000,-18.55,0.00,-0.46,-0.00,31.54,0.00,-1.29,-0.00
00:03:35.069 [TUNER] 1345,1000,-18.27,0.00,-0.44,-0.00,37.26,0.00,-1.43,-0.00
00:03:35.103 [TUNER] 1346,1000,-18.27,0.00,-0.44,-0.00,37.26,0.00,-1.43,-0.00
00:03:35.103 [TUNER] 1347,1000,-19.77,0.00,-0.39,-0.00,29.81,0.00,-1.35,-0.00
00:03:35.138 [TUNER] 1348,1000,-19.77,0.00,-0.39,-0.00,29.81,0.00,-1.35,-0.00
00:03:35.139 [TUNER] 1349,1000,-15.82,0.00,-0.43,-0.00,18.69,0.00,-1.20,-0.00
00:03:35.172 [TUNER] 1350,1000,-15.82,0.00,-0.43,-0.00,18.69,0.00,-1.20,-0.00
00:03:35.208 [TUNER] 1351,1000,-12.65,0.00,-0.46,-0.00,9.80,0.00,-1.07,-0.00
00:03:35.208 [TUNER] 1352,1000,-12.65,0.00,-0.46,-0.00,9.80,0.00,-1.07,-0.00
00:03:35.242 [TUNER] 1353,1000,-10.12,0.00,-0.49,-0.00,2.69,0.00,-0.95,-0.00
00:03:35.243 [TUNER] 1354,1000,-10.12,0.00,-0.49,-0.00,2.69,0.00,-0.95,-0.00
00:03:35.279 [TUNER] 1355,1000,-6.38,0.00,-0.54,-0.00,-4.72,0.00,-0.83,-0.00
00:03:35.280 [TUNER] 1356,1000,-6.38,0.00,-0.54,-0.00,-4.72,0.00,-0.83,-0.00
00:03:35.313 [TUNER] 1357,1000,-3.39,0.00,-0.58,-0.00,-12.37,0.00,-0.68,-0.00
00:03:35.349 [TUNER] 1358,1000,-3.39,0.00,-0.58,-0.00,-12.37,0.00,-0.68,-0.00
00:03:35.349 [TUNER] 1359,1000,-0.99,0.00,-0.61,-0.00,-23.64,0.00,-0.47,-0.00
00:03:35.383 [TUNER] 1360,1000,-0.99,0.00,-0.61,-0.00,-23.64,0.00,-0.47,-0.00
00:03:35.384 [TUNER] 1361,1000,0.92,0.00,-0.64,-0.00,-37.81,0.00,-0.19,-0.00
00:03:35.417 [TUNER] 1362,1000,0.92,0.00,-0.64,-0.00,-37.81,0.00,-0.19,-0.00
00:03:35.418 [TUNER] 1363,1000,2.46,0.00,-0.67,-0.00,-35.40,0.00,-0.18,-0.00
00:03:35.453 [TUNER] 1364,1000,2.46,0.00,-0.67,-0.00,-35.40,0.00,-0.18,-0.00
00:03:35.489 [TUNER] 1365,1000,1.97,0.00,-0.66,-0.00,-40.35,0.00,-0.04,-0.00
00:03:35.490 [TUNER] 1366,1000,1.97,0.00,-0.66,-0.00,-40.35,0.00,-0.04,-0.00
00:03:35.523 [TUNER] 1367,1000,1.57,0.00,-0.66,-0.00,-47.74,0.00,0.15,-0.00
00:03:35.524 [TUNER] 1368,1000,1.57,0.00,-0.66,-0.00,-47.74,0.00,0.15,-0.00
00:03:35.558 [TUNER] 1369,1000,-3.90,0.00,-0.57,-0.00,-57.09,0.00,0.38,-0.00
00:03:35.558 [TUNER] 1370,1000,-3.90,0.00,-0.57,-0.00,-57.09,0.00,0.38,-0.00
00:03:35.593 [TUNER] 1371,1000,-11.71,0.00,-0.44,-0.00,-57.70,0.00,0.47,-0.00
00:03:35.629 [TUNER] 1372,1000,-11.71,0.00,-0.44,-0.00,-57.70,0.00,0.47,-0.00
00:03:35.630 [TUNER] 1373,1002,-23.10,0.00,-0.24,-0.00,-53.03,0.00,0.47,-0.00
00:03:35.664 [TUNER] 1374,1000,-23.10,0.00,-0.24,-0.00,-53.03,0.00,0.47,-0.00
00:03:35.665 [TUNER] 1375,998,-28.80,0.00,-0.12,-0.00,-52.74,0.00,0.53,-0.00
00:03:35.698 [TUNER] 1376,1000,-28.80,0.00,-0.12,-0.00,-52.74,0.00,0.53,-0.00
00:03:35.733 [TUNER] 1377,1000,-29.91,0.00,-0.06,-0.00,-52.50,0.00,0.60,-0.00
00:03:35.734 [TUNER] 1378,1000,-29.91,0.00,-0.06,-0.00,-52.50,0.00,0.60,-0.00
00:03:35.772 [TUNER] 1379,1000,-29.08,0.00,-0.04,-0.00,-47.15,0.00,0.58,-0.00
00:03:35.774 [TUNER] 1380,1000,-29.08,0.00,-0.04,-0.00,-47.15,0.00,0.58,-0.00
00:03:35.802 [TUNER] 1381,1000,-23.26,0.00,-0.09,-0.00,-37.72,0.00,0.48,-0.00
00:03:35.805 [TUNER] 1382,1000,-23.26,0.00,-0.09,-0.00,-37.72,0.00,0.48,-0.00
00:03:35.838 [TUNER] 1383,1002,-20.33,0.00,-0.11,-0.00,-30.18,0.00,0.40,-0.00
00:03:35.875 [TUNER] 1384,998,-20.33,0.00,-0.11,-0.00,-30.18,0.00,0.40,-0.00
00:03:35.876 [TUNER] 1385,1000,-16.26,0.00,-0.15,-0.00,-25.86,0.00,0.36,-0.00
00:03:35.908 [TUNER] 1386,1000,-16.26,0.00,-0.15,-0.00,-25.86,0.00,0.36,-0.00
00:03:35.908 [TUNER] 1387,1000,-13.01,0.00,-0.18,-0.00,-25.84,0.00,0.40,-0.00
00:03:35.945 [TUNER] 1388,1000,-13.01,0.00,-0.18,-0.00,-25.84,0.00,0.40,-0.00
00:03:35.977 [TUNER] 1389,1000,-10.41,0.00,-0.21,-0.00,-22.39,0.00,0.37,-0.00
00:03:35.977 [TUNER] 1390,1000,-10.41,0.00,-0.21,-0.00,-22.39,0.00,0.37,-0.00
00:03:36.016 [TUNER] 1391,1000,-10.04,0.00,-0.20,-0.00,-17.91,0.00,0.32,-0.00
00:03:36.016 [TUNER] 1392,1000,-10.04,0.00,-0.20,-0.00,-17.91,0.00,0.32,-0.00
00:03:36.046 [TUNER] 1393,1000,-8.04,0.00,-0.22,-0.00,-14.33,0.00,0.29,-0.00
00:03:36.083 [TUNER] 1394,1000,-8.04,0.00,-0.22,-0.00,-14.33,0.00,0.29,-0.00
00:03:36.084 [TUNER] 1395,1000,-6.43,0.00,-0.24,-0.00,-11.47,0.00,0.26,-0.00
00:03:36.119 [TUNER] 1396,1000,-6.43,0.00,-0.24,-0.00,-11.47,0.00,0.26,-0.00
00:03:36.120 [TUNER] 1397,1000,-6.86,0.00,-0.22,-0.00,-9.17,0.00,0.23,-0.00
00:03:36.153 [TUNER] 1398,1000,-6.86,0.00,-0.22,-0.00,-9.17,0.00,0.23,-0.00
00:03:36.154 [TUNER] 1399,1000,-14.08,0.00,-0.10,-0.00,-7.34,0.00,0.21,-0.00
00:03:36.187 [TUNER] 1400,1000,-14.08,0.00,-0.10,-0.00,-7.34,0.00,0.21,-0.00
00:03:36.222 [TUNER] 1401,1000,-21.57,0.00,0.04,-0.00,-5.87,0.00,0.19,-0.00
00:03:36.222 [TUNER] 1402,1000,-21.57,0.00,0.04,-0.00,-5.87,0.00,0.19,-0.00
00:03:36.257 [TUNER] 1403,1000,-31.00,0.00,0.23,-0.00,-4.70,0.00,0.18,-0.00
00:03:36.258 [TUNER] 1404,1000,-31.00,0.00,0.23,-0.00,-4.70,0.00,0.18,-0.00
00:03:36.292 [TUNER] 1405,1000,-38.55,0.00,0.39,-0.00,-3.76,0.00,0.17,-0.00
00:03:36.327 [TUNER] 1406,1000,-38.55,0.00,0.39,-0.00,-3.76,0.00,0.17,-0.00
00:03:36.364 [TUNER] 1407,1000,-41.15,0.00,0.48,-0.00,-3.01,0.00,0.16,-0.00
00:03:36.364 [TUNER] 1408,1000,-41.15,0.00,0.48,-0.00,-3.01,0.00,0.16,-0.00
00:03:36.365 [TUNER] 1409,1000,-36.35,0.00,0.46,-0.00,-2.40,0.00,0.16,-0.00
00:03:36.399 [TUNER] 1410,1000,-36.35,0.00,0.46,-0.00,-2.40,0.00,0.16,-0.00
00:03:36.434 [TUNER] 1411,1000,-29.08,0.00,0.38,-0.00,-1.92,0.00,0.15,-0.00
00:03:36.434 [TUNER] 1412,1000,-29.08,0.00,0.38,-0.00,-1.92,0.00,0.15,-0.00
00:03:36.470 [TUNER] 1413,1000,-23.27,0.00,0.33,-0.00,-1.54,0.00,0.15,-0.00
00:03:36.470 [TUNER] 1414,1000,-23.27,0.00,0.33,-0.00,-1.54,0.00,0.15,-0.00
00:03:36.503 [TUNER] 1415,1000,-18.61,0.00,0.28,-0.00,-1.23,0.00,0.14,-0.00
00:03:36.538 [TUNER] 1416,1000,-18.61,0.00,0.28,-0.00,-1.23,0.00,0.14,-0.00
00:03:36.539 [TUNER] 1417,1000,-14.89,0.00,0.24,-0.00,-0.98,0.00,0.14,-0.00
00:03:36.573 [TUNER] 1418,1000,-14.89,0.00,0.24,-0.00,-0.98,0.00,0.14,-0.00
00:03:36.574 [TUNER] 1419,1000,-11.91,0.00,0.21,-0.00,-0.79,0.00,0.14,-0.00
00:03:36.608 [TUNER] 1420,1000,-11.91,0.00,0.21,-0.00,-0.79,0.00,0.14,-0.00
00:03:36.642 [TUNER] 1421,1000,-9.53,0.00,0.19,-0.00,-0.63,0.00,0.14,-0.00
00:03:36.643 [TUNER] 1422,1000,-9.53,0.00,0.19,-0.00,-0.63,0.00,0.14,-0.00
00:03:36.678 [TUNER] 1423,1000,-7.62,0.00,0.17,-0.00,-0.50,0.00,0.14,-0.00
00:03:36.680 [TUNER] 1424,1000,-7.62,0.00,0.17,-0.00,-0.50,0.00,0.14,-0.00
00:03:36.713 [TUNER] 1425,1000,-6.10,0.00,0.16,-0.00,-0.40,0.00,0.14,-0.00
00:03:36.713 [TUNER] 1426,1000,-6.10,0.00,0.16,-0.00,-0.40,0.00,0.14,-0.00
00:03:36.751 [TUNER] 1427,1000,-4.88,0.00,0.14,-0.00,-0.32,0.00,0.14,-0.00
00:03:36.782 [TUNER] 1428,1000,-4.88,0.00,0.14,-0.00,-0.32,0.00,0.14,-0.00
00:03:36.784 [TUNER] 1429,1000,-3.90,0.00,0.13,-0.00,-0.26,0.00,0.13,-0.00
00:03:36.818 [TUNER] 1430,1000,-3.90,0.00,0.13,-0.00,-0.26,0.00,0.13,-0.00
00:03:36.819 [TUNER] 1431,1000,-3.12,0.00,0.13,-0.00,-0.21,0.00,0.13,-0.00
00:03:36.853 [TUNER] 1432,1000,-3.12,0.00,0.13,-0.00,-0.21,0.00,0.13,-0.00
00:03:36.888 [TUNER] 1433,1000,-4.22,0.00,0.15,-0.00,-0.17,0.00,0.13,-0.00
00:03:36.890 [TUNER] 1434,1000,-4.22,0.00,0.15,-0.00,-0.17,0.00,0.13,-0.00
00:03:36.923 [TUNER] 1435,1000,-3.37,0.00,0.14,0.00,-0.13,0.00,0.13,-0.00
00:03:36.923 [TUNER] 1436,1000,-3.37,0.00,0.14,0.00,-0.13,0.00,0.13,-0.00
00:03:36.957 [TUNER] 1437,1000,-2.70,0.00,0.13,0.00,-0.11,0.00,0.13,-0.00
00:03:36.958 [TUNER] 1438,1000,-2.70,0.00,0.13,0.00,-0.11,0.00,0.13,-0.00
00:03:36.991 [TUNER] 1439,1000,-2.16,0.00,0.13,0.00,-0.08,0.00,0.13,-0.00
00:03:37.026 [TUNER] 1440,1000,-2.16,0.00,0.13,0.00,-0.08,0.00,0.13,-0.00
00:03:37.028 [TUNER] 1441,1000,-1.73,0.00,0.12,0.00,-0.07,0.00,0.13,-0.00
00:03:37.064 [TUNER] 1442,1000,-1.73,0.00,0.12,0.00,-0.07,0.00,0.13,-0.00
00:03:37.066 [TUNER] 1443,1002,-1.38,0.00,0.12,0.00,-0.05,0.00,0.13,-0.00
00:03:37.098 [TUNER] 1444,1000,-1.38,0.00,0.12,0.00,-0.05,0.00,0.13,-0.00
00:03:37.133 [TUNER] 1445,998,-1.11,0.00,0.12,0.00,-0.04,0.00,0.13,-0.00
00:03:37.134 [TUNER] 1446,1000,-1.11,0.00,0.12,0.00,-0.04,0.00,0.13,-0.00
00:03:37.167 [TUNER] 1447,1000,-0.88,0.00,0.11,0.00,-0.03,0.00,0.13,-0.00
00:03:37.168 [TUNER] 1448,1000,-0.88,0.00,0.11,0.00,-0.03,0.00,0.13,-0.00
00:03:37.202 [TUNER] 1449,1000,-0.71,0.00,0.11,0.00,-0.03,0.00,0.13,-0.00
00:03:37.238 [TUNER] 1450,1000,-0.71,0.00,0.11,0.00,-0.03,0.00,0.13,-0.00
00:03:37.238 [TUNER] 1451,1000,-0.57,0.00,0.11,0.00,-0.02,0.00,0.13,-0.00
00:03:37.277 [TUNER] 1452,1000,-0.57,0.00,0.11,0.00,-0.02,0.00,0.13,-0.00
00:03:37.277 [TUNER] 1453,1000,-0.45,0.00,0.11,0.00,-0.02,0.00,0.13,-0.00
00:03:37.306 [TUNER] 1454,1000,-0.45,0.00,0.11,0.00,-0.02,0.00,0.13,-0.00
00:03:37.306 [TUNER] 1455,1000,-0.36,0.00,0.11,0.00,-0.01,0.00,0.13,-0.00
00:03:37.341 [TUNER] 1456,1000,-0.36,0.00,0.11,0.00,-0.01,0.00,0.13,-0.00
00:03:37.376 [TUNER] 1457,1000,-0.29,0.00,0.11,0.00,-0.01,0.00,0.13,-0.00
00:03:37.376 [TUNER] 1458,1000,-0.29,0.00,0.11,0.00,-0.01,0.00,0.13,-0.00
00:03:37.414 [TUNER] 1459,1000,-0.23,0.00,0.11,0.00,-0.01,0.00,0.13,-0.00
00:03:37.416 [TUNER] 1460,1000,-0.23,0.00,0.11,0.00,-0.01,0.00,0.13,-0.00
00:03:37.447 [TUNER] 1461,1000,-0.19,0.00,0.11,0.00,-0.01,0.00,0.13,-0.00
00:03:37.482 [TUNER] 1462,1000,-0.19,0.00,0.11,0.00,-0.01,0.00,0.13,-0.00
00:03:37.482 [TUNER] 1463,1000,-0.15,0.00,0.11,0.00,-0.01,0.00,0.13,-0.00
00:03:37.517 [TUNER] 1464,1000,-0.15,0.00,0.11,0.00,-0.01,0.00,0.13,-0.00
00:03:37.517 [TUNER] 1465,1000,-0.12,0.00,0.11,0.00,-0.00,0.00,0.13,-0.00
00:03:37.554 [TUNER] 1466,1000,-0.12,0.00,0.11,0.00,-0.00,0.00,0.13,-0.00
00:03:37.555 [TUNER] 1467,1000,-0.09,0.00,0.11,0.00,-0.00,0.00,0.13,-0.00
00:03:37.588 [TUNER] 1468,1000,-0.09,0.00,0.11,0.00,-0.00,0.00,0.13,-0.00
00:03:37.624 [TUNER] 1469,1000,-0.08,0.00,0.11,0.00,-0.00,0.00,0.13,-0.00
00:03:37.624 [TUNER] 1470,1000,-0.08,0.00,0.11,0.00,-0.00,0.00,0.13,-0.00
00:03:37.659 [TUNER] 1471,1000,-0.06,0.00,0.11,0.00,-0.00,0.00,0.13,-0.00
00:03:37.661 [TUNER] 1472,1000,-0.06,0.00,0.11,0.00,-0.00,0.00,0.13,-0.00
00:03:37.692 [TUNER] 1473,1000,-0.05,0.00,0.11,0.00,-0.00,0.00,0.13,-0.00
00:03:37.726 [TUNER] 1474,1000,-0.05,0.00,0.11,0.00,-0.00,0.00,0.13,-0.00
00:03:37.727 [TUNER] 1475,1000,-0.04,0.00,0.11,0.00,-0.00,0.00,0.13,-0.00
00:03:37.763 [TUNER] 1476,1000,-0.04,0.00,0.11,0.00,-0.00,0.00,0.13,-0.00
00:03:37.763 [TUNER] 1477,1000,-0.03,0.00,0.11,0.00,-0.00,0.00,0.13,-0.00
00:03:37.799 [TUNER] 1478,1000,-0.03,0.00,0.11,0.00,-0.00,0.00,0.13,-0.00
00:03:37.799 [TUNER] 1479,1000,-0.02,0.00,0.11,0.00,-0.00,0.00,0.13,-0.00
00:03:37.832 [TUNER] 1480,1000,-0.02,0.00,0.11,0.00,-0.00,0.00,0.13,-0.00
00:03:37.870 [TUNER] 1481,1000,-0.02,0.00,0.11,0.00,-0.00,0.00,0.13,-0.00
00:03:37.871 [TUNER] 1482,1000,-0.02,0.00,0.11,0.00,-0.00,0.00,0.13,-0.00
00:03:37.904 [TUNER] 1483,1002,-0.02,0.00,0.11,0.00,-0.00,0.00,0.13,-0.00
00:03:37.905 [TUNER] 1484,998,-0.02,0.00,0.11,0.00,-0.00,0.00,0.13,-0.00
00:03:37.938 [TUNER] 1485,1000,-0.01,0.00,0.11,0.00,-0.00,0.00,0.13,-0.00
00:03:37.938 [TUNER] 1486,1000,-0.01,0.00,0.11,0.00,-0.00,0.00,0.13,-0.00
00:03:37.972 [TUNER] 1487,1000,-0.01,0.00,0.11,0.00,-0.00,0.00,0.13,-0.00
00:03:38.010 [TUNER] 1488,1000,-0.01,0.00,0.11,0.00,-0.00,0.00,0.13,-0.00
00:03:38.011 [TUNER] 1489,1000,-0.01,0.00,0.11,0.00,-0.00,0.00,0.13,-0.00
00:03:38.081 [TUNER] 1490,1000,-0.01,0.00,0.11,0.00,-0.00,0.00,0.13,-0.00
00:03:38.082 [TUNER] 1491,1000,-0.01,0.00,0.11,0.00,-0.00,0.00,0.13,-0.00
00:03:38.082 [TUNER] 1492,1000,-0.01,0.00,0.11,0.00,-0.00,0.00,0.13,-0.00
00:03:38.083 [TUNER] 1493,1000,-0.01,0.00,0.11,0.00,-0.00,0.00,0.13,-0.00
00:03:38.111 [TUNER] 1494,1000,-0.01,0.00,0.11,0.00,-0.00,0.00,0.13,-0.00
00:03:38.147 [TUNER] 1495,1000,-0.00,0.00,0.11,0.00,-0.00,0.00,0.13,-0.00
00:03:38.149 [TUNER] 1496,1000,-0.00,0.00,0.11,0.00,-0.00,0.00,0.13,-0.00
00:03:38.186 [TUNER] 1497,1000,-0.00,0.00,0.11,0.00,-0.00,0.00,0.13,-0.00
00:03:38.187 [TUNER] 1498,1000,-0.00,0.00,0.11,0.00,-0.00,0.00,0.13,-0.00
00:03:38.218 [TUNER] 1499,1000,-0.00,0.00,0.11,0.00,-0.00,0.00,0.13,-0.00
00:03:38.253 [TUNER] 1500,1000,-0.00,0.00,0.11,0.00,-0.00,0.00,0.13,-0.00
00:03:38.254 [TUNER] 1501,1000,-0.00,0.00,0.11,0.00,-0.00,0.00,0.13,-0.00
00:03:38.289 [TUNER] 1502,1000,-0.00,0.00,0.11,0.00,-0.00,0.00,0.13,-0.00
00:03:38.290 [TUNER] 1503,1000,-0.00,0.00,0.11,0.00,-0.00,0.00,0.13,-0.00
00:03:38.322 [TUNER] 1504,1000,-0.00,0.00,0.11,0.00,-0.00,0.00,0.13,-0.00
00:03:38.357 [TUNER] 1505,1000,-0.00,0.00,0.11,0.00,-0.00,0.00,0.13,-0.00
00:03:38.357 [TUNER] 1506,1000,-0.00,0.00,0.11,0.00,-0.00,0.00,0.13,-0.00
00:03:38.392 [TUNER] 1507,1000,-0.00,0.00,0.11,0.00,-0.00,0.00,0.13,-0.00
00:03:38.393 [TUNER] 1508,1000,-0.00,0.00,0.11,0.00,-0.00,0.00,0.13,-0.00
00:03:38.430 [TUNER] 1509,1000,-0.00,0.00,0.11,0.00,-0.00,0.00,0.13,-0.00
00:03:38.431 [TUNER] 1510,1000,-0.00,0.00,0.11,0.00,-0.00,0.00,0.13,-0.00
00:03:38.462 [TUNER] 1511,1000,-0.00,0.00,0.11,0.00,-0.00,0.00,0.13,-0.00
00:03:38.498 [TUNER] 1512,1000,-0.00,0.00,0.11,0.00,-0.00,0.00,0.13,-0.00
00:03:38.498 [TUNER] 1513,1002,-0.00,0.00,0.11,0.00,-0.00,0.00,0.13,-0.00
00:03:38.532 [TUNER] 1514,1000,-0.00,0.00,0.11,0.00,-0.00,0.00,0.13,-0.00
00:03:38.535 [TUNER] 1515,998,-0.00,0.00,0.11,0.00,-0.00,0.00,0.13,-0.00
00:03:38.567 [TUNER] 1516,1000,-0.00,0.00,0.11,0.00,-0.00,0.00,0.13,-0.00
00:03:38.603 [TUNER] 1517,1000,-0.00,0.00,0.11,0.00,-0.00,0.00,0.13,-0.00
00:03:38.603 [TUNER] 1518,1000,-0.00,0.00,0.11,0.00,-0.00,0.00,0.13,-0.00
00:03:38.637 [TUNER] 1519,1000,-0.00,0.00,0.11,0.00,-0.00,0.00,0.13,-0.00
00:03:38.638 [TUNER] 1520,1000,-0.00,0.00,0.11,0.00,-0.00,0.00,0.13,-0.00
00:03:38.675 [TUNER] 1521,1000,-0.00,0.00,0.11,0.00,-0.00,0.00,0.13,-0.00
00:03:38.676 [TUNER] 1522,1000,-0.00,0.00,0.11,0.00,-0.00,0.00,0.13,-0.00
00:03:38.706 [TUNER] 1523,1000,-0.00,0.00,0.11,0.00,-0.00,0.00,0.13,-0.00
00:03:38.742 [TUNER] 1524,1000,-0.00,0.00,0.11,0.00,-0.00,0.00,0.13,-0.00
00:03:38.743 [TUNER] 1525,1000,-0.00,0.00,0.11,0.00,-0.00,0.00,0.13,-0.00
00:03:38.780 [TUNER] 1526,1000,-0.00,0.00,0.11,0.00,-0.00,0.00,0.13,-0.00
00:03:38.780 [TUNER] 1527,1000,-0.00,0.00,0.11,0.00,-0.00,0.00,0.13,-0.00
00:03:38.815 [TUNER] 1528,1000,-0.00,0.00,0.11,0.00,-0.00,0.00,0.13,-0.00
00:03:38.815 [TUNER] 1529,1000,-0.00,0.00,0.11,0.00,-0.00,0.00,0.13,-0.00
00:03:38.847 [TUNER] 1530,1000,-0.00,0.00,0.11,0.00,-0.00,0.00,0.13,-0.00
00:03:38.882 [TUNER] 1531,1000,-0.00,0.00,0.11,0.00,-0.00,0.00,0.13,-0.00
00:03:38.884 [TUNER] 1532,1000,-0.00,0.00,0.11,0.00,-0.00,0.00,0.13,-0.00
00:03:38.917 [TUNER] 1533,1000,-0.00,0.00,0.11,0.00,-0.00,0.00,0.13,-0.00
00:03:38.919 [TUNER] 1534,1000,-0.00,0.00,0.11,0.00,-0.00,0.00,0.13,-0.00
00:03:38.953 [TUNER] 1535,1000,-0.00,0.00,0.11,0.00,-0.00,0.00,0.13,-0.00
00:03:38.986 [TUNER] 1536,1000,-0.00,0.00,0.11,0.00,-0.00,0.00,0.13,-0.00
00:03:38.986 [TUNER] 1537,1000,-0.00,0.00,0.11,0.00,-0.00,0.00,0.13,-0.00
00:03:39.021 [TUNER] 1538,1000,-0.00,0.00,0.11,0.00,-0.00,0.00,0.13,-0.00
00:03:39.021 [TUNER] 1539,1000,-0.00,0.00,0.11,0.00,-0.00,0.00,0.13,-0.00
00:03:39.057 [TUNER] 1540,1000,-0.00,0.00,0.11,0.00,-0.00,0.00,0.13,-0.00
00:03:39.058 [TUNER] 1541,1000,-0.00,0.00,0.11,0.00,-0.00,0.00,0.13,-0.00
00:03:39.092 [TUNER] 1542,1000,-0.00,0.00,0.11,0.00,-0.00,0.00,0.13,-0.00
00:03:39.130 [TUNER] 1543,1000,-0.00,0.00,0.11,0.00,-0.00,0.00,0.13,-0.00
00:03:39.131 [TUNER] 1544,1000,-0.00,0.00,0.11,0.00,-0.00,0.00,0.13,-0.00
00:03:39.162 [TUNER] 1545,1000,-0.00,0.00,0.11,0.00,-0.00,0.00,0.13,-0.00
00:03:39.163 [TUNER] 1546,1000,-0.00,0.00,0.11,0.00,-0.00,0.00,0.13,-0.00
00:03:39.197 [TUNER] 1547,1000,-0.00,0.00,0.11,0.00,-0.00,0.00,0.13,-0.00
00:03:39.233 [TUNER] 1548,1000,-0.00,0.00,0.11,0.00,-0.00,0.00,0.13,-0.00
00:03:39.233 [TUNER] 1549,1000,-0.00,0.00,0.11,0.00,-0.00,0.00,0.13,-0.00
00:03:39.267 [TUNER] 1550,1000,-0.00,0.00,0.11,0.00,-0.00,0.00,0.13,-0.00
00:03:39.270 [TUNER] 1551,1000,-0.00,0.00,0.11,0.00,-0.00,0.00,0.13,-0.00
00:03:39.304 [TUNER] 1552,1000,-0.00,0.00,0.11,0.00,-0.00,0.00,0.13,-0.00
00:03:39.306 [TUNER] 1553,1000,-0.00,0.00,0.11,0.00,-0.00,0.00,0.13,-0.00
00:03:39.337 [TUNER] 1554,1000,-0.00,0.00,0.11,0.00,-0.00,0.00,0.13,-0.00
00:03:39.373 [TUNER] 1555,1000,-0.00,0.00,0.11,0.00,-0.00,0.00,0.13,-0.00
00:03:39.374 [TUNER] 1556,1000,-0.00,0.00,0.11,0.00,-0.00,0.00,0.13,-0.00
00:03:39.408 [TUNER] 1557,1000,-0.00,0.00,0.11,0.00,-0.00,0.00,0.13,-0.00
00:03:39.409 [TUNER] 1558,1000,-0.00,0.00,0.11,0.00,-0.00,0.00,0.13,-0.00
00:03:39.447 [TUNER] 1559,1000,-0.00,0.00,0.11,0.00,-0.00,0.00,0.13,-0.00
00:03:39.447 [TUNER] 1560,1000,-0.00,0.00,0.11,0.00,-0.00,0.00,0.13,-0.00
00:03:39.480 [TUNER] 1561,1000,-0.00,0.00,0.11,0.00,-0.00,0.00,0.13,-0.00
00:03:39.512 [TUNER] 1562,1000,-0.00,0.00,0.11,0.00,-0.00,0.00,0.13,-0.00
00:03:39.513 [TUNER] 1563,1000,-0.00,0.00,0.11,0.00,-0.00,0.00,0.13,-0.00
00:03:39.548 [TUNER] 1564,1000,-0.00,0.00,0.11,0.00,-0.00,0.00,0.13,-0.00
00:03:39.549 [TUNER] 1565,1000,-0.00,0.00,0.11,0.00,-0.00,0.00,0.13,-0.00
00:03:39.582 [TUNER] 1566,1000,-0.00,0.00,0.11,0.00,-0.00,0.00,0.13,-0.00
00:03:39.583 [TUNER] 1567,1000,-0.00,0.00,0.11,0.00,-0.00,0.00,0.13,-0.00
00:03:39.617 [TUNER] 1568,1000,-0.00,0.00,0.11,0.00,-0.00,0.00,0.13,-0.00
00:03:39.653 [TUNER] 1569,1000,-0.00,0.00,0.11,0.00,-0.00,0.00,0.13,-0.00
00:03:39.655 [TUNER] 1570,1000,-0.00,0.00,0.11,0.00,-0.00,0.00,0.13,-0.00
00:03:39.688 [TUNER] 1571,1000,-0.00,0.00,0.11,0.00,-0.00,0.00,0.13,-0.00
00:03:39.689 [TUNER] 1572,1000,-0.00,0.00,0.11,0.00,-0.00,0.00,0.13,-0.00
00:03:39.723 [TUNER] 1573,1000,-0.00,0.00,0.11,0.00,-0.00,0.00,0.13,-0.00
00:03:39.758 [TUNER] 1574,1000,-0.00,0.00,0.11,0.00,-0.00,0.00,0.13,-0.00
00:03:39.758 [TUNER] 1575,1000,-0.00,0.00,0.11,0.00,-0.00,0.00,0.13,-0.00
00:03:39.792 [TUNER] 1576,1000,-0.00,0.00,0.11,0.00,-0.00,0.00,0.13,-0.00
00:03:39.793 [TUNER] 1577,1000,-0.00,0.00,0.11,0.00,-0.00,0.00,0.13,-0.00
00:03:39.827 [TUNER] 1578,1000,-0.00,0.00,0.11,0.00,-0.00,0.00,0.13,-0.00
00:03:39.828 [TUNER] 1579,1000,-0.00,0.00,0.11,0.00,-0.00,0.00,0.13,-0.00
00:03:39.863 [TUNER] 1580,1000,-0.00,0.00,0.11,0.00,-0.00,0.00,0.13,-0.00
00:03:39.899 [TUNER] 1581,1000,-0.00,0.00,0.11,0.00,-0.00,0.00,0.13,-0.00
00:03:39.902 [TUNER] 1582,1000,-0.00,0.00,0.11,0.00,-0.00,0.00,0.13,-0.00
00:03:39.933 [TUNER] 1583,1002,-0.00,0.00,0.11,0.00,-0.00,0.00,0.13,-0.00
00:03:39.933 [TUNER] 1584,1000,-0.00,0.00,0.11,0.00,-0.00,0.00,0.13,-0.00
00:03:39.968 [TUNER] 1585,998,-0.00,0.00,0.11,0.00,-0.00,0.00,0.13,-0.00
00:03:40.003 [TUNER] 1586,1000,-0.00,0.00,0.11,0.00,-0.00,0.00,0.13,-0.00
00:03:40.005 [TUNER] 1587,1000,-0.00,0.00,0.11,0.00,-0.00,0.00,0.13,-0.00
00:03:40.038 [TUNER] 1588,1000,-0.00,0.00,0.11,0.00,-0.00,0.00,0.13,-0.00
00:03:40.039 [TUNER] 1589,1000,-0.00,0.00,0.11,0.00,-0.00,0.00,0.13,-0.00
00:03:40.072 [TUNER] 1590,1000,-0.00,0.00,0.11,0.00,-0.00,0.00,0.13,-0.00
00:03:40.073 [TUNER] 1591,1000,-0.00,0.00,0.11,0.00,-0.00,0.00,0.13,-0.00
00:03:40.107 [TUNER] 1592,1000,-0.00,0.00,0.11,0.00,-0.00,0.00,0.13,-0.00
00:03:40.143 [TUNER] 1593,1000,-0.00,0.00,0.11,0.00,-0.00,0.00,0.13,-0.00
00:03:40.144 [TUNER] 1594,1000,-0.00,0.00,0.11,0.00,-0.00,0.00,0.13,-0.00
00:03:40.177 [TUNER] 1595,1000,-0.00,0.00,0.11,0.00,-0.00,0.00,0.13,-0.00
00:03:40.178 [TUNER] 1596,1000,-0.00,0.00,0.11,0.00,-0.00,0.00,0.13,-0.00
00:03:40.214 [TUNER] 1597,1000,-0.00,0.00,0.11,0.00,-0.00,0.00,0.13,-0.00
00:03:40.250 [TUNER] 1598,1000,-0.00,0.00,0.11,0.00,-0.00,0.00,0.13,-0.00
00:03:40.250 [TUNER] 1599,1000,-0.00,0.00,0.11,0.00,-0.00,0.00,0.13,-0.00
00:03:40.283 [TUNER] 1600,1000,-0.00,0.00,0.11,0.00,-0.00,0.00,0.13,-0.00
00:03:40.284 [TUNER] 1601,1000,-0.00,0.00,0.11,0.00,-0.00,0.00,0.13,-0.00
00:03:40.318 [TUNER] 1602,1000,-0.00,0.00,0.11,0.00,-0.00,0.00,0.13,-0.00
00:03:40.319 [TUNER] 1603,1000,-0.00,0.00,0.11,0.00,-0.00,0.00,0.13,-0.00
00:03:40.352 [TUNER] 1604,1000,-0.00,0.00,0.11,0.00,-0.00,0.00,0.13,-0.00
00:03:40.388 [TUNER] 1605,1000,-0.00,0.00,0.11,0.00,-0.00,0.00,0.13,-0.00
00:03:40.389 [TUNER] 1606,1000,-0.00,0.00,0.11,0.00,-0.00,0.00,0.13,-0.00
00:03:40.422 [TUNER] 1607,1000,-0.00,0.00,0.11,0.00,-0.00,0.00,0.13,-0.00
00:03:40.423 [TUNER] 1608,1000,-0.00,0.00,0.11,0.00,-0.00,0.00,0.13,-0.00
00:03:40.457 [TUNER] 1609,1000,-0.00,0.00,0.11,0.00,-0.00,0.00,0.13,-0.00
00:03:40.492 [TUNER] 1610,1000,-0.00,0.00,0.11,0.00,-0.00,0.00,0.13,-0.00
00:03:40.493 [TUNER] 1611,1000,-0.00,0.00,0.11,0.00,-0.00,0.00,0.13,-0.00
00:03:40.527 [TUNER] 1612,1000,-0.00,0.00,0.11,0.00,-0.00,0.00,0.13,-0.00
00:03:40.528 [TUNER] 1613,1000,-0.00,0.00,0.11,0.00,-0.00,0.00,0.13,-0.00
00:03:40.564 [TUNER] 1614,1000,-0.00,0.00,0.11,0.00,-0.00,0.00,0.13,-0.00
00:03:40.564 [TUNER] 1615,1000,-0.00,0.00,0.11,0.00,-0.00,0.00,0.13,-0.00
00:03:40.598 [TUNER] 1616,1000,-0.00,0.00,0.11,0.00,-0.00,0.00,0.13,-0.00
00:03:40.632 [TUNER] 1617,1000,-0.00,0.00,0.11,0.00,-0.00,0.00,0.13,-0.00
00:03:40.635 [TUNER] 1618,1000,-0.00,0.00,0.11,0.00,-0.00,0.00,0.13,-0.00
00:03:40.667 [TUNER] 1619,1000,-0.00,0.00,0.11,0.00,-0.00,0.00,0.13,-0.00
00:03:40.667 [TUNER] 1620,1000,-0.00,0.00,0.11,0.00,-0.00,0.00,0.13,-0.00
00:03:40.704 [TUNER] 1621,1000,-0.00,0.00,0.11,0.00,-0.00,0.00,0.13,-0.00
00:03:40.738 [TUNER] 1622,1000,-0.00,0.00,0.11,0.00,-0.00,0.00,0.13,-0.00
00:03:40.738 [TUNER] 1623,1000,-0.00,0.00,0.11,0.00,-0.00,0.00,0.13,-0.00
00:03:40.773 [TUNER] 1624,1000,-0.00,0.00,0.11,0.00,-0.00,0.00,0.13,-0.00
00:03:40.773 [TUNER] 1625,1000,-0.00,0.00,0.11,0.00,-0.00,0.00,0.13,-0.00
00:03:40.808 [TUNER] 1626,1000,-0.00,0.00,0.11,0.00,-0.00,0.00,0.13,-0.00
00:03:40.809 [TUNER] 1627,1000,-0.00,0.00,0.11,0.00,-0.00,0.00,0.13,-0.00
00:03:40.842 [TUNER] 1628,1000,-0.00,0.00,0.11,0.00,-0.00,0.00,0.13,-0.00
00:03:40.878 [TUNER] 1629,1000,-0.00,0.00,0.11,0.00,-0.00,0.00,0.13,-0.00
00:03:40.878 [TUNER] 1630,1000,-0.00,0.00,0.11,0.00,-0.00,0.00,0.13,-0.00
00:03:40.915 [TUNER] 1631,1000,-0.00,0.00,0.11,0.00,-0.00,0.00,0.13,-0.00
00:03:40.916 [TUNER] 1632,1000,-0.00,0.00,0.11,0.00,-0.00,0.00,0.13,-0.00
00:03:40.946 [TUNER] 1633,1000,-0.00,0.00,0.11,0.00,-0.00,0.00,0.13,-0.00
00:03:40.983 [TUNER] 1634,1000,-0.00,0.00,0.11,0.00,-0.00,0.00,0.13,-0.00
00:03:40.984 [TUNER] 1635,1000,-0.00,0.00,0.11,0.00,-0.00,0.00,0.13,-0.00
00:03:41.018 [TUNER] 1636,1000,-0.00,0.00,0.11,0.00,-0.00,0.00,0.13,-0.00
00:03:41.020 [TUNER] 1637,1000,-0.00,0.00,0.11,0.00,-0.00,0.00,0.13,-0.00
00:03:41.054 [TUNER] 1638,1000,-0.00,0.00,0.11,0.00,-0.00,0.00,0.13,-0.00
00:03:41.056 [TUNER] 1639,1000,-0.00,0.00,0.11,0.00,-0.00,0.00,0.13,-0.00
00:03:41.088 [TUNER] 1640,1000,-0.00,0.00,0.11,0.00,-0.00,0.00,0.13,-0.00
00:03:41.123 [TUNER] 1641,1000,-0.00,0.00,0.11,0.00,-0.00,0.00,0.13,-0.00
00:03:41.123 [TUNER] 1642,1000,-0.00,0.00,0.11,0.00,-0.00,0.00,0.13,-0.00
00:03:41.157 [TUNER] 1643,1000,-0.00,0.00,0.11,0.00,-0.00,0.00,0.13,-0.00
00:03:41.158 [TUNER] 1644,1000,-0.00,0.00,0.11,0.00,-0.00,0.00,0.13,-0.00
00:03:41.193 [TUNER] 1645,1000,-0.00,0.00,0.11,0.00,-0.00,0.00,0.13,-0.00
00:03:41.229 [TUNER] 1646,1000,-0.00,0.00,0.11,0.00,-0.00,0.00,0.13,-0.00
00:03:41.229 [TUNER] 1647,1000,-0.00,0.00,0.11,0.00,-0.00,0.00,0.13,-0.00
00:03:41.263 [TUNER] 1648,1000,-0.00,0.00,0.11,0.00,-0.00,0.00,0.13,-0.00
00:03:41.264 [TUNER] 1649,1000,-0.00,0.00,0.11,0.00,-0.00,0.00,0.13,-0.00
00:03:41.298 [TUNER] 1650,1000,-0.00,0.00,0.11,0.00,-0.00,0.00,0.13,-0.00
00:03:41.298 [TUNER] 1651,1000,-0.00,0.00,0.11,0.00,-0.00,0.00,0.13,-0.00
00:03:41.333 [TUNER] 1652,1000,-0.00,0.00,0.11,0.00,-0.00,0.00,0.13,-0.00
00:03:41.370 [TUNER] 1653,1002,-0.00,0.00,0.11,0.00,-0.00,0.00,0.13,-0.00
00:03:41.370 [TUNER] 1654,1000,-0.00,0.00,0.11,0.00,-0.00,0.00,0.13,-0.00
00:03:41.404 [TUNER] 1655,998,-0.00,0.00,0.11,0.00,-0.00,0.00,0.13,-0.00
00:03:41.405 [TUNER] 1656,1000,-0.00,0.00,0.11,0.00,-0.00,0.00,0.13,-0.00
00:03:41.440 [TUNER] 1657,1000,-0.00,0.00,0.11,0.00,-0.00,0.00,0.13,-0.00
00:03:41.473 [TUNER] 1658,1000,-0.00,0.00,0.11,0.00,-0.00,0.00,0.13,-0.00
00:03:41.473 [TUNER] 1659,1000,-0.00,0.00,0.11,0.00,-0.00,0.00,0.13,-0.00
00:03:41.508 [TUNER] 1660,1000,-0.00,0.00,0.11,0.00,-0.00,0.00,0.13,-0.00
00:03:41.508 [TUNER] 1661,1000,-0.00,0.00,0.11,0.00,-0.00,0.00,0.13,-0.00
00:03:41.543 [TUNER] 1662,1000,-0.00,0.00,0.11,0.00,-0.00,0.00,0.13,-0.00
00:03:41.543 [TUNER] 1663,1000,-0.00,0.00,0.11,0.00,-0.00,0.00,0.13,-0.00
00:03:41.578 [TUNER] 1664,1000,-0.00,0.00,0.11,0.00,-0.00,0.00,0.13,-0.00
00:03:41.614 [TUNER] 1665,1000,-0.00,0.00,0.11,0.00,-0.00,0.00,0.13,-0.00
00:03:41.615 [TUNER] 1666,1000,-0.00,0.00,0.11,0.00,-0.00,0.00,0.13,-0.00
00:03:41.647 [TUNER] 1667,1000,-0.00,0.00,0.11,0.00,-0.00,0.00,0.13,-0.00
00:03:41.649 [TUNER] 1668,1000,-0.00,0.00,0.11,0.00,-0.00,0.00,0.13,-0.00
00:03:41.683 [TUNER] 1669,1000,-0.00,0.00,0.11,0.00,-0.00,0.00,0.13,-0.00
00:03:41.684 [TUNER] 1670,1000,-0.00,0.00,0.11,0.00,-0.00,0.00,0.13,-0.00
00:03:41.718 [TUNER] 1671,1000,-0.00,0.00,0.11,0.00,-0.00,0.00,0.13,-0.00
00:03:41.754 [TUNER] 1672,1000,-0.00,0.00,0.11,0.00,-0.00,0.00,0.13,-0.00
00:03:41.755 [TUNER] 1673,1000,-0.00,0.00,0.11,0.00,-0.00,0.00,0.13,-0.00
00:03:41.787 [TUNER] 1674,1000,-0.00,0.00,0.11,0.00,-0.00,0.00,0.13,-0.00
00:03:41.788 [TUNER] 1675,1000,-0.00,0.00,0.11,0.00,-0.00,0.00,0.13,-0.00
00:03:41.823 [TUNER] 1676,1000,-0.00,0.00,0.11,0.00,-0.00,0.00,0.13,-0.00
00:03:41.857 [TUNER] 1677,1000,-0.00,0.00,0.11,0.00,-0.00,0.00,0.13,-0.00
00:03:41.858 [TUNER] 1678,1000,-0.00,0.00,0.11,0.00,-0.00,0.00,0.13,-0.00
00:03:41.892 [TUNER] 1679,1000,-0.00,0.00,0.11,0.00,-0.00,0.00,0.13,-0.00
00:03:41.893 [TUNER] 1680,1000,-0.00,0.00,0.11,0.00,-0.00,0.00,0.13,-0.00
00:03:41.929 [TUNER] 1681,1000,-0.00,0.00,0.11,0.00,-0.00,0.00,0.13,-0.00
00:03:41.929 [TUNER] 1682,1000,-0.00,0.00,0.11,0.00,-0.00,0.00,0.13,-0.00
00:03:41.963 [TUNER] 1683,1002,-0.00,0.00,0.11,0.00,-0.00,0.00,0.13,-0.00
00:03:41.998 [TUNER] 1684,998,-0.00,0.00,0.11,0.00,-0.00,0.00,0.13,-0.00
00:03:41.999 [TUNER] 1685,1000,-0.00,0.00,0.11,0.00,-0.00,0.00,0.13,-0.00
00:03:42.032 [TUNER] 1686,1000,-0.00,0.00,0.11,0.00,-0.00,0.00,0.13,-0.00
00:03:42.035 [TUNER] 1687,1000,-0.00,0.00,0.11,0.00,-0.00,0.00,0.13,-0.00
00:03:42.067 [TUNER] 1688,1000,-0.00,0.00,0.11,0.00,-0.00,0.00,0.13,-0.00
00:03:42.067 [TUNER] 1689,1000,-0.00,0.00,0.11,0.00,-0.00,0.00,0.13,-0.00
00:03:42.103 [TUNER] 1690,1000,-0.00,0.00,0.11,0.00,-0.00,0.00,0.13,-0.00
00:03:42.138 [TUNER] 1691,1000,-0.00,0.00,0.11,0.00,-0.00,0.00,0.13,-0.00
00:03:42.138 [TUNER] 1692,1000,-0.00,0.00,0.11,0.00,-0.00,0.00,0.13,-0.00
00:03:42.172 [TUNER] 1693,1000,-0.00,0.00,0.11,0.00,-0.00,0.00,0.13,-0.00
00:03:42.174 [TUNER] 1694,1000,-0.00,0.00,0.11,0.00,-0.00,0.00,0.13,-0.00
00:03:42.209 [TUNER] 1695,1000,-0.00,0.00,0.11,0.00,-0.00,0.00,0.13,-0.00
00:03:42.243 [TUNER] 1696,1000,-0.00,0.00,0.11,0.00,-0.00,0.00,0.13,-0.00
00:03:42.244 [TUNER] 1697,1000,-0.00,0.00,0.11,0.00,-0.00,0.00,0.13,-0.00
00:03:42.278 [TUNER] 1698,1000,-0.00,0.00,0.11,0.00,-0.00,0.00,0.13,-0.00
00:03:42.278 [TUNER] 1699,1000,-0.00,0.00,0.11,0.00,-0.00,0.00,0.13,-0.00
00:03:42.312 [TUNER] 1700,1000,-0.00,0.00,0.11,0.00,-0.00,0.00,0.13,-0.00
00:03:42.313 [TUNER] 1701,1000,-0.00,0.00,0.11,0.00,-0.00,0.00,0.13,-0.00
00:03:42.347 [TUNER] 1702,1000,-0.00,0.00,0.11,0.00,-0.00,0.00,0.13,-0.00
00:03:42.383 [TUNER] 1703,1000,-0.00,0.00,0.11,0.00,-0.00,0.00,0.13,-0.00
00:03:42.384 [TUNER] 1704,1000,-0.00,0.00,0.11,0.00,-0.00,0.00,0.13,-0.00
00:03:42.419 [TUNER] 1705,1000,-0.00,0.00,0.11,0.00,-0.00,0.00,0.13,-0.00
00:03:42.422 [TUNER] 1706,1000,-0.00,0.00,0.11,0.00,-0.00,0.00,0.13,-0.00
00:03:42.452 [TUNER] 1707,1000,-0.00,0.00,0.11,0.00,-0.00,0.00,0.13,-0.00
00:03:42.489 [TUNER] 1708,1000,-0.00,0.00,0.11,0.00,-0.00,0.00,0.13,-0.00
00:03:42.489 [TUNER] 1709,1000,-0.00,0.00,0.11,0.00,-0.00,0.00,0.13,-0.00
00:03:42.524 [TUNER] 1710,1000,-0.00,0.00,0.11,0.00,-0.00,0.00,0.13,-0.00
00:03:42.525 [TUNER] 1711,1000,-0.00,0.00,0.11,0.00,-0.00,0.00,0.13,-0.00
00:03:42.557 [TUNER] 1712,1000,-0.00,0.00,0.11,0.00,-0.00,0.00,0.13,-0.00
00:03:42.557 [TUNER] 1713,1000,-0.00,0.00,0.11,0.00,-0.00,0.00,0.13,-0.00
00:03:42.591 [TUNER] 1714,1000,-0.00,0.00,0.11,0.00,-0.00,0.00,0.13,-0.00
00:03:42.628 [TUNER] 1715,1000,-0.00,0.00,0.11,0.00,-0.00,0.00,0.13,-0.00
00:03:42.628 [TUNER] 1716,1000,-0.00,0.00,0.11,0.00,-0.00,0.00,0.13,-0.00
00:03:42.663 [TUNER] 1717,1000,-0.00,0.00,0.11,0.00,-0.00,0.00,0.13,-0.00
00:03:42.663 [TUNER] 1718,1000,-0.00,0.00,0.11,0.00,-0.00,0.00,0.13,-0.00
00:03:42.699 [TUNER] 1719,1000,-0.00,0.00,0.11,0.00,-0.00,0.00,0.13,-0.00
00:03:42.734 [TUNER] 1720,1000,-0.00,0.00,0.11,0.00,-0.00,0.00,0.13,-0.00
00:03:42.735 [TUNER] 1721,1000,-0.00,0.00,0.11,0.00,-0.00,0.00,0.13,-0.00
00:03:42.768 [TUNER] 1722,1000,-0.00,0.00,0.11,0.00,-0.00,0.00,0.13,-0.00
00:03:42.768 [TUNER] 1723,1002,-0.00,0.00,0.11,0.00,-0.00,0.00,0.13,-0.00
00:03:42.803 [TUNER] 1724,1000,-0.00,0.00,0.11,0.00,-0.00,0.00,0.13,-0.00
00:03:42.804 [TUNER] 1725,998,-0.00,0.00,0.11,0.00,-0.00,0.00,0.13,-0.00
00:03:42.838 [TUNER] 1726,1000,-0.00,0.00,0.11,0.00,-0.00,0.00,0.13,-0.00
00:03:42.873 [TUNER] 1727,1000,-0.00,0.00,0.11,0.00,-0.00,0.00,0.13,-0.00
00:03:42.874 [TUNER] 1728,1000,-0.00,0.00,0.11,0.00,-0.00,0.00,0.13,-0.00
00:03:42.907 [TUNER] 1729,1000,-0.00,0.00,0.11,0.00,-0.00,0.00,0.13,-0.00
00:03:42.908 [TUNER] 1730,1000,-0.00,0.00,0.11,0.00,-0.00,0.00,0.13,-0.00
00:03:42.942 [TUNER] 1731,1000,-0.00,0.00,0.11,0.00,-0.00,0.00,0.13,-0.00
00:03:42.977 [TUNER] 1732,1000,-0.00,0.00,0.11,0.00,-0.00,0.00,0.13,-0.00
00:03:42.977 [TUNER] 1733,1000,-0.00,0.00,0.11,0.00,-0.00,0.00,0.13,-0.00
00:03:43.011 [TUNER] 1734,1000,-0.00,0.00,0.11,0.00,-0.00,0.00,0.13,-0.00
00:03:43.013 [TUNER] 1735,1000,-0.00,0.00,0.11,0.00,-0.00,0.00,0.13,-0.00
00:03:43.051 [TUNER] 1736,1000,-0.00,0.00,0.11,0.00,-0.00,0.00,0.13,-0.00
00:03:43.052 [TUNER] 1737,1000,-0.00,0.00,0.11,0.00,-0.00,0.00,0.13,-0.00
00:03:43.082 [TUNER] 1738,1000,-0.00,0.00,0.11,0.00,-0.00,0.00,0.13,-0.00
00:03:43.118 [TUNER] 1739,1000,-0.00,0.00,0.11,0.00,-0.00,0.00,0.13,-0.00
00:03:43.118 [TUNER] 1740,1000,-0.00,0.00,0.11,0.00,-0.00,0.00,0.13,-0.00
00:03:43.152 [TUNER] 1741,1000,-0.00,0.00,0.11,0.00,-0.00,0.00,0.13,-0.00
00:03:43.152 [TUNER] 1742,1000,-0.00,0.00,0.11,0.00,-0.00,0.00,0.13,-0.00
00:03:43.187 [TUNER] 1743,1000,-0.00,0.00,0.11,0.00,-0.00,0.00,0.13,-0.00
00:03:43.190 [TUNER] 1744,1000,-0.00,0.00,0.11,0.00,-0.00,0.00,0.13,-0.00
00:03:43.227 [TUNER] 1745,1000,-0.00,0.00,0.11,0.00,-0.00,0.00,0.13,-0.00
00:03:43.257 [TUNER] 1746,1000,-0.00,0.00,0.11,0.00,-0.00,0.00,0.13,-0.00
00:03:43.258 [TUNER] 1747,1000,-0.00,0.00,0.11,0.00,-0.00,0.00,0.13,-0.00
00:03:43.292 [TUNER] 1748,1000,-0.00,0.00,0.11,0.00,-0.00,0.00,0.13,-0.00
00:03:43.293 [TUNER] 1749,1000,-0.00,0.00,0.11,0.00,-0.00,0.00,0.13,-0.00
00:03:43.327 [TUNER] 1750,1000,-0.00,0.00,0.11,0.00,-0.00,0.00,0.13,-0.00
00:03:43.363 [TUNER] 1751,1000,-0.00,0.00,0.11,0.00,-0.00,0.00,0.13,-0.00
00:03:43.363 [TUNER] 1752,1000,-0.00,0.00,0.11,0.00,-0.00,0.00,0.13,-0.00
00:03:43.399 [TUNER] 1753,1000,-0.00,0.00,0.11,0.00,-0.00,0.00,0.13,-0.00
00:03:43.399 [TUNER] 1754,1000,-0.00,0.00,0.11,0.00,-0.00,0.00,0.13,-0.00
00:03:43.435 [TUNER] 1755,1000,-0.00,0.00,0.11,0.00,-0.00,0.00,0.13,-0.00
00:03:43.468 [TUNER] 1756,1000,-0.00,0.00,0.11,0.00,-0.00,0.00,0.13,-0.00
00:03:43.469 [TUNER] 1757,1000,-0.00,0.00,0.11,0.00,-0.00,0.00,0.13,-0.00
00:03:43.503 [TUNER] 1758,1000,-0.00,0.00,0.11,0.00,-0.00,0.00,0.13,-0.00
00:03:43.505 [TUNER] 1759,1000,-0.00,0.00,0.11,0.00,-0.00,0.00,0.13,-0.00
00:03:43.537 [TUNER] 1760,1000,-0.00,0.00,0.11,0.00,-0.00,0.00,0.13,-0.00
00:03:43.537 [TUNER] 1761,1000,-0.00,0.00,0.11,0.00,-0.00,0.00,0.13,-0.00
00:03:43.572 [TUNER] 1762,1000,-0.00,0.00,0.11,0.00,-0.00,0.00,0.13,-0.00
00:03:43.607 [TUNER] 1763,1000,-0.00,0.00,0.11,0.00,-0.00,0.00,0.13,-0.00
00:03:43.608 [TUNER] 1764,1000,-0.00,0.00,0.11,0.00,-0.00,0.00,0.13,-0.00
00:03:43.642 [TUNER] 1765,1000,-0.00,0.00,0.11,0.00,-0.00,0.00,0.13,-0.00
00:03:43.643 [TUNER] 1766,1000,-0.00,0.00,0.11,0.00,-0.00,0.00,0.13,-0.00
00:03:43.678 [TUNER] 1767,1000,-0.00,0.00,0.11,0.00,-0.00,0.00,0.13,-0.00
00:03:43.679 [TUNER] 1768,1000,-0.00,0.00,0.11,0.00,-0.00,0.00,0.13,-0.00
00:03:43.711 [TUNER] 1769,1000,-0.00,0.00,0.11,0.00,-0.00,0.00,0.13,-0.00
00:03:43.750 [TUNER] 1770,1000,-0.00,0.00,0.11,0.00,-0.00,0.00,0.13,-0.00
00:03:43.751 [TUNER] 1771,1000,-0.00,0.00,0.11,0.00,-0.00,0.00,0.13,-0.00
00:03:43.783 [TUNER] 1772,1000,-0.00,0.00,0.11,0.00,-0.00,0.00,0.13,-0.00
00:03:43.784 [TUNER] 1773,1000,-0.00,0.00,0.11,0.00,-0.00,0.00,0.13,-0.00
00:03:43.821 [TUNER] 1774,1000,-0.00,0.00,0.11,0.00,-0.00,0.00,0.13,-0.00
00:03:43.853 [TUNER] 1775,1000,-0.00,0.00,0.11,0.00,-0.00,0.00,0.13,-0.00
00:03:43.853 [TUNER] 1776,1000,-0.00,0.00,0.11,0.00,-0.00,0.00,0.13,-0.00
00:03:43.889 [TUNER] 1777,1000,-0.00,0.00,0.11,0.00,-0.00,0.00,0.13,-0.00
00:03:43.922 [TUNER] 1778,1000,-0.00,0.00,0.11,0.00,-0.00,0.00,0.13,-0.00
00:03:43.923 [TUNER] 1779,1000,-0.00,0.00,0.11,0.00,-0.00,0.00,0.13,-0.00
00:03:43.924 [TUNER] 1780,1000,-0.00,0.00,0.11,0.00,-0.00,0.00,0.13,-0.00
00:03:43.957 [TUNER] 1781,1000,-0.00,0.00,0.11,0.00,-0.00,0.00,0.13,-0.00
00:03:43.991 [TUNER] 1782,1000,-0.00,0.00,0.11,0.00,-0.00,0.00,0.13,-0.00
00:03:43.992 [TUNER] 1783,1002,-0.00,0.00,0.11,0.00,-0.00,0.00,0.13,-0.00
00:03:44.028 [TUNER] 1784,998,-0.00,0.00,0.11,0.00,-0.00,0.00,0.13,-0.00
00:03:44.028 [TUNER] 1785,1000,-0.00,0.00,0.11,0.00,-0.00,0.00,0.13,-0.00
00:03:44.061 [TUNER] 1786,1000,-0.00,0.00,0.11,0.00,-0.00,0.00,0.13,-0.00
00:03:44.096 [TUNER] 1787,1000,-0.00,0.00,0.11,0.00,-0.00,0.00,0.13,-0.00
00:03:44.096 [TUNER] 1788,1000,-0.00,0.00,0.11,0.00,-0.00,0.00,0.13,-0.00
00:03:44.133 [TUNER] 1789,1000,-0.00,0.00,0.11,0.00,-0.00,0.00,0.13,-0.00
00:03:44.135 [TUNER] 1790,1000,-0.00,0.00,0.11,0.00,-0.00,0.00,0.13,-0.00
00:03:44.166 [TUNER] 1791,1000,-0.00,0.00,0.11,0.00,-0.00,0.00,0.13,-0.00
00:03:44.168 [TUNER] 1792,1000,-0.00,0.00,0.11,0.00,-0.00,0.00,0.13,-0.00
00:03:44.201 [TUNER] 1793,1002,-0.00,0.00,0.11,0.00,-0.00,0.00,0.13,-0.00
00:03:44.237 [TUNER] 1794,1000,-0.00,0.00,0.11,0.00,-0.00,0.00,0.13,-0.00
00:03:44.237 [TUNER] 1795,998,-0.00,0.00,0.11,0.00,-0.00,0.00,0.13,-0.00
00:03:44.273 [TUNER] 1796,1000,-0.00,0.00,0.11,0.00,-0.00,0.00,0.13,-0.00
00:03:44.274 [TUNER] 1797,1000,-0.00,0.00,0.11,0.00,-0.00,0.00,0.13,-0.00
00:03:44.306 [TUNER] 1798,1000,-0.00,0.00,0.11,0.00,-0.00,0.00,0.13,-0.00
00:03:44.341 [TUNER] 1799,1000,-0.00,0.00,0.11,0.00,-0.00,0.00,0.13,-0.00
00:03:44.379 [TUNER] 1800,1000,-0.00,0.00,0.11,0.00,-0.00,0.00,0.13,-0.00
00:03:44.379 [TUNER] 1801,1000,-0.00,0.00,0.11,0.00,-0.00,0.00,0.13,-0.00
00:03:44.379 [TUNER] 1802,1000,-0.00,0.00,0.11,0.00,-0.00,0.00,0.13,-0.00
00:03:44.412 [TUNER] 1803,1000,-0.00,0.00,0.11,0.00,-0.00,0.00,0.13,-0.00
00:03:44.449 [TUNER] 1804,1000,-0.00,0.00,0.11,0.00,-0.00,0.00,0.13,-0.00
00:03:44.451 [TUNER] 1805,1000,-0.00,0.00,0.11,0.00,-0.00,0.00,0.13,-0.00
00:03:44.482 [TUNER] 1806,1000,-0.00,0.00,0.11,0.00,-0.00,0.00,0.13,-0.00
00:03:44.482 [TUNER] 1807,1000,-0.00,0.00,0.11,0.00,-0.00,0.00,0.13,-0.00
00:03:44.517 [TUNER] 1808,1000,-0.00,0.00,0.11,0.00,-0.00,0.00,0.13,-0.00
00:03:44.518 [TUNER] 1809,1000,-0.00,0.00,0.11,0.00,-0.00,0.00,0.13,-0.00
00:03:44.552 [TUNER] 1810,1000,-0.00,0.00,0.11,0.00,-0.00,0.00,0.13,-0.00
00:03:44.588 [TUNER] 1811,1000,-0.00,0.00,0.11,0.00,-0.00,0.00,0.13,-0.00
00:03:44.588 [TUNER] 1812,1000,-0.00,0.00,0.11,0.00,-0.00,0.00,0.13,-0.00
00:03:44.623 [TUNER] 1813,1000,-0.00,0.00,0.11,0.00,-0.00,0.00,0.13,-0.00
00:03:44.623 [TUNER] 1814,1000,-0.00,0.00,0.11,0.00,-0.00,0.00,0.13,-0.00
00:03:44.657 [TUNER] 1815,1000,-0.00,0.00,0.11,0.00,-0.00,0.00,0.13,-0.00
00:03:44.658 [TUNER] 1816,1000,-0.00,0.00,0.11,0.00,-0.00,0.00,0.13,-0.00
00:03:44.692 [TUNER] 1817,1000,-0.00,0.00,0.11,0.00,-0.00,0.00,0.13,-0.00
00:03:44.728 [TUNER] 1818,1000,-0.00,0.00,0.11,0.00,-0.00,0.00,0.13,-0.00
00:03:44.728 [TUNER] 1819,1000,-0.00,0.00,0.11,0.00,-0.00,0.00,0.13,-0.00
00:03:44.763 [TUNER] 1820,1000,-0.00,0.00,0.11,0.00,-0.00,0.00,0.13,-0.00
00:03:44.764 [TUNER] 1821,1000,-0.00,0.00,0.11,0.00,-0.00,0.00,0.13,-0.00
00:03:44.797 [TUNER] 1822,1000,-0.00,0.00,0.11,0.00,-0.00,0.00,0.13,-0.00
00:03:44.833 [TUNER] 1823,1000,-0.00,0.00,0.11,0.00,-0.00,0.00,0.13,-0.00
00:03:44.834 [TUNER] 1824,1000,-0.00,0.00,0.11,0.00,-0.00,0.00,0.13,-0.00
00:03:44.869 [TUNER] 1825,1000,-0.00,0.00,0.11,0.00,-0.00,0.00,0.13,-0.00
00:03:44.871 [TUNER] 1826,1000,-0.00,0.00,0.11,0.00,-0.00,0.00,0.13,-0.00
00:03:44.903 [TUNER] 1827,1000,-0.00,0.00,0.11,0.00,-0.00,0.00,0.13,-0.00
00:03:44.904 [TUNER] 1828,1000,-0.00,0.00,0.11,0.00,-0.00,0.00,0.13,-0.00
00:03:44.939 [TUNER] 1829,1000,-0.00,0.00,0.11,0.00,-0.00,0.00,0.13,-0.00
00:03:44.972 [TUNER] 1830,1000,-0.00,0.00,0.11,0.00,-0.00,0.00,0.13,-0.00
00:03:44.973 [TUNER] 1831,1000,-0.00,0.00,0.11,0.00,-0.00,0.00,0.13,-0.00
00:03:45.007 [TUNER] 1832,1000,-0.00,0.00,0.11,0.00,-0.00,0.00,0.13,-0.00
00:03:45.008 [TUNER] 1833,1000,-0.00,0.00,0.11,0.00,-0.00,0.00,0.13,-0.00
00:03:45.042 [TUNER] 1834,1000,-0.00,0.00,0.11,0.00,-0.00,0.00,0.13,-0.00
00:03:45.077 [TUNER] 1835,1000,-0.00,0.00,0.11,0.00,-0.00,0.00,0.13,-0.00
00:03:45.078 [TUNER] 1836,1000,-0.00,0.00,0.11,0.00,-0.00,0.00,0.13,-0.00
00:03:45.113 [TUNER] 1837,1000,-0.00,0.00,0.11,0.00,-0.00,0.00,0.13,-0.00
00:03:45.113 [TUNER] 1838,1000,-0.00,0.00,0.11,0.00,-0.00,0.00,0.13,-0.00
00:03:45.149 [TUNER] 1839,1000,-0.00,0.00,0.11,0.00,-0.00,0.00,0.13,-0.00
00:03:45.149 [TUNER] 1840,1000,-0.00,0.00,0.11,0.00,-0.00,0.00,0.13,-0.00
00:03:45.182 [TUNER] 1841,1000,-0.00,0.00,0.11,0.00,-0.00,0.00,0.13,-0.00
00:03:45.219 [TUNER] 1842,1000,-0.00,0.00,0.11,0.00,-0.00,0.00,0.13,-0.00
00:03:45.220 [TUNER] 1843,1000,-0.00,0.00,0.11,0.00,-0.00,0.00,0.13,-0.00
00:03:45.252 [TUNER] 1844,1000,-0.00,0.00,0.11,0.00,-0.00,0.00,0.13,-0.00
00:03:45.253 [TUNER] 1845,1000,-0.00,0.00,0.11,0.00,-0.00,0.00,0.13,-0.00
00:03:45.286 [TUNER] 1846,1000,-0.00,0.00,0.11,0.00,-0.00,0.00,0.13,-0.00
00:03:45.286 [TUNER] 1847,1000,-0.00,0.00,0.11,0.00,-0.00,0.00,0.13,-0.00
00:03:45.321 [TUNER] 1848,1000,-0.00,0.00,0.11,0.00,-0.00,0.00,0.13,-0.00
00:03:45.358 [TUNER] 1849,1000,-0.00,0.00,0.11,0.00,-0.00,0.00,0.13,-0.00
00:03:45.358 [TUNER] 1850,1000,-0.00,0.00,0.11,0.00,-0.00,0.00,0.13,-0.00
00:03:45.391 [TUNER] 1851,1000,-0.00,0.00,0.11,0.00,-0.00,0.00,0.13,-0.00
00:03:45.391 [TUNER] 1852,1000,-0.00,0.00,0.11,0.00,-0.00,0.00,0.13,-0.00
00:03:45.427 [TUNER] 1853,1000,-0.00,0.00,0.11,0.00,-0.00,0.00,0.13,-0.00
00:03:45.463 [TUNER] 1854,1000,-0.00,0.00,0.11,0.00,-0.00,0.00,0.13,-0.00
00:03:45.463 [TUNER] 1855,1000,-0.00,0.00,0.11,0.00,-0.00,0.00,0.13,-0.00
00:03:45.498 [TUNER] 1856,1000,-0.00,0.00,0.11,0.00,-0.00,0.00,0.13,-0.00
00:03:45.498 [TUNER] 1857,1000,-0.00,0.00,0.11,0.00,-0.00,0.00,0.13,-0.00
00:03:45.532 [TUNER] 1858,1000,-0.00,0.00,0.11,0.00,-0.00,0.00,0.13,-0.00
00:03:45.567 [TUNER] 1859,1000,-0.00,0.00,0.11,0.00,-0.00,0.00,0.13,-0.00
00:03:45.568 [TUNER] 1860,1000,-0.00,0.00,0.11,0.00,-0.00,0.00,0.13,-0.00
00:03:45.604 [TUNER] 1861,1000,-0.00,0.00,0.11,0.00,-0.00,0.00,0.13,-0.00
00:03:45.604 [TUNER] 1862,1000,-0.00,0.00,0.11,0.00,-0.00,0.00,0.13,-0.00
00:03:45.640 [TUNER] 1863,1002,-0.00,0.00,0.11,0.00,-0.00,0.00,0.13,-0.00
00:03:45.643 [TUNER] 1864,1000,-0.00,0.00,0.11,0.00,-0.00,0.00,0.13,-0.00
00:03:45.672 [TUNER] 1865,998,-0.00,0.00,0.11,0.00,-0.00,0.00,0.13,-0.00
00:03:45.707 [TUNER] 1866,1000,-0.00,0.00,0.11,0.00,-0.00,0.00,0.13,-0.00
00:03:45.708 [TUNER] 1867,1000,-0.00,0.00,0.11,0.00,-0.00,0.00,0.13,-0.00
00:03:45.744 [TUNER] 1868,1000,-0.00,0.00,0.11,0.00,-0.00,0.00,0.13,-0.00
00:03:45.744 [TUNER] 1869,1000,-0.00,0.00,0.11,0.00,-0.00,0.00,0.13,-0.00
00:03:45.777 [TUNER] 1870,1000,-0.00,0.00,0.11,0.00,-0.00,0.00,0.13,-0.00
00:03:45.814 [TUNER] 1871,1000,-0.00,0.00,0.11,0.00,-0.00,0.00,0.13,-0.00
00:03:45.814 [TUNER] 1872,1000,-0.00,0.00,0.11,0.00,-0.00,0.00,0.13,-0.00
00:03:45.848 [TUNER] 1873,1000,-0.00,0.00,0.11,0.00,-0.00,0.00,0.13,-0.00
00:03:45.849 [TUNER] 1874,1000,-0.00,0.00,0.11,0.00,-0.00,0.00,0.13,-0.00
00:03:45.882 [TUNER] 1875,1000,-0.00,0.00,0.11,0.00,-0.00,0.00,0.13,-0.00
00:03:45.882 [TUNER] 1876,1000,-0.00,0.00,0.11,0.00,-0.00,0.00,0.13,-0.00
00:03:45.918 [TUNER] 1877,1000,-0.00,0.00,0.11,0.00,-0.00,0.00,0.13,-0.00
00:03:45.952 [TUNER] 1878,1000,-0.00,0.00,0.11,0.00,-0.00,0.00,0.13,-0.00
00:03:45.953 [TUNER] 1879,1000,-0.00,0.00,0.11,0.00,-0.00,0.00,0.13,-0.00
00:03:45.989 [TUNER] 1880,1000,-0.00,0.00,0.11,0.00,-0.00,0.00,0.13,-0.00
00:03:45.989 [TUNER] 1881,1000,-0.00,0.00,0.11,0.00,-0.00,0.00,0.13,-0.00
00:03:46.024 [TUNER] 1882,1000,-0.00,0.00,0.11,0.00,-0.00,0.00,0.13,-0.00
00:03:46.055 [TUNER] 1883,1002,-0.00,0.00,0.11,0.00,-0.00,0.00,0.13,-0.00
00:03:46.064 [TUNER] 1884,998,-0.00,0.00,0.11,0.00,-0.00,0.00,0.13,-0.00
00:03:46.093 [TUNER] 1885,1000,-0.00,0.00,0.11,0.00,-0.00,0.00,0.13,-0.00
00:03:46.093 [TUNER] 1886,1000,-0.00,0.00,0.11,0.00,-0.00,0.00,0.13,-0.00
00:03:46.131 [TUNER] 1887,1000,-0.00,0.00,0.11,0.00,-0.00,0.00,0.13,-0.00
00:03:46.162 [TUNER] 1888,1000,-0.00,0.00,0.11,0.00,-0.00,0.00,0.13,-0.00
00:03:46.163 [TUNER] 1889,1000,-0.00,0.00,0.11,0.00,-0.00,0.00,0.13,-0.00
00:03:46.198 [TUNER] 1890,1000,-0.00,0.00,0.11,0.00,-0.00,0.00,0.13,-0.00
00:03:46.198 [TUNER] 1891,1000,-0.00,0.00,0.11,0.00,-0.00,0.00,0.13,-0.00
00:03:46.231 [TUNER] 1892,1000,-0.00,0.00,0.11,0.00,-0.00,0.00,0.13,-0.00
00:03:46.267 [TUNER] 1893,1000,-0.00,0.00,0.11,0.00,-0.00,0.00,0.13,-0.00
00:03:46.267 [TUNER] 1894,1000,-0.00,0.00,0.11,0.00,-0.00,0.00,0.13,-0.00
00:03:46.301 [TUNER] 1895,1000,-0.00,0.00,0.11,0.00,-0.00,0.00,0.13,-0.00
00:03:46.301 [TUNER] 1896,1000,-0.00,0.00,0.11,0.00,-0.00,0.00,0.13,-0.00
00:03:46.338 [TUNER] 1897,1000,-0.00,0.00,0.11,0.00,-0.00,0.00,0.13,-0.00
00:03:46.338 [TUNER] 1898,1000,-0.00,0.00,0.11,0.00,-0.00,0.00,0.13,-0.00
00:03:46.371 [TUNER] 1899,1000,-0.00,0.00,0.11,0.00,-0.00,0.00,0.13,-0.00
00:03:46.406 [TUNER] 1900,1000,-0.00,0.00,0.11,0.00,-0.00,0.00,0.13,-0.00
00:03:46.406 [TUNER] 1901,1000,-0.00,0.00,0.11,0.00,-0.00,0.00,0.13,-0.00
00:03:46.451 [TUNER] 1902,1000,-0.00,0.00,0.11,0.00,-0.00,0.00,0.13,-0.00
00:03:46.451 [TUNER] 1903,1000,-0.00,0.00,0.11,0.00,-0.00,0.00,0.13,-0.00
00:03:46.475 [TUNER] 1904,1000,-0.00,0.00,0.11,0.00,-0.00,0.00,0.13,-0.00
00:03:46.510 [TUNER] 1905,1000,-0.00,0.00,0.11,0.00,-0.00,0.00,0.13,-0.00
00:03:46.511 [TUNER] 1906,1000,-0.00,0.00,0.11,0.00,-0.00,0.00,0.13,-0.00
00:03:46.546 [TUNER] 1907,1000,-0.00,0.00,0.11,0.00,-0.00,0.00,0.13,-0.00
00:03:46.546 [TUNER] 1908,1000,-0.00,0.00,0.11,0.00,-0.00,0.00,0.13,-0.00
00:03:46.581 [TUNER] 1909,1000,-0.00,0.00,0.11,0.00,-0.00,0.00,0.13,-0.00
00:03:46.581 [TUNER] 1910,1000,-0.00,0.00,0.11,0.00,-0.00,0.00,0.13,-0.00
00:03:46.616 [TUNER] 1911,1000,-0.00,0.00,0.11,0.00,-0.00,0.00,0.13,-0.00
00:03:46.650 [TUNER] 1912,1000,-0.00,0.00,0.11,0.00,-0.00,0.00,0.13,-0.00
00:03:46.651 [TUNER] 1913,1000,-0.00,0.00,0.11,0.00,-0.00,0.00,0.13,-0.00
00:03:46.686 [TUNER] 1914,1000,-0.00,0.00,0.11,0.00,-0.00,0.00,0.13,-0.00
00:03:46.686 [TUNER] 1915,1000,-0.00,0.00,0.11,0.00,-0.00,0.00,0.13,-0.00
00:03:46.723 [TUNER] 1916,1000,-0.00,0.00,0.11,0.00,-0.00,0.00,0.13,-0.00
00:03:46.755 [TUNER] 1917,1000,-0.00,0.00,0.11,0.00,-0.00,0.00,0.13,-0.00
00:03:46.756 [TUNER] 1918,1000,-0.00,0.00,0.11,0.00,-0.00,0.00,0.13,-0.00
00:03:46.794 [TUNER] 1919,1000,-0.00,0.00,0.11,0.00,-0.00,0.00,0.13,-0.00
00:03:46.794 [TUNER] 1920,1000,-0.00,0.00,0.11,0.00,-0.00,0.00,0.13,-0.00
00:03:46.827 [TUNER] 1921,1000,-0.00,0.00,0.11,0.00,-0.00,0.00,0.13,-0.00
00:03:46.827 [TUNER] 1922,1000,-0.00,0.00,0.11,0.00,-0.00,0.00,0.13,-0.00
00:03:46.861 [TUNER] 1923,1000,-0.00,0.00,0.11,0.00,-0.00,0.00,0.13,-0.00
00:03:46.896 [TUNER] 1924,1000,-0.00,0.00,0.11,0.00,-0.00,0.00,0.13,-0.00
00:03:46.897 [TUNER] 1925,1000,-0.00,0.00,0.11,0.00,-0.00,0.00,0.13,-0.00
00:03:46.932 [TUNER] 1926,1000,-0.00,0.00,0.11,0.00,-0.00,0.00,0.13,-0.00
00:03:46.932 [TUNER] 1927,1000,-0.00,0.00,0.11,0.00,-0.00,0.00,0.13,-0.00
00:03:46.968 [TUNER] 1928,1000,-0.00,0.00,0.11,0.00,-0.00,0.00,0.13,-0.00
00:03:47.002 [TUNER] 1929,1000,-0.00,0.00,0.11,0.00,-0.00,0.00,0.13,-0.00
00:03:47.002 [TUNER] 1930,1000,-0.00,0.00,0.11,0.00,-0.00,0.00,0.13,-0.00
00:03:47.037 [TUNER] 1931,1000,-0.00,0.00,0.11,0.00,-0.00,0.00,0.13,-0.00
00:03:47.037 [TUNER] 1932,1000,-0.00,0.00,0.11,0.00,-0.00,0.00,0.13,-0.00
00:03:47.074 [TUNER] 1933,1000,-0.00,0.00,0.11,0.00,-0.00,0.00,0.13,-0.00
00:03:47.074 [TUNER] 1934,1000,-0.00,0.00,0.11,0.00,-0.00,0.00,0.13,-0.00
00:03:47.106 [TUNER] 1935,1000,-0.00,0.00,0.11,0.00,-0.00,0.00,0.13,-0.00
00:03:47.142 [TUNER] 1936,1000,-0.00,0.00,0.11,0.00,-0.00,0.00,0.13,-0.00
00:03:47.142 [TUNER] 1937,1000,-0.00,0.00,0.11,0.00,-0.00,0.00,0.13,-0.00
00:03:47.176 [TUNER] 1938,1000,-0.00,0.00,0.11,0.00,-0.00,0.00,0.13,-0.00
00:03:47.177 [TUNER] 1939,1000,-0.00,0.00,0.11,0.00,-0.00,0.00,0.13,-0.00
00:03:47.211 [TUNER] 1940,1000,-0.00,0.00,0.11,0.00,-0.00,0.00,0.13,-0.00
00:03:47.247 [TUNER] 1941,1000,-0.00,0.00,0.11,0.00,-0.00,0.00,0.13,-0.00
00:03:47.247 [TUNER] 1942,1000,-0.00,0.00,0.11,0.00,-0.00,0.00,0.13,-0.00
00:03:47.282 [TUNER] 1943,1000,-0.00,0.00,0.11,0.00,-0.00,0.00,0.13,-0.00
00:03:47.282 [TUNER] 1944,1000,-0.00,0.00,0.11,0.00,-0.00,0.00,0.13,-0.00
00:03:47.317 [TUNER] 1945,1000,-0.00,0.00,0.11,0.00,-0.00,0.00,0.13,-0.00
00:03:47.317 [TUNER] 1946,1000,-0.00,0.00,0.11,0.00,-0.00,0.00,0.13,-0.00
00:03:47.350 [TUNER] 1947,1000,-0.00,0.00,0.11,0.00,-0.00,0.00,0.13,-0.00
00:03:47.386 [TUNER] 1948,1000,-0.00,0.00,0.11,0.00,-0.00,0.00,0.13,-0.00
00:03:47.387 [TUNER] 1949,1000,-0.00,0.00,0.11,0.00,-0.00,0.00,0.13,-0.00
00:03:47.423 [TUNER] 1950,1000,-0.00,0.00,0.11,0.00,-0.00,0.00,0.13,-0.00
00:03:47.423 [TUNER] 1951,1000,-0.00,0.00,0.11,0.00,-0.00,0.00,0.13,-0.00
00:03:47.456 [TUNER] 1952,1000,-0.00,0.00,0.11,0.00,-0.00,0.00,0.13,-0.00
00:03:47.491 [TUNER] 1953,1000,-0.00,0.00,0.11,0.00,-0.00,0.00,0.13,-0.00
00:03:47.491 [TUNER] 1954,1000,-0.00,0.00,0.11,0.00,-0.00,0.00,0.13,-0.00
00:03:47.526 [TUNER] 1955,1000,-0.00,0.00,0.11,0.00,-0.00,0.00,0.13,-0.00
00:03:47.527 [TUNER] 1956,1000,-0.00,0.00,0.11,0.00,-0.00,0.00,0.13,-0.00
00:03:47.561 [TUNER] 1957,1000,-0.00,0.00,0.11,0.00,-0.00,0.00,0.13,-0.00
00:03:47.562 [TUNER] 1958,1000,-0.00,0.00,0.11,0.00,-0.00,0.00,0.13,-0.00
00:03:47.596 [TUNER] 1959,1000,-0.00,0.00,0.11,0.00,-0.00,0.00,0.13,-0.00
00:03:47.631 [TUNER] 1960,1000,-0.00,0.00,0.11,0.00,-0.00,0.00,0.13,-0.00
00:03:47.631 [TUNER] 1961,1000,-0.00,0.00,0.11,0.00,-0.00,0.00,0.13,-0.00
00:03:47.666 [TUNER] 1962,1000,-0.00,0.00,0.11,0.00,-0.00,0.00,0.13,-0.00
00:03:47.668 [TUNER] 1963,1000,-0.00,0.00,0.11,0.00,-0.00,0.00,0.13,-0.00
00:03:47.701 [TUNER] 1964,1000,-0.00,0.00,0.11,0.00,-0.00,0.00,0.13,-0.00
00:03:47.736 [TUNER] 1965,1000,-0.00,0.00,0.11,0.00,-0.00,0.00,0.13,-0.00
00:03:47.737 [TUNER] 1966,1000,-0.00,0.00,0.11,0.00,-0.00,0.00,0.13,-0.00
00:03:47.771 [TUNER] 1967,1000,-0.00,0.00,0.11,0.00,-0.00,0.00,0.13,-0.00
00:03:47.808 [TUNER] 1968,1002,-0.00,0.00,0.11,0.00,-0.00,0.00,0.13,-0.00
00:03:47.809 [TUNER] 1969,1000,-0.00,0.00,0.11,0.00,-0.00,0.00,0.13,-0.00
00:03:47.809 [TUNER] 1970,998,-0.00,0.00,0.11,0.00,-0.00,0.00,0.13,-0.00
00:03:47.841 [TUNER] 1971,1000,-0.00,0.00,0.11,0.00,-0.00,0.00,0.13,-0.00
00:03:47.876 [TUNER] 1972,1000,-0.00,0.00,0.11,0.00,-0.00,0.00,0.13,-0.00
00:03:47.878 [TUNER] 1973,1000,-0.00,0.00,0.11,0.00,-0.00,0.00,0.13,-0.00
00:03:47.911 [TUNER] 1974,1000,-0.00,0.00,0.11,0.00,-0.00,0.00,0.13,-0.00
00:03:47.911 [TUNER] 1975,1000,-0.00,0.00,0.11,0.00,-0.00,0.00,0.13,-0.00
00:03:47.946 [TUNER] 1976,1000,-0.00,0.00,0.11,0.00,-0.00,0.00,0.13,-0.00
00:03:47.982 [TUNER] 1977,1000,-0.00,0.00,0.11,0.00,-0.00,0.00,0.13,-0.00
00:03:47.982 [TUNER] 1978,1000,-0.00,0.00,0.11,0.00,-0.00,0.00,0.13,-0.00
00:03:48.019 [TUNER] 1979,1000,-0.00,0.00,0.11,0.00,-0.00,0.00,0.13,-0.00
00:03:48.019 [TUNER] 1980,1000,-0.00,0.00,0.11,0.00,-0.00,0.00,0.13,-0.00
00:03:48.051 [TUNER] 1981,1000,-0.00,0.00,0.11,0.00,-0.00,0.00,0.13,-0.00
00:03:48.052 [TUNER] 1982,1000,-0.00,0.00,0.11,0.00,-0.00,0.00,0.13,-0.00
00:03:48.086 [TUNER] 1983,1000,-0.00,0.00,0.11,0.00,-0.00,0.00,0.13,-0.00
00:03:48.121 [TUNER] 1984,1000,-0.00,0.00,0.11,0.00,-0.00,0.00,0.13,-0.00
00:03:48.122 [TUNER] 1985,1000,-0.00,0.00,0.11,0.00,-0.00,0.00,0.13,-0.00
00:03:48.156 [TUNER] 1986,1000,-0.00,0.00,0.11,0.00,-0.00,0.00,0.13,-0.00
00:03:48.157 [TUNER] 1987,1000,-0.00,0.00,0.11,0.00,-0.00,0.00,0.13,-0.00
00:03:48.193 [TUNER] 1988,1000,-0.00,0.00,0.11,0.00,-0.00,0.00,0.13,-0.00
00:03:48.226 [TUNER] 1989,1000,-0.00,0.00,0.11,0.00,-0.00,0.00,0.13,-0.00
00:03:48.226 [TUNER] 1990,1000,-0.00,0.00,0.11,0.00,-0.00,0.00,0.13,-0.00
00:03:48.261 [TUNER] 1991,1000,-0.00,0.00,0.11,0.00,-0.00,0.00,0.13,-0.00
00:03:48.261 [TUNER] 1992,1000,-0.00,0.00,0.11,0.00,-0.00,0.00,0.13,-0.00
00:03:48.297 [TUNER] 1993,1000,-0.00,0.00,0.11,0.00,-0.00,0.00,0.13,-0.00
00:03:48.297 [TUNER] 1994,1000,-0.00,0.00,0.11,0.00,-0.00,0.00,0.13,-0.00
00:03:48.331 [TUNER] 1995,1000,-0.00,0.00,0.11,0.00,-0.00,0.00,0.13,-0.00
00:03:48.367 [TUNER] 1996,1000,-0.00,0.00,0.11,0.00,-0.00,0.00,0.13,-0.00
00:03:48.368 [TUNER] 1997,1000,-0.00,0.00,0.11,0.00,-0.00,0.00,0.13,-0.00
00:03:48.402 [TUNER] 1998,1000,-0.00,0.00,0.11,0.00,-0.00,0.00,0.13,-0.00
00:03:48.402 [TUNER] 1999,1000,-0.00,0.00,0.11,0.00,-0.00,0.00,0.13,-0.00
00:03:48.436 [TUNER] --- CSV END ---