17:03:35.913 [TLM] --- TELEMETRY START (3251 samples) ---
17:03:35.941 [TLM] Time_ms,Dist_mm,X_mm,Y_mm,Yaw_mrad,Accel_x_mg,Accel_y_mg,VelL_mmps,VelR_mmps,LinePos,PidLine,PidLSet,PidRSet,PidLOut,PidROut,Bat_dv,Markers,F
17:03:35.942 [TLM] Metadata: Line kP: 0.034000, Line kI: 0.000000, Line kD: 0.000340
17:03:35.942 [TLM] 17766,18,18,0,-2,-2,-2,1585,2198,0,-140,1640,1359,4237,-6816,124,32,25
17:03:35.946 [SMA] Transition: [telemetry] -> [full_stop]
17:03:35.946 [TLM] 17776,38,38,0,-9,-9,-9,1566,1580,-4,230,1269,1730,-3748,3986,124,32,25
17:03:35.946 [TLM] 17786,53,53,0,2,2,2,1266,1665,-3,8,1491,1508,4036,-378,124,32,25
17:03:35.976 [TLM] 17796,65,65,0,11,11,11,1756,1212,0,68,1431,1568,-2663,6169,124,32,25
17:03:36.049 [TLM] 17806,82,82,0,20,20,20,1386,1657,0,-107,1607,1392,4955,-1988,124,32,25
17:03:36.049 [TLM] 17816,96,96,0,35,35,35,1576,1425,0,-1,1501,1498,436,3049,124,32,25
17:03:36.049 [TLM] 17826,112,112,1,53,53,53,1403,1624,0,44,1455,1544,2359,-548,124,32,25
17:03:36.049 [TLM] 17836,126,126,2,67,67,67,1438,1522,0,-370,1870,1129,7878,-3885,124,32,25
17:03:36.081 [TLM] 17846,141,141,3,70,70,70,1716,1234,3,-109,1609,1390,3441,1049,124,32,25
17:03:36.081 [TLM] 17856,155,154,4,55,55,55,1318,1575,0,2,1497,1502,3864,1151,124,32,25
17:03:36.115 [TLM] 17866,172,171,4,49,49,49,1559,1368,0,0,1499,1500,-14,2538,124,32,25
17:03:36.116 [TLM] 17876,187,187,5,37,37,37,1686,1398,0,112,1387,1612,-2525,4982,124,32,25
17:03:36.150 [TLM] 17886,202,202,6,27,27,27,1721,1383,0,343,1156,1843,-5743,7905,124,32,25
17:03:36.151 [TLM] 17896,217,217,6,24,24,24,1400,1582,0,388,1111,1888,-2752,6291,124,32,25
17:03:36.185 [TLM] 17906,231,231,6,21,21,21,1524,1398,1,-183,1683,1316,5251,-418,124,32,25
17:03:36.221 [TLM] 17916,247,247,6,10,10,10,1223,1857,-3,176,1323,1676,1965,561,124,32,25
17:03:36.255 [TLM] 17926,260,260,7,18,18,18,1557,1279,0,-117,1617,1382,2624,2643,124,32,25
17:03:36.256 [TLM] 17936,277,277,7,12,12,12,1152,1985,-4,439,1060,1939,-913,2662,124,32,25
17:03:36.258 [TLM] 17946,292,292,7,18,18,18,1398,1520,-4,59,1440,1559,1232,2847,124,32,25
17:03:36.292 [TLM] 17956,307,306,8,27,27,27,1369,1587,-3,-49,1549,1450,3638,338,124,32,25
17:03:36.292 [TLM] 17966,321,321,8,31,31,31,1395,1565,-2,-111,1611,1388,4118,-61,124,32,25
17:03:36.325 [TLM] 17976,337,337,8,34,34,34,1660,1372,0,102,1397,1602,-2160,5087,124,32,25
17:03:36.361 [TLM] 17986,352,352,9,36,36,36,1188,1858,-3,-29,1529,1470,5534,-2874,124,32,25
17:03:36.361 [TLM] 17996,365,364,9,36,36,36,1504,1430,-3,211,1288,1711,-1797,6141,124,32,25
17:03:36.396 [TLM] 18006,382,382,10,41,41,41,1365,1773,-4,277,1222,1777,-1059,2420,124,32,25
17:03:36.399 [TLM] 18016,396,396,11,46,46,46,1459,1440,-2,253,1246,1753,-1568,6179,124,32,25
17:03:36.434 [TLM] 18026,411,411,12,50,50,50,1617,1275,0,-539,2039,960,7754,-2952,124,32,25
17:03:36.434 [TLM] 18036,426,426,12,47,47,47,1409,1601,0,155,1344,1655,631,2918,124,32,25
17:03:36.503 [TLM] 18046,441,441,13,49,49,49,1484,1485,0,30,1469,1530,1391,2585,124,32,25
17:03:36.504 [TLM] 18056,456,456,14,50,50,50,1476,1518,0,-54,1554,1445,2875,858,124,32,25
17:03:36.506 [TLM] 18066,470,470,14,44,44,44,1681,1324,-3,540,959,2040,-8579,12000,124,32,25
17:03:36.573 [TLM] 18076,486,486,15,55,55,55,1247,1587,0,-491,1991,1008,12000,-6946,124,32,25
17:03:36.574 [TLM] 18086,501,501,16,60,60,60,1605,1487,1,-117,1617,1382,2398,608,124,32,25
17:03:36.574 [TLM] 18096,517,516,17,56,56,56,1520,1554,1,-144,1644,1355,3359,-373,124,32,25
17:03:36.574 [TLM] 18106,532,531,18,56,56,56,1542,1552,1,-18,1518,1481,1460,977,124,32,25
17:03:36.606 [TLM] 18116,547,547,19,48,48,48,1478,1664,0,-142,1642,1357,3187,-1620,124,32,25
17:03:36.679 [TLM] 18126,562,562,19,43,43,43,1565,1359,-1,76,1423,1576,-662,4537,124,32,25
17:03:36.679 [TLM] 18136,576,576,20,37,37,37,1331,1751,-1,145,1354,1645,1022,841,124,32,25
17:03:36.679 [TLM] 18146,592,591,20,43,43,43,1593,1309,2,-376,1876,1123,5822,-1562,124,32,25
17:03:36.679 [TLM] 18156,608,607,21,36,36,36,1008,2144,-6,160,1339,1660,4480,-3731,124,32,25
17:03:36.711 [TLM] 18166,622,621,22,46,46,46,2006,798,1,-358,1858,1141,437,4695,124,32,25
17:03:36.887 [TLM] 18176,637,636,22,45,45,45,1108,2017,-4,238,1261,1738,2286,-465,124,32,25
17:03:36.920 [TLM] 18186,652,652,23,69,69,69,1887,1009,0,69,1430,1569,-4887,8534,124,32,25
17:03:36.920 [TLM] 18196,667,666,24,84,84,84,1363,1546,0,-184,1684,1315,5698,-1402,124,32,25
17:03:36.921 [TLM] 18206,680,679,26,93,93,93,1707,1306,3,-218,1718,1281,2250,1003,124,32,25
17:03:36.923 [TLM] 18216,696,695,27,87,87,87,1414,1516,1,-47,1547,1452,3471,920,124,32,25
17:03:36.925 [TLM] 18226,711,710,28,82,82,82,1665,1309,2,46,1453,1546,-1015,4784,124,32,25
17:03:36.925 [TLM] 18236,727,726,29,66,66,66,1522,1626,-1,566,933,2066,-7271,8753,124,32,25
17:03:36.927 [TLM] 18246,742,741,30,66,66,66,1531,1397,0,108,1391,1608,-726,4476,124,32,25
17:03:36.929 [TLM] 18256,757,756,31,51,51,51,1639,1435,0,436,1063,1936,-7336,9330,124,32,25
17:03:36.929 [TLM] 18266,772,771,32,42,42,42,1727,1250,2,-101,1601,1398,-739,3829,124,32,25
17:03:36.932 [TLM] 18276,785,785,33,33,33,33,1549,1395,1,-79,1579,1420,1291,2350,124,32,25
17:03:36.932 [TLM] 18286,801,800,33,30,30,30,1495,1384,0,169,1330,1669,-1217,6078,124,32,25
17:03:37.027 [TLM] 18296,816,815,33,29,29,29,1498,1480,1,-51,1551,1448,1891,2000,124,32,25
17:03:37.062 [TLM] 18306,831,830,34,34,34,34,1395,1585,0,-50,1550,1449,3195,537,124,32,25
17:03:37.097 [TLM] 18316,846,845,35,42,42,42,1374,1638,0,65,1434,1565,2358,1003,124,32,25
17:03:37.101 [TLM] 18326,861,860,35,42,42,42,1428,1583,0,19,1480,1519,2196,1235,124,32,25
17:03:37.101 [TLM] 18336,876,875,36,43,43,43,1522,1435,0,-31,1531,1468,2049,2417,124,32,25
17:03:37.101 [TLM] 18346,890,889,36,42,42,42,1514,1518,0,-13,1513,1486,1886,1563,124,32,25
17:03:37.101 [TLM] 18356,906,905,37,42,42,42,1500,1530,0,-27,1527,1472,2103,1115,124,32,25
17:03:37.130 [TLM] 18366,921,920,38,51,51,51,1445,1550,0,-291,1791,1208,6708,-3096,124,32,25
17:03:37.131 [TLM] 18376,936,935,39,53,53,53,1693,1222,2,-266,1766,1233,2828,1738,124,32,25
17:03:37.131 [TLM] 18386,951,950,39,46,46,46,1940,1126,4,-179,1679,1320,-1478,4121,124,32,25
17:03:37.204 [TLM] 18396,966,965,40,36,36,36,1339,1683,0,-29,1529,1470,3575,-443,124,32,25
17:03:37.235 [TLM] 18406,981,980,41,36,36,36,1538,1444,1,-68,1568,1431,1970,1580,124,32,25
17:03:37.237 [TLM] 18416,995,994,41,25,25,25,1606,1345,-1,484,1015,1984,-7630,11356,124,32,25
17:03:37.238 [TLM] 18426,1012,1010,41,35,35,35,1446,1518,0,-380,1880,1119,7129,-3566,124,32,25
17:03:37.239 [TLM] 18436,1026,1025,42,45,45,45,1422,1531,2,-197,1697,1302,4995,-1171,124,32,25
17:03:37.307 [TLM] 18446,1041,1040,43,44,44,44,1875,1048,5,238,1261,1738,-6122,10445,124,32,25
17:03:37.308 [TLM] 18456,1057,1056,43,35,35,35,1292,1897,0,-110,1610,1389,5642,-4929,124,32,25
17:03:37.342 [TLM] 18466,1072,1070,44,33,33,33,1723,1305,1,100,1399,1600,-2920,5543,124,32,25
17:03:37.342 [TLM] 18476,1086,1085,44,38,38,38,1455,1416,1,-382,1882,1117,7069,-2722,124,32,25
17:03:37.343 [TLM] 18486,1100,1099,45,39,39,39,1612,1419,0,93,1406,1593,-1505,4056,124,32,25
17:03:37.378 [TLM] 18496,1116,1115,46,43,43,43,1605,1323,5,-751,2251,748,11431,-7237,124,32,25
17:03:37.379 [TLM] 18506,1132,1131,46,29,29,29,1329,1776,0,-1,1501,1498,3186,-1666,124,32,25
17:03:37.411 [TLM] 18516,1145,1144,47,28,28,28,1532,1253,0,1,1498,1501,1237,4894,124,32,25
17:03:37.412 [TLM] 18526,1161,1159,47,26,26,26,1470,1515,0,-9,1509,1490,2227,1659,124,32,25
17:03:37.445 [TLM] 18536,1176,1175,47,26,26,26,1430,1595,0,436,1063,1936,-3622,6836,124,32,25
17:03:37.480 [TLM] 18546,1190,1189,48,24,24,24,1564,1382,0,31,1468,1531,129,4476,124,32,25
17:03:37.480 [TLM] 18556,1205,1203,48,31,31,31,1517,1545,0,-144,1644,1355,3468,-514,124,32,25
17:03:37.520 [TLM] 18566,1221,1220,49,30,30,30,1919,1239,1,20,1479,1520,-4221,5723,124,32,25
17:03:37.521 [TLM] 18576,1237,1235,49,28,28,28,1352,1710,0,4,1495,1504,2888,-638,124,32,25
17:03:37.552 [TLM] 18586,1252,1251,50,31,31,31,1691,1450,1,-132,1632,1367,341,972,124,32,25
17:03:37.553 [TLM] 18596,1266,1265,50,31,31,31,1348,1565,1,-445,1945,1054,9311,-5154,124,32,25
17:03:37.586 [TLM] 18606,1281,1279,50,27,27,27,1735,1140,1,391,1108,1891,-7094,12000,124,32,25
17:03:37.620 [TLM] 18616,1296,1295,51,15,15,15,1303,1692,0,0,1500,1499,4076,-404,124,32,25
17:03:37.659 [TLM] 18626,1310,1308,51,6,6,6,1724,1240,2,-130,1630,1369,574,3481,124,32,25
17:03:37.661 [TLM] 18636,1326,1325,51,-8,-8,-8,1627,1400,1,170,1329,1670,-2563,5995,124,32,25
17:03:37.662 [TLM] 18646,1342,1340,51,-17,-17,-17,1473,1604,-2,23,1476,1523,536,1942,124,32,25
17:03:37.691 [TLM] 18656,1356,1355,50,-9,-9,-9,1405,1566,0,-50,1550,1449,3123,637,124,32,25
17:03:37.763 [TLM] 18666,1371,1370,50,-2,-2,-2,1210,1742,0,3,1496,1503,5075,-847,124,32,25
17:03:37.763 [TLM] 18676,1386,1384,50,6,6,6,1462,1371,0,-1,1501,1498,2245,3745,124,32,25
17:03:37.764 [TLM] 18686,1401,1400,50,10,10,10,1531,1517,0,0,1500,1499,1431,1796,124,32,25
17:03:37.764 [TLM] 18696,1415,1414,51,13,13,13,1544,1532,0,0,1499,1500,1309,1568,124,32,25
17:03:37.797 [TLM] 18706,1432,1431,51,18,18,18,1477,1640,-1,587,912,2087,-6164,8056,124,32,25
17:03:37.798 [TLM] 18716,1446,1445,51,26,26,26,1602,1336,0,-15,1515,1484,919,3369,124,32,25
17:03:37.832 [TLM] 18726,1461,1460,52,28,28,28,1468,1567,0,-258,1758,1241,5809,-2447,124,32,25
17:03:37.833 [TLM] 18736,1476,1475,52,36,36,36,1408,1541,0,0,1499,1500,3019,1324,124,32,25
17:03:37.867 [TLM] 18746,1491,1490,53,40,40,40,1565,1350,1,-186,1686,1313,3857,815,124,32,25
17:03:37.902 [TLM] 18756,1506,1505,53,31,31,31,1516,1534,2,-185,1685,1314,4580,-1512,124,32,25
17:03:37.937 [TLM] 18766,1520,1519,54,24,24,24,1486,1528,-2,114,1385,1614,-88,3468,124,32,25
17:03:37.971 [TLM] 18776,1536,1535,54,30,30,30,1565,1405,0,-39,1539,1460,1536,2366,124,32,25
17:03:37.972 [TLM] 18786,1552,1550,55,29,29,29,1543,1575,0,-74,1574,1425,2302,-167,124,32,25
17:03:37.973 [TLM] 18796,1566,1565,55,27,27,27,1490,1569,2,-241,1741,1258,5677,-2709,124,32,25
17:03:37.974 [TLM] 18806,1581,1580,55,18,18,18,1535,1440,1,40,1459,1540,976,2834,124,32,25
17:03:38.006 [TLM] 18816,1597,1596,56,8,8,8,1362,1658,-4,309,1190,1809,-1699,4625,124,32,25
17:03:38.041 [TLM] 18826,1612,1611,56,18,18,18,1458,1533,-1,-71,1571,1428,2703,182,124,32,25
17:03:38.042 [TLM] 18836,1626,1624,56,21,21,21,1591,1474,0,407,1092,1907,-5547,7715,124,32,25
17:03:38.077 [TLM] 18846,1642,1640,56,28,28,28,1480,1448,-1,284,1215,1784,-2435,6372,124,32,25
17:03:38.077 [TLM] 18856,1657,1656,57,34,34,34,1399,1657,0,0,1500,1499,2741,-93,124,32,25
17:03:38.112 [TLM] 18866,1672,1670,57,40,40,40,1396,1557,-1,-25,1525,1474,3081,848,124,32,25
17:03:38.113 [TLM] 18876,1687,1686,58,41,41,41,1418,1635,-1,352,1147,1852,-2700,5205,124,32,25
17:03:38.146 [TLM] 18886,1702,1700,59,39,39,39,1590,1295,0,212,1287,1712,-2874,7459,124,32,25
17:03:38.183 [TLM] 18896,1717,1716,59,34,34,34,1532,1525,0,1,1498,1501,752,1686,124,32,25
17:03:38.217 [TLM] 18906,1730,1729,60,38,38,38,1450,1494,0,-2,1502,1497,2207,1795,124,32,25
17:03:38.217 [TLM] 18916,1747,1745,60,44,44,44,1490,1581,-1,439,1060,1939,-4394,6773,124,32,25
17:03:38.219 [TLM] 18926,1761,1760,61,50,50,50,1434,1483,-1,16,1483,1516,2291,2298,124,32,25
17:03:38.252 [TLM] 18936,1776,1775,62,51,51,51,1773,1225,1,-56,1556,1443,-970,4504,124,32,25
17:03:38.254 [TLM] 18946,1792,1790,63,55,55,55,1546,1443,0,306,1193,1806,-3127,40,114,32,25
17:03:38.287 [TLM] 18956,1806,1805,63,42,42,42,1576,1414,1,99,1400,1599,-521,4099,114,32,25
17:03:38.321 [TLM] 18966,1820,1819,64,27,27,27,1663,1325,1,-145,1645,1354,1581,1960,114,32,25
17:03:38.322 [TLM] 18976,1836,1834,64,16,16,16,1531,1539,1,-181,1681,1318,3797,-1435,114,32,25
17:03:38.357 [TLM] 18986,1850,1849,64,9,9,9,1497,1601,-1,239,1260,1739,-1993,4078,114,32,25
17:03:38.359 [TLM] 18996,1865,1864,65,8,8,8,1496,1478,0,290,1209,1790,-2086,5481,114,32,25
17:03:38.392 [TLM] 19006,1880,1878,65,7,7,7,1476,1427,0,-98,1598,1401,3587,853,114,32,25
17:03:38.392 [TLM] 19016,1897,1895,65,0,0,0,1547,1426,0,157,1342,1657,-868,4418,114,32,25
17:03:38.427 [TLM] 19026,1912,1911,65,-4,-4,-4,1265,1828,-3,220,1279,1720,-55,1568,114,32,25
17:03:38.461 [TLM] 19036,1927,1926,65,2,2,2,1771,1262,0,41,1458,1541,-2338,4594,114,32,25
17:03:38.462 [TLM] 19046,1941,1940,65,-1,-1,-1,1086,2029,-4,160,1339,1660,3927,-2769,114,32,25
17:03:38.499 [TLM] 19056,1955,1953,65,12,12,12,1998,832,0,152,1347,1652,-6869,12000,114,32,25
17:03:38.500 [TLM] 19066,1971,1970,65,18,18,18,996,2072,-1,-268,1768,1231,11287,-8954,114,32,25
17:03:38.532 [TLM] 19076,1985,1984,65,28,28,28,1782,1161,0,234,1265,1734,-5683,9575,114,32,25
17:03:38.533 [TLM] 19086,2002,2001,66,27,27,27,1419,1553,0,-100,1600,1399,2765,847,114,32,25
17:03:38.604 [TLM] 19096,2016,2015,66,34,34,34,1339,1488,0,-197,1697,1302,6697,-1154,114,32,25
17:03:38.604 [TLM] 19106,2032,2030,67,26,26,26,1610,1452,0,-84,1584,1415,1606,2879,114,32,25
17:03:38.604 [TLM] 19116,2047,2045,67,25,25,25,1419,1917,0,-12,1512,1487,2206,-3590,114,32,25
17:03:38.636 [TLM] 19126,2061,2059,67,27,27,27,1495,1473,-3,502,997,2002,-6145,9212,114,32,25
17:03:38.637 [TLM] 19136,2076,2074,68,39,39,39,1570,1291,1,-122,1622,1377,2495,1794,114,32,25
17:03:38.671 [TLM] 19146,2090,2089,69,33,33,33,1573,1394,1,142,1357,1642,-1764,5173,114,32,25
17:03:38.708 [TLM] 19156,2107,2105,69,31,31,31,1389,1498,0,-187,1687,1312,5156,-736,114,32,25
17:03:38.708 [TLM] 19166,2122,2120,69,31,31,31,1481,1539,-2,386,1113,1886,-3596,6522,114,32,25
17:03:38.779 [TLM] 19176,2136,2134,70,42,42,42,1425,1572,-1,-199,1699,1300,5152,-2376,114,32,25
17:03:38.780 [TLM] 19186,2151,2149,71,38,38,38,1446,1558,-1,388,1111,1888,-3336,6092,114,32,25
17:03:38.780 [TLM] 19196,2165,2163,71,40,40,40,1372,1509,0,-510,2010,989,10348,-5784,114,32,25
17:03:38.780 [TLM] 19206,2180,2178,72,32,32,32,1207,1822,-3,287,1212,1787,558,2284,114,32,25
17:03:38.814 [TLM] 19216,2195,2193,72,34,34,34,1670,1215,-1,33,1466,1533,-816,5362,114,32,25
17:03:38.814 [TLM] 19226,2211,2209,73,27,27,27,1291,1603,-2,256,1243,1756,-298,6065,114,32,25
17:03:38.885 [TLM] 19236,2226,2224,73,33,33,33,1496,1356,0,-490,1990,1009,8594,-3493,114,32,25
17:03:38.886 [TLM] 19246,2242,2240,74,22,22,22,1266,1826,-5,928,571,2428,-9428,11274,114,32,25
17:03:38.887 [TLM] 19256,2255,2254,74,24,24,24,1593,1296,-1,80,1419,1580,-1117,5494,114,32,25
17:03:38.917 [TLM] 19266,2271,2269,74,20,20,20,1164,1984,-5,199,1300,1699,1725,-461,114,32,25
17:03:38.952 [TLM] 19276,2285,2283,75,36,36,36,1905,910,1,-384,1884,1115,1275,4024,114,32,25
17:03:38.953 [TLM] 19286,2302,2300,75,41,41,41,1282,2038,0,-173,1673,1326,5405,-6569,114,32,25
17:03:38.955 [TLM] 19296,2318,2316,76,63,63,63,1298,1587,-1,-186,1686,1313,5759,-1697,114,32,25
17:03:38.987 [TLM] 19306,2332,2331,77,78,78,78,1423,1474,2,-387,1887,1112,8172,-3823,114,32,25
17:03:39.024 [TLM] 19316,2348,2346,78,64,64,64,1733,1336,2,-126,1626,1373,-314,2301,114,32,25
17:03:39.024 [TLM] 19326,2362,2360,79,56,56,56,1573,1422,1,7,1492,1507,395,2422,114,32,25
17:03:39.056 [TLM] 19336,2377,2375,80,43,43,43,1504,1385,2,-119,1619,1380,3308,1353,114,32,25
17:03:39.057 [TLM] 19346,2392,2391,80,37,37,37,1512,1585,2,-93,1593,1406,3263,-1146,114,32,25
17:03:39.090 [TLM] 19356,2407,2406,81,30,30,30,1609,1426,0,100,1399,1600,-1356,4014,114,32,25
17:03:39.091 [TLM] 19366,2422,2420,81,34,34,34,1496,1476,1,-57,1557,1442,3824,-1198,114,32,25
17:03:39.126 [TLM] 19376,2437,2435,82,26,26,26,1563,1351,1,-109,1609,1390,2191,2248,114,32,25
17:03:39.162 [TLM] 19386,2453,2451,82,19,19,19,1317,1766,0,151,1348,1651,1322,-26,114,32,25
17:03:39.233 [TLM] 19396,2465,2464,82,21,21,21,1480,1420,0,0,1499,1500,1763,2818,114,32,25
17:03:39.233 [TLM] 19406,2481,2479,83,19,19,19,1491,1538,-1,4,1495,1504,1590,1336,114,32,25
17:03:39.233 [TLM] 19416,2496,2494,83,20,20,20,1484,1531,-1,228,1271,1728,-1715,4623,114,32,25
17:03:39.234 [TLM] 19426,2510,2509,83,26,26,26,1701,1320,0,-665,2165,834,8253,-5066,114,32,25
17:03:39.235 [TLM] 19436,2527,2525,84,23,23,23,1417,1600,0,208,1291,1708,-918,3982,114,32,25
17:03:39.265 [TLM] 19446,2542,2540,84,30,30,30,1498,1493,0,-8,1508,1491,1746,1516,114,32,25
17:03:39.302 [TLM] 19456,2557,2555,85,28,28,28,1549,1501,1,-164,1664,1335,3305,-481,114,32,25
17:03:39.302 [TLM] 19466,2571,2569,85,24,24,24,1424,1654,0,9,1490,1509,2197,242,114,32,25
17:03:39.338 [TLM] 19476,2586,2584,85,24,24,24,1621,1309,2,259,1240,1759,-3550,7537,114,32,25
17:03:39.339 [TLM] 19486,2601,2599,86,15,15,15,1360,1749,0,-89,1589,1410,4354,-2672,114,32,25
17:03:39.374 [TLM] 19496,2616,2614,86,12,12,12,1495,1604,-3,177,1322,1677,-1934,3527,114,32,25
17:03:39.375 [TLM] 19506,2632,2630,86,15,15,15,1672,1168,1,-241,1741,1258,3505,1635,114,32,25
17:03:39.406 [TLM] 19516,2646,2644,86,16,16,16,954,1968,-3,-46,1546,1453,8609,-3814,114,32,25
17:03:39.443 [TLM] 19526,2662,2660,87,29,29,29,1956,1146,0,-8,1508,1491,-3594,7202,114,32,25
17:03:39.443 [TLM] 19536,2676,2674,87,40,40,40,1391,1718,0,298,1201,1798,-2276,3697,114,32,25
17:03:39.476 [TLM] 19546,2690,2688,88,61,61,61,1424,1532,0,-207,1707,1292,4675,-1253,114,16416,25
17:03:39.477 [TLM] 19556,2705,2703,89,75,75,75,1465,1538,0,-136,1636,1363,3602,-582,114,16416,25
17:03:39.511 [TLM] 19566,2720,2718,90,73,73,73,1529,1539,0,101,1398,1601,-829,2975,114,160,25
17:03:39.512 [TLM] 19576,2737,2735,91,72,72,72,1531,1450,0,1,1498,1501,797,2468,114,160,25
17:03:39.546 [TLM] 19586,2752,2750,92,71,71,71,1519,1503,0,-142,1642,1357,3078,-379,114,160,25
17:03:39.582 [TLM] 19596,2765,2763,93,72,72,72,1448,1440,-5,696,803,2196,-8722,12000,114,160,25
17:03:39.584 [TLM] 19606,2780,2778,95,80,80,80,1373,1572,-4,230,1269,1730,-661,4198,114,160,25
17:03:39.617 [TLM] 19616,2795,2793,96,88,88,88,1198,1787,-4,29,1470,1529,4310,-1073,114,160,25
17:03:39.618 [TLM] 19626,2810,2808,97,108,108,108,902,2252,-10,538,961,2038,193,773,114,160,25
17:03:39.651 [TLM] 19636,2824,2822,99,145,145,145,983,1953,-12,436,1063,1936,1564,2443,114,160,25
17:03:39.687 [TLM] 19646,2841,2838,102,178,178,178,1221,1780,-11,628,871,2128,-3838,7724,114,160,25
17:03:39.688 [TLM] 19656,2857,2854,105,212,212,212,610,2597,-16,424,1075,1924,6028,-6260,114,160,25
17:03:39.722 [TLM] 19666,2871,2868,108,251,251,251,1074,1903,-16,499,1000,1999,-427,3800,114,160,25
17:03:39.722 [TLM] 19676,2884,2880,112,292,292,292,406,2308,-25,788,711,2288,2960,3576,114,160,25
17:03:39.756 [TLM] 19686,2901,2896,117,370,370,370,788,2326,-22,709,790,2209,-577,1661,114,160,25
17:03:39.758 [TLM] 19696,2915,2909,123,449,449,449,970,1994,-14,195,1304,1695,5544,-2093,114,160,25
17:03:39.832 [TLM] 19706,2929,2921,130,512,512,512,868,1895,-17,535,964,2035,1485,4746,114,160,25
17:03:39.833 [TLM] 19716,2947,2937,139,596,596,596,626,2601,-19,537,962,2037,4240,-4338,114,160,25
17:03:39.833 [TLM] 19726,2961,2948,147,672,672,672,841,2002,-19,650,849,2150,-303,4905,114,160,25
17:03:39.862 [TLM] 19736,2976,2959,157,745,745,745,860,2099,-13,221,1278,1721,6970,-3312,114,160,25
17:03:39.863 [TLM] 19746,2989,2969,167,809,809,809,904,1887,-14,188,1311,1688,6900,-520,114,160,25
17:03:39.898 [TLM] 19756,3005,2979,178,873,873,873,1320,1830,-14,445,1054,1945,-2630,4594,114,160,25
17:03:40.003 [TLM] 19766,3020,2988,190,937,937,937,1065,1858,-9,4,1495,1504,7506,-3005,114,160,25
17:03:40.004 [TLM] 19776,3035,2997,202,978,978,978,1014,1980,-14,667,832,2167,-2089,5735,114,160,25
17:03:40.004 [TLM] 19786,3051,3005,216,1037,1037,1037,1104,1802,-14,706,793,2206,-3183,8077,114,160,25
17:03:40.006 [TLM] 19796,3064,3012,227,1080,1080,1080,1209,1677,-11,309,1190,1809,1481,4180,114,160,25
17:03:40.007 [TLM] 19806,3080,3019,242,1136,1136,1136,707,2525,-14,251,1248,1751,7795,-6769,114,160,25
17:03:40.008 [TLM] 19816,3094,3024,255,1197,1197,1197,1179,1569,-12,437,1062,1937,-863,7803,114,160,25
17:03:40.036 [TLM] 19826,3109,3029,269,1257,1257,1257,1092,2005,-12,434,1065,1934,983,2040,114,160,25
17:03:40.037 [TLM] 19836,3124,3033,283,1317,1317,1317,1057,1939,-12,435,1064,1935,1485,2808,114,160,25
17:03:40.071 [TLM] 19846,3140,3037,299,1377,1377,1377,997,2109,-11,339,1160,1839,3698,-1126,114,160,25
17:03:40.072 [TLM] 19856,3156,3039,315,1426,1426,1426,1267,1767,-8,641,858,2141,-5605,8717,114,16544,25
17:03:40.143 [TLM] 19866,3171,3041,330,1461,1461,1461,978,2275,-12,431,1068,1931,2420,-2518,114,288,25
17:03:40.178 [TLM] 19876,3186,3042,345,1501,1501,1501,1240,1683,-9,230,1269,1730,2237,2246,114,288,25
17:03:40.180 [TLM] 19886,3200,3043,358,1530,1530,1530,1180,1830,-10,243,1256,1743,2718,838,114,288,25
17:03:40.180 [TLM] 19896,3216,3043,375,1567,1567,1567,1278,1778,-7,-10,1510,1489,5298,-2521,114,288,25
17:03:40.182 [TLM] 19906,3229,3043,388,1590,1590,1590,1472,1489,-3,586,913,2086,-5145,9275,114,288,25
17:03:40.211 [TLM] 19916,3245,3043,404,1602,1602,1602,1186,1987,-3,-327,1827,1172,11100,-10046,114,288,25
17:03:40.213 [TLM] 19926,3261,3042,419,1613,1613,1613,1302,1566,-5,393,1106,1893,-1787,6893,114,288,25
17:03:40.318 [TLM] 19936,3274,3042,433,1633,1633,1633,1517,1339,-5,247,1252,1747,-2211,7819,114,288,25
17:03:40.318 [TLM] 19946,3289,3040,448,1653,1653,1653,967,1863,-5,91,1408,1591,7301,-1176,114,288,25
17:03:40.321 [TLM] 19956,3305,3039,463,1670,1670,1670,1781,1410,0,-9,1509,1490,-1100,2874,114,288,25
17:03:40.325 [TLM] 19966,3320,3037,478,1671,1671,1671,1322,1737,0,-222,1722,1277,7188,-4338,114,288,25
17:03:40.326 [TLM] 19976,3336,3036,494,1675,1675,1675,1780,1386,0,-48,1548,1451,-1672,2440,114,288,25
17:03:40.352 [TLM] 19986,3351,3034,509,1684,1684,1684,1318,1581,0,260,1239,1760,-240,4037,114,288,25
17:03:40.352 [TLM] 19996,3366,3032,524,1697,1697,1697,1433,1437,0,131,1368,1631,586,4072,114,288,25
17:03:40.389 [TLM] 20006,3380,3031,537,1703,1703,1703,1578,1341,4,-617,2117,882,10154,-5636,114,288,25
17:03:40.425 [TLM] 20016,3396,3029,554,1683,1683,1683,1385,1638,1,-50,1550,1449,3277,-285,114,288,25
17:03:40.458 [TLM] 20026,3409,3027,567,1675,1675,1675,1735,1047,2,-85,1585,1414,189,5928,114,288,25
17:03:40.458 [TLM] 20036,3428,3025,586,1655,1655,1655,1461,1820,0,0,1500,1499,1437,-2285,114,288,25
17:03:40.530 [TLM] 20046,3440,3024,598,1652,1652,1652,1438,1388,0,210,1289,1710,-1021,5794,114,288,25
17:03:40.530 [TLM] 20056,3457,3023,614,1643,1643,1643,1471,1425,0,-87,1587,1412,2968,1221,114,288,25
17:03:40.530 [TLM] 20066,3471,3022,629,1637,1637,1637,1560,1349,1,-89,1589,1410,2387,2204,114,288,25
17:03:40.531 [TLM] 20076,3485,3021,643,1627,1627,1627,1563,1478,1,-47,1547,1452,1317,1436,114,288,25
17:03:40.600 [TLM] 20086,3500,3021,657,1623,1623,1623,1564,1486,0,43,1456,1543,169,2621,114,288,25
17:03:40.602 [TLM] 20096,3515,3020,672,1619,1619,1619,1551,1360,-1,578,921,2078,-7368,11808,114,288,25
17:03:40.603 [TLM] 20106,3530,3019,687,1626,1626,1626,1429,1720,3,-1022,2522,477,12000,-12000,114,288,25
17:03:40.603 [TLM] 20116,3546,3018,704,1620,1620,1620,1840,1294,0,188,1311,1688,-5737,7547,114,288,25
17:03:40.632 [TLM] 20126,3560,3017,717,1621,1621,1621,1506,1418,2,-215,1715,1284,4996,-671,114,288,25
17:03:40.667 [TLM] 20136,3577,3017,734,1610,1610,1610,1521,1509,1,-2,1502,1497,1221,1596,114,288,25
17:03:40.668 [TLM] 20146,3590,3016,747,1608,1608,1608,1502,1551,0,38,1461,1538,734,1781,114,288,25
17:03:40.704 [TLM] 20156,3607,3016,764,1608,1608,1608,1479,1552,0,-21,1521,1478,1672,1028,114,288,25
17:03:40.705 [TLM] 20166,3620,3015,777,1612,1612,1612,1453,1540,0,-78,1578,1421,3076,308,114,288,25
17:03:40.737 [TLM] 20176,3637,3014,794,1612,1612,1612,1541,1490,0,-74,1574,1425,1868,971,114,288,25
17:03:40.738 [TLM] 20186,3650,3014,807,1611,1611,1611,1610,1395,1,-139,1639,1360,2343,993,114,288,25
17:03:40.770 [TLM] 20196,3667,3013,824,1604,1604,1604,1563,1463,1,-31,1531,1468,1201,1750,114,288,25
17:03:40.771 [TLM] 20206,3682,3013,839,1601,1601,1601,1515,1485,0,28,1471,1528,1202,2547,114,288,25
17:03:40.808 [TLM] 20216,3695,3012,852,1600,1600,1600,1530,1451,0,-180,1680,1319,3454,-87,114,288,25
17:03:40.842 [TLM] 20226,3710,3012,868,1597,1597,1597,1477,1568,0,267,1232,1767,-2167,4717,114,288,25
17:03:40.842 [TLM] 20236,3725,3011,883,1595,1595,1595,1528,1557,0,-1,1501,1498,1068,1020,114,288,25
17:03:40.879 [TLM] 20246,3740,3011,897,1595,1595,1595,1592,1401,0,0,1499,1500,401,2984,114,288,25
17:03:40.913 [TLM] 20256,3756,3011,913,1594,1594,1594,1473,1502,0,-2,1502,1497,1953,1695,114,288,25
17:03:40.916 [TLM] 20266,3770,3010,927,1595,1595,1595,1489,1536,0,0,1499,1500,1659,1270,114,288,25
17:03:40.917 [TLM] 20276,3787,3010,944,1595,1595,1595,1366,1611,0,48,1451,1548,2558,895,114,288,25
17:03:40.946 [TLM] 20286,3800,3010,957,1601,1601,1601,1474,1576,2,-117,1617,1382,3923,-1390,114,288,25
17:03:41.020 [TLM] 20296,3816,3009,974,1590,1590,1590,1512,1448,1,92,1407,1592,193,3292,114,288,25
17:03:41.021 [TLM] 20306,3831,3009,988,1585,1585,1585,1503,1590,0,149,1350,1649,-703,2479,114,288,25
17:03:41.021 [TLM] 20316,3846,3009,1003,1578,1578,1578,1614,1295,0,-164,1664,1335,2292,2085,114,288,25
17:03:41.022 [TLM] 20326,3861,3009,1018,1571,1571,1571,1474,1600,-1,-141,1641,1358,3338,-1445,114,288,25
17:03:41.053 [TLM] 20336,3877,3009,1034,1570,1570,1570,1483,1518,-1,145,1354,1645,-826,3651,114,288,25
17:03:41.055 [TLM] 20346,3891,3009,1049,1575,1575,1575,1450,1498,-1,79,1420,1579,1862,1563,114,288,25
17:03:41.123 [TLM] 20356,3905,3009,1062,1576,1576,1576,1322,1547,-2,231,1268,1731,-55,4841,114,288,25
17:03:41.194 [TLM] 20366,3920,3008,1077,1587,1587,1587,1685,1358,0,-15,1515,1484,-777,3336,114,288,25
17:03:41.195 [TLM] 20376,3935,3008,1092,1595,1595,1595,1394,1601,0,-2,1502,1497,2657,581,114,288,25
17:03:41.196 [TLM] 20386,3950,3008,1107,1602,1602,1602,1483,1529,0,0,1500,1499,1665,1496,114,288,25
17:03:41.196 [TLM] 20396,3966,3007,1123,1607,1607,1607,1459,1478,0,-33,1533,1466,2605,1569,114,288,25
17:03:41.197 [TLM] 20406,3980,3007,1137,1609,1609,1609,1409,1545,1,-335,1835,1164,7788,-3798,114,288,25
17:03:41.198 [TLM] 20416,3996,3006,1154,1604,1604,1604,1410,1584,0,130,1369,1630,556,2653,114,288,25
17:03:41.226 [TLM] 20426,4010,3006,1167,1606,1606,1606,1545,1474,0,3,1496,1503,879,2049,114,288,25
17:03:41.299 [TLM] 20436,4026,3005,1183,1602,1602,1602,1525,1503,0,-4,1504,1495,1275,1613,114,16672,25
17:03:41.299 [TLM] 20446,4040,3005,1197,1600,1600,1600,1526,1515,-4,1281,218,2781,-12000,12000,114,16672,25
17:03:41.299 [TLM] 20456,4054,3004,1212,1618,1618,1618,1368,1583,-1,-313,1813,1186,7872,-3868,114,416,25
17:03:41.300 [TLM] 20466,4070,3003,1227,1634,1634,1634,1733,1449,0,-170,1670,1329,398,831,114,416,25
17:03:41.404 [TLM] 20476,4086,3002,1243,1666,1666,1666,1419,1656,0,-98,1598,1401,3764,-1540,114,416,25
17:03:41.404 [TLM] 20486,4101,3000,1258,1681,1681,1681,1515,1427,1,3,1496,1503,1244,2632,114,416,25
17:03:41.436 [TLM] 20496,4115,2999,1271,1689,1689,1689,1456,1543,0,1,1498,1501,2024,1136,114,416,25
17:03:41.439 [TLM] 20506,4130,2997,1287,1693,1693,1693,1613,1576,0,-117,1617,1382,1471,-780,114,416,25
17:03:41.440 [TLM] 20516,4144,2995,1301,1697,1697,1697,1557,1380,0,230,1269,1730,-2509,6477,114,416,25
17:03:41.443 [TLM] 20526,4160,2993,1316,1701,1701,1701,1495,1575,0,0,1500,1499,1636,552,114,416,25
17:03:41.445 [TLM] 20536,4174,2991,1331,1707,1707,1707,1399,1542,-1,110,1389,1610,1190,2761,114,416,25
17:03:41.471 [TLM] 20546,4190,2989,1346,1717,1717,1717,1373,1661,-3,145,1354,1645,885,1641,114,416,25
17:03:41.472 [TLM] 20556,4206,2986,1362,1733,1733,1733,1309,1683,-5,324,1175,1824,-1216,4270,114,416,25
17:03:41.543 [TLM] 20566,4220,2984,1376,1751,1751,1751,1401,1539,-6,366,1133,1866,-2898,6392,114,416,25
17:03:41.544 [TLM] 20576,4236,2981,1391,1779,1779,1779,1242,1659,-7,526,973,2026,-3068,7318,114,416,25
17:03:41.544 [TLM] 20586,4249,2978,1404,1797,1797,1797,1380,1460,-5,-115,1615,1384,4020,1570,114,416,25
17:03:41.578 [TLM] 20596,4267,2974,1421,1822,1822,1822,1318,1956,-6,380,1119,1880,-2324,2151,114,416,25
17:03:41.579 [TLM] 20606,4280,2970,1434,1849,1849,1849,1304,1650,-5,217,1282,1717,218,3226,114,416,25
17:03:41.611 [TLM] 20616,4296,2966,1449,1878,1878,1878,1388,1515,-3,104,1395,1604,1289,2968,114,416,25
17:03:41.687 [TLM] 20626,4311,2961,1464,1905,1905,1905,1343,1685,-4,139,1360,1639,1868,837,114,416,25
17:03:41.687 [TLM] 20636,4326,2956,1478,1925,1925,1925,1324,1573,-4,255,1244,1755,332,4059,114,416,25
17:03:41.687 [TLM] 20646,4340,2951,1491,1951,1951,1951,1254,1878,-5,466,1033,1966,-1697,3156,114,416,25
17:03:41.690 [TLM] 20656,4354,2945,1504,1981,1981,1981,1325,1586,-5,116,1383,1616,2509,1871,114,416,25
17:03:41.716 [TLM] 20666,4370,2939,1518,2005,2005,2005,1109,1897,-7,263,1236,1763,2708,313,114,416,25
17:03:41.716 [TLM] 20676,4386,2932,1533,2039,2039,2039,1399,1593,-6,221,1278,1721,-237,3460,114,416,25
17:03:41.753 [TLM] 20686,4400,2925,1545,2064,2064,2064,1357,1686,-5,148,1351,1648,1240,1369,114,416,25
17:03:41.753 [TLM] 20696,4416,2917,1559,2094,2094,2094,1334,1685,-5,243,1256,1743,181,2765,114,416,25
17:03:41.786 [TLM] 20706,4430,2910,1571,2122,2122,2122,1308,1726,-5,137,1362,1637,1911,609,114,416,25
17:03:41.822 [TLM] 20716,4446,2902,1584,2147,2147,2147,1372,1633,-5,249,1250,1749,-879,3936,114,416,25
17:03:41.822 [TLM] 20726,4460,2893,1596,2179,2179,2179,1124,2071,-6,-57,1557,1442,6844,-6499,114,416,25
17:03:41.856 [TLM] 20736,4474,2885,1608,2211,2211,2211,1307,1606,-5,363,1136,1863,-1517,5391,114,416,25
17:03:41.894 [TLM] 20746,4491,2875,1621,2241,2241,2241,1517,1439,-4,-84,1584,1415,2598,943,114,416,25
17:03:41.894 [TLM] 20756,4505,2866,1632,2262,2262,2262,1204,1767,-5,291,1208,1791,1433,2243,114,416,25
17:03:41.894 [TLM] 20766,4521,2856,1644,2289,2289,2289,1251,1754,-6,220,1279,1720,1724,1377,114,416,25
17:03:41.927 [TLM] 20776,4534,2847,1653,2313,2313,2313,1533,1372,-5,-5,1505,1494,1521,3003,114,416,25
17:03:41.998 [TLM] 20786,4549,2837,1665,2326,2326,2326,1315,1774,-8,1021,478,2521,-11330,12000,114,416,25
17:03:41.998 [TLM] 20796,4565,2826,1676,2362,2362,2362,1643,1305,-4,132,1367,1632,-2529,5875,114,416,25
17:03:41.999 [TLM] 20806,4579,2815,1686,2389,2389,2389,1116,1849,-4,98,1401,1598,4418,-956,114,416,25
17:03:42.000 [TLM] 20816,4595,2804,1697,2408,2408,2408,1370,1480,-3,151,1348,1651,931,4294,114,416,25
17:03:42.034 [TLM] 20826,4610,2792,1707,2414,2414,2414,1080,2205,-10,813,686,2313,-5259,4779,114,416,25
17:03:42.034 [TLM] 20836,4626,2780,1717,2439,2439,2439,1147,1702,-10,236,1263,1736,2306,2045,114,416,25
17:03:42.067 [TLM] 20846,4640,2770,1726,2462,2462,2462,1244,1615,-7,-128,1628,1371,6626,-1968,114,416,25
17:03:42.103 [TLM] 20856,4656,2757,1736,2485,2485,2485,1105,1954,-8,239,1260,1739,2979,-557,114,416,25
17:03:42.137 [TLM] 20866,4669,2747,1744,2511,2511,2511,1425,1430,-6,104,1395,1604,1265,3723,114,416,25
17:03:42.137 [TLM] 20876,4686,2733,1753,2533,2533,2533,988,2068,-7,-15,1515,1484,8299,-5631,114,416,25
17:03:42.138 [TLM] 20886,4699,2722,1761,2553,2553,2553,1341,1634,-9,705,794,2205,-7071,10371,114,416,25
17:03:42.171 [TLM] 20896,4715,2708,1769,2599,2599,2599,1143,1812,-6,100,1399,1600,4893,-976,114,416,25
17:03:42.172 [TLM] 20906,4731,2694,1777,2638,2638,2638,1399,1775,-6,218,1281,1718,-2332,2340,114,416,25
17:03:42.317 [TLM] 20916,4745,2682,1784,2686,2686,2686,1180,1671,-3,-52,1552,1447,6546,-1283,114,416,25
17:03:42.322 [TLM] 20926,4759,2669,1789,2719,2719,2719,1431,1635,-4,-48,1548,1451,3279,-714,114,416,25
17:03:42.322 [TLM] 20936,4774,2656,1795,2740,2740,2740,1748,1380,-1,10,1489,1510,-1545,3513,114,416,25
17:03:42.323 [TLM] 20946,4789,2641,1801,2755,2755,2755,1051,2034,-4,142,1357,1642,4500,-2535,113,416,25
17:03:42.323 [TLM] 20956,4805,2627,1807,2780,2780,2780,1446,1444,-3,159,1340,1659,-310,5056,113,416,25
17:03:42.325 [TLM] 20966,4820,2613,1812,2801,2801,2801,1298,1748,-4,159,1340,1659,1795,1135,113,416,25
17:03:42.325 [TLM] 20976,4835,2599,1817,2820,2820,2820,1265,1672,-2,-252,1752,1247,8350,-3990,113,416,25
17:03:42.348 [TLM] 20986,4849,2585,1821,2830,2830,2830,1385,1788,-4,241,1258,1741,-717,1942,113,416,25
17:03:42.382 [TLM] 20996,4865,2570,1826,2859,2859,2859,1231,1789,-6,212,1287,1712,2082,1043,113,416,25
17:03:42.383 [TLM] 21006,4879,2556,1830,2882,2882,2882,1468,1627,-5,188,1311,1688,-870,2816,113,416,25
17:03:42.454 [TLM] 21016,4896,2541,1834,2908,2908,2908,1291,1751,-5,139,1360,1639,2184,364,113,416,25
17:03:42.455 [TLM] 21026,4908,2528,1836,2927,2927,2927,1475,1435,-4,242,1257,1742,-1254,5821,113,416,25
17:03:42.455 [TLM] 21036,4926,2511,1840,2944,2944,2944,1214,1942,-5,119,1380,1619,3327,-2391,113,416,25
17:03:42.524 [TLM] 21046,4941,2496,1843,2969,2969,2969,1193,1836,-4,-42,1542,1457,6060,-3618,113,416,25
17:03:42.556 [TLM] 21056,4955,2482,1845,2992,2992,2992,1524,1403,-2,97,1402,1597,424,3647,113,416,25
17:03:42.557 [TLM] 21066,4969,2468,1847,3003,3003,3003,1254,1641,-4,162,1337,1662,2296,2047,113,416,25
17:03:42.558 [TLM] 21076,4984,2453,1849,3022,3022,3022,1457,1528,-3,149,1350,1649,149,3128,113,416,25
17:03:42.591 [TLM] 21086,5001,2437,1851,3038,3038,3038,1281,1722,-6,337,1162,1837,-554,3716,113,416,25
17:03:42.666 [TLM] 21096,5016,2421,1852,3058,3058,3058,1536,1557,-5,25,1474,1525,171,1775,113,416,25
17:03:42.666 [TLM] 21106,5031,2407,1853,3079,3079,3079,1415,1549,-5,297,1202,1797,-2053,5534,113,416,25
17:03:42.667 [TLM] 21116,5046,2392,1854,3097,3097,3097,1410,1579,-3,84,1415,1584,702,2572,113,416,25
17:03:42.667 [TLM] 21126,5059,2378,1854,3117,3117,3117,1279,1716,-3,-77,1577,1422,4635,-1335,113,416,25
17:03:42.667 [TLM] 21136,5076,2362,1855,3142,3142,3142,1299,1712,-5,355,1144,1855,-1743,4789,113,416,25
17:03:42.668 [TLM] 21146,5090,2347,1854,3171,3171,3171,1314,1785,-4,301,1198,1801,-965,2544,113,416,25
17:03:42.733 [TLM] 21156,5106,2332,1854,3198,3198,3198,1337,1645,-4,198,1301,1698,595,2793,113,416,25
17:03:42.733 [TLM] 21166,5119,2318,1853,3219,3219,3219,1285,1666,-3,327,1172,1827,-328,4152,113,416,25
17:03:42.734 [TLM] 21176,5136,2302,1851,3248,3248,3248,1311,1656,-4,161,1338,1661,1725,1870,113,416,25
17:03:42.737 [TLM] 21186,5151,2287,1849,3273,3273,3273,1280,1716,-4,-98,1598,1401,5718,-2338,113,416,25
17:03:42.767 [TLM] 21196,5166,2272,1847,3295,3295,3295,1409,1625,-4,78,1421,1578,1656,1305,113,416,25
17:03:42.802 [TLM] 21206,5179,2259,1845,3314,3314,3314,1279,1673,-4,422,1077,1922,-1489,5482,113,416,25
17:03:42.803 [TLM] 21216,5194,2244,1842,3342,3342,3342,1360,1591,-5,11,1488,1511,3593,410,113,416,25
17:03:42.838 [TLM] 21226,5211,2228,1839,3363,3363,3363,1268,1790,-4,1,1498,1501,4779,-1939,113,416,25
17:03:42.872 [TLM] 21236,5226,2213,1835,3385,3385,3385,1504,1459,-4,195,1304,1695,-1119,4888,113,416,25
17:03:42.872 [TLM] 21246,5241,2199,1831,3405,3405,3405,1295,1739,-4,112,1387,1612,2732,198,113,416,25
17:03:42.873 [TLM] 21256,5256,2184,1827,3430,3430,3430,1342,1597,-3,147,1352,1647,1674,2322,113,416,25
17:03:42.907 [TLM] 21266,5271,2170,1823,3451,3451,3451,1446,1558,-7,541,958,2041,-5940,8941,113,416,25
17:03:42.942 [TLM] 21276,5286,2156,1818,3486,3486,3486,844,2033,-9,216,1283,1716,6366,-1754,113,416,25
17:03:42.942 [TLM] 21286,5299,2144,1813,3517,3517,3517,1221,1701,-8,327,1172,1827,229,4343,113,416,25
17:03:42.977 [TLM] 21296,5314,2130,1807,3549,3549,3549,1191,1881,-8,332,1167,1832,719,1771,113,416,25
17:03:42.978 [TLM] 21306,5331,2114,1800,3578,3578,3578,1482,1605,-5,112,1387,1612,-92,2134,113,416,25
17:03:43.014 [TLM] 21316,5347,2100,1794,3605,3605,3605,738,2362,-12,167,1332,1667,7605,-5839,113,416,25
17:03:43.016 [TLM] 21326,5362,2087,1786,3651,3651,3651,1824,1126,-6,216,1283,1716,-5838,8630,113,416,25
17:03:43.048 [TLM] 21336,5376,2074,1779,3673,3673,3673,1239,1687,-6,224,1275,1724,1046,2629,113,416,25
17:03:43.084 [TLM] 21346,5390,2063,1772,3702,3702,3702,1211,1609,-5,275,1224,1775,1054,3883,113,416,25
17:03:43.117 [TLM] 21356,5405,2050,1764,3730,3730,3730,1098,1835,-4,402,1097,1902,1158,2524,113,416,25
17:03:43.117 [TLM] 21366,5421,2037,1755,3752,3752,3752,1522,1524,-5,196,1303,1696,-1576,4132,113,416,25
17:03:43.118 [TLM] 21376,5437,2024,1746,3773,3773,3773,1294,1795,-4,34,1465,1534,3800,-2198,113,416,25
17:03:43.152 [TLM] 21386,5452,2012,1737,3784,3784,3784,1225,1848,-6,-219,1719,1280,7255,-5421,113,416,25
17:03:43.152 [TLM] 21396,5466,2001,1728,3808,3808,3808,1442,1339,-3,-80,1580,1419,3542,2346,113,416,25
17:03:43.186 [TLM] 21406,5482,1989,1718,3829,3829,3829,881,2276,-11,371,1128,1871,3638,-2468,113,416,25
17:03:43.223 [TLM] 21416,5497,1977,1708,3866,3866,3866,1667,1348,-7,190,1309,1690,-3688,5591,113,416,25
17:03:43.225 [TLM] 21426,5511,1966,1699,3889,3889,3889,1281,1531,-5,163,1336,1663,1352,3504,113,416,25
17:03:43.257 [TLM] 21436,5525,1956,1689,3922,3922,3922,1381,1455,-4,208,1291,1708,170,5276,113,416,25
17:03:43.257 [TLM] 21446,5539,1947,1679,3952,3952,3952,1166,1764,-4,336,1163,1836,771,3373,113,416,25
17:03:43.292 [TLM] 21456,5555,1936,1667,3990,3990,3990,1231,1746,-2,33,1466,1533,5438,-1296,113,416,25
17:03:43.292 [TLM] 21466,5571,1926,1655,4012,4012,4012,1519,1429,-1,9,1490,1509,-576,3559,113,416,25
17:03:43.328 [TLM] 21476,5585,1917,1644,4030,4030,4030,1497,1484,-2,221,1278,1721,-981,5283,113,416,25
17:03:43.363 [TLM] 21486,5599,1908,1633,4043,4043,4043,1219,1832,-3,93,1406,1593,3944,-790,113,416,25
17:03:43.365 [TLM] 21496,5614,1898,1621,4061,4061,4061,1493,1548,-3,84,1415,1584,837,2320,113,416,25
17:03:43.398 [TLM] 21506,5632,1888,1607,4076,4076,4076,1346,1859,-5,148,1351,1648,1125,-527,113,416,25
17:03:43.400 [TLM] 21516,5646,1880,1595,4103,4103,4103,1314,1633,-4,280,1219,1780,-233,4015,113,416,25
17:03:43.432 [TLM] 21526,5661,1871,1583,4125,4125,4125,1501,1507,-2,-7,1507,1492,1714,1556,113,416,25
17:03:43.434 [TLM] 21536,5676,1863,1570,4139,4139,4139,1288,1722,-3,142,1357,1642,2134,1113,113,416,25
17:03:43.466 [TLM] 21546,5691,1855,1558,4159,4159,4159,1447,1569,-3,185,1314,1685,-426,3517,113,416,25
17:03:43.538 [TLM] 21556,5707,1847,1545,4180,4180,4180,1297,1751,-5,216,1283,1716,930,1701,113,416,25
17:03:43.539 [TLM] 21566,5720,1840,1533,4204,4204,4204,1244,1701,-4,282,1217,1782,968,2875,113,416,25
17:03:43.571 [TLM] 21576,5735,1833,1520,4225,4225,4225,1245,1798,-5,298,1201,1798,460,2183,113,416,25
17:03:43.606 [TLM] 21586,5751,1826,1505,4252,4252,4252,1417,1543,-3,190,1309,1690,396,3650,113,416,25
17:03:43.644 [TLM] 21596,5767,1819,1491,4265,4265,4265,1304,1837,-5,35,1464,1535,3059,-1816,113,416,25
17:03:43.647 [TLM] 21606,5782,1813,1478,4293,4293,4293,1336,1519,-3,-67,1567,1432,4839,-327,113,416,25
17:03:43.647 [TLM] 21616,5797,1807,1463,4310,4310,4310,1220,1845,-4,387,1112,1887,-481,2232,113,416,25
17:03:43.649 [TLM] 21626,5810,1802,1452,4332,4332,4332,1446,1470,-4,580,919,2080,-5988,9721,113,416,25
17:03:43.649 [TLM] 21636,5827,1796,1436,4354,4354,4354,1131,2088,-6,519,980,2019,-1107,757,113,416,25
17:03:43.677 [TLM] 21646,5842,1791,1422,4379,4379,4379,1318,1642,-5,20,1479,1520,3739,-530,113,416,25
17:03:43.678 [TLM] 21656,5856,1786,1408,4396,4396,4396,1369,1530,-4,147,1352,1647,1514,2710,113,416,25
17:03:43.712 [TLM] 21666,5872,1782,1394,4411,4411,4411,1180,1864,-8,686,813,2186,-4205,6762,113,416,25
17:03:43.713 [TLM] 21676,5886,1777,1379,4437,4437,4437,1343,1569,-6,200,1299,1700,830,3336,113,416,25
17:03:43.747 [TLM] 21686,5900,1774,1366,4456,4456,4456,1165,1883,-8,341,1158,1841,295,2158,113,416,25
17:03:43.782 [TLM] 21696,5917,1770,1350,4493,4493,4493,1408,1555,-6,199,1300,1699,-483,3716,113,416,25
17:03:43.784 [TLM] 21706,5931,1767,1336,4521,4521,4521,1217,1826,-6,105,1394,1605,3872,-1752,113,416,25
17:03:43.852 [TLM] 21716,5946,1764,1321,4538,4538,4538,1204,1760,-9,-104,1604,1395,6244,-2322,113,416,25
17:03:43.852 [TLM] 21726,5960,1762,1308,4562,4562,4562,1310,1623,-9,282,1217,1782,-78,3843,113,16800,25
17:03:43.854 [TLM] 21736,5976,1760,1292,4587,4587,4587,1169,1897,-11,808,691,2308,-5980,8606,113,16800,25
17:03:43.854 [TLM] 21746,5991,1758,1277,4625,4625,4625,1123,1758,-11,331,1168,1831,2269,430,113,544,25
17:03:43.886 [TLM] 21756,6006,1757,1262,4657,4657,4657,906,2149,-12,437,1062,1937,2475,59,113,544,25
17:03:43.922 [TLM] 21766,6019,1757,1249,4697,4697,4697,1037,1821,-12,436,1063,1936,1036,4047,113,544,25
17:03:43.922 [TLM] 21776,6034,1757,1233,4743,4743,4743,1012,2095,-13,525,974,2025,59,2041,113,544,25
17:03:43.957 [TLM] 21786,6049,1758,1219,4802,4802,4802,791,2060,-17,640,859,2140,958,4156,113,544,25
17:03:43.957 [TLM] 21796,6065,1760,1203,4887,4887,4887,801,2128,-18,653,846,2153,652,3645,113,544,25
17:03:43.991 [TLM] 21806,6079,1763,1189,4967,4967,4967,755,2332,-19,679,820,2179,886,1424,113,544,25
17:03:44.065 [TLM] 21816,6095,1768,1174,5074,5074,5074,764,2172,-20,748,751,2248,-84,4343,113,544,25
17:03:44.097 [TLM] 21826,6110,1774,1161,5166,5166,5166,704,2409,-22,426,1073,1926,5382,-3515,113,544,25
17:03:44.097 [TLM] 21836,6125,1782,1147,5264,5264,5264,871,1982,-18,723,776,2223,-899,6342,113,544,25
17:03:44.099 [TLM] 21846,6140,1790,1135,5344,5344,5344,579,2750,-18,509,990,2009,6679,-7200,113,544,25
17:03:44.100 [TLM] 21856,6154,1799,1124,5429,5429,5429,746,1936,-19,719,780,2219,1398,6441,113,544,25
17:03:44.102 [TLM] 21866,6171,1811,1112,5504,5504,5504,360,3229,-29,1165,334,2665,-1130,-3017,113,544,25
17:03:44.132 [TLM] 21876,6184,1820,1103,5610,5610,5610,591,1924,-20,2080,-580,3580,-12000,12000,113,544,25
17:03:44.167 [TLM] 21886,6195,1830,1097,5692,5692,5692,1039,1557,-32,4000,-2500,5500,-12000,12000,113,16928,25
17:03:44.168 [TLM] 21896,6214,1846,1087,5778,5778,5778,392,3341,-32,1088,411,2588,37,-2506,113,16928,25
17:03:44.202 [TLM] 21906,6228,1858,1081,5884,5884,5884,298,2245,-32,1088,411,2588,1494,10026,113,672,25
17:03:44.202 [TLM] 21916,6242,1872,1076,5989,5989,5989,384,2626,-32,1088,411,2588,404,5313,113,17056,25
17:03:44.236 [TLM] 21926,6258,1887,1073,6117,6117,6117,402,2669,-6,1088,411,2588,362,4292,113,800,25
17:03:44.237 [TLM] 21936,6270,1899,1072,6262,6262,6262,399,2080,-27,886,613,2386,5446,8210,113,800,25
17:03:44.271 [TLM] 21946,6287,1916,1073,6390,6390,6390,651,2596,-28,971,528,2471,1783,2804,113,800,25
17:03:44.307 [TLM] 21956,6304,1932,1076,6516,6516,6516,767,2515,-26,841,658,2341,582,2219,113,800,25
17:03:44.344 [TLM] 21966,6317,1945,1079,6625,6625,6625,1149,1863,-18,33,1466,1533,-12000,12000,113,800,25
17:03:44.348 [TLM] 21976,6334,1961,1086,6728,6728,6728,526,2739,-22,1007,492,2507,1923,605,113,800,25
17:03:44.350 [TLM] 21986,6347,1972,1093,6818,6818,6818,482,2396,-25,787,712,2287,4588,2251,113,800,25
17:03:44.376 [TLM] 21996,6364,1986,1102,6937,6937,6937,843,2219,-25,866,633,2366,-1262,5970,113,800,25
17:03:44.377 [TLM] 22006,6377,1996,1111,7032,7032,7032,612,2366,-23,638,861,2138,5367,63,113,800,25
17:03:44.413 [TLM] 22016,6393,2007,1122,7130,7130,7130,859,1923,-18,615,884,2115,2922,5652,113,800,25
17:03:44.446 [TLM] 22026,6408,2017,1134,7201,7201,7201,728,2701,-20,580,919,2080,4708,-5042,113,800,25
17:03:44.447 [TLM] 22036,6422,2025,1145,7282,7282,7282,930,1676,-18,640,859,2140,1489,9040,113,800,25
17:03:44.482 [TLM] 22046,6439,2033,1160,7346,7346,7346,438,2772,-25,869,630,2369,960,1248,113,800,25
17:03:44.482 [TLM] 22056,6452,2039,1171,7421,7421,7421,749,2085,-25,761,738,2261,657,6374,113,800,25
17:03:44.519 [TLM] 22066,6469,2045,1187,7498,7498,7498,574,2840,-24,821,678,2321,2088,-2753,113,800,25
17:03:44.520 [TLM] 22076,6481,2049,1198,7572,7572,7572,1069,1128,-13,311,1188,1811,5094,10343,113,800,25
17:03:44.552 [TLM] 22086,6496,2053,1213,7615,7615,7615,604,2254,-21,709,790,2209,805,8529,113,800,25
17:03:44.623 [TLM] 22096,6513,2056,1229,7679,7679,7679,1137,2025,-19,631,868,2131,-74,1143,113,800,25
17:03:44.624 [TLM] 22106,6526,2058,1243,7715,7715,7715,814,2469,-18,593,906,2093,2753,-382,113,800,25
17:03:44.624 [TLM] 22116,6543,2060,1259,7759,7759,7759,1107,1744,-15,454,1045,1954,1246,5410,113,800,25
17:03:44.626 [TLM] 22126,6557,2061,1273,7785,7785,7785,1071,2086,-12,420,1079,1920,2455,981,113,800,25
17:03:44.693 [TLM] 22136,6573,2062,1290,7815,7815,7815,1062,1893,-12,430,1069,1930,1980,3034,113,800,25
17:03:44.693 [TLM] 22146,6587,2063,1304,7828,7828,7828,1613,1216,-4,-140,1640,1359,3606,2997,113,800,25
17:03:44.694 [TLM] 22156,6602,2063,1319,7830,7830,7830,1285,1722,-6,167,1332,1667,3070,2566,113,800,25
17:03:44.695 [TLM] 22166,6618,2063,1335,7839,7839,7839,1596,1376,-1,-61,1561,1438,2694,14,113,800,25
17:03:44.727 [TLM] 22176,6633,2063,1350,7831,7831,7831,1576,1479,0,-36,1536,1463,2134,2099,113,800,25
17:03:44.762 [TLM] 22186,6649,2064,1366,7820,7820,7820,1976,1213,5,-341,1841,1158,3073,-315,113,800,25
17:03:44.764 [TLM] 22196,6664,2065,1380,7802,7802,7802,1950,1229,4,476,1023,1976,-11108,12000,113,800,25
17:03:44.797 [TLM] 22206,6678,2065,1394,7798,7798,7798,1798,914,10,-344,1844,1155,3385,3756,113,800,25
17:03:44.831 [TLM] 22216,6696,2067,1413,7771,7771,7771,2629,832,18,-687,2187,812,-1659,-674,113,800,25
17:03:44.833 [TLM] 22226,6710,2068,1426,7716,7716,7716,1868,943,17,-626,2126,873,5213,-133,113,800,25
17:03:44.834 [TLM] 22236,6725,2071,1441,7671,7671,7671,1837,1014,14,-538,2038,961,5751,-1131,113,800,25
17:03:44.867 [TLM] 22246,6738,2073,1454,7627,7627,7627,1895,1096,13,-544,2044,955,4687,-557,113,800,25
17:03:44.902 [TLM] 22256,6754,2077,1469,7564,7564,7564,2018,865,19,-908,2408,591,9658,-3719,113,800,25
17:03:44.902 [TLM] 22266,6770,2083,1485,7492,7492,7492,2588,971,18,-604,2104,895,-3364,-560,113,800,25
17:03:44.936 [TLM] 22276,6785,2089,1498,7407,7407,7407,1906,998,14,-452,1952,1047,2485,1986,113,800,25
17:03:44.938 [TLM] 22286,6800,2096,1511,7347,7347,7347,1942,1021,12,-81,1581,1418,-2349,5325,113,800,25
17:03:44.970 [TLM] 22296,6815,2103,1524,7288,7288,7288,1741,1344,12,-1098,2598,401,12000,-11730,113,800,25
17:03:45.007 [TLM] 22306,6830,2112,1537,7224,7224,7224,2280,861,13,-580,2080,919,1404,2411,113,800,25
17:03:45.007 [TLM] 22316,6844,2121,1548,7157,7157,7157,1750,1117,9,114,1385,1614,-3663,8599,113,800,25
17:03:45.079 [TLM] 22326,6859,2131,1559,7104,7104,7104,1746,1268,8,-164,1664,1335,435,2787,113,800,25
17:03:45.080 [TLM] 22336,6873,2140,1569,7065,7065,7065,1608,1253,8,-385,1885,1114,5226,215,113,800,25
17:03:45.080 [TLM] 22346,6887,2150,1578,7021,7021,7021,1923,962,11,-409,1909,1090,2636,3280,113,800,25
17:03:45.081 [TLM] 22356,6905,2164,1590,6963,6963,6963,1583,1554,8,-316,1816,1183,4645,-2096,113,800,25
17:03:45.113 [TLM] 22366,6919,2175,1599,6920,6920,6920,1902,945,8,-297,1797,1202,485,4827,113,800,25
17:03:45.147 [TLM] 22376,6934,2188,1607,6881,6881,6881,1659,1336,7,-258,1758,1241,2745,1746,113,800,25
17:03:45.148 [TLM] 22386,6948,2199,1615,6854,6854,6854,1830,1237,6,150,1349,1650,-5136,8142,113,800,25
17:03:45.182 [TLM] 22396,6964,2213,1623,6831,6831,6831,1669,1163,10,-480,1980,1019,7031,-1013,113,800,25
17:03:45.183 [TLM] 22406,6979,2226,1631,6791,6791,6791,2559,954,12,-431,1931,1068,-5926,2896,113,800,25
17:03:45.217 [TLM] 22416,6994,2239,1638,6746,6746,6746,1729,1122,11,-253,1753,1246,2117,2887,113,800,25
17:03:45.217 [TLM] 22426,7010,2254,1645,6704,6704,6704,2038,1172,10,-170,1670,1329,-5732,6310,113,800,25
17:03:45.251 [TLM] 22436,7024,2267,1650,6671,6671,6671,1764,1064,12,-850,2350,649,10250,-4733,113,800,25
17:03:45.286 [TLM] 22446,7040,2281,1656,6622,6622,6622,1827,1232,7,-36,1536,1463,-5836,7160,113,800,25
17:03:45.322 [TLM] 22456,7054,2295,1660,6587,6587,6587,1710,1112,9,-352,1852,1147,4024,1394,113,800,25
17:03:45.323 [TLM] 22466,7070,2310,1664,6547,6547,6547,1797,1285,6,76,1423,1576,-4551,6194,113,800,25
17:03:45.323 [TLM] 22476,7083,2322,1668,6523,6523,6523,1525,1376,6,-290,1790,1209,5320,-432,113,800,25
17:03:45.356 [TLM] 22486,7098,2337,1671,6500,6500,6500,1982,1102,11,-539,2039,960,3683,-895,113,800,25
17:03:45.358 [TLM] 22496,7113,2353,1674,6447,6447,6447,1871,1216,9,-255,1755,1244,704,3035,113,800,25
17:03:45.392 [TLM] 22506,7128,2367,1676,6411,6411,6411,1831,1070,9,-320,1820,1179,2573,1583,113,800,25
17:03:45.427 [TLM] 22516,7145,2384,1678,6370,6370,6370,2053,1305,9,-346,1846,1153,600,543,113,800,25
17:03:45.428 [TLM] 22526,7158,2397,1679,6339,6339,6339,1815,1109,10,-352,1852,1147,2566,2276,113,800,25
17:03:45.464 [TLM] 22536,7175,2413,1679,6311,6311,6311,1505,1497,7,-490,1990,1009,8363,-4229,113,800,25
17:03:45.465 [TLM] 22546,7189,2428,1680,6295,6295,6295,2270,904,12,-620,2120,879,655,980,113,800,25
17:03:45.496 [TLM] 22556,7206,2445,1680,6263,6263,6263,1925,1140,12,-249,1749,1250,-1420,3306,113,800,25
17:03:45.498 [TLM] 22566,7220,2459,1679,6253,6253,6253,1665,1075,17,-1119,2619,380,12000,-12000,113,800,25
17:03:45.534 [TLM] 22576,7236,2475,1678,6218,6218,6218,2526,803,15,140,1359,1640,-12000,12000,113,800,25
17:03:45.567 [TLM] 22586,7250,2489,1677,6164,6164,6164,2098,673,19,-665,2165,834,2880,2178,113,800,25
17:03:45.568 [TLM] 22596,7267,2505,1674,6086,6086,6086,1660,1516,12,-436,1936,1063,5871,-4972,113,800,25
17:03:45.602 [TLM] 22606,7281,2519,1671,6006,6006,6006,2051,988,8,-65,1565,1434,-3798,8676,113,800,25
17:03:45.603 [TLM] 22616,7296,2533,1666,5941,5941,5941,1520,1631,6,-217,1717,1282,4054,-3223,113,800,25
17:03:45.637 [TLM] 22626,7309,2545,1661,5879,5879,5879,1543,1406,0,-342,1842,1157,5315,-1321,113,800,25
17:03:45.637 [TLM] 22636,7326,2561,1654,5832,5832,5832,1469,1481,1,-150,1650,1349,3312,408,113,800,25
17:03:45.671 [TLM] 22646,7340,2573,1648,5799,5799,5799,1613,1373,2,-68,1568,1431,134,4570,113,800,25
17:03:45.706 [TLM] 22656,7354,2586,1641,5782,5782,5782,1652,1284,4,-207,1707,1292,4453,1855,113,800,25
17:03:45.706 [TLM] 22666,7369,2599,1634,5769,5769,5769,1886,1237,6,-222,1722,1277,-666,2712,113,800,25
17:03:45.740 [TLM] 22676,7385,2612,1626,5757,5757,5757,1582,1348,5,-235,1735,1264,3537,1386,113,800,25
17:03:45.741 [TLM] 22686,7398,2624,1619,5750,5750,5750,1581,1257,8,-212,1712,1287,4153,2092,113,800,25
17:03:45.777 [TLM] 22696,7416,2639,1610,5720,5720,5720,2096,1079,9,-291,1791,1208,-1743,3379,113,800,25
17:03:45.814 [TLM] 22706,7430,2651,1603,5690,5690,5690,1764,1133,10,-430,1930,1069,6302,-778,113,800,25
17:03:45.815 [TLM] 22716,7446,2664,1593,5654,5654,5654,1997,1233,9,-338,1838,1161,-31,862,113,800,25
17:03:45.816 [TLM] 22726,7461,2675,1584,5630,5630,5630,1588,1470,9,-704,2204,795,11045,-6734,113,800,25
17:03:45.847 [TLM] 22736,7476,2687,1575,5600,5600,5600,2029,1038,13,-585,2085,914,4068,-1075,113,800,25
17:03:45.883 [TLM] 22746,7491,2699,1565,5549,5549,5549,1892,1129,12,-433,1933,1066,2693,-175,113,800,25
17:03:45.884 [TLM] 22756,7504,2708,1556,5505,5505,5505,1908,1082,10,-249,1749,1250,228,3687,113,800,25
17:03:45.918 [TLM] 22766,7520,2719,1545,5460,5460,5460,1719,1364,5,136,1363,1636,-3406,5600,113,800,25
17:03:45.952 [TLM] 22776,7534,2729,1534,5432,5432,5432,1777,1105,12,-928,2428,571,12000,-6854,113,800,25
17:03:45.952 [TLM] 22786,7549,2738,1523,5383,5383,5383,1841,1290,8,0,1500,1499,-2724,5119,113,800,25
17:03:45.953 [TLM] 22796,7565,2748,1510,5337,5337,5337,1911,909,9,-337,1837,1162,3056,1815,113,800,25
17:03:45.986 [TLM] 22806,7580,2756,1498,5289,5289,5289,1812,1417,7,-184,1684,1315,317,761,113,800,25
17:03:46.021 [TLM] 22816,7596,2765,1484,5241,5241,5241,1701,1207,7,-410,1910,1089,5071,-306,113,800,25
17:03:46.058 [TLM] 22826,7610,2771,1472,5200,5200,5200,1535,1441,4,-215,1715,1284,3706,246,113,800,25
17:03:46.058 [TLM] 22836,7626,2779,1457,5154,5154,5154,1931,986,7,-113,1613,1386,-2372,7222,113,800,25
17:03:46.060 [TLM] 22846,7642,2785,1443,5110,5110,5110,1710,1433,6,-206,1706,1293,1798,-525,113,800,25
17:03:46.090 [TLM] 22856,7656,2790,1429,5074,5074,5074,1751,1199,8,-308,1808,1191,3002,1400,113,800,25
17:03:46.125 [TLM] 22866,7671,2795,1415,5045,5045,5045,1592,1417,4,-204,1704,1295,2586,-397,113,800,25
17:03:46.126 [TLM] 22876,7686,2800,1401,5029,5029,5029,1726,1253,6,-63,1563,1436,-512,4218,113,800,25
17:03:46.160 [TLM] 22886,7701,2805,1387,4998,4998,4998,1835,1152,8,-266,1766,1233,1361,2399,113,800,25
17:03:46.160 [TLM] 22896,7715,2808,1374,4965,4965,4965,1720,1272,8,-343,1843,1156,3591,54,113,800,25
17:03:46.195 [TLM] 22906,7729,2812,1359,4927,4927,4927,1832,1188,7,-206,1706,1293,183,3150,113,800,25
17:03:46.196 [TLM] 22916,7746,2815,1343,4889,4889,4889,1671,1335,4,-180,1680,1319,1299,2054,113,17184,25
17:03:46.230 [TLM] 22926,7760,2817,1329,4867,4867,4867,1942,924,11,-851,2351,648,11093,-4810,113,17184,25
17:03:46.267 [TLM] 22936,7775,2819,1315,4833,4833,4833,1453,1394,8,-321,1821,1178,5896,315,113,928,25
17:03:46.300 [TLM] 22946,7789,2821,1301,4814,4814,4814,1926,907,10,-291,1791,1208,835,6312,111,928,25
17:03:46.301 [TLM] 22956,7805,2822,1284,4784,4784,4784,1820,1391,9,-279,1779,1220,1505,180,111,928,25
17:03:46.302 [TLM] 22966,7818,2823,1271,4763,4763,4763,1766,1321,8,-263,1763,1236,1989,1179,111,928,25
17:03:46.339 [TLM] 22976,7836,2823,1254,4738,4738,4738,1725,1386,7,-386,1886,1113,4021,-1766,111,928,25
17:03:46.340 [TLM] 22986,7851,2824,1239,4711,4711,4711,1624,1292,7,-219,1719,1280,3037,1410,111,928,25
17:03:46.371 [TLM] 22996,7867,2823,1222,4682,4682,4682,1687,1592,4,2,1497,1502,-1985,1288,111,928,25
17:03:46.406 [TLM] 23006,7882,2823,1208,4664,4664,4664,1526,1408,2,6,1493,1506,17,3049,111,928,25
17:03:46.406 [TLM] 23016,7897,2822,1192,4651,4651,4651,1517,1497,0,163,1336,1663,-2291,4379,111,928,25
17:03:46.443 [TLM] 23026,7911,2821,1178,4647,4647,4647,1669,1130,1,109,1390,1609,-3195,8286,111,928,25
17:03:46.443 [TLM] 23036,7925,2820,1165,4642,4642,4642,1547,1441,2,-343,1843,1156,4545,-1410,111,928,25
17:03:46.477 [TLM] 23046,7941,2819,1149,4637,4637,4637,1471,1484,0,305,1194,1805,-3682,7344,111,928,25
17:03:46.477 [TLM] 23056,7957,2818,1133,4639,4639,4639,1379,1741,-1,281,1218,1781,-2289,3757,111,928,25
17:03:46.511 [TLM] 23066,7971,2817,1119,4644,4644,4644,1510,1403,-3,687,812,2187,-9796,12000,111,928,25
17:03:46.549 [TLM] 23076,7987,2816,1103,4654,4654,4654,1213,1695,-3,497,1002,1997,-2339,6117,111,928,25
17:03:46.550 [TLM] 23086,8001,2815,1089,4657,4657,4657,1256,1766,-5,312,1187,1812,-2737,5726,111,928,25
17:03:46.580 [TLM] 23096,8016,2814,1074,4675,4675,4675,1588,1265,0,-345,1845,1154,5509,-358,111,17312,25
17:03:46.581 [TLM] 23106,8030,2814,1060,4677,4677,4677,1067,2011,-4,145,1354,1645,3924,-1705,111,17312,25
17:03:46.616 [TLM] 23116,8045,2813,1045,4685,4685,4685,1801,1083,0,92,1407,1592,-3506,8604,111,1056,25
17:03:46.617 [TLM] 23126,8060,2813,1030,4688,4688,4688,1264,1912,-2,-113,1613,1386,5522,-4451,111,1056,25
17:03:46.650 [TLM] 23136,8076,2813,1014,4695,4695,4695,1445,1544,-1,40,1459,1540,947,2286,111,1056,25
17:03:46.686 [TLM] 23146,8091,2812,999,4703,4703,4703,1451,1496,-1,57,1442,1557,186,1888,111,1056,25
17:03:46.687 [TLM] 23156,8104,2812,986,4704,4704,4704,1618,1368,1,-38,1538,1461,331,2926,111,1056,25
17:03:46.722 [TLM] 23166,8119,2812,971,4698,4698,4698,1536,1420,0,-3,1503,1496,811,2984,111,1056,25
17:03:46.722 [TLM] 23176,8134,2812,956,4695,4695,4695,1625,1397,2,-190,1690,1309,2826,189,111,1056,25
17:03:46.761 [TLM] 23186,8149,2811,941,4680,4680,4680,1620,1369,4,-187,1687,1312,2947,710,111,1056,25
17:03:46.792 [TLM] 23196,8166,2811,924,4660,4660,4660,1838,1178,6,-243,1743,1256,869,2164,111,1056,25
17:03:46.792 [TLM] 23206,8179,2810,911,4646,4646,4646,1703,1326,4,-147,1647,1352,934,1971,111,1056,25
17:03:46.793 [TLM] 23216,8195,2809,895,4630,4630,4630,1872,1092,6,78,1421,1578,-4095,7811,111,1056,25
17:03:46.827 [TLM] 23226,8210,2807,880,4606,4606,4606,1757,1335,6,-228,1728,1271,1481,339,111,1056,25
17:03:46.863 [TLM] 23236,8226,2805,865,4576,4576,4576,1698,1318,5,-31,1531,1468,-91,3657,111,1056,25
17:03:46.865 [TLM] 23246,8239,2803,851,4556,4556,4556,1668,1307,5,-192,1692,1307,2028,1449,111,1056,25
17:03:46.899 [TLM] 23256,8256,2800,834,4524,4524,4524,1828,1327,6,-347,1847,1152,2006,-639,111,1056,25
17:03:46.899 [TLM] 23266,8269,2798,822,4493,4493,4493,1926,897,7,-342,1842,1157,1038,4406,111,1056,25
17:03:46.932 [TLM] 23276,8286,2794,806,4443,4443,4443,1535,1465,6,-217,1717,1282,4288,-855,111,1056,25
17:03:46.967 [TLM] 23286,8301,2789,791,4402,4402,4402,1705,1230,6,-217,1717,1282,1635,2125,111,1056,25
17:03:46.968 [TLM] 23296,8314,2785,778,4368,4368,4368,1762,1279,4,-173,1673,1326,41,2696,111,1056,25
17:03:47.001 [TLM] 23306,8330,2779,764,4336,4336,4336,1770,1268,4,-620,2120,879,5817,-3307,111,1056,25
17:03:47.035 [TLM] 23316,8344,2774,751,4302,4302,4302,1757,1199,6,-163,1663,1336,-128,4014,111,1056,25
17:03:47.036 [TLM] 23326,8359,2768,737,4271,4271,4271,1597,1352,6,-216,1716,1283,3066,934,111,1056,25
17:03:47.037 [TLM] 23336,8375,2761,723,4237,4237,4237,1640,1297,6,-215,1715,1284,2488,1680,111,1056,25
17:03:47.071 [TLM] 23346,8389,2754,710,4212,4212,4212,1657,1453,4,-52,1552,1447,-360,2307,111,1056,25
17:03:47.106 [TLM] 23356,8405,2746,696,4186,4186,4186,1660,1195,5,-117,1617,1382,1023,3797,111,1056,25
17:03:47.107 [TLM] 23366,8419,2739,684,4156,4156,4156,1801,1243,6,-395,1895,1104,3137,-540,111,1056,25
17:03:47.142 [TLM] 23376,8436,2730,671,4120,4120,4120,1631,1389,3,44,1455,1544,-1397,4339,111,1056,25
17:03:47.142 [TLM] 23386,8450,2722,659,4105,4105,4105,1623,1434,3,-204,1704,1295,2890,-613,111,1056,25
17:03:47.177 [TLM] 23396,8466,2713,646,4075,4075,4075,1626,1324,3,-83,1583,1416,736,2971,111,1056,25
17:03:47.178 [TLM] 23406,8480,2704,635,4059,4059,4059,1435,1669,2,-138,1638,1361,3643,-2027,111,1056,25
17:03:47.212 [TLM] 23416,8494,2695,623,4049,4049,4049,1619,1233,5,-429,1929,1070,6492,-1442,111,1056,25
17:03:47.247 [TLM] 23426,8510,2685,611,4022,4022,4022,1762,1245,5,-164,1664,1335,383,4107,111,1056,25
17:03:47.281 [TLM] 23436,8524,2676,600,4005,4005,4005,1521,1495,4,-251,1751,1248,5449,-2080,111,1056,25
17:03:47.283 [TLM] 23446,8539,2667,589,3983,3983,3983,1732,1271,5,-174,1674,1325,1499,2147,111,1056,25
17:03:47.284 [TLM] 23456,8554,2656,578,3959,3959,3959,1832,1183,6,-221,1721,1278,905,2419,111,1056,25
17:03:47.317 [TLM] 23466,8569,2646,567,3933,3933,3933,1695,1295,5,-268,1768,1231,2668,874,111,1056,25
17:03:47.317 [TLM] 23476,8585,2634,556,3910,3910,3910,1637,1331,6,-411,1911,1088,5739,-1864,111,1056,25
17:03:47.352 [TLM] 23486,8598,2625,547,3890,3890,3890,1604,1290,6,-124,1624,1375,2236,2620,111,1056,25
17:03:47.389 [TLM] 23496,8615,2613,536,3859,3859,3859,1706,1198,5,21,1478,1521,-943,5721,111,1056,25
17:03:47.389 [TLM] 23506,8629,2602,527,3834,3834,3834,1473,1555,1,-30,1530,1469,1906,1410,111,1056,25
17:03:47.421 [TLM] 23516,8646,2589,516,3818,3818,3818,1853,1178,4,-231,1731,1268,538,2046,111,1056,25
17:03:47.421 [TLM] 23526,8660,2577,507,3787,3787,3787,1417,1786,0,874,625,2374,-10670,10559,111,1056,25
17:03:47.457 [TLM] 23536,8676,2565,498,3774,3774,3774,1958,817,6,-269,1769,1230,-72,5098,111,1056,25
17:03:47.457 [TLM] 23546,8690,2553,490,3744,3744,3744,1458,1520,2,183,1316,1683,-1494,3969,111,1056,25
17:03:47.493 [TLM] 23556,8706,2540,481,3731,3731,3731,1806,1070,7,-362,1862,1137,3288,678,111,1056,25
17:03:47.527 [TLM] 23566,8722,2527,472,3703,3703,3703,1458,1644,5,525,974,2025,-10462,11246,111,1056,25
17:03:47.528 [TLM] 23576,8732,2518,467,3700,3700,3700,1511,934,7,-383,1883,1116,7684,2522,111,1056,25
17:03:47.561 [TLM] 23586,8748,2504,458,3681,3681,3681,1517,1607,6,-421,1921,1078,7751,-5535,111,1056,25
17:03:47.564 [TLM] 23596,8762,2492,451,3661,3661,3661,1774,1153,6,-211,1711,1288,1912,3364,111,1056,25
17:03:47.597 [TLM] 23606,8777,2479,444,3635,3635,3635,1729,1277,6,-216,1716,1283,2531,1768,111,1056,25
17:03:47.598 [TLM] 23616,8795,2463,436,3609,3609,3609,1859,1334,4,0,1500,1499,-3019,4128,111,1056,25
17:03:47.632 [TLM] 23626,8808,2452,430,3583,3583,3583,1650,1334,5,-186,1686,1313,2244,1641,111,1056,25
17:03:47.666 [TLM] 23636,8824,2437,423,3555,3555,3555,1737,1276,6,-240,1740,1259,2576,1358,111,1056,25
17:03:47.667 [TLM] 23646,8839,2423,418,3530,3530,3530,1918,1222,7,-242,1742,1257,-161,1869,111,1056,25
17:03:47.702 [TLM] 23656,8855,2409,412,3501,3501,3501,1650,1306,6,-217,1717,1282,2851,1308,111,1056,25
17:03:47.702 [TLM] 23666,8869,2395,407,3479,3479,3479,1912,1152,5,4,1495,1504,-3682,6208,111,1056,25
17:03:47.737 [TLM] 23676,8885,2380,402,3457,3457,3457,1561,1432,5,-310,1810,1189,5214,-1596,111,1056,25
17:03:47.777 [TLM] 23686,8898,2368,398,3432,3432,3432,1796,1177,6,-109,1609,1390,-579,4708,111,1056,25
17:03:47.777 [TLM] 23696,8915,2352,394,3400,3400,3400,1687,1318,6,-200,1700,1299,2323,1439,111,1056,25
17:03:47.778 [TLM] 23706,8929,2337,390,3370,3370,3370,1657,1301,5,-209,1709,1290,2845,1301,111,1056,25
17:03:47.805 [TLM] 23716,8943,2324,387,3345,3345,3345,1804,1197,4,-138,1638,1361,-334,4010,111,1056,25
17:03:47.842 [TLM] 23726,8959,2309,384,3321,3321,3321,1601,1377,3,-135,1635,1364,1718,1907,111,1056,25
17:03:47.843 [TLM] 23736,8974,2294,382,3301,3301,3301,1866,982,6,-417,1917,1082,2649,2533,111,1056,25
17:03:47.876 [TLM] 23746,8989,2279,380,3266,3266,3266,1553,1458,5,-178,1678,1321,3272,117,111,17440,25
17:03:47.878 [TLM] 23756,9005,2262,378,3234,3234,3234,1525,1449,3,-83,1583,1416,2058,1460,111,17440,25
17:03:47.912 [TLM] 23766,9019,2249,377,3210,3210,3210,1532,1453,0,180,1319,1680,-2251,5595,111,1184,25
17:03:47.948 [TLM] 23776,9036,2232,376,3202,3202,3202,1522,1318,3,-291,1791,1208,5577,-921,111,1184,25
17:03:47.948 [TLM] 23786,9051,2216,375,3174,3174,3174,1480,1771,0,-157,1657,1342,3114,-3273,111,1184,25
17:03:47.983 [TLM] 23796,9064,2203,375,3160,3160,3160,1600,1294,0,-16,1516,1483,-26,3915,111,1184,25
17:03:48.017 [TLM] 23806,9079,2189,375,3143,3143,3143,1442,1569,0,-3,1503,1496,1827,1033,111,1184,25
17:03:48.018 [TLM] 23816,9094,2174,375,3132,3132,3132,1439,1447,0,-1,1501,1498,1912,2537,111,1184,25
17:03:48.018 [TLM] 23826,9108,2160,375,3125,3125,3125,1594,1166,0,778,721,2278,-10849,12000,111,1184,25
17:03:48.051 [TLM] 23836,9125,2143,375,3122,3122,3122,1572,1529,0,-26,1526,1473,1441,1852,111,1184,25
17:03:48.087 [TLM] 23846,9140,2128,375,3122,3122,3122,1589,1467,0,118,1381,1618,-1412,6026,111,1184,25
17:03:48.088 [TLM] 23856,9153,2115,376,3123,3123,3123,1457,1481,0,-2,1502,1497,2019,2373,111,1184,25
17:03:48.121 [TLM] 23866,9169,2099,376,3127,3127,3127,1514,1517,0,-1,1501,1498,1410,1764,111,1184,25
17:03:48.122 [TLM] 23876,9184,2084,376,3128,3128,3128,1495,1478,2,-94,1594,1405,3240,657,111,1184,25
17:03:48.155 [TLM] 23886,9199,2069,376,3117,3117,3117,1363,1724,-2,-97,1597,1402,4205,-1894,111,1184,25
17:03:48.156 [TLM] 23896,9214,2054,377,3119,3119,3119,1496,1439,-1,318,1181,1818,-3350,7109,111,1184,25
17:03:48.193 [TLM] 23906,9229,2039,377,3125,3125,3125,1538,1303,1,-185,1685,1314,3800,1432,111,1184,25
17:03:48.227 [TLM] 23916,9246,2022,377,3117,3117,3117,1281,1735,-4,441,1058,1941,-2635,5591,111,1184,25
17:03:48.263 [TLM] 23926,9260,2008,378,3128,3128,3128,1464,1528,0,-171,1671,1328,4774,-1764,111,1184,25
17:03:48.264 [TLM] 23936,9274,1994,378,3119,3119,3119,1494,1493,-4,1,1498,1501,369,2976,111,1184,25
17:03:48.264 [TLM] 23946,9291,1977,378,3133,3133,3133,1536,1573,0,327,1172,1827,-4077,5151,111,1184,25
17:03:48.296 [TLM] 23956,9305,1963,378,3150,3150,3150,1372,1622,0,-158,1658,1341,4516,-1721,111,1184,25
17:03:48.299 [TLM] 23966,9321,1947,378,3165,3165,3165,1424,1441,0,-1,1501,1498,2090,2761,111,1184,25
17:03:48.334 [TLM] 23976,9334,1933,377,3171,3171,3171,1470,1533,0,-1,1501,1498,1818,1406,111,1184,25
17:03:48.367 [TLM] 23986,9351,1917,377,3176,3176,3176,1467,1526,0,0,1500,1499,1812,1898,111,1184,25
17:03:48.368 [TLM] 23996,9364,1904,376,3180,3180,3180,1409,1480,1,-8,1508,1491,3246,1575,111,1184,25
17:03:48.404 [TLM] 24006,9379,1888,376,3180,3180,3180,1483,1523,0,32,1467,1532,1501,1747,111,1184,25
17:03:48.404 [TLM] 24016,9395,1873,375,3182,3182,3182,1547,1480,3,-348,1848,1151,6323,-3244,111,1184,25
17:03:48.436 [TLM] 24026,9410,1858,375,3167,3167,3167,1586,1478,0,-157,1657,1342,2556,-52,111,1184,25
17:03:48.437 [TLM] 24036,9425,1843,374,3159,3159,3159,1538,1486,0,94,1405,1594,-591,3334,111,1184,25
17:03:48.472 [TLM] 24046,9439,1829,374,3156,3156,3156,1497,1353,1,-236,1736,1263,4943,324,111,1184,25
17:03:48.509 [TLM] 24056,9456,1812,374,3148,3148,3148,1445,1595,0,132,1367,1632,216,2770,111,1184,25
17:03:48.543 [TLM] 24066,9469,1798,374,3149,3149,3149,1533,1518,0,60,1439,1560,176,2451,111,1184,25
17:03:48.544 [TLM] 24076,9484,1784,374,3153,3153,3153,1384,1533,0,-132,1632,1367,4951,-752,111,1184,25
17:03:48.544 [TLM] 24086,9499,1768,374,3153,3153,3153,1440,1571,0,-1,1501,1498,2458,721,111,1184,25
17:03:48.578 [TLM] 24096,9514,1753,373,3152,3152,3152,1532,1442,1,-167,1667,1332,3969,-273,111,1184,25
17:03:48.579 [TLM] 24106,9529,1739,373,3142,3142,3142,1480,1557,0,-146,1646,1353,3830,-847,111,1184,25
17:03:48.612 [TLM] 24116,9544,1724,373,3142,3142,3142,1516,1447,1,-65,1565,1434,2512,1365,111,1184,25
17:03:48.648 [TLM] 24126,9561,1707,373,3139,3139,3139,1558,1452,0,71,1428,1571,-445,2380,111,1184,25
17:03:48.649 [TLM] 24136,9574,1694,373,3142,3142,3142,1460,1526,0,-403,1903,1096,7795,-4188,111,1184,25
17:03:48.685 [TLM] 24146,9589,1679,373,3137,3137,3137,1481,1448,1,248,1251,1748,-1475,5853,111,1184,25
17:03:48.687 [TLM] 24156,9604,1663,373,3138,3138,3138,1438,1531,0,-1,1501,1498,2432,1385,111,1184,25
17:03:48.718 [TLM] 24166,9620,1648,373,3139,3139,3139,1523,1560,0,1,1498,1501,1289,1004,111,1184,25
17:03:48.752 [TLM] 24176,9634,1633,373,3140,3140,3140,1514,1477,1,-54,1554,1445,2312,1108,111,1184,25
17:03:48.752 [TLM] 24186,9650,1618,373,3136,3136,3136,1551,1535,0,-237,1737,1262,4137,-1846,111,1184,25
17:03:48.754 [TLM] 24196,9666,1601,374,3133,3133,3133,1413,1627,0,146,1353,1646,312,2277,111,1184,25
17:03:48.786 [TLM] 24206,9679,1588,374,3131,3131,3131,1706,1234,1,-151,1651,1348,950,3052,111,1184,25
17:03:48.821 [TLM] 24216,9696,1572,374,3123,3123,3123,1334,1949,-2,113,1386,1613,1029,-1509,111,1184,25
17:03:48.822 [TLM] 24226,9710,1558,374,3130,3130,3130,1441,1183,0,-31,1531,1468,2103,5300,111,1184,25
17:03:48.856 [TLM] 24236,9725,1542,374,3128,3128,3128,1366,1761,-2,135,1364,1635,561,787,111,1184,25
17:03:48.857 [TLM] 24246,9740,1528,374,3137,3137,3137,1577,1213,-1,-124,1624,1375,2035,3442,111,1184,25
17:03:48.892 [TLM] 24256,9756,1512,375,3140,3140,3140,1338,1775,0,-404,1904,1095,9223,-7950,111,1184,25
17:03:48.927 [TLM] 24266,9771,1496,375,3133,3133,3133,1191,1742,-3,98,1401,1598,636,2790,111,1184,25
17:03:48.964 [TLM] 24276,9786,1482,375,3136,3136,3136,1413,1724,-4,94,1405,1594,1585,-103,111,1184,25
17:03:48.996 [TLM] 24286,9800,1468,375,3135,3135,3135,1489,1507,-3,-135,1635,1364,2920,311,111,1184,25
17:03:48.997 [TLM] 24296,9815,1453,375,3142,3142,3142,1384,1481,-1,31,1468,1531,2146,2800,111,1184,25
17:03:49.000 [TLM] 24306,9830,1438,375,3148,3148,3148,1448,1596,-3,137,1362,1637,233,2874,111,17568,25
17:03:49.000 [TLM] 24316,9846,1422,375,3162,3162,3162,1431,1498,0,-310,1810,1189,6842,-2463,111,1312,25
17:03:49.032 [TLM] 24326,9861,1406,374,3167,3167,3167,1316,1826,-5,121,1378,1621,1651,114,111,1312,25
17:03:49.067 [TLM] 24336,9876,1392,374,3181,3181,3181,1411,1286,-3,300,1199,1800,-1591,8219,111,1312,25
17:03:49.068 [TLM] 24346,9891,1377,373,3179,3179,3179,1264,1883,-9,1156,343,2656,-12000,12000,111,1312,25
17:03:49.103 [TLM] 24356,9907,1361,372,3200,3200,3200,914,2125,-12,71,1428,1571,6848,-5891,111,17696,25
17:03:49.105 [TLM] 24366,9920,1348,371,3224,3224,3224,1214,1488,-12,577,922,2077,-4094,10565,111,17696,25
17:03:49.137 [TLM] 24376,9937,1331,370,3265,3265,3265,883,2253,-14,177,1322,1677,5750,-4860,111,1440,25
17:03:49.137 [TLM] 24386,9949,1319,368,3308,3308,3308,905,1898,-15,652,847,2152,-1606,7232,111,1440,25
17:03:49.171 [TLM] 24396,9965,1303,365,3369,3369,3369,938,2253,-16,328,1171,1828,2779,-1881,111,1440,25
17:03:49.206 [TLM] 24406,9980,1289,361,3436,3436,3436,1101,1738,-12,429,1070,1929,298,5544,111,1440,25
17:03:49.243 [TLM] 24416,9995,1275,356,3483,3483,3483,1181,1823,-6,-283,1783,1216,10496,-6958,111,1440,25
17:03:49.244 [TLM] 24426,10008,1263,351,3504,3504,3504,1215,1799,-5,358,1141,1858,1389,3261,111,1440,25
17:03:49.244 [TLM] 24436,10023,1249,346,3524,3524,3524,1496,1188,0,-8,1508,1491,4324,4229,111,1440,25
17:03:49.278 [TLM] 24446,10039,1234,340,3521,3521,3521,1726,1594,1,-325,1825,1174,5950,-3992,111,1440,25
17:03:49.278 [TLM] 24456,10051,1222,336,3512,3512,3512,1953,631,7,-334,1834,1165,3514,8326,111,1440,25
17:03:49.312 [TLM] 24466,10068,1207,330,3497,3497,3497,2384,1017,13,-656,2156,843,2238,-1558,111,1440,25
17:03:49.348 [TLM] 24476,10084,1191,324,3436,3436,3436,1965,1003,12,-154,1654,1345,-259,5559,111,1440,25
17:03:49.348 [TLM] 24486,10098,1178,321,3371,3371,3371,2305,556,19,-726,2226,773,4078,3201,111,1440,25
17:03:49.382 [TLM] 24496,10115,1161,318,3292,3292,3292,2174,904,17,-426,1926,1073,329,3213,111,1440,25
17:03:49.382 [TLM] 24506,10129,1148,316,3222,3222,3222,2243,733,19,-1469,2969,30,12000,-9215,111,1440,25
17:03:49.418 [TLM] 24516,10141,1135,316,3137,3137,3137,2204,522,7,2106,-606,3606,-12000,12000,111,1440,25
17:03:49.418 [TLM] 24526,10161,1115,317,3069,3069,3069,1566,1981,9,-1696,3196,-196,12000,-12000,111,17824,25
17:03:49.451 [TLM] 24536,10173,1103,318,3032,3032,3032,2476,354,18,293,1206,1793,-12000,12000,111,17824,25
17:03:49.489 [TLM] 24546,10191,1085,321,2963,2963,2963,2075,993,24,-613,2113,886,5496,-1891,111,1568,25
17:03:49.490 [TLM] 24556,10205,1072,324,2891,2891,2891,2116,1081,18,-645,2145,854,5170,-2476,111,1568,25
17:03:49.522 [TLM] 24566,10221,1057,328,2805,2805,2805,1816,1349,11,2,1497,1502,-1042,3975,111,1568,25
17:03:49.522 [TLM] 24576,10236,1043,334,2745,2745,2745,1605,1578,3,108,1391,1608,-827,2611,111,1568,25
17:03:49.556 [TLM] 24586,10251,1030,340,2701,2701,2701,1470,1573,-3,308,1191,1808,-2760,5784,111,1696,25
17:03:49.557 [TLM] 24596,10266,1016,346,2683,2683,2683,1312,1681,-5,108,1391,1608,1478,2041,111,1696,25
17:03:49.591 [TLM] 24606,10281,1002,353,2681,2681,2681,904,2161,-9,101,1398,1601,6079,-3524,111,1696,25
17:03:49.627 [TLM] 24616,10299,986,361,2702,2702,2702,1088,2247,-12,-37,1537,1462,6152,-8023,111,1696,25
17:03:49.628 [TLM] 24626,10310,976,366,2719,2719,2719,1020,1770,-13,253,1246,1753,2839,2973,111,1696,25
17:03:49.662 [TLM] 24636,10327,961,372,2759,2759,2759,952,2226,-18,258,1241,1758,2846,-2255,111,1696,25
17:03:49.696 [TLM] 24646,10342,946,377,2816,2816,2816,893,1949,-16,398,1101,1898,1821,2425,111,1696,25
17:03:49.732 [TLM] 24656,10354,934,381,2872,2872,2872,1336,1221,-9,-33,1533,1466,3231,5718,111,1696,25
17:03:49.734 [TLM] 24666,10370,920,385,2917,2917,2917,1228,1709,-9,238,1261,1738,518,4580,111,1696,25
17:03:49.734 [TLM] 24676,10387,903,388,2973,2973,2973,1258,1753,-8,900,599,2400,-7840,10349,111,1696,25
17:03:49.735 [TLM] 24686,10401,889,390,3025,3025,3025,1065,1602,-5,-135,1635,1364,9271,-824,111,1696,25
17:03:49.767 [TLM] 24696,10415,874,391,3067,3067,3067,1498,1743,-5,241,1258,1741,-1483,3124,111,1696,25
17:03:49.802 [TLM] 24706,10432,858,392,3123,3123,3123,1168,1879,-5,53,1446,1553,5426,-2171,111,1696,25
17:03:49.803 [TLM] 24716,10444,846,392,3147,3147,3147,1421,1179,0,-276,1776,1223,8200,1638,111,1696,25
17:03:49.836 [TLM] 24726,10461,828,392,3151,3151,3151,1670,1887,-4,-133,1633,1366,1674,-4014,111,1696,25
17:03:49.837 [TLM] 24736,10477,812,392,3167,3167,3167,1379,1508,-4,318,1181,1818,-1245,6009,111,1696,25
17:03:49.871 [TLM] 24746,10492,798,391,3171,3171,3171,1406,1509,-3,231,1268,1731,-228,5075,111,1696,25
17:03:49.906 [TLM] 24756,10507,783,391,3176,3176,3176,1413,1501,-1,-6,1506,1493,3293,1859,111,1696,25
17:03:49.907 [TLM] 24766,10520,770,390,3178,3178,3178,1466,1567,-1,41,1458,1541,2098,1856,111,1696,25
17:03:49.942 [TLM] 24776,10535,755,390,3179,3179,3179,1441,1453,0,-36,1536,1463,3703,1985,111,1696,25
17:03:49.977 [TLM] 24786,10550,739,389,3177,3177,3177,1611,1402,-1,-367,1867,1132,5563,-1427,111,1696,25
17:03:49.978 [TLM] 24796,10567,723,388,3179,3179,3179,1535,1393,0,-267,1767,1232,4917,20,111,1696,25
17:03:49.979 [TLM] 24806,10581,709,388,3182,3182,3182,1430,1467,0,4,1495,1504,2865,2817,111,1696,25
17:03:50.011 [TLM] 24816,10595,695,387,3187,3187,3187,1454,1548,0,-2,1502,1497,2876,1553,111,18080,25
17:03:50.047 [TLM] 24826,10612,678,386,3191,3191,3191,1641,1366,3,-327,1827,1172,5631,-1320,111,1824,25
17:03:50.049 [TLM] 24836,10626,664,386,3169,3169,3169,1825,1237,4,-334,1834,1165,3381,707,111,1824,25
17:03:50.082 [TLM] 24846,10642,648,386,3141,3141,3141,1749,1434,5,21,1478,1521,-1549,4019,111,1824,25
17:03:50.082 [TLM] 24856,10655,635,386,3116,3116,3116,1874,894,9,-57,1557,1442,-539,7518,111,1824,25
17:03:50.117 [TLM] 24866,10671,618,387,3057,3057,3057,2005,1029,14,-834,2334,665,9023,-5027,111,1824,25
17:03:50.118 [TLM] 24876,10685,605,389,2978,2978,2978,2493,297,22,-764,2264,735,3040,5236,111,1824,25
17:03:50.152 [TLM] 24886,10702,589,392,2883,2883,2883,2376,742,23,-868,2368,631,4651,-1778,111,1824,25
17:03:50.186 [TLM] 24896,10717,575,397,2777,2777,2777,2261,825,21,-968,2468,531,7103,-3440,111,1824,25
17:03:50.222 [TLM] 24906,10730,562,403,2664,2664,2664,2314,397,25,-871,2371,628,5977,2552,111,1824,25
17:03:50.222 [TLM] 24916,10747,548,411,2537,2537,2537,2554,712,26,-993,2493,506,4250,-2637,111,1824,25
17:03:50.224 [TLM] 24926,10760,538,419,2416,2416,2416,2386,389,26,-877,2377,622,4452,3120,111,1824,25
17:03:50.259 [TLM] 24936,10777,526,432,2268,2268,2268,2365,715,25,-871,2371,628,4450,-758,111,1824,25
17:03:50.260 [TLM] 24946,10789,519,442,2141,2141,2141,2402,502,24,-728,2228,771,1767,4447,119,1824,25
17:03:50.292 [TLM] 24956,10806,511,456,1985,1985,1985,2367,481,25,-921,2421,578,5085,1953,119,1824,25
17:03:50.327 [TLM] 24966,10818,507,468,1860,1860,1860,2115,722,17,-650,2150,849,2731,5156,119,1824,25
17:03:50.327 [TLM] 24976,10833,504,482,1743,1743,1743,2135,672,21,-593,2093,906,3273,5225,119,1824,25
17:03:50.363 [TLM] 24986,10849,502,499,1627,1627,1627,2300,985,19,-674,2174,825,1361,902,119,1824,25
17:03:50.364 [TLM] 24996,10863,502,513,1515,1515,1515,2092,769,19,-652,2152,847,4302,3268,119,1824,25
17:03:50.396 [TLM] 25006,10878,504,527,1412,1412,1412,1897,946,14,-208,1708,1291,-472,8407,119,1824,25
17:03:50.396 [TLM] 25016,10893,507,542,1313,1313,1313,1678,920,14,-464,1964,1035,8719,3396,119,1824,25
17:03:50.434 [TLM] 25026,10907,511,555,1236,1236,1236,2081,1018,19,-1769,3269,-269,12000,-12000,119,1824,25
17:03:50.468 [TLM] 25036,10922,517,569,1136,1136,1136,2116,868,18,-631,2131,868,6442,3264,119,1824,25
17:03:50.469 [TLM] 25046,10937,524,582,1060,1060,1060,2121,1075,18,-596,2096,903,5656,476,119,1824,25
17:03:50.502 [TLM] 25056,10954,533,596,976,976,976,2492,857,18,-664,2164,835,1202,1873,119,1824,25
17:03:50.502 [TLM] 25066,10967,541,607,891,891,891,1919,763,19,-651,2151,848,7787,3646,119,1824,25
17:03:50.537 [TLM] 25076,10982,550,618,811,811,811,1965,1002,19,-755,2255,744,9480,-829,119,1824,25
17:03:50.538 [TLM] 25086,10999,563,630,728,728,728,2420,1063,18,-376,1876,1123,-1998,3080,119,1824,25
17:03:50.572 [TLM] 25096,11013,574,639,647,647,647,1725,1001,17,-1126,2626,373,12000,-6490,119,1824,25
17:03:50.608 [TLM] 25106,11027,585,647,577,577,577,2391,474,24,-904,2404,595,7164,3534,119,1824,25
17:03:50.608 [TLM] 25116,11044,600,656,510,510,510,2850,649,25,-1005,2505,494,1350,-618,119,1824,25
17:03:50.642 [TLM] 25126,11057,612,661,428,428,428,2163,661,25,-839,2339,660,8133,1668,119,1824,25
17:03:50.643 [TLM] 25136,11073,627,667,346,346,346,1799,1329,9,-407,1907,1092,3636,2089,119,1824,25
17:03:50.677 [TLM] 25146,11088,641,672,285,285,285,1842,1136,22,-1273,2773,226,12000,-10446,119,18208,25
17:03:50.712 [TLM] 25156,11104,656,675,190,190,190,2243,900,19,-645,2145,854,4187,2252,119,1952,25
17:03:50.714 [TLM] 25166,11119,671,678,107,107,107,2199,880,17,-466,1966,1033,1911,3923,119,1952,25
17:03:50.717 [TLM] 25176,11136,688,679,16,16,16,1828,1349,12,-291,1791,1208,3311,1209,119,1952,25
17:03:50.749 [TLM] 25186,11150,703,678,-43,-43,-43,1668,1666,5,156,1343,1656,-1991,3531,119,1952,25
17:03:50.782 [TLM] 25196,11165,717,677,-96,-96,-96,1693,1070,7,-354,1854,1145,5695,3402,119,1952,25
17:03:50.784 [TLM] 25206,11180,732,675,-140,-140,-140,1797,1305,5,-147,1647,1352,831,4071,119,1952,25
17:03:50.818 [TLM] 25216,11197,749,672,-172,-172,-172,1557,1729,2,25,1474,1525,1023,764,119,1952,25
17:03:50.819 [TLM] 25226,11210,762,670,-190,-190,-190,1384,1498,0,-145,1645,1354,5410,1107,119,1952,25
17:03:50.852 [TLM] 25236,11227,778,667,-203,-203,-203,1435,1518,0,69,1430,1569,1983,3813,119,1952,25
17:03:50.887 [TLM] 25246,11242,793,664,-209,-209,-209,1551,1568,0,129,1370,1629,-514,4041,119,1952,25
17:03:50.888 [TLM] 25256,11256,807,661,-208,-208,-208,1454,1707,-3,169,1330,1669,-379,2925,119,1952,25
17:03:50.922 [TLM] 25266,11271,821,658,-193,-193,-193,1379,1679,-3,159,1340,1659,656,2950,119,1952,25
17:03:50.956 [TLM] 25276,11287,837,655,-172,-172,-172,1270,1752,-4,204,1295,1704,1395,2292,119,1952,25
17:03:50.956 [TLM] 25286,11301,851,653,-150,-150,-150,1446,1580,-4,30,1469,1530,1902,1675,119,1952,25
17:03:50.958 [TLM] 25296,11319,868,650,-133,-133,-133,1417,1688,-5,319,1180,1819,-2265,4272,119,1952,25
17:03:50.993 [TLM] 25306,11332,882,649,-119,-119,-119,1337,1776,-4,205,1294,1705,504,1376,119,1952,25
17:03:51.029 [TLM] 25316,11349,898,647,-95,-95,-95,1324,1795,-3,57,1442,1557,3112,-1212,119,1952,25
17:03:51.029 [TLM] 25326,11362,911,646,-80,-80,-80,1519,1418,-2,96,1403,1596,252,3759,119,1952,25
17:03:51.062 [TLM] 25336,11379,928,644,-67,-67,-67,1390,1686,-1,-206,1706,1293,6155,-3770,119,1952,25
17:03:51.065 [TLM] 25346,11392,941,644,-56,-56,-56,1393,1559,-3,458,1041,1958,-3370,7643,119,1952,25
17:03:51.099 [TLM] 25356,11407,956,643,-35,-35,-35,1480,1284,0,210,1289,1710,186,7066,119,1952,25
17:03:51.102 [TLM] 25366,11421,971,642,-36,-36,-36,1592,1515,0,288,1211,1788,-2726,5727,119,1952,25
17:03:51.132 [TLM] 25376,11439,988,642,-23,-23,-23,1351,1783,0,-106,1606,1393,5894,-3783,119,1952,25
17:03:51.166 [TLM] 25386,11453,1003,642,-25,-25,-25,1570,1394,-2,744,755,2244,-9383,12000,119,1952,25
17:03:51.202 [TLM] 25396,11468,1018,641,-20,-20,-20,1263,1970,-3,-163,1663,1336,7122,-6860,119,1952,25
17:03:51.202 [TLM] 25406,11482,1031,641,-15,-15,-15,1509,1350,-2,176,1323,1676,-859,6189,119,1952,25
17:03:51.203 [TLM] 25416,11497,1046,641,-3,-3,-3,1434,1488,0,-232,1732,1267,5946,-1310,119,1952,25
17:03:51.237 [TLM] 25426,11512,1061,641,3,3,3,1465,1607,0,-18,1518,1481,2339,838,119,1952,25
17:03:51.237 [TLM] 25436,11528,1077,641,19,19,19,1417,1612,0,0,1499,1500,3259,305,119,1952,25
17:03:51.273 [TLM] 25446,11542,1091,641,24,24,24,1495,1508,0,1,1498,1501,2152,1621,119,1952,25
17:03:51.307 [TLM] 25456,11558,1108,642,26,26,26,1554,1516,0,-154,1654,1345,3557,-683,119,1952,25
17:03:51.307 [TLM] 25466,11574,1123,642,26,26,26,1542,1559,0,-100,1600,1399,2579,-251,119,1952,25
17:03:51.342 [TLM] 25476,11586,1136,643,27,27,27,1621,1303,0,341,1158,1841,-4418,8930,119,1952,25
17:03:51.342 [TLM] 25486,11602,1151,643,27,27,27,1523,1429,2,-197,1697,1302,4737,-290,119,1952,25
17:03:51.378 [TLM] 25496,11618,1167,643,22,22,22,1615,1452,2,-59,1559,1440,1609,1590,119,1952,25
17:03:51.413 [TLM] 25506,11631,1181,644,16,16,16,1569,1399,2,-68,1568,1431,2347,1994,119,1952,25
17:03:51.446 [TLM] 25516,11649,1198,644,7,7,7,1577,1554,1,-150,1650,1349,2947,-1018,119,1952,25
17:03:51.449 [TLM] 25526,11664,1213,644,6,6,6,1458,1516,0,157,1342,1657,12,3749,119,1952,25
17:03:51.450 [TLM] 25536,11678,1228,644,6,6,6,1625,1267,1,-2,1502,1497,420,4525,119,1952,25
17:03:51.482 [TLM] 25546,11692,1241,644,1,1,1,1493,1476,0,-35,1535,1464,2254,1814,119,1952,25
17:03:51.483 [TLM] 25556,11707,1256,644,0,0,0,1591,1446,1,-71,1571,1428,1768,1435,119,1952,25
17:03:51.518 [TLM] 25566,11722,1271,644,-6,-6,-6,1509,1503,0,176,1323,1676,-951,4297,119,1952,25
17:03:51.521 [TLM] 25576,11739,1288,644,-7,-7,-7,1510,1472,0,-55,1555,1444,2411,1237,119,1952,25
17:03:51.551 [TLM] 25586,11752,1302,644,-14,-14,-14,1493,1608,0,-94,1594,1405,2970,-685,119,1952,25
17:03:51.587 [TLM] 25596,11769,1318,644,-13,-13,-13,1440,1521,0,0,1499,1500,2394,1621,119,1952,25
17:03:51.587 [TLM] 25606,11782,1331,643,-13,-13,-13,1520,1441,0,4,1495,1504,1209,2853,119,1952,25
17:03:51.621 [TLM] 25616,11799,1348,643,-15,-15,-15,1522,1490,0,-1,1501,1498,1314,1997,119,1952,25
17:03:51.624 [TLM] 25626,11812,1362,643,-16,-16,-16,1476,1482,1,-355,1855,1144,7356,-3084,119,1952,25
17:03:51.657 [TLM] 25636,11829,1378,643,-22,-22,-22,1518,1594,0,-63,1563,1436,2063,91,119,1952,25
17:03:51.692 [TLM] 25646,11842,1391,642,-18,-18,-18,1506,1417,1,112,1387,1612,30,4510,119,1952,25
17:03:51.692 [TLM] 25656,11858,1408,642,-21,-21,-21,1525,1438,0,2,1497,1502,1366,2777,119,1952,25
17:03:51.694 [TLM] 25666,11873,1423,642,-25,-25,-25,1413,1560,0,0,1500,1499,2693,1392,119,1952,25
17:03:51.728 [TLM] 25676,11887,1437,641,-26,-26,-26,1513,1510,0,-1,1501,1498,1387,1718,119,1952,25
17:03:51.760 [TLM] 25686,11902,1452,641,-28,-28,-28,1514,1489,1,-267,1767,1232,5160,-1707,119,1952,25
17:03:51.763 [TLM] 25696,11917,1467,640,-31,-31,-31,1538,1611,-1,242,1257,1742,-2633,4383,119,1952,25
17:03:51.797 [TLM] 25706,11932,1481,640,-27,-27,-27,1510,1373,1,125,1374,1625,85,5045,119,1952,25
17:03:51.798 [TLM] 25716,11948,1498,639,-28,-28,-28,1497,1536,0,3,1496,1503,1926,1421,119,1952,25
17:03:51.832 [TLM] 25726,11962,1511,639,-26,-26,-26,1423,1608,0,22,1477,1522,2486,809,119,18336,25
17:03:51.867 [TLM] 25736,11977,1526,639,-23,-23,-23,1450,1478,0,1,1498,1501,2492,2087,119,2080,25
17:03:51.869 [TLM] 25746,11992,1541,638,-23,-23,-23,1558,1463,0,-307,1807,1192,5675,-2087,119,2080,25
17:03:51.904 [TLM] 25756,12009,1558,638,-27,-27,-27,1526,1541,0,28,1471,1528,971,1871,119,2080,25
17:03:51.937 [TLM] 25766,12021,1570,638,-27,-27,-27,1571,980,6,-278,1778,1221,6109,3752,119,2080,25
17:03:51.938 [TLM] 25776,12037,1586,637,-47,-47,-47,1642,1473,5,-315,1815,1184,5400,-2271,119,2080,25
17:03:51.939 [TLM] 25786,12050,1599,636,-78,-78,-78,1994,796,12,-436,1936,1063,4103,3817,119,2080,25
17:03:51.972 [TLM] 25796,12068,1618,634,-136,-136,-136,2202,1013,13,-471,1971,1028,879,652,119,2080,25
17:03:52.007 [TLM] 25806,12083,1632,632,-190,-190,-190,1925,1135,9,-422,1922,1077,2789,662,119,18464,25
17:03:52.008 [TLM] 25816,12098,1646,629,-238,-238,-238,1791,1035,12,-848,2348,651,10940,-4508,119,18464,25
17:03:52.042 [TLM] 25826,12114,1662,624,-296,-296,-296,2082,1271,8,-169,1669,1330,-3745,3001,119,2208,25
17:03:52.042 [TLM] 25836,12129,1676,619,-339,-339,-339,1629,1480,6,-199,1699,1300,2376,-1330,119,2208,25
17:03:52.078 [TLM] 25846,12143,1689,614,-379,-379,-379,1392,1525,-1,-224,1724,1275,4350,-409,119,2208,25
17:03:52.079 [TLM] 25856,12160,1705,608,-403,-403,-403,1037,2005,-3,67,1432,1567,4410,-3160,119,2208,25
17:03:52.112 [TLM] 25866,12169,1713,604,-415,-415,-415,837,1741,-10,-265,1765,1234,12000,-2309,119,2208,25
17:03:52.149 [TLM] 25876,12188,1731,596,-413,-413,-413,1232,1825,-16,1517,-17,3017,-12000,12000,119,2208,25
17:03:52.182 [TLM] 25886,12205,1746,590,-382,-382,-382,714,2665,-21,615,884,2115,-402,-667,119,2208,25
17:03:52.183 [TLM] 25896,12220,1760,585,-320,-320,-320,748,2056,-17,295,1204,1795,4653,-331,119,2208,25
17:03:52.185 [TLM] 25906,12233,1773,581,-269,-269,-269,636,2372,-23,1220,279,2720,-6915,9267,119,2208,25
17:03:52.217 [TLM] 25916,12251,1790,577,-184,-184,-184,562,2443,-25,788,711,2288,-865,2296,119,2208,25
17:03:52.219 [TLM] 25926,12265,1804,575,-85,-85,-85,516,2390,-24,790,709,2290,187,3380,119,2208,25
17:03:52.251 [TLM] 25936,12276,1816,575,1,1,1,805,1890,-19,1118,381,2618,-6249,12000,119,2208,25
17:03:52.287 [TLM] 25946,12292,1831,576,94,94,94,729,2111,-19,610,889,2110,2638,3719,119,2208,25
17:03:52.287 [TLM] 25956,12307,1846,578,178,178,178,771,2061,-18,596,903,2096,2852,4047,119,2208,25
17:03:52.324 [TLM] 25966,12322,1860,581,257,257,257,1342,1664,-6,-299,1799,1200,9966,-4613,119,2208,25
17:03:52.327 [TLM] 25976,12333,1872,585,315,315,315,1079,1612,-4,231,1268,1731,6043,3789,119,2208,25
17:03:52.357 [TLM] 25986,12348,1886,590,364,364,364,1180,1834,-3,-199,1699,1300,11429,-4954,119,2208,25
17:03:52.357 [TLM] 25996,12363,1899,595,405,405,405,1767,1137,0,-182,1682,1317,4654,4203,119,2208,25
17:03:52.393 [TLM] 26006,12378,1912,601,421,421,421,1591,976,6,-355,1855,1144,9926,2927,119,2208,25
17:03:52.429 [TLM] 26016,12396,1929,609,417,417,417,2362,1204,12,-761,2261,738,5579,-5929,119,2208,25
17:03:52.429 [TLM] 26026,12410,1942,614,398,398,398,1738,1212,9,-515,2015,984,7868,-1277,119,2208,25
17:03:52.463 [TLM] 26036,12423,1954,619,386,386,386,1966,597,18,-737,2237,762,10511,2278,119,18592,25
17:03:52.464 [TLM] 26046,12440,1970,625,362,362,362,2681,982,20,-752,2252,747,496,-2233,119,2336,25
17:03:52.497 [TLM] 26056,12454,1983,630,316,316,316,2107,678,20,-645,2145,854,6244,2742,119,2336,25
17:03:52.498 [TLM] 26066,12471,2000,635,262,262,262,2337,904,18,-356,1856,1143,-1436,3990,119,2336,25
17:03:52.532 [TLM] 26076,12486,2014,638,203,203,203,1777,1246,15,-794,2294,705,11505,-6476,119,2336,25
17:03:52.568 [TLM] 26086,12500,2028,641,140,140,140,2106,985,12,82,1417,1582,-5754,10275,119,2336,25
17:03:52.568 [TLM] 26096,12516,2044,642,74,74,74,1929,1078,13,-447,1947,1052,4228,-4,119,2336,25
17:03:52.602 [TLM] 26106,12533,2061,643,-6,-6,-6,1452,1925,4,70,1429,1570,1576,-2353,119,2336,25
17:03:52.603 [TLM] 26116,12544,2071,642,-74,-74,-74,1398,1067,1,-155,1655,1344,6316,4824,119,2336,25
17:03:52.637 [TLM] 26126,12562,2090,640,-137,-137,-137,1613,1529,-5,327,1172,1827,-5484,8037,119,2336,25
17:03:52.672 [TLM] 26136,12579,2107,637,-163,-163,-163,1258,2085,-6,218,1281,1718,300,-1833,119,2336,25
17:03:52.673 [TLM] 26146,12591,2119,635,-186,-186,-186,1243,1450,-4,89,1410,1589,3513,4289,119,2336,25
17:03:52.675 [TLM] 26156,12607,2134,632,-196,-196,-196,1330,1733,-6,284,1215,1784,-739,4387,119,2336,25
17:03:52.707 [TLM] 26166,12624,2151,629,-196,-196,-196,1136,2131,-8,-112,1612,1387,7025,-7173,119,2336,25
17:03:52.743 [TLM] 26176,12637,2163,627,-193,-193,-193,1251,1720,-9,568,931,2068,-4272,7580,119,18720,25
17:03:52.743 [TLM] 26186,12653,2180,624,-175,-175,-175,1134,2057,-9,213,1286,1713,2106,-2142,119,2464,25
17:03:52.780 [TLM] 26196,12667,2193,621,-154,-154,-154,1265,1519,-7,279,1220,1779,6,6108,119,2464,25
17:03:52.782 [TLM] 26206,12683,2209,619,-126,-126,-126,1193,1932,-7,221,1278,1721,1983,-160,119,2464,25
17:03:52.812 [TLM] 26216,12697,2223,618,-94,-94,-94,1262,1633,-6,228,1271,1728,1115,3813,119,2464,25
17:03:52.846 [TLM] 26226,12712,2238,616,-63,-63,-63,1211,1637,-6,218,1281,1718,2329,3542,119,2464,25
17:03:52.848 [TLM] 26236,12727,2253,616,-37,-37,-37,1297,1755,-7,540,959,2040,-3395,6905,119,2464,25
17:03:52.919 [TLM] 26246,12742,2268,615,-4,-4,-4,1389,1476,-4,14,1485,1514,3248,2159,119,2464,25
17:03:52.920 [TLM] 26256,12757,2283,615,14,14,14,1086,2115,-11,830,669,2330,-5541,6592,119,2464,25
17:03:52.920 [TLM] 26266,12773,2299,616,60,60,60,1147,1714,-8,-15,1515,1484,6360,-1553,119,2464,25
17:03:52.921 [TLM] 26276,12788,2313,617,89,89,89,1129,1815,-9,337,1162,1837,1857,2572,119,2464,25
17:03:52.952 [TLM] 26286,12802,2328,619,126,126,126,1149,1693,-11,696,803,2196,-3530,9324,119,2464,25
17:03:52.987 [TLM] 26296,12817,2343,621,168,168,168,1099,1918,-12,434,1065,1934,428,3312,119,2464,25
17:03:52.988 [TLM] 26306,12832,2357,624,218,218,218,1163,1791,-8,23,1476,1523,6619,-2909,119,2464,25
17:03:53.022 [TLM] 26316,12845,2369,627,259,259,259,1153,1733,-9,99,1400,1599,5199,927,119,2464,25
17:03:53.023 [TLM] 26326,12859,2383,631,304,304,304,1205,1502,-4,-146,1646,1353,9043,-341,119,2464,25
17:03:53.058 [TLM] 26336,12876,2399,636,344,344,344,1405,1706,-6,153,1346,1653,1527,2933,119,2464,25
17:03:53.058 [TLM] 26346,12892,2414,642,390,390,390,1318,1783,-5,-401,1901,1098,10618,-7054,119,2464,25
17:03:53.093 [TLM] 26356,12907,2427,648,421,421,421,1364,1667,-7,548,951,2048,-3592,8086,119,2464,25
17:03:53.130 [TLM] 26366,12923,2442,655,467,467,467,1212,1986,-5,-73,1573,1426,7963,-6213,119,2464,25
17:03:53.163 [TLM] 26376,12936,2454,661,491,491,491,1193,1880,-9,120,1379,1620,4137,-804,119,2464,25
17:03:53.164 [TLM] 26386,12953,2469,670,519,519,519,1164,1635,-9,388,1111,1888,802,3178,119,2464,25
17:03:53.167 [TLM] 26396,12967,2481,677,539,539,539,1156,1876,-16,1578,-78,3078,-12000,12000,119,2464,25
17:03:53.198 [TLM] 26406,12982,2494,685,588,588,588,594,1998,-13,93,1406,1593,12000,-3750,119,2464,25
17:03:53.200 [TLM] 26416,12994,2504,692,636,636,636,1192,1393,-9,83,1416,1583,5722,5906,119,2464,25
17:03:53.232 [TLM] 26426,13012,2518,703,683,683,683,1070,2235,-12,445,1054,1945,1417,632,119,2464,25
17:03:53.268 [TLM] 26436,13027,2529,712,737,737,737,1071,1837,-12,413,1086,1913,2104,4290,119,2464,25
17:03:53.269 [TLM] 26446,13042,2540,723,784,784,784,1071,2059,-11,76,1423,1576,6714,-3193,119,2464,25
17:03:53.304 [TLM] 26456,13056,2549,733,826,826,826,1361,1756,-11,435,1064,1935,-2528,5632,119,2464,25
17:03:53.305 [TLM] 26466,13073,2560,745,873,873,873,1153,2023,-10,302,1197,1802,1612,-94,119,2464,25
17:03:53.373 [TLM] 26476,13087,2569,757,918,918,918,1153,2030,-9,723,776,2223,-4432,5814,119,2464,25
17:03:53.406 [TLM] 26486,13103,2579,770,969,969,969,1204,1580,-7,-127,1627,1372,7827,-1502,119,2464,25
17:03:53.408 [TLM] 26496,13118,2587,782,1008,1008,1008,1130,1800,-10,742,757,2242,-3255,8062,119,2464,25
17:03:53.409 [TLM] 26506,13132,2594,794,1050,1050,1050,1166,1710,-7,171,1328,1671,4787,1129,119,2464,25
17:03:53.410 [TLM] 26516,13146,2601,807,1080,1080,1080,1307,1701,-7,277,1222,1777,1351,2947,119,2464,25
17:03:53.442 [TLM] 26526,13162,2608,821,1116,1116,1116,1242,1734,-7,217,1282,1717,3096,1978,119,2464,25
17:03:53.443 [TLM] 26536,13177,2614,834,1144,1144,1144,1401,1796,-6,229,1270,1729,598,1161,119,2464,25
17:03:53.477 [TLM] 26546,13192,2620,849,1176,1176,1176,1232,1691,-10,-78,1578,1421,6147,-116,119,2464,25
17:03:53.478 [TLM] 26556,13208,2626,863,1204,1204,1204,1322,1768,-6,-298,1798,1201,8628,-5203,119,2464,25
17:03:53.511 [TLM] 26566,13223,2631,877,1233,1233,1233,1358,1693,-7,436,1063,1936,-2304,5823,119,2464,25
17:03:53.549 [TLM] 26576,13239,2636,892,1270,1270,1270,1124,2183,-10,173,1326,1673,3719,-3597,119,2464,25
17:03:53.552 [TLM] 26586,13253,2640,906,1312,1312,1312,1345,1568,-8,258,1241,1758,220,4829,119,2464,25
17:03:53.582 [TLM] 26596,13269,2644,921,1348,1348,1348,1112,1967,-8,95,1404,1595,5022,-2478,119,2464,25
17:03:53.585 [TLM] 26606,13282,2646,934,1383,1383,1383,1338,1703,-5,142,1357,1642,2290,781,119,18848,25
17:03:53.617 [TLM] 26616,13298,2649,950,1417,1417,1417,1245,1622,-6,232,1267,1732,1983,3310,119,2592,25
17:03:53.653 [TLM] 26626,13313,2651,965,1450,1450,1450,1268,1744,-6,139,1360,1639,3120,556,119,2592,25
17:03:53.653 [TLM] 26636,13327,2652,978,1478,1478,1478,1292,1730,-6,218,1281,1718,1727,1821,119,2592,25
17:03:53.653 [TLM] 26646,13343,2654,994,1510,1510,1510,1226,1729,-6,216,1283,1716,2610,1941,119,2592,25
17:03:53.687 [TLM] 26656,13357,2654,1008,1535,1535,1535,1385,1583,-6,37,1462,1537,3331,924,119,2592,25
17:03:53.722 [TLM] 26666,13373,2655,1024,1560,1560,1560,1326,1662,-3,-172,1672,1327,7139,-2679,119,2592,25
17:03:53.722 [TLM] 26676,13385,2655,1037,1577,1577,1577,1503,1275,0,-8,1508,1491,3405,4168,119,2592,25
17:03:53.757 [TLM] 26686,13402,2654,1053,1586,1586,1586,1613,1235,1,-64,1564,1435,2961,3922,119,2592,25
17:03:53.757 [TLM] 26696,13416,2654,1068,1588,1588,1588,1693,1475,1,161,1338,1661,-1536,4133,119,2592,25
17:03:53.792 [TLM] 26706,13433,2654,1085,1588,1588,1588,1393,1762,-1,31,1468,1531,3281,-1014,119,2592,25
17:03:53.828 [TLM] 26716,13448,2654,1100,1594,1594,1594,1474,1435,0,135,1364,1635,771,4088,119,2592,25
17:03:53.828 [TLM] 26726,13463,2653,1115,1590,1590,1590,1619,1339,1,341,1158,1841,-3927,8039,119,2592,25
17:03:53.864 [TLM] 26736,13477,2653,1129,1585,1585,1585,1584,1510,0,1,1498,1501,659,1328,119,2592,25
17:03:53.898 [TLM] 26746,13493,2653,1145,1584,1584,1584,1539,1583,1,25,1474,1525,845,658,119,2592,25
17:03:53.899 [TLM] 26756,13507,2653,1159,1579,1579,1579,1505,1577,0,-70,1570,1429,2478,-403,119,2592,25
17:03:53.900 [TLM] 26766,13523,2653,1175,1571,1571,1571,1507,1448,0,127,1372,1627,-24,3991,119,2592,25
17:03:53.931 [TLM] 26776,13537,2653,1188,1566,1566,1566,1464,1551,0,103,1396,1603,826,2632,119,2592,25
17:03:53.965 [TLM] 26786,13553,2653,1205,1562,1562,1562,1587,1467,0,186,1313,1686,-2109,4966,119,2592,25
17:03:53.966 [TLM] 26796,13568,2653,1219,1558,1558,1558,1614,1464,0,-156,1656,1343,1869,251,119,18976,25
17:03:54.002 [TLM] 26806,13584,2653,1235,1554,1554,1554,1519,1487,-1,110,1389,1610,-999,3883,119,18976,25
17:03:54.002 [TLM] 26816,13598,2653,1250,1561,1561,1561,1269,1818,-5,9,1490,1509,3165,-1467,119,2720,25
17:03:54.036 [TLM] 26826,13613,2653,1264,1581,1581,1581,1269,1759,-4,-343,1843,1156,7880,-5448,119,2720,25
17:03:54.037 [TLM] 26836,13629,2653,1280,1607,1607,1607,1213,1994,-4,-241,1741,1258,2480,-68,119,2720,25
17:03:54.074 [TLM] 26846,13641,2652,1293,1630,1630,1630,1231,1671,-11,716,783,2216,-6677,10840,119,2720,25
17:03:54.107 [TLM] 26856,13660,2651,1312,1674,1674,1674,929,2360,-16,761,738,2261,-4425,2356,119,2720,25
17:03:54.143 [TLM] 26866,13673,2649,1325,1730,1730,1730,697,2221,-18,555,944,2055,806,1495,119,2720,25
17:03:54.145 [TLM] 26876,13688,2646,1339,1812,1812,1812,814,2109,-18,709,790,2209,-2052,4718,119,2720,25
17:03:54.145 [TLM] 26886,13702,2642,1352,1906,1906,1906,871,1843,-24,1626,-126,3126,-12000,12000,119,2720,25
17:03:54.176 [TLM] 26896,13717,2636,1367,2015,2015,2015,380,2618,-25,826,673,2326,2058,311,119,2720,25
17:03:54.177 [TLM] 26906,13732,2628,1379,2150,2150,2150,539,2341,-24,864,635,2364,245,4762,119,2720,25
17:03:54.213 [TLM] 26916,13746,2620,1390,2266,2266,2266,522,2460,-25,874,625,2374,815,2966,119,2720,25
17:03:54.247 [TLM] 26926,13760,2610,1400,2409,2409,2409,725,1799,-18,369,1130,1869,7012,3268,119,2720,25
17:03:54.248 [TLM] 26936,13772,2601,1408,2514,2514,2514,677,2038,-20,697,802,2197,3286,6654,119,2720,25
17:03:54.282 [TLM] 26946,13794,2582,1419,2649,2649,2649,418,3296,-25,843,656,2343,3313,-8535,109,2720,25
17:03:54.284 [TLM] 26956,13804,2573,1424,2750,2750,2750,758,1904,-18,-106,1606,1393,12000,-4865,109,2720,25
17:03:54.318 [TLM] 26966,13821,2557,1429,2855,2855,2855,939,2221,-24,1531,-31,3031,-12000,12000,109,2720,25
17:03:54.318 [TLM] 26976,13835,2544,1432,2958,2958,2958,483,2510,-25,865,634,2365,3012,2074,109,2720,25
17:03:54.352 [TLM] 26986,13852,2527,1434,3087,3087,3087,697,2470,-22,259,1240,1759,9058,-6093,109,2720,25
17:03:54.388 [TLM] 26996,13865,2513,1434,3194,3194,3194,677,2074,-20,830,669,2330,1721,6522,109,2720,25
17:03:54.388 [TLM] 27006,13881,2497,1432,3294,3294,3294,710,2538,-22,1000,499,2500,408,2883,109,2720,25
17:03:54.423 [TLM] 27016,13894,2485,1429,3379,3379,3379,1026,1800,-20,577,922,2077,1472,5568,109,2720,25
17:03:54.423 [TLM] 27026,13908,2472,1426,3460,3460,3460,944,1940,-16,558,941,2058,3694,4023,109,2720,25
17:03:54.460 [TLM] 27036,13922,2458,1420,3533,3533,3533,924,1905,-18,519,980,2019,3700,5167,109,2720,25
17:03:54.460 [TLM] 27046,13941,2441,1412,3620,3620,3620,1001,2500,-23,967,532,2467,-4332,3918,109,2720,25
17:03:54.491 [TLM] 27056,13953,2431,1406,3699,3699,3699,710,2019,-20,655,844,2155,3760,5535,109,2720,25
17:03:54.528 [TLM] 27066,13971,2416,1396,3795,3795,3795,1061,2160,-19,635,864,2135,-320,3377,109,2720,25
17:03:54.528 [TLM] 27076,13985,2406,1387,3872,3872,3872,876,2179,-18,644,855,2144,1487,3214,109,2720,25
17:03:54.564 [TLM] 27086,14000,2395,1376,3965,3965,3965,790,2033,-14,-159,1659,1340,12000,-6330,109,2720,25
17:03:54.565 [TLM] 27096,14012,2387,1367,4039,4039,4039,918,1749,-18,1219,280,2719,-5818,12000,109,2720,25
17:03:54.598 [TLM] 27106,14028,2377,1354,4119,4119,4119,1130,1876,-15,768,731,2268,-1676,8981,109,2720,25
17:03:54.633 [TLM] 27116,14043,2369,1341,4179,4179,4179,704,2562,-19,675,824,2175,4043,-595,109,2720,25
17:03:54.634 [TLM] 27126,14059,2362,1327,4264,4264,4264,970,2017,-18,597,902,2097,1998,4740,109,2720,25
17:03:54.635 [TLM] 27136,14075,2356,1313,4328,4328,4328,1044,2099,-18,764,735,2264,-1914,6692,109,2720,25
17:03:54.666 [TLM] 27146,14090,2351,1298,4400,4400,4400,787,2149,-17,96,1403,1596,11543,-4866,109,2720,25
17:03:54.702 [TLM] 27156,14104,2347,1285,4464,4464,4464,899,2252,-19,207,1292,1707,7845,-3514,109,2720,25
17:03:54.703 [TLM] 27166,14118,2344,1271,4537,4537,4537,923,1843,-15,381,1118,1881,5560,3456,109,2720,25
17:03:54.737 [TLM] 27176,14135,2342,1255,4604,4604,4604,1382,1921,-12,387,1112,1887,-510,2434,109,2720,25
17:03:54.737 [TLM] 27186,14151,2341,1239,4670,4670,4670,1084,1781,-10,245,1254,1745,5063,1770,109,2720,25
17:03:54.772 [TLM] 27196,14164,2340,1225,4715,4715,4715,1382,1572,-4,-361,1861,1138,10440,-4336,109,2720,25
17:03:54.807 [TLM] 27206,14181,2341,1209,4744,4744,4744,1324,1732,-6,-89,1589,1410,6843,-1849,109,2720,25
17:03:54.808 [TLM] 27216,14195,2341,1195,4768,4768,4768,1307,1679,-5,5,1494,1505,5410,159,109,2720,25
17:03:54.844 [TLM] 27226,14211,2343,1178,4795,4795,4795,1487,1587,-3,51,1448,1551,2852,1732,109,2720,25
17:03:54.878 [TLM] 27236,14225,2344,1165,4805,4805,4805,1424,1587,-2,41,1458,1541,3757,1477,109,2720,25
17:03:54.878 [TLM] 27246,14242,2346,1147,4813,4813,4813,1663,1492,0,-82,1582,1417,1957,786,109,2720,25
17:03:54.879 [TLM] 27256,14256,2347,1134,4814,4814,4814,1560,1468,0,39,1460,1539,1247,2864,109,2720,25
17:03:54.913 [TLM] 27266,14272,2349,1118,4816,4816,4816,1550,1417,0,104,1395,1604,1215,4054,109,2720,25
17:03:54.946 [TLM] 27276,14288,2350,1102,4812,4812,4812,1612,1461,0,-3,1503,1496,900,2543,109,2720,25
17:03:54.949 [TLM] 27286,14303,2352,1087,4812,4812,4812,1539,1432,1,-185,1685,1314,4269,-637,109,2720,25
17:03:54.983 [TLM] 27296,14317,2353,1073,4805,4805,4805,1827,1388,3,-110,1610,1389,-377,1505,109,2720,25
17:03:54.983 [TLM] 27306,14332,2354,1058,4790,4790,4790,1626,1320,2,353,1146,1853,-5501,9399,109,2720,25
17:03:55.016 [TLM] 27316,14348,2356,1043,4787,4787,4787,1532,1467,7,-964,2464,535,12000,-11935,109,19104,25
17:03:55.017 [TLM] 27326,14361,2356,1029,4772,4772,4772,1848,1255,7,-320,1820,1179,2774,400,109,2848,25
17:03:55.052 [TLM] 27336,14376,2357,1014,4750,4750,4750,1680,1272,6,-32,1532,1467,499,4093,109,2848,25
17:03:55.088 [TLM] 27346,14392,2358,998,4727,4727,4727,1952,802,12,-465,1965,1034,4409,3032,109,2848,25
17:03:55.122 [TLM] 27356,14406,2358,985,4690,4690,4690,1867,1247,9,-83,1583,1416,-789,4147,109,2848,25
17:03:55.122 [TLM] 27366,14421,2357,970,4641,4641,4641,1982,815,14,-536,2036,963,5339,2659,109,2848,25
17:03:55.124 [TLM] 27376,14435,2355,955,4576,4576,4576,2355,834,22,-996,2496,503,7938,-5110,109,2848,25
17:03:55.157 [TLM] 27386,14449,2353,942,4480,4480,4480,2288,521,20,-679,2179,820,4815,5816,109,2848,25
17:03:55.158 [TLM] 27396,14463,2349,928,4392,4392,4392,2332,454,25,-870,2370,629,7136,1710,109,2848,25
17:03:55.193 [TLM] 27406,14480,2342,912,4263,4263,4263,2596,662,25,-870,2370,629,3379,-348,109,2848,25
17:03:55.229 [TLM] 27416,14495,2335,899,4137,4137,4137,2551,514,25,-881,2381,618,3763,1647,109,2848,25
17:03:55.231 [TLM] 27426,14511,2325,887,4007,4007,4007,2466,618,25,-866,2366,633,3892,924,109,2848,25
17:03:55.262 [TLM] 27436,14525,2315,877,3894,3894,3894,2236,1005,21,-2419,3919,-919,12000,-12000,109,2848,25
17:03:55.263 [TLM] 27446,14540,2304,867,3775,3775,3775,1964,675,25,-873,2373,626,10430,-1064,109,2848,25
17:03:55.296 [TLM] 27456,14554,2292,860,3654,3654,3654,2489,622,25,-870,2370,629,3430,1075,109,2848,25
17:03:55.298 [TLM] 27466,14571,2276,853,3519,3519,3519,2457,634,4,1142,357,2642,-12000,12000,109,2848,25
17:03:55.332 [TLM] 27476,14588,2260,847,3433,3433,3433,1472,2224,2,-139,1639,1360,1308,-6052,109,19232,25
17:03:55.365 [TLM] 27486,14598,2251,845,3349,3349,3349,1890,319,22,-1051,2551,448,12000,2640,109,2976,25
17:03:55.366 [TLM] 27496,14617,2232,842,3263,3263,3263,2948,633,25,-857,2357,642,-2702,1399,109,2976,25
17:03:55.402 [TLM] 27506,14629,2220,841,3180,3180,3180,1814,769,23,-707,2207,792,9405,2038,109,2976,25
17:03:55.402 [TLM] 27516,14644,2205,841,3112,3112,3112,2339,870,20,-630,2130,869,2023,1741,109,2976,25
17:03:55.436 [TLM] 27526,14660,2189,842,3033,3033,3033,2001,801,19,-650,2150,849,5858,2336,109,2976,25
17:03:55.472 [TLM] 27536,14672,2177,844,2972,2972,2972,1331,1540,10,-590,2090,909,12000,-4646,109,2976,25
17:03:55.472 [TLM] 27546,14686,2163,847,2916,2916,2916,2094,630,7,402,1097,1902,-9731,12000,109,2976,25
17:03:55.474 [TLM] 27556,14705,2145,851,2861,2861,2861,1480,1745,6,-533,2033,966,10399,-6843,109,2976,25
17:03:55.506 [TLM] 27566,14719,2132,856,2822,2822,2822,1773,1236,1,85,1414,1585,-2250,9231,109,2976,25
17:03:55.544 [TLM] 27576,14736,2116,861,2782,2782,2782,1341,2105,-2,335,1164,1835,-798,-10,109,2976,25
17:03:55.545 [TLM] 27586,14748,2105,866,2751,2751,2751,1075,1633,-3,131,1368,1631,5488,3781,109,2976,25
17:03:55.578 [TLM] 27596,14764,2090,872,2733,2733,2733,889,2315,-12,448,1051,1948,2345,497,109,2976,25
17:03:55.611 [TLM] 27606,14780,2075,878,2744,2744,2744,1144,1817,-12,462,1037,1962,-815,6302,109,2976,25
17:03:55.613 [TLM] 27616,14796,2060,884,2771,2771,2771,1074,2159,-12,437,1062,1937,507,1406,109,2976,25
17:03:55.615 [TLM] 27626,14810,2047,889,2807,2807,2807,1006,1840,-11,-4,1504,1495,7796,-1205,109,2976,25
17:03:55.649 [TLM] 27636,14823,2035,893,2838,2838,2838,1113,1627,-9,372,1127,1872,1793,6884,109,2976,25
17:03:55.684 [TLM] 27646,14841,2017,898,2877,2877,2877,1225,1999,-10,618,881,2118,-3253,5097,109,2976,25
17:03:55.718 [TLM] 27656,14854,2005,901,2920,2920,2920,996,1921,-12,151,1348,1651,6267,-351,109,2976,25
17:03:55.720 [TLM] 27666,14871,1988,904,2977,2977,2977,1152,1922,-9,342,1157,1842,2176,1847,109,2976,25
17:03:55.720 [TLM] 27676,14882,1977,906,3017,3017,3017,1291,1374,-4,-42,1542,1457,6786,3388,109,2976,25
17:03:55.753 [TLM] 27686,14898,1961,908,3049,3049,3049,1311,1740,-4,155,1344,1655,4127,1198,109,2976,25
17:03:55.788 [TLM] 27696,14916,1944,909,3078,3078,3078,1541,1690,-5,227,1272,1727,-441,3057,109,2976,25
17:03:55.790 [TLM] 27706,14931,1928,910,3101,3101,3101,1354,1763,-5,313,1186,1813,244,3050,109,2976,25
17:03:55.822 [TLM] 27716,14945,1915,910,3125,3125,3125,1373,1649,-5,458,1041,1958,-2127,6432,109,2976,25
17:03:55.858 [TLM] 27726,14959,1900,910,3152,3152,3152,1580,1259,1,-128,1628,1371,4704,2059,109,2976,25
17:03:55.858 [TLM] 27736,14974,1885,910,3158,3158,3158,1615,1624,0,24,1475,1524,1243,887,109,2976,25
17:03:55.858 [TLM] 27746,14989,1871,909,3162,3162,3162,1556,1300,0,-37,1537,1462,2934,3581,109,2976,25
17:03:55.892 [TLM] 27756,15005,1854,909,3159,3159,3159,1593,1595,0,48,1451,1548,873,1122,109,2976,25
17:03:55.928 [TLM] 27766,15022,1838,909,3160,3160,3160,1421,1503,1,-123,1623,1376,5345,-624,109,2976,25
17:03:55.929 [TLM] 27776,15035,1824,909,3156,3156,3156,1505,1555,-1,192,1307,1692,-670,3880,109,2976,25
17:03:55.963 [TLM] 27786,15052,1808,908,3155,3155,3155,1710,1234,0,30,1469,1530,-1126,5496,109,2976,25
17:03:55.964 [TLM] 27796,15066,1793,908,3152,3152,3152,1326,1850,-1,258,1241,1758,215,919,109,2976,25
17:03:55.997 [TLM] 27806,15080,1779,908,3155,3155,3155,1573,1384,1,-339,1839,1160,6032,-1927,109,2976,25
17:03:55.999 [TLM] 27816,15097,1762,908,3147,3147,3147,1612,1762,-2,169,1330,1669,-3283,874,109,2976,25
17:03:56.032 [TLM] 27826,15111,1749,908,3152,3152,3152,1360,1309,0,-116,1616,1383,4224,2257,109,2976,25
17:03:56.067 [TLM] 27836,15128,1731,908,3153,3153,3153,1374,1694,0,-94,1594,1405,4004,-2388,109,2976,25
17:03:56.102 [TLM] 27846,15142,1718,907,3144,3144,3144,1521,1281,0,-26,1526,1473,1292,4320,109,2976,25
17:03:56.103 [TLM] 27856,15157,1703,908,3136,3136,3136,1360,1781,-1,103,1396,1603,1253,-224,109,2976,25
17:03:56.104 [TLM] 27866,15171,1688,908,3133,3133,3133,1616,1268,-2,860,639,2360,-12000,12000,109,2976,25
17:03:56.136 [TLM] 27876,15188,1671,908,3125,3125,3125,1251,2131,-5,317,1182,1817,-1090,-1817,109,2976,25
17:03:56.137 [TLM] 27886,15201,1658,908,3125,3125,3125,1562,1175,-3,91,1408,1591,-1711,6921,109,2976,25
17:03:56.172 [TLM] 27896,15218,1642,908,3116,3116,3116,1170,1990,-6,452,1047,1952,-1759,1480,109,2976,25
17:03:56.207 [TLM] 27906,15232,1627,909,3117,3117,3117,1331,1350,-3,166,1333,1666,937,5769,109,2976,25
17:03:56.207 [TLM] 27916,15247,1613,909,3117,3117,3117,1163,2070,-4,401,1098,1901,-263,137,109,2976,25
17:03:56.243 [TLM] 27926,15261,1598,909,3126,3126,3126,1243,1486,-3,-71,1571,1428,5756,781,109,2976,25
17:03:56.243 [TLM] 27936,15275,1584,910,3129,3129,3129,1447,1552,-2,55,1444,1555,1638,2078,109,2976,25
17:03:56.278 [TLM] 27946,15291,1568,910,3134,3134,3134,1402,1456,-2,215,1284,1715,50,5425,109,2976,25
17:03:56.278 [TLM] 27956,15306,1554,910,3137,3137,3137,1468,1404,0,-207,1707,1292,6035,-444,109,2976,25
17:03:56.314 [TLM] 27966,15321,1538,910,3131,3131,3131,1576,1470,0,106,1393,1606,-462,4094,109,2976,25
17:03:56.345 [TLM] 27976,15336,1523,910,3129,3129,3129,1424,1599,-1,15,1484,1515,2413,1356,109,2976,25
17:03:56.348 [TLM] 27986,15351,1509,910,3134,3134,3134,1384,1534,0,-6,1506,1493,3689,1515,109,2976,25
17:03:56.382 [TLM] 27996,15366,1494,910,3134,3134,3134,1520,1491,0,119,1380,1619,413,3862,109,2976,25
17:03:56.383 [TLM] 28006,15380,1480,910,3133,3133,3133,1532,1548,0,4,1495,1504,1494,1731,109,2976,25
17:03:56.417 [TLM] 28016,15396,1463,910,3138,3138,3138,1518,1496,0,186,1313,1686,-748,4431,109,2976,25
17:03:56.418 [TLM] 28026,15410,1450,911,3141,3141,3141,1448,1608,0,-205,1705,1294,5700,-2374,109,2976,25
17:03:56.453 [TLM] 28036,15424,1435,910,3141,3141,3141,1572,1351,1,-325,1825,1174,6148,-916,109,2976,25
17:03:56.454 [TLM] 28046,15441,1418,911,3135,3135,3135,1493,1594,0,3,1496,1503,2123,883,109,2976,25
17:03:56.487 [TLM] 28056,15455,1404,911,3135,3135,3135,1555,1511,0,0,1500,1499,1202,1725,109,2976,25
17:03:56.523 [TLM] 28066,15472,1388,911,3134,3134,3134,1530,1543,0,24,1475,1524,975,1613,109,2976,25
17:03:56.523 [TLM] 28076,15485,1374,911,3135,3135,3135,1532,1460,0,-17,1517,1482,1813,1934,109,2976,25
17:03:56.557 [TLM] 28086,15502,1357,911,3134,3134,3134,1494,1675,-1,150,1349,1650,-582,1704,109,2976,25
17:03:56.593 [TLM] 28096,15515,1345,911,3134,3134,3134,1537,1294,1,-220,1720,1279,4298,1841,109,2976,25
17:03:56.595 [TLM] 28106,15532,1327,911,3132,3132,3132,1604,1503,0,91,1408,1591,-1147,3419,109,19360,25
17:03:56.596 [TLM] 28116,15546,1313,911,3133,3133,3133,1540,1617,0,103,1396,1603,-752,1993,109,3104,25
17:03:56.628 [TLM] 28126,15563,1296,911,3142,3142,3142,1309,1792,-5,377,1122,1877,-2777,4146,109,3104,25
17:03:56.662 [TLM] 28136,15577,1282,911,3164,3164,3164,1260,1739,-6,267,1232,1767,-718,2949,109,3104,25
17:03:56.663 [TLM] 28146,15592,1267,911,3195,3195,3195,1295,1759,-4,307,1192,1807,-1327,2793,109,3104,25
17:03:56.696 [TLM] 28156,15607,1253,910,3221,3221,3221,1235,1670,-5,224,1275,1724,927,2677,109,19488,25
17:03:56.696 [TLM] 28166,15624,1235,908,3261,3261,3261,1163,2052,-11,467,1032,1967,-2512,1932,109,19488,25
17:03:56.733 [TLM] 28176,15638,1221,906,3318,3318,3318,895,1851,-12,418,1081,1918,1872,3145,109,3232,25
17:03:56.768 [TLM] 28186,15653,1207,903,3382,3382,3382,1189,1740,-7,-16,1516,1483,5414,-2117,109,3232,25
17:03:56.769 [TLM] 28196,15667,1193,899,3433,3433,3433,1278,1614,-5,381,1118,1881,447,5512,109,3232,25
17:03:56.802 [TLM] 28206,15682,1179,894,3477,3477,3477,1265,1619,-5,168,1331,1668,2529,2500,109,3232,25
17:03:56.837 [TLM] 28216,15696,1166,889,3508,3508,3508,1753,1237,1,-103,1603,1396,1108,2724,109,3232,25
17:03:56.838 [TLM] 28226,15712,1152,884,3521,3521,3521,1385,1558,4,-734,2234,765,12000,-10501,109,3232,25
17:03:56.872 [TLM] 28236,15723,1141,879,3522,3522,3522,1962,873,7,-448,1948,1051,4527,3194,109,3232,25
17:03:56.874 [TLM] 28246,15741,1124,873,3518,3518,3518,2277,621,13,-495,1995,1004,528,5122,109,3232,25
17:03:56.876 [TLM] 28256,15756,1110,867,3503,3503,3503,1768,1331,14,-622,2122,877,9297,-5328,109,3232,25
17:03:56.910 [TLM] 28266,15765,1102,864,3475,3475,3475,2242,-18,25,-870,2370,629,9861,7766,109,3232,25
17:03:56.943 [TLM] 28276,15788,1080,857,3428,3428,3428,3097,805,28,-1071,2571,428,28,-6374,109,3232,25
17:03:56.943 [TLM] 28286,15799,1069,855,3358,3358,3358,2262,599,20,1815,-315,3315,-12000,12000,109,3232,25
17:03:56.979 [TLM] 28296,15813,1055,852,3266,3266,3266,2173,245,30,-1285,2785,214,12000,-2379,109,3232,25
17:03:56.979 [TLM] 28306,15830,1039,851,3165,3165,3165,2816,514,30,-1042,2542,457,3719,-1119,109,3232,25
17:03:57.012 [TLM] 28316,15843,1026,852,3071,3071,3071,1774,1226,-2,76,1423,1576,-5974,12000,109,3232,25
17:03:57.047 [TLM] 28326,15864,1005,854,2982,2982,2982,1554,1923,28,-978,2478,521,12000,-12000,109,19616,25
17:03:57.083 [TLM] 28336,15872,997,856,2897,2897,2897,1805,540,18,-815,2315,684,12000,721,109,3360,25
17:03:57.084 [TLM] 28346,15892,978,862,2773,2773,2773,2176,1167,19,-1156,2656,343,12000,-12000,109,3360,25
17:03:57.085 [TLM] 28356,15904,967,867,2669,2669,2669,1874,940,8,163,1336,1663,-3846,11317,109,3360,25
17:03:57.117 [TLM] 28366,15924,950,877,2581,2581,2581,1407,2173,-1,427,1072,1927,-3397,-454,109,3360,25
17:03:57.118 [TLM] 28376,15936,940,884,2517,2517,2517,1123,1754,-9,572,927,2072,-2306,7152,109,3360,25
17:03:57.151 [TLM] 28386,15956,924,896,2452,2452,2452,534,2755,-19,1333,166,2833,-6388,4305,109,3360,25
17:03:57.187 [TLM] 28396,15967,916,903,2427,2427,2427,1193,1308,-19,1202,297,2702,-12000,12000,109,3360,25
17:03:57.187 [TLM] 28406,15984,903,914,2420,2420,2420,411,3126,-27,1057,442,2557,-2564,-362,109,3360,25
17:03:57.222 [TLM] 28416,15999,891,924,2435,2435,2435,667,2419,-28,979,520,2479,-5079,4849,109,3360,25
17:03:57.222 [TLM] 28426,16008,884,930,2463,2463,2463,761,1570,-19,736,763,2236,-261,12000,109,3360,25
17:03:57.257 [TLM] 28436,16024,872,940,2509,2509,2509,172,2913,-30,987,512,2487,2052,1832,109,3360,25
17:03:57.257 [TLM] 28446,16043,856,950,2584,2584,2584,546,2365,-28,959,540,2459,-1789,5649,109,3360,25
17:03:57.293 [TLM] 28456,16054,846,956,2652,2652,2652,501,2292,-27,882,617,2382,389,6638,109,3360,25
17:03:57.331 [TLM] 28466,16072,830,963,2743,2743,2743,559,2337,-24,804,695,2304,1668,3201,109,3360,25
17:03:57.334 [TLM] 28476,16085,818,968,2825,2825,2825,741,2022,-13,-185,1685,1314,12000,-8756,109,3360,25
17:03:57.364 [TLM] 28486,16098,806,971,2892,2892,2892,898,1615,-15,623,876,2123,2143,10385,109,3360,25
17:03:57.366 [TLM] 28496,16109,794,974,2942,2942,2942,1235,1480,-10,165,1334,1665,5481,6718,109,3360,25
17:03:57.396 [TLM] 28506,16122,782,976,2983,2983,2983,1104,1462,-9,755,744,2255,-1370,12000,109,3360,25
17:03:57.397 [TLM] 28516,16135,770,978,3016,3016,3016,1129,1383,-11,480,1019,1980,2307,12000,109,3360,25
17:03:57.466 [TLM] 28526,16148,757,979,3042,3042,3042,1232,1374,-9,67,1432,1567,6730,12000,109,3360,25
17:03:57.468 [TLM] 28536,16161,744,980,3056,3056,3056,1174,1281,-10,339,1160,1839,3564,12000,109,3360,25
17:03:57.468 [TLM] 28546,16177,727,982,3070,3070,3070,1435,2034,-9,324,1175,1824,265,11669,109,3360,25
17:03:57.502 [TLM] 28556,16198,706,983,3096,3096,3096,1099,3178,-12,432,1067,1932,1859,-4690,109,3360,25
17:03:57.503 [TLM] 28566,16212,692,983,3133,3133,3133,1298,1858,-5,-301,1801,1198,9988,-875,109,3360,25
17:03:57.537 [TLM] 28576,16228,676,983,3157,3157,3157,1327,1914,-7,383,1116,1883,-202,7413,109,3360,25
17:03:57.574 [TLM] 28586,16245,660,983,3193,3193,3193,1384,1820,-5,-142,1642,1357,7071,-719,109,3360,25
17:03:57.575 [TLM] 28596,16261,644,982,3217,3217,3217,1629,1477,0,111,1388,1611,893,5830,109,3360,25
17:03:57.576 [TLM] 28606,16279,626,980,3228,3228,3228,1470,1847,0,-1,1501,1498,4079,-1277,109,3360,25
17:03:57.607 [TLM] 28616,16294,610,979,3229,3229,3229,1635,1453,0,-103,1603,1396,3535,1918,109,3360,25
17:03:57.643 [TLM] 28626,16309,595,977,3219,3219,3219,1665,1626,0,-32,1532,1467,1148,261,109,19744,25
17:03:57.643 [TLM] 28636,16325,580,976,3209,3209,3209,1577,1584,0,37,1462,1537,489,1749,109,19744,25
17:03:57.678 [TLM] 28646,16340,565,975,3206,3206,3206,1628,1422,0,220,1279,1720,-2838,5977,109,3488,25
17:03:57.678 [TLM] 28656,16353,551,974,3202,3202,3202,1499,1049,6,-268,1768,1231,6684,3147,109,3488,25
17:03:57.713 [TLM] 28666,16371,533,974,3188,3188,3188,1890,1480,5,9,1490,1509,-2578,2858,109,3488,25
17:03:57.746 [TLM] 28676,16385,520,973,3163,3163,3163,2020,866,13,-555,2055,944,4941,1508,109,3488,25
17:03:57.748 [TLM] 28686,16403,501,973,3121,3121,3121,1865,1660,9,-324,1824,1175,1994,-5332,109,3488,25
17:03:57.786 [TLM] 28696,16416,489,974,3060,3060,3060,2211,657,9,684,815,2184,-12000,12000,109,3488,25
17:03:57.817 [TLM] 28706,16431,474,976,2984,2984,2984,1545,1538,13,-470,1970,1029,8897,-6787,109,3488,25
17:03:57.817 [TLM] 28716,16445,461,978,2899,2899,2899,2132,911,12,-436,1936,1063,884,2434,109,3488,25
17:03:57.818 [TLM] 28726,16461,445,983,2807,2807,2807,1945,1035,12,-434,1934,1065,2823,1118,109,3488,25
17:03:57.852 [TLM] 28736,16477,430,989,2726,2726,2726,1926,1153,9,-569,2069,930,3895,-1269,109,3488,25
17:03:57.887 [TLM] 28746,16491,418,995,2659,2659,2659,1902,842,13,-428,1928,1071,3240,3626,109,3488,25
17:03:57.922 [TLM] 28756,16507,404,1003,2583,2583,2583,1954,1327,12,-325,1825,1174,717,-235,109,3488,25
17:03:57.922 [TLM] 28766,16520,393,1011,2508,2508,2508,1954,852,12,-439,1939,1060,2635,3970,109,3488,25
17:03:57.924 [TLM] 28776,16534,382,1020,2443,2443,2443,1743,1279,9,-262,1762,1237,1942,2162,109,3488,25
17:03:57.960 [TLM] 28786,16550,370,1030,2378,2378,2378,1953,926,9,-303,1803,1196,101,5720,109,3488,25
17:03:57.961 [TLM] 28796,16563,361,1039,2324,2324,2324,1802,899,12,-434,1934,1065,4678,3903,109,3488,25
17:03:58.030 [TLM] 28806,16580,350,1052,2249,2249,2249,1879,1250,13,-455,1955,1044,4096,-318,109,3488,25
17:03:58.063 [TLM] 28816,16595,341,1064,2182,2182,2182,2075,972,13,-421,1921,1078,1360,3403,109,3488,25
17:03:58.065 [TLM] 28826,16610,333,1077,2122,2122,2122,1899,1117,12,-435,1935,1064,3434,1414,109,3488,25
17:03:58.068 [TLM] 28836,16625,326,1090,2065,2065,2065,1699,1449,9,-311,1811,1188,3802,-558,109,3488,25
17:03:58.070 [TLM] 28846,16637,320,1100,2016,2016,2016,2051,487,13,-429,1929,1070,2169,9033,109,3488,25
17:03:58.097 [TLM] 28856,16654,313,1116,1956,1956,1956,1912,1334,13,-557,2057,942,5391,-3045,109,3488,25
17:03:58.097 [TLM] 28866,16669,308,1131,1896,1896,1896,2251,814,14,-138,1638,1361,-4661,9333,109,3488,25
17:03:58.133 [TLM] 28876,16685,304,1145,1843,1843,1843,1856,1085,14,-550,2050,949,5748,-3,109,3488,25
17:03:58.167 [TLM] 28886,16700,300,1161,1786,1786,1786,1998,1199,14,-568,2068,931,4367,-1736,109,3488,25
17:03:58.167 [TLM] 28896,16713,298,1173,1716,1716,1716,2104,526,19,-654,2154,845,5442,5237,109,3488,25
17:03:58.202 [TLM] 28906,16730,296,1190,1641,1641,1641,2240,930,17,-521,2021,978,949,2291,109,3488,25
17:03:58.203 [TLM] 28916,16744,296,1204,1577,1577,1577,1898,1237,12,-222,1722,1277,483,2958,109,3488,25
17:03:58.239 [TLM] 28926,16760,296,1220,1514,1514,1514,1842,1159,12,-546,2046,953,6141,-1242,109,3488,25
17:03:58.240 [TLM] 28936,16774,297,1233,1445,1445,1445,2003,924,11,-204,1704,1295,-1095,7594,109,3488,25
17:03:58.272 [TLM] 28946,16788,300,1248,1387,1387,1387,1838,1146,14,-609,2109,890,7521,-2436,121,3488,25
17:03:58.308 [TLM] 28956,16805,304,1264,1304,1304,1304,2126,1089,13,-329,1829,1170,-691,3480,121,3488,25
17:03:58.308 [TLM] 28966,16819,308,1278,1236,1236,1236,1990,890,15,-680,2180,819,6367,216,121,3488,25
17:03:58.342 [TLM] 28976,16834,313,1291,1168,1168,1168,2041,1261,9,361,1138,1861,-10074,11235,121,3488,25
17:03:58.342 [TLM] 28986,16850,320,1306,1098,1098,1098,1818,1020,12,-491,1991,1008,5255,171,121,3488,25
17:03:58.378 [TLM] 28996,16867,328,1320,1016,1016,1016,1888,1669,9,-265,1765,1234,286,-3967,121,3488,25
17:03:58.378 [TLM] 29006,16880,336,1332,932,932,932,1658,1193,6,-228,1728,1271,2188,2477,121,3488,25
17:03:58.413 [TLM] 29016,16893,344,1342,861,861,861,1534,1130,6,-239,1739,1260,4848,3269,121,3488,25
17:03:58.449 [TLM] 29026,16909,355,1354,797,797,797,1704,1243,6,-217,1717,1282,2544,3169,121,3488,25
17:03:58.451 [TLM] 29036,16924,366,1364,746,746,746,1601,1325,6,-315,1815,1184,5658,179,121,3488,25
17:03:58.482 [TLM] 29046,16939,377,1373,699,699,699,1716,1154,6,-217,1717,1282,2838,4377,121,3488,25
17:03:58.482 [TLM] 29056,16952,387,1382,665,665,665,1617,1347,3,-86,1586,1413,2289,3894,121,3488,25
17:03:58.518 [TLM] 29066,16969,401,1392,626,626,626,1691,1440,9,-824,2324,675,12000,-8290,121,3488,25
17:03:58.552 [TLM] 29076,16982,412,1399,576,576,576,1867,1039,9,-152,1652,1347,1691,6431,121,3488,25
17:03:58.553 [TLM] 29086,16998,425,1408,529,529,529,1801,1180,9,-295,1795,1204,4423,2448,121,3488,25
17:03:58.554 [TLM] 29096,17014,439,1415,485,485,485,2017,1193,9,-373,1873,1126,2218,1154,121,3488,25
17:03:58.586 [TLM] 29106,17029,452,1422,441,441,441,1851,1130,11,-465,1965,1034,5362,535,121,3488,25
17:03:58.621 [TLM] 29116,17042,465,1427,397,397,397,2000,1028,10,292,1207,1792,-7431,12000,121,3488,25
17:03:58.623 [TLM] 29126,17057,479,1433,353,353,353,1735,1075,13,-501,2001,998,7844,48,121,3488,25
17:03:58.658 [TLM] 29136,17072,492,1437,305,305,305,1946,1059,13,-475,1975,1024,4930,1129,121,3488,25
17:03:58.658 [TLM] 29146,17088,508,1442,246,246,246,2101,853,15,-575,2075,924,4686,1937,121,3488,25
17:03:58.730 [TLM] 29156,17103,523,1445,188,188,188,1971,1406,12,-1087,2587,412,12000,-11365,121,3488,25
17:03:58.730 [TLM] 29166,17118,537,1447,120,120,120,2118,798,18,-825,2325,674,7992,-657,121,3488,25
17:03:58.730 [TLM] 29176,17132,552,1448,53,53,53,2279,859,18,-896,2396,603,6574,-2521,121,3488,25
17:03:58.763 [TLM] 29186,17148,568,1448,-35,-35,-35,1981,991,14,-389,1889,1110,2486,3675,121,3488,25
17:03:58.797 [TLM] 29196,17163,583,1447,-97,-97,-97,1850,1314,9,-532,2032,967,5341,-2151,121,3488,25
17:03:58.799 [TLM] 29206,17176,595,1446,-159,-159,-159,2008,687,14,-570,2070,929,4807,4975,121,3488,25
17:03:58.800 [TLM] 29216,17193,612,1442,-228,-228,-228,2267,785,18,-665,2165,834,3190,1652,121,3488,25
17:03:58.833 [TLM] 29226,17209,627,1438,-313,-313,-313,2150,934,18,-626,2126,873,4073,805,121,3488,25
17:03:58.904 [TLM] 29236,17224,641,1433,-391,-391,-391,2163,837,18,-668,2168,831,4276,1225,121,3488,25
17:03:58.936 [TLM] 29246,17240,656,1426,-467,-467,-467,1951,1202,13,-175,1675,1324,-943,3930,121,3488,25
17:03:58.937 [TLM] 29256,17251,666,1420,-532,-532,-532,2199,396,17,-344,1844,1155,-863,11273,121,19872,25
17:03:58.938 [TLM] 29266,17269,681,1411,-609,-609,-609,1712,1676,12,-438,1938,1061,5709,-5566,121,19872,25
17:03:58.939 [TLM] 29276,17281,691,1403,-664,-664,-664,1935,769,13,-613,2113,886,6026,3586,121,3616,25
17:03:58.940 [TLM] 29286,17300,705,1391,-720,-720,-720,1739,1511,4,26,1473,1526,-2405,4265,121,3616,25
17:03:58.970 [TLM] 29296,17313,715,1383,-742,-742,-742,1664,1274,5,-216,1716,1283,2565,3357,121,3616,25
17:03:59.007 [TLM] 29306,17332,728,1370,-761,-761,-761,1347,1964,0,-1,1501,1498,2268,-2198,121,3616,25
17:03:59.043 [TLM] 29316,17345,738,1361,-763,-763,-763,1336,1708,-5,129,1370,1629,189,2573,121,3616,25
17:03:59.044 [TLM] 29326,17362,750,1349,-748,-748,-748,1138,1995,-9,633,866,2133,-4784,6490,121,3616,25
17:03:59.044 [TLM] 29336,17376,761,1339,-724,-724,-724,559,2613,-19,692,807,2192,1229,-886,121,3616,25
17:03:59.077 [TLM] 29346,17391,772,1330,-681,-681,-681,944,1947,-19,81,1418,1581,4415,-442,121,3616,25
17:03:59.079 [TLM] 29356,17406,784,1321,-621,-621,-621,354,2725,-22,1005,494,2505,-1453,2880,121,3616,25
17:03:59.113 [TLM] 29366,17421,796,1313,-528,-528,-528,661,1993,-18,309,1190,1809,6977,576,121,3616,25
17:03:59.149 [TLM] 29376,17435,809,1306,-456,-456,-456,1129,1770,-32,1088,411,2588,-12000,12000,121,20000,25
17:03:59.184 [TLM] 29386,17452,824,1299,-372,-372,-372,384,2824,-32,1088,411,2588,-4808,5780,121,20000,25
17:03:59.185 [TLM] 29396,17466,838,1295,-260,-260,-260,57,2813,-32,1088,411,2588,424,3652,121,20000,25
17:03:59.218 [TLM] 29406,17480,852,1293,-120,-120,-120,310,2680,-32,1088,411,2588,-1782,5260,121,20000,25
17:03:59.220 [TLM] 29416,17496,868,1292,52,52,52,197,2724,-32,1088,411,2588,611,4248,121,20000,25
17:03:59.221 [TLM] 29426,17509,880,1294,205,205,205,284,2641,-19,919,580,2419,5756,-956,121,3744,25
17:03:59.252 [TLM] 29436,17521,891,1297,354,354,354,376,2208,-20,1903,-403,3403,-8342,12000,121,3744,25
17:03:59.287 [TLM] 29446,17536,905,1304,508,508,508,363,2422,-25,867,632,2367,7875,2466,121,3744,25
17:03:59.288 [TLM] 29456,17547,915,1310,647,647,647,434,1974,-19,393,1106,1893,12000,1193,121,3744,25
17:03:59.322 [TLM] 29466,17566,928,1323,778,778,778,1601,1949,-12,-304,1804,1195,10861,-8156,121,3744,25
17:03:59.323 [TLM] 29476,17579,937,1333,884,884,884,1410,1640,-10,536,963,2036,137,7682,121,3744,25
17:03:59.358 [TLM] 29486,17593,946,1344,990,990,990,945,1750,-6,249,1250,1749,11803,1681,121,3744,25
17:03:59.358 [TLM] 29496,17609,954,1358,1072,1072,1072,1973,1633,-6,198,1301,1698,-1436,3196,121,3744,25
17:03:59.392 [TLM] 29506,17623,960,1371,1148,1148,1148,1115,1519,-4,143,1356,1643,8967,3802,121,3744,25
17:03:59.428 [TLM] 29516,17642,967,1387,1219,1219,1219,1606,1710,-4,132,1367,1632,2683,1275,121,20128,25
17:03:59.428 [TLM] 29526,17654,971,1399,1267,1267,1267,1074,1591,-5,474,1025,1974,4696,7898,121,20128,25
17:03:59.499 [TLM] 29536,17669,975,1413,1307,1307,1307,1496,1604,-4,-186,1686,1313,8914,-1418,121,3872,25
17:03:59.534 [TLM] 29546,17685,979,1429,1342,1342,1342,1473,1654,-4,185,1314,1685,2945,3224,121,3872,25
17:03:59.536 [TLM] 29556,17699,981,1443,1373,1373,1373,1243,1723,-5,-111,1611,1388,10069,-1397,121,3872,25
17:03:59.537 [TLM] 29566,17717,985,1460,1400,1400,1400,1648,1424,0,-130,1630,1369,5371,1171,121,3872,25
17:03:59.539 [TLM] 29576,17730,987,1473,1401,1401,1401,1519,1498,0,-12,1512,1487,5114,2050,121,3872,25
17:03:59.540 [TLM] 29586,17747,990,1490,1392,1392,1392,1762,1299,3,-282,1782,1217,5953,315,121,3872,25
17:03:59.569 [TLM] 29596,17763,993,1506,1365,1365,1365,2075,1180,6,-216,1716,1283,427,2830,121,3872,25
17:03:59.601 [TLM] 29606,17779,996,1522,1337,1337,1337,1848,1274,8,-328,1828,1171,4111,-398,121,3872,25
17:03:59.601 [TLM] 29616,17792,1000,1534,1300,1300,1300,1862,923,16,-751,2251,748,10993,-2583,121,3872,25
17:03:59.640 [TLM] 29626,17809,1005,1550,1234,1234,1234,2637,542,21,-977,2477,522,4083,-632,121,3872,25
17:03:59.641 [TLM] 29636,17822,1010,1562,1158,1158,1158,2235,757,22,-761,2261,738,5983,-241,121,3872,25
17:03:59.671 [TLM] 29646,17839,1017,1577,1054,1054,1054,2328,737,17,-18,1518,1481,-6533,11316,121,3872,25
17:03:59.708 [TLM] 29656,17853,1025,1590,958,958,958,2187,606,25,-1083,2583,416,11309,-3358,121,3872,25
17:03:59.709 [TLM] 29666,17869,1035,1601,833,833,833,2425,661,24,-849,2349,650,4846,-172,121,3872,25
17:03:59.744 [TLM] 29676,17884,1046,1612,708,708,708,2476,542,24,-837,2337,662,3313,1804,121,3872,25
17:03:59.778 [TLM] 29686,17897,1056,1620,596,596,596,2323,647,23,-761,2261,738,3917,1989,121,3872,25
17:03:59.778 [TLM] 29696,17914,1071,1628,467,467,467,2196,728,17,74,1425,1574,-7363,12000,121,3872,25
17:03:59.779 [TLM] 29706,17929,1085,1634,364,364,364,1952,983,20,-1292,2792,207,12000,-9418,121,3872,25
17:03:59.812 [TLM] 29716,17943,1098,1638,269,269,269,2647,747,18,-452,1952,1047,-5546,6435,121,3872,25
17:03:59.850 [TLM] 29726,17960,1114,1642,157,157,157,1989,674,20,-630,2130,869,5492,2744,121,3872,25
17:03:59.850 [TLM] 29736,17975,1130,1643,43,43,43,1940,1241,19,-1104,2604,395,12000,-10083,121,3872,25
17:03:59.883 [TLM] 29746,17988,1143,1643,-80,-80,-80,2156,500,18,-540,2040,959,2828,6803,121,3872,25
17:03:59.884 [TLM] 29756,18002,1156,1641,-187,-187,-187,1817,1131,14,-424,1924,1075,4910,1957,121,3872,25
17:03:59.917 [TLM] 29766,18020,1174,1636,-298,-298,-298,1937,1201,12,-330,1830,1169,2119,1294,121,3872,25
17:03:59.918 [TLM] 29776,18032,1185,1632,-386,-386,-386,1814,1030,7,14,1485,1514,-2380,9591,121,3872,25
17:03:59.953 [TLM] 29786,18047,1199,1626,-452,-452,-452,1513,1539,7,-278,1778,1221,5980,-558,121,20256,25
17:04:00.024 [TLM] 29796,18062,1212,1619,-517,-517,-517,1641,1121,6,-190,1690,1309,3825,5449,121,20256,25
17:04:00.024 [TLM] 29806,18075,1223,1612,-562,-562,-562,1625,1210,6,-219,1719,1280,4886,4320,121,4000,25
17:04:00.024 [TLM] 29816,18091,1236,1604,-600,-600,-600,1650,1417,4,-248,1748,1251,4921,1416,121,4000,25
17:04:00.025 [TLM] 29826,18105,1248,1595,-633,-633,-633,1527,1464,2,-435,1935,1064,9484,-1919,121,4000,25
17:04:00.055 [TLM] 29836,18121,1260,1586,-660,-660,-660,1490,1580,0,-3,1503,1496,2983,3128,121,4000,25
17:04:00.056 [TLM] 29846,18138,1274,1575,-671,-671,-671,1434,1689,-3,249,1250,1749,-345,5111,121,4000,25
17:04:00.092 [TLM] 29856,18153,1286,1565,-662,-662,-662,1252,1839,-6,340,1159,1840,259,4459,121,4000,25
17:04:00.129 [TLM] 29866,18169,1299,1556,-640,-640,-640,1101,1975,-10,573,926,2073,-1454,5631,121,4000,25
17:04:00.132 [TLM] 29876,18185,1311,1547,-599,-599,-599,1159,1925,-7,78,1421,1578,5188,-1489,121,4000,25
17:04:00.162 [TLM] 29886,18200,1324,1538,-566,-566,-566,1127,2047,-13,480,1019,1980,-936,3416,121,4000,25
17:04:00.163 [TLM] 29896,18216,1338,1530,-530,-530,-530,954,2346,-19,1564,-64,3064,-12000,12000,121,4000,25
17:04:00.197 [TLM] 29906,18231,1351,1523,-460,-460,-460,916,2061,-19,553,946,2053,-216,5226,121,4000,25
17:04:00.198 [TLM] 29916,18246,1365,1517,-386,-386,-386,770,2164,-25,1067,432,2567,-6787,10709,121,4000,25
17:04:00.233 [TLM] 29926,18262,1380,1512,-291,-291,-291,485,2500,-24,810,689,2310,1015,-1105,121,4000,25
17:04:00.306 [TLM] 29936,18276,1393,1509,-191,-191,-191,706,2082,-19,167,1332,1667,8025,-2251,121,4000,25
17:04:00.306 [TLM] 29946,18288,1405,1507,-101,-101,-101,790,1659,-16,1024,475,2524,-3607,12000,121,4000,25
17:04:00.307 [TLM] 29956,18303,1421,1506,-16,-16,-16,857,2043,-18,942,557,2442,-3139,9412,121,4000,25
17:04:00.307 [TLM] 29966,18316,1434,1506,66,66,66,767,2108,-18,567,932,2067,4326,2943,121,4000,25
17:04:00.372 [TLM] 29976,18332,1449,1508,151,151,151,979,2235,-18,620,879,2120,809,2017,121,4000,25
17:04:00.407 [TLM] 29986,18348,1465,1512,243,243,243,922,2106,-18,656,843,2156,707,4259,121,4000,25
17:04:00.408 [TLM] 29996,18362,1478,1515,315,315,315,1134,1677,-16,806,693,2306,-3904,12000,121,4000,25
17:04:00.444 [TLM] 30006,18380,1495,1522,382,382,382,754,2503,-19,652,847,2152,2954,-827,121,4000,25
17:04:00.446 [TLM] 30016,18393,1507,1527,450,450,450,908,2015,-19,652,847,2152,1085,5696,121,4000,25
17:04:00.515 [TLM] 30026,18409,1521,1535,521,521,521,960,2100,-17,635,864,2135,581,4048,121,4000,25
17:04:00.547 [TLM] 30036,18422,1532,1541,589,589,589,921,1811,-14,545,954,2045,3581,5862,121,4000,25
17:04:00.549 [TLM] 30046,18440,1546,1552,668,668,668,926,2355,-18,700,799,2200,669,1592,121,4000,25
17:04:00.618 [TLM] 30056,18454,1557,1561,753,753,753,801,2083,-17,403,1096,1903,6787,556,121,4000,25
17:04:00.619 [TLM] 30066,18469,1567,1572,832,832,832,1579,1413,-9,87,1412,1587,3030,4247,121,4000,25
17:04:00.619 [TLM] 30076,18484,1577,1584,900,900,900,1192,1859,-10,661,838,2161,-2571,7412,121,4000,25
17:04:00.623 [TLM] 30086,18499,1586,1596,978,978,978,728,2241,-10,180,1319,1680,10944,-4666,121,4000,25
17:04:00.626 [TLM] 30096,18513,1593,1608,1053,1053,1053,1407,1579,-7,225,1274,1725,2637,4103,121,4000,25
17:04:00.627 [TLM] 30106,18527,1600,1620,1097,1097,1097,1109,1976,-10,384,1115,1884,3858,1576,121,4000,25
17:04:00.627 [TLM] 30116,18542,1606,1634,1149,1149,1149,1270,1745,-8,9,1490,1509,7358,-1209,121,4000,25
17:04:00.629 [TLM] 30126,18559,1613,1650,1185,1185,1185,1287,1796,-9,211,1288,1711,3090,1854,121,4000,25
17:04:00.690 [TLM] 30136,18575,1619,1665,1219,1219,1219,1197,1964,-15,744,755,2244,-4568,7597,121,4000,25
17:04:00.691 [TLM] 30146,18592,1624,1680,1269,1269,1269,855,2401,-18,651,848,2151,380,459,121,4000,25
17:04:00.691 [TLM] 30156,18603,1627,1691,1315,1315,1315,1132,1455,-14,1394,105,2894,-12000,12000,121,4000,25
17:04:00.722 [TLM] 30166,18621,1631,1709,1363,1363,1363,975,2259,-13,418,1081,1918,2998,-1115,121,4000,25
17:04:00.794 [TLM] 30176,18635,1634,1722,1415,1415,1415,810,2098,-19,651,848,2151,740,4521,121,4000,25
17:04:00.794 [TLM] 30186,18652,1635,1739,1493,1493,1493,860,2282,-19,651,848,2151,126,2146,121,4000,25
17:04:00.827 [TLM] 30196,18667,1636,1754,1573,1573,1573,908,2045,-14,-454,1954,1045,12000,-10659,121,4000,25
17:04:00.828 [TLM] 30206,18681,1635,1768,1652,1652,1652,977,1923,-14,693,806,2193,-840,6665,121,4000,25
17:04:00.831 [TLM] 30216,18694,1634,1781,1722,1722,1722,1110,1632,-9,531,968,2031,1033,8054,121,4000,25
17:04:00.833 [TLM] 30226,18710,1630,1797,1791,1791,1791,925,2191,-13,417,1082,1917,4551,-364,121,4000,25
17:04:00.902 [TLM] 30236,18725,1627,1811,1864,1864,1864,1142,1892,-13,458,1041,1958,1346,3951,121,4000,25
17:04:00.903 [TLM] 30246,18738,1622,1824,1924,1924,1924,1202,1664,-7,8,1491,1508,7305,-123,121,4000,25
17:04:00.904 [TLM] 30256,18753,1617,1838,1976,1976,1976,854,2288,-14,465,1034,1965,4400,-512,121,4000,25
17:04:00.905 [TLM] 30266,18772,1609,1854,2042,2042,2042,951,2371,-19,655,844,2155,37,243,121,4000,25
17:04:00.933 [TLM] 30276,18786,1602,1867,2100,2100,2100,939,2163,-18,221,1278,1721,5827,-2825,121,4000,25
17:04:01.004 [TLM] 30286,18801,1594,1880,2159,2159,2159,997,1968,-17,1714,-214,3214,-12000,12000,121,4000,25
17:04:01.004 [TLM] 30296,18814,1586,1890,2211,2211,2211,965,2066,-18,767,732,2267,-2350,5884,121,4000,25
17:04:01.004 [TLM] 30306,18832,1575,1904,2285,2285,2285,735,2405,-24,790,709,2290,-1143,2564,121,4000,25
17:04:01.004 [TLM] 30316,18844,1567,1913,2364,2364,2364,914,1785,-16,145,1354,1645,6798,786,121,4000,25
17:04:01.036 [TLM] 30326,18862,1553,1925,2455,2455,2455,1250,2004,-15,437,1062,1937,-2216,3043,121,4000,25
17:04:01.072 [TLM] 30336,18874,1544,1932,2537,2537,2537,962,1698,-11,536,963,2036,1438,7007,121,4000,25
17:04:01.073 [TLM] 30346,18890,1530,1940,2608,2608,2608,993,1853,-11,538,961,2038,1702,5117,121,4000,25
17:04:01.074 [TLM] 30356,18904,1518,1947,2671,2671,2671,1032,1615,-8,83,1416,1583,8964,994,121,4000,25
17:04:01.107 [TLM] 30366,18919,1505,1953,2719,2719,2719,1032,1808,-12,624,875,2124,917,7147,121,4000,25
17:04:01.143 [TLM] 30376,18932,1492,1959,2766,2766,2766,1029,1979,-11,404,1095,1904,4828,1366,121,4000,25
17:04:01.143 [TLM] 30386,18948,1477,1964,2815,2815,2815,1153,1887,-12,434,1065,1934,1851,3521,121,4000,25
17:04:01.178 [TLM] 30396,18962,1463,1968,2862,2862,2862,1115,1800,-12,435,1064,1935,2311,4791,121,4000,25
17:04:01.180 [TLM] 30406,18980,1446,1973,2913,2913,2913,1313,1858,-12,461,1038,1961,-1062,4380,121,4000,25
17:04:01.213 [TLM] 30416,18994,1433,1975,2963,2963,2963,1089,1803,-10,154,1345,1654,6144,437,121,4000,25
17:04:01.246 [TLM] 30426,19012,1415,1978,3011,3011,3011,1107,2360,-16,837,662,2337,-5089,3689,121,20384,25
17:04:01.284 [TLM] 30436,19023,1404,1979,3061,3061,3061,890,1750,-12,-195,1695,1304,12000,-4330,121,20384,25
17:04:01.285 [TLM] 30446,19041,1386,1980,3111,3111,3111,1256,1897,-16,960,539,2460,-8667,11457,121,4128,25
17:04:01.286 [TLM] 30456,19055,1372,1980,3160,3160,3160,1023,2022,-13,367,1132,1867,2574,775,121,4128,25
17:04:01.354 [TLM] 30466,19070,1357,1979,3214,3214,3214,1081,1914,-12,433,1066,1933,1019,3422,121,4128,25
17:04:01.354 [TLM] 30476,19083,1344,1978,3262,3262,3262,1051,1794,-8,69,1430,1569,7335,-862,121,4128,25
17:04:01.354 [TLM] 30486,19099,1328,1976,3302,3302,3302,1422,1554,-5,280,1219,1780,383,5345,121,4128,25
17:04:01.354 [TLM] 30496,19115,1312,1973,3332,3332,3332,1289,1770,-6,241,1258,1741,1857,2217,121,4128,25
17:04:01.386 [TLM] 30506,19129,1298,1970,3362,3362,3362,1320,1718,-5,213,1286,1713,2334,2566,121,4128,25
17:04:01.423 [TLM] 30516,19145,1284,1966,3387,3387,3387,1361,1582,-3,-62,1562,1437,5885,-68,121,4128,25
17:04:01.424 [TLM] 30526,19158,1271,1963,3396,3396,3396,1284,1682,0,-223,1723,1276,9462,-3577,121,4128,25
17:04:01.459 [TLM] 30536,19174,1256,1959,3394,3394,3394,1552,1328,1,-51,1551,1448,4348,3046,121,4128,25
17:04:01.493 [TLM] 30546,19189,1241,1955,3386,3386,3386,1508,1569,-1,42,1457,1542,2831,2224,121,4128,25
17:04:01.493 [TLM] 30556,19205,1225,1951,3381,3381,3381,1539,1605,-1,27,1472,1527,2364,833,121,4128,25
17:04:01.530 [TLM] 30566,19220,1210,1948,3363,3363,3363,1539,1641,-4,-199,1699,1300,4339,-1700,121,4128,25
17:04:01.532 [TLM] 30576,19234,1196,1945,3355,3355,3355,1453,1615,-3,404,1095,1904,-2987,6021,121,4128,25
17:04:01.707 [TLM] 30586,19249,1182,1942,3352,3352,3352,1403,1658,-4,-5,1505,1494,2827,249,121,4128,25
17:04:01.737 [TLM] 30596,19264,1167,1939,3358,3358,3358,1378,1523,-2,-37,1537,1462,3430,1712,121,4128,25
17:04:01.737 [TLM] 30606,19279,1153,1935,3367,3367,3367,1481,1564,-1,29,1470,1529,1569,2043,121,4128,25
17:04:01.739 [TLM] 30616,19296,1137,1932,3374,3374,3374,1478,1490,0,-21,1521,1478,2429,1758,121,4128,25
17:04:01.810 [TLM] 30626,19310,1122,1928,3376,3376,3376,1455,1467,-1,359,1140,1859,-2625,7578,121,4128,25
17:04:01.811 [TLM] 30636,19325,1108,1925,3376,3376,3376,1533,1494,0,5,1494,1505,1524,2295,121,4128,25
17:04:01.811 [TLM] 30646,19340,1093,1921,3375,3375,3375,1581,1330,1,-204,1704,1295,3925,1256,121,4128,25
17:04:01.846 [TLM] 30656,19355,1079,1918,3375,3375,3375,1419,1559,0,-1,1501,1498,3010,1276,121,4128,25
17:04:01.847 [TLM] 30666,19369,1065,1914,3379,3379,3379,1544,1454,0,-24,1524,1475,1831,2232,121,4128,25
17:04:01.848 [TLM] 30676,19386,1049,1911,3380,3380,3380,1703,1327,0,320,1179,1820,-5190,8529,121,4128,25
17:04:01.848 [TLM] 30686,19400,1035,1907,3382,3382,3382,1532,1416,4,-706,2206,793,12000,-7577,121,4128,25
17:04:01.848 [TLM] 30696,19414,1022,1904,3377,3377,3377,1643,1195,5,-210,1710,1289,4249,2862,121,4128,25
17:04:01.849 [TLM] 30706,19430,1006,1900,3369,3369,3369,1719,1296,5,-334,1834,1165,4815,-455,121,4128,25
17:04:01.850 [TLM] 30716,19445,991,1897,3358,3358,3358,1500,1598,1,-48,1548,1451,2840,175,121,4128,25
17:04:01.850 [TLM] 30726,19461,976,1894,3355,3355,3355,1650,1421,1,-89,1589,1410,1248,1855,121,4128,25
17:04:01.850 [TLM] 30736,19475,963,1891,3355,3355,3355,1431,1630,1,-273,1773,1226,6658,-3754,121,4128,25
17:04:01.852 [TLM] 30746,19488,949,1888,3350,3350,3350,1712,1122,2,58,1441,1558,-1065,7209,121,4128,25
17:04:01.875 [TLM] 30756,19507,931,1884,3340,3340,3340,1399,1804,0,-40,1540,1459,3641,-2621,121,4128,25
17:04:01.949 [TLM] 30766,19521,917,1881,3334,3334,3334,1510,1477,0,-39,1539,1460,2129,1324,121,4128,25
17:04:01.987 [TLM] 30776,19536,902,1878,3322,3322,3322,1548,1453,0,-293,1793,1206,5044,-1740,121,4128,25
17:04:01.988 [TLM] 30786,19551,887,1876,3317,3317,3317,1501,1478,0,-269,1769,1230,5704,-1919,121,4128,25
17:04:01.989 [TLM] 30796,19566,873,1873,3314,3314,3314,1463,1398,0,-129,1629,1370,3718,1557,121,4128,25
17:04:02.017 [TLM] 30806,19580,859,1871,3314,3314,3314,1477,1573,0,-319,1819,1180,6064,-2919,121,4128,25
17:04:02.051 [TLM] 30816,19594,845,1868,3314,3314,3314,1533,1268,1,-281,1781,1218,5271,1449,121,4128,25
17:04:02.052 [TLM] 30826,19611,829,1866,3309,3309,3309,1511,1521,0,28,1471,1528,1263,2613,121,4128,25
17:04:02.053 [TLM] 30836,19626,814,1863,3311,3311,3311,1630,1412,1,236,1263,1736,-2895,6629,121,4128,25
17:04:02.053 [TLM] 30846,19642,798,1860,3314,3314,3314,1535,1685,0,-124,1624,1375,2765,-2062,121,4128,25
17:04:02.086 [TLM] 30856,19655,785,1858,3310,3310,3310,1523,1432,1,-192,1692,1307,4320,-233,121,4128,25
17:04:02.121 [TLM] 30866,19671,769,1855,3297,3297,3297,1581,1438,1,12,1487,1512,689,2700,121,4128,25
17:04:02.121 [TLM] 30876,19685,756,1853,3283,3283,3283,1620,1410,-2,184,1315,1684,-2768,6186,121,4128,25
17:04:02.159 [TLM] 30886,19702,739,1851,3287,3287,3287,1285,1803,-2,-167,1667,1332,6129,-3978,121,4128,25
17:04:02.160 [TLM] 30896,19717,724,1849,3295,3295,3295,1340,1757,-3,-529,2029,970,10281,-7818,121,4128,25
17:04:02.193 [TLM] 30906,19731,710,1846,3305,3305,3305,1432,1419,-2,223,1276,1723,-933,5828,121,4128,25
17:04:02.228 [TLM] 30916,19746,695,1844,3307,3307,3307,1440,1476,0,-119,1619,1380,4476,-280,121,4128,25
17:04:02.228 [TLM] 30926,19761,681,1842,3302,3302,3302,1435,1576,-5,312,1187,1812,-2428,6027,121,4128,25
17:04:02.298 [TLM] 30936,19776,666,1839,3308,3308,3308,1329,1832,-4,127,1372,1627,1730,-679,121,4128,25
17:04:02.299 [TLM] 30946,19789,652,1837,3311,3311,3311,1256,1682,-2,-21,1521,1478,5410,-1012,113,4128,25
17:04:02.304 [TLM] 30956,19804,638,1834,3319,3319,3319,1351,1606,-1,-141,1641,1358,6074,-1526,113,4128,25
17:04:02.304 [TLM] 30966,19820,622,1831,3325,3325,3325,1545,1505,-1,96,1403,1596,-124,3404,113,4128,25
17:04:02.331 [TLM] 30976,19835,608,1829,3336,3336,3336,1470,1386,0,2,1497,1502,2600,3469,113,4128,25
17:04:02.366 [TLM] 30986,19850,593,1826,3341,3341,3341,1437,1625,0,-118,1618,1381,4792,-1347,113,4128,25
17:04:02.367 [TLM] 30996,19864,579,1823,3350,3350,3350,1414,1552,0,-180,1680,1319,6487,-1634,113,4128,25
17:04:02.403 [TLM] 31006,19878,565,1820,3355,3355,3355,1415,1632,0,173,1326,1673,1832,1879,113,4128,25
17:04:02.404 [TLM] 31016,19893,551,1817,3360,3360,3360,1581,1496,0,-108,1608,1391,3642,-158,113,4128,25
17:04:02.473 [TLM] 31026,19908,536,1813,3358,3358,3358,1596,1460,0,4,1495,1504,1359,1954,113,4128,25
17:04:02.474 [TLM] 31036,19925,520,1810,3356,3356,3356,1509,1533,0,-85,1585,1414,3496,-66,113,4128,25
17:04:02.474 [TLM] 31046,19939,505,1807,3354,3354,3354,1537,1436,0,-42,1542,1457,2546,1681,113,4128,25
17:04:02.474 [TLM] 31056,19955,490,1803,3345,3345,3345,1636,1452,0,132,1367,1632,-1196,3799,113,4128,25
17:04:02.506 [TLM] 31066,19969,476,1801,3336,3336,3336,1492,1502,0,0,1499,1500,2266,1544,113,4128,25
17:04:02.542 [TLM] 31076,19983,462,1798,3334,3334,3334,1547,1517,0,-1,1501,1498,1450,1410,113,20512,25
17:04:02.543 [TLM] 31086,19999,447,1795,3332,3332,3332,1455,1607,0,140,1359,1640,500,2010,113,4256,25
17:04:02.581 [TLM] 31096,20013,433,1792,3336,3336,3336,1532,1355,1,-227,1727,1272,5272,-266,113,4256,25
17:04:02.581 [TLM] 31106,20029,417,1789,3323,3323,3323,1696,1301,4,-221,1721,1278,3188,759,113,4256,25
17:04:02.615 [TLM] 31116,20044,403,1787,3298,3298,3298,1543,1434,5,-271,1771,1228,4687,-735,113,4256,25
17:04:02.648 [TLM] 31126,20057,390,1785,3268,3268,3268,1908,759,10,-67,1567,1432,-30,9160,113,4256,25
17:04:02.718 [TLM] 31136,20074,372,1783,3223,3223,3223,1868,1327,12,-475,1975,1024,6005,-4262,113,4256,25
17:04:02.720 [TLM] 31146,20087,360,1783,3153,3153,3153,2024,725,17,-615,2115,884,7091,1301,113,4256,25
17:04:02.721 [TLM] 31156,20101,346,1783,3068,3068,3068,2481,743,18,-570,2070,929,340,2503,113,4256,25
17:04:02.721 [TLM] 31166,20117,330,1785,2970,2970,2970,2037,818,17,-556,2056,943,4641,2031,113,4256,25
17:04:02.721 [TLM] 31176,20133,315,1789,2883,2883,2883,1950,1117,13,-862,2362,637,9276,-4971,113,4256,25
17:04:02.751 [TLM] 31186,20146,302,1793,2806,2806,2806,2043,814,13,39,1460,1539,-3698,11175,113,4256,25
17:04:02.786 [TLM] 31196,20161,288,1798,2725,2725,2725,2049,655,18,-516,2016,983,4833,4875,113,4256,25
17:04:02.823 [TLM] 31206,20176,274,1805,2637,2637,2637,2110,1036,16,-479,1979,1020,2833,3113,113,4256,25
17:04:02.892 [TLM] 31216,20190,262,1812,2567,2567,2567,2141,939,16,-539,2039,960,3558,1699,113,4256,25
17:04:02.893 [TLM] 31226,20207,249,1822,2489,2489,2489,2111,1008,13,-358,1858,1141,200,3879,113,4256,25
17:04:02.893 [TLM] 31236,20221,238,1831,2428,2428,2428,1675,1361,10,-313,1813,1186,4635,613,113,4256,25
17:04:02.895 [TLM] 31246,20234,228,1840,2366,2366,2366,2128,229,15,-380,1880,1119,1487,12000,113,4256,25
17:04:02.896 [TLM] 31256,20251,217,1852,2309,2309,2309,1670,1518,6,-578,2078,921,8114,-3139,113,4256,25
17:04:02.897 [TLM] 31266,20266,207,1864,2276,2276,2276,1679,1430,19,-1247,2747,252,12000,-12000,113,20640,25
17:04:02.926 [TLM] 31276,20280,198,1874,2235,2235,2235,2045,1067,13,-218,1718,1281,528,5502,113,4384,25
17:04:02.965 [TLM] 31286,20295,189,1886,2187,2187,2187,2054,869,19,-1105,2605,394,12000,-5476,113,4384,25
17:04:02.966 [TLM] 31296,20310,181,1899,2135,2135,2135,1927,1522,11,-209,1709,1290,1708,-328,113,4384,25
17:04:03.033 [TLM] 31306,20327,172,1913,2082,2082,2082,1666,1469,4,85,1414,1585,-553,4534,113,4384,25
17:04:03.034 [TLM] 31316,20342,165,1926,2059,2059,2059,1541,1763,-1,116,1383,1616,-258,1452,113,4384,25
17:04:03.034 [TLM] 31326,20358,158,1941,2053,2053,2053,1193,1657,-5,162,1337,1662,1771,3626,113,4384,25
17:04:03.034 [TLM] 31336,20376,149,1957,2062,2062,2062,1089,2433,-10,244,1255,1744,1232,-4535,113,4384,25
17:04:03.068 [TLM] 31346,20392,142,1970,2106,2106,2106,941,2448,-19,823,676,2323,-6005,3483,113,4384,25
17:04:03.102 [TLM] 31356,20406,134,1982,2183,2183,2183,584,2371,-21,708,791,2208,642,2101,113,4384,25
17:04:03.103 [TLM] 31366,20419,126,1993,2267,2267,2267,765,2125,-19,708,791,2208,-1223,4704,113,4384,25
17:04:03.137 [TLM] 31376,20434,116,2003,2361,2361,2361,750,2229,-17,295,1204,1795,5227,-2483,113,4384,25
17:04:03.137 [TLM] 31386,20450,104,2014,2469,2469,2469,926,1989,-14,428,1071,1928,2491,1597,113,4384,25
17:04:03.175 [TLM] 31396,20465,91,2023,2558,2558,2558,573,2485,-20,875,624,2375,-1833,4933,113,4384,25
17:04:03.206 [TLM] 31406,20479,79,2030,2653,2653,2653,778,2028,-19,600,899,2100,3217,2029,113,20768,25
17:04:03.207 [TLM] 31416,20493,67,2036,2730,2730,2730,900,1806,-14,436,1063,1936,4476,3444,113,20768,25
17:04:03.243 [TLM] 31426,20508,53,2041,2800,2800,2800,969,1914,-13,446,1053,1946,3689,2416,113,4512,25
17:04:03.244 [TLM] 31436,20523,38,2046,2865,2865,2865,812,2488,-19,653,846,2153,1881,-1146,113,4512,25
17:04:03.280 [TLM] 31446,20536,26,2049,2941,2941,2941,715,1870,-17,576,923,2076,5038,4651,113,4512,25
17:04:03.284 [TLM] 31456,20552,10,2051,3014,3014,3014,1145,1661,-12,431,1068,1931,2510,5301,113,4512,25
17:04:03.312 [TLM] 31466,20566,-3,2052,3065,3065,3065,1138,1903,-11,203,1296,1703,5496,-448,113,4512,25
17:04:03.346 [TLM] 31476,20582,-19,2053,3129,3129,3129,930,1888,-9,39,1460,1539,11040,-3048,113,4512,25
17:04:03.349 [TLM] 31486,20595,-32,2053,3180,3180,3180,1462,1374,-4,217,1282,1717,2699,6681,113,4512,25
17:04:03.382 [TLM] 31496,20613,-50,2052,3226,3226,3226,1502,1753,-1,-546,2046,953,12000,-9487,113,4512,25
17:04:03.383 [TLM] 31506,20625,-62,2050,3248,3248,3248,1507,1470,0,-81,1581,1418,6486,68,113,4512,25
17:04:03.488 [TLM] 31516,20642,-79,2049,3259,3259,3259,1662,1526,0,-308,1808,1191,7422,-3693,113,4512,25
17:04:03.489 [TLM] 31526,20656,-93,2047,3257,3257,3257,1504,1511,0,139,1360,1639,2672,2940,113,4512,25
17:04:03.489 [TLM] 31536,20672,-109,2045,3250,3250,3250,1567,1447,0,-1,1501,1498,3608,2196,113,4512,25
17:04:03.521 [TLM] 31546,20688,-124,2044,3241,3241,3241,1655,1475,0,-16,1516,1483,2132,1880,113,4512,25
17:04:03.522 [TLM] 31556,20702,-138,2042,3232,3232,3232,1600,1445,0,-118,1618,1381,3857,737,113,4512,25
17:04:03.523 [TLM] 31566,20718,-155,2041,3218,3218,3218,1644,1358,2,-315,1815,1184,5819,-827,113,4512,25
17:04:03.524 [TLM] 31576,20733,-169,2040,3208,3208,3208,1493,1669,-1,-149,1649,1350,4768,-2233,113,4512,25
17:04:03.557 [TLM] 31586,20749,-185,2039,3196,3196,3196,1726,1321,0,-5,1505,1494,-260,5128,113,4512,25
17:04:03.558 [TLM] 31596,20762,-199,2038,3188,3188,3188,1719,1231,2,186,1313,1686,-3276,7977,113,4512,25
17:04:03.593 [TLM] 31606,20780,-217,2038,3168,3168,3168,1540,1717,0,424,1075,1924,-6681,6935,113,4512,25
17:04:03.627 [TLM] 31616,20794,-230,2037,3159,3159,3159,1494,1280,1,-113,1613,1386,3511,2804,113,4512,25
17:04:03.628 [TLM] 31626,20810,-246,2037,3148,3148,3148,1522,1564,-1,186,1313,1686,-1402,3970,113,4512,25
17:04:03.663 [TLM] 31636,20823,-260,2037,3138,3138,3138,1506,1466,0,96,1403,1596,-23,3975,113,4512,25
17:04:03.698 [TLM] 31646,20839,-275,2037,3130,3130,3130,1486,1544,0,0,1499,1500,1498,1508,113,4512,25
17:04:03.699 [TLM] 31656,20854,-290,2037,3125,3125,3125,1601,1428,0,774,725,2274,-10612,12000,113,4512,25
17:04:03.700 [TLM] 31666,20871,-307,2038,3127,3127,3127,1475,1639,0,-91,1591,1408,3126,-1412,113,4512,25
17:04:03.732 [TLM] 31676,20884,-320,2038,3134,3134,3134,1492,1512,1,-150,1650,1349,4205,-885,113,4512,25
17:04:03.767 [TLM] 31686,20900,-336,2038,3129,3129,3129,1597,1336,1,-278,1778,1221,4712,-224,113,4512,25
17:04:03.768 [TLM] 31696,20914,-350,2038,3115,3115,3115,1528,1512,0,0,1499,1500,1266,1852,113,4512,25
17:04:03.802 [TLM] 31706,20930,-367,2039,3103,3103,3103,1573,1395,2,-194,1694,1305,3602,198,113,4512,25
17:04:03.802 [TLM] 31716,20944,-380,2039,3085,3085,3085,1514,1487,1,301,1198,1801,-2848,6178,113,4512,25
17:04:03.836 [TLM] 31726,20961,-398,2040,3078,3078,3078,1473,1659,-1,126,1373,1626,-390,1377,113,4512,25
17:04:03.837 [TLM] 31736,20976,-412,2041,3083,3083,3083,1490,1406,0,569,930,2069,-5328,8900,113,4512,25
17:04:03.871 [TLM] 31746,20990,-426,2042,3084,3084,3084,1555,1300,0,498,1001,1998,-5325,10409,113,4512,25
17:04:03.907 [TLM] 31756,21006,-442,2043,3087,3087,3087,1400,1680,-2,-129,1629,1370,4586,-2412,113,4512,25
17:04:03.943 [TLM] 31766,21020,-456,2044,3094,3094,3094,1449,1472,1,12,1487,1512,2603,2158,113,4512,25
17:04:03.944 [TLM] 31776,21033,-469,2044,3093,3093,3093,1553,1423,0,15,1484,1515,968,3217,113,4512,25
17:04:03.976 [TLM] 31786,21050,-486,2045,3101,3101,3101,1528,1520,0,-95,1595,1404,2549,64,113,4512,25
17:04:03.979 [TLM] 31796,21066,-502,2046,3105,3105,3105,1500,1625,0,24,1475,1524,1463,321,113,4512,25
17:04:03.980 [TLM] 31806,21080,-517,2046,3109,3109,3109,1460,1450,0,108,1391,1608,797,3222,113,4512,25
17:04:04.012 [TLM] 31816,21096,-532,2047,3107,3107,3107,1475,1587,0,-92,1592,1407,3679,-901,113,4512,25
17:04:04.049 [TLM] 31826,21111,-547,2047,3106,3106,3106,1437,1568,-2,224,1275,1724,-606,4001,113,4512,25
17:04:04.050 [TLM] 31836,21125,-561,2048,3114,3114,3114,1397,1491,0,142,1357,1642,1323,3519,113,4512,25
17:04:04.081 [TLM] 31846,21141,-577,2048,3120,3120,3120,1556,1516,0,-154,1654,1345,2897,85,113,4512,25
17:04:04.082 [TLM] 31856,21154,-590,2048,3119,3119,3119,1522,1488,0,-97,1597,1402,2883,491,113,4512,25
17:04:04.118 [TLM] 31866,21171,-607,2049,3117,3117,3117,1531,1552,-1,209,1290,1709,-1685,4056,113,20896,25
17:04:04.118 [TLM] 31876,21186,-622,2049,3116,3116,3116,1520,1525,-4,622,877,2122,-8054,10877,113,20896,25
17:04:04.189 [TLM] 31886,21199,-635,2049,3124,3124,3124,1370,1662,-2,-104,1604,1395,4079,-933,113,4640,25
17:04:04.190 [TLM] 31896,21216,-652,2050,3137,3137,3137,1346,1816,-5,140,1359,1640,243,892,113,4640,25
17:04:04.190 [TLM] 31906,21232,-668,2049,3162,3162,3162,1275,1764,-4,-99,1599,1400,4829,-3224,113,4640,25
17:04:04.222 [TLM] 31916,21247,-683,2049,3177,3177,3177,1321,1643,-6,531,968,2031,-4487,7438,113,4640,25
17:04:04.222 [TLM] 31926,21260,-696,2048,3193,3193,3193,1292,1706,-7,-46,1546,1453,3684,-655,113,21024,25
17:04:04.256 [TLM] 31936,21277,-713,2047,3232,3232,3232,1026,2029,-11,603,896,2103,-2420,4485,113,21024,25
17:04:04.257 [TLM] 31946,21292,-728,2045,3281,3281,3281,1057,2041,-10,367,1132,1867,831,882,113,4768,25
17:04:04.293 [TLM] 31956,21306,-742,2043,3332,3332,3332,1088,1792,-9,354,1145,1854,1207,3329,113,4768,25
17:04:04.328 [TLM] 31966,21321,-756,2040,3384,3384,3384,986,1945,-11,237,1262,1737,4415,-143,113,4768,25
17:04:04.328 [TLM] 31976,21333,-768,2036,3437,3437,3437,1200,1406,-4,89,1410,1589,5590,4091,113,4768,25
17:04:04.469 [TLM] 31986,21347,-781,2032,3477,3477,3477,1349,1579,0,-118,1618,1381,7594,-1184,113,4768,25
17:04:04.469 [TLM] 31996,21362,-796,2027,3500,3500,3500,1610,1543,0,-196,1696,1303,5965,-2023,113,4768,25
17:04:04.470 [TLM] 32006,21378,-810,2021,3506,3506,3506,1743,1116,6,-817,2317,682,12000,-5433,113,4768,25
17:04:04.470 [TLM] 32016,21393,-825,2016,3480,3480,3480,1868,1153,7,-349,1849,1150,4915,924,113,4768,25
17:04:04.471 [TLM] 32026,21407,-838,2011,3444,3444,3444,1982,843,12,-511,2011,988,6456,2086,113,4768,25
17:04:04.472 [TLM] 32036,21424,-854,2007,3396,3396,3396,1959,1278,9,-159,1659,1340,83,2205,113,4768,25
17:04:04.473 [TLM] 32046,21437,-866,2004,3346,3346,3346,2019,671,18,-761,2261,738,9579,752,113,4768,25
17:04:04.475 [TLM] 32056,21453,-883,2001,3283,3283,3283,2567,873,19,-661,2161,838,435,-522,113,4768,25
17:04:04.501 [TLM] 32066,21467,-896,2000,3196,3196,3196,2129,675,20,-638,2138,861,5511,2447,113,4768,25
17:04:04.574 [TLM] 32076,21482,-911,2000,3102,3102,3102,2130,819,18,-609,2109,890,4760,1419,113,4768,25
17:04:04.574 [TLM] 32086,21499,-928,2002,2992,2992,2992,1984,1061,16,-445,1945,1054,3750,1350,113,4768,25
17:04:04.574 [TLM] 32096,21513,-942,2004,2906,2906,2906,2081,976,14,-405,1905,1094,1538,2990,113,4896,25
17:04:04.606 [TLM] 32106,21529,-958,2009,2811,2811,2811,1990,1089,12,-434,1934,1065,2704,1474,113,4896,25
17:04:04.607 [TLM] 32116,21543,-971,2014,2742,2742,2742,1976,1137,12,-375,1875,1124,1736,1561,113,4896,25
17:04:04.678 [TLM] 32126,21560,-986,2021,2671,2671,2671,1687,1357,4,-280,1780,1219,2403,1626,113,4896,25
17:04:04.678 [TLM] 32136,21573,-997,2028,2630,2630,2630,1842,859,7,-351,1851,1148,1904,5831,113,21280,25
17:04:04.679 [TLM] 32146,21590,-1012,2037,2583,2583,2583,1592,1459,7,-254,1754,1245,3472,485,113,5024,25
17:04:04.679 [TLM] 32156,21604,-1024,2044,2558,2558,2558,1757,1134,7,-204,1704,1295,1378,5104,113,5024,25
17:04:04.712 [TLM] 32166,21621,-1037,2053,2534,2534,2534,1866,1326,6,-19,1519,1480,-3216,4924,113,5024,25
17:04:04.746 [TLM] 32176,21636,-1050,2062,2521,2521,2521,1554,1524,7,-863,2363,636,12000,-9892,113,5024,25
17:04:04.748 [TLM] 32186,21648,-1060,2069,2505,2505,2505,1781,1089,8,-215,1715,1284,1917,5049,113,5024,25
17:04:04.783 [TLM] 32196,21664,-1072,2079,2488,2488,2488,1687,1306,7,-252,1752,1247,3489,1365,113,5024,25
17:04:04.784 [TLM] 32206,21678,-1083,2088,2471,2471,2471,1746,1434,6,-79,1579,1420,391,2093,113,5024,25
17:04:04.817 [TLM] 32216,21695,-1096,2098,2453,2453,2453,1657,1298,5,-149,1649,1350,2091,2709,113,5024,25
17:04:04.817 [TLM] 32226,21710,-1108,2108,2443,2443,2443,1518,1632,0,-42,1542,1457,1580,653,113,5024,25
17:04:04.852 [TLM] 32236,21726,-1120,2118,2441,2441,2441,1599,1442,0,151,1348,1651,-2143,4997,113,5024,25
17:04:04.924 [TLM] 32246,21741,-1131,2128,2433,2433,2433,1548,1458,0,2,1497,1502,454,2934,113,5024,25
17:04:04.924 [TLM] 32256,21755,-1143,2137,2432,2432,2432,1431,1527,0,67,1432,1567,1019,2930,113,5024,25
17:04:04.926 [TLM] 32266,21772,-1155,2148,2437,2437,2437,1407,1760,-4,160,1339,1660,-644,1496,113,5024,25
17:04:04.928 [TLM] 32276,21786,-1166,2157,2456,2456,2456,1286,1794,-4,34,1465,1534,2485,-1065,113,5024,25
17:04:04.957 [TLM] 32286,21799,-1176,2165,2483,2483,2483,1547,1213,0,-161,1661,1338,3287,2829,113,5024,25
17:04:04.957 [TLM] 32296,21817,-1190,2176,2499,2499,2499,1504,1623,0,16,1483,1516,1010,350,113,5024,25
17:04:04.997 [TLM] 32306,21830,-1201,2183,2513,2513,2513,1390,1602,-1,24,1475,1524,2142,935,113,5024,25
17:04:05.028 [TLM] 32316,21846,-1214,2193,2530,2530,2530,1375,1492,0,-22,1522,1477,3445,1414,113,5024,25
17:04:05.029 [TLM] 32326,21860,-1225,2201,2538,2538,2538,1503,1541,0,501,998,2001,-5511,8056,113,5024,25
17:04:05.061 [TLM] 32336,21876,-1239,2210,2549,2549,2549,1474,1581,0,9,1490,1509,2067,104,113,5024,25
17:04:05.062 [TLM] 32346,21890,-1251,2218,2556,2556,2556,1571,1419,0,-31,1531,1468,1246,1738,113,5024,25
17:04:05.097 [TLM] 32356,21907,-1264,2227,2556,2556,2556,1601,1461,0,-58,1558,1441,1069,1000,113,5024,25
17:04:05.099 [TLM] 32366,21919,-1275,2234,2554,2554,2554,1450,1503,0,-172,1672,1327,4643,-917,113,5024,25
17:04:05.132 [TLM] 32376,21936,-1289,2243,2553,2553,2553,1418,1555,0,12,1487,1512,2754,747,113,5024,25
17:04:05.169 [TLM] 32386,21951,-1301,2251,2551,2551,2551,1457,1437,0,119,1380,1619,795,3716,113,5024,25
17:04:05.170 [TLM] 32396,21966,-1314,2260,2552,2552,2552,1603,1583,0,-38,1538,1461,1117,-429,113,5024,25
17:04:05.202 [TLM] 32406,21979,-1324,2267,2545,2545,2545,1483,1427,0,-65,1565,1434,2837,1520,113,5024,25
17:04:05.203 [TLM] 32416,21994,-1337,2275,2537,2537,2537,1458,1494,1,271,1228,1771,-1489,5369,113,5024,25
17:04:05.236 [TLM] 32426,22008,-1349,2284,2535,2535,2535,1658,1293,0,182,1317,1682,-2599,6825,113,5024,25
17:04:05.237 [TLM] 32436,22025,-1363,2293,2530,2530,2530,1456,1630,0,60,1439,1560,1320,1183,113,5024,25
17:04:05.270 [TLM] 32446,22040,-1375,2302,2529,2529,2529,1548,1489,0,-43,1543,1456,1557,1447,113,5024,25
17:04:05.306 [TLM] 32456,22056,-1387,2311,2527,2527,2527,1511,1513,-1,121,1378,1621,-691,3474,113,5024,25
17:04:05.306 [TLM] 32466,22069,-1398,2318,2525,2525,2525,1612,1370,0,-92,1592,1407,1075,2553,113,5024,25
17:04:05.343 [TLM] 32476,22086,-1412,2328,2526,2526,2526,1503,1512,0,103,1396,1603,-161,3065,113,5024,25
17:04:05.345 [TLM] 32486,22099,-1423,2336,2523,2523,2523,1484,1606,0,-241,1741,1258,4849,-2642,113,5024,25
17:04:05.377 [TLM] 32496,22113,-1434,2344,2522,2522,2522,1541,1373,0,-83,1583,1416,2171,2394,113,5024,25
17:04:05.411 [TLM] 32506,22131,-1449,2355,2521,2521,2521,1393,1871,-3,41,1458,1541,1301,-1611,113,5024,25
17:04:05.412 [TLM] 32516,22146,-1461,2363,2531,2531,2531,1485,1457,-1,39,1460,1539,540,2760,113,5024,25
17:04:05.413 [TLM] 32526,22161,-1473,2371,2530,2530,2530,1529,1372,0,-268,1768,1231,4503,-514,113,5024,25
17:04:05.447 [TLM] 32536,22176,-1486,2380,2524,2524,2524,1499,1605,-1,133,1366,1633,-992,2540,113,5024,25
17:04:05.480 [TLM] 32546,22191,-1498,2389,2529,2529,2529,1484,1558,-1,20,1479,1520,829,1195,113,5024,25
17:04:05.481 [TLM] 32556,22204,-1509,2396,2533,2533,2533,1433,1449,0,0,1500,1499,2251,2280,113,5024,25
17:04:05.515 [TLM] 32566,22220,-1521,2405,2531,2531,2531,1495,1640,0,-56,1556,1443,2349,-752,113,21408,25
17:04:05.516 [TLM] 32576,22236,-1534,2414,2532,2532,2532,1507,1389,0,114,1385,1614,-435,4887,113,21408,25
17:04:05.552 [TLM] 32586,22251,-1547,2423,2532,2532,2532,1521,1444,-1,345,1154,1845,-4044,7570,113,5152,25
17:04:05.586 [TLM] 32596,22266,-1560,2432,2546,2546,2546,1248,1841,-3,2,1497,1502,4084,-1967,113,5152,25
17:04:05.587 [TLM] 32606,22280,-1571,2439,2569,2569,2569,1360,1455,-2,136,1363,1636,1153,4596,113,5152,25
17:04:05.621 [TLM] 32616,22295,-1584,2448,2588,2588,2588,1359,1600,-2,217,1282,1717,286,3614,113,5152,25
17:04:05.657 [TLM] 32626,22309,-1596,2455,2608,2608,2608,1270,1680,-5,516,983,2016,-3196,7070,113,5152,25
17:04:05.658 [TLM] 32636,22327,-1611,2463,2635,2635,2635,1318,1722,-5,331,1168,1831,-1107,3400,113,5152,25
17:04:05.659 [TLM] 32646,22341,-1624,2470,2643,2643,2643,1378,1467,-2,-228,1728,1271,5864,-1057,113,5152,25
17:04:05.692 [TLM] 32656,22356,-1637,2477,2659,2659,2659,1104,1903,-7,347,1152,1847,1196,1983,113,5152,25
17:04:05.731 [TLM] 32666,22370,-1650,2484,2685,2685,2685,1370,1418,-5,218,1281,1718,20,6216,113,5152,25
17:04:05.734 [TLM] 32676,22388,-1665,2491,2713,2713,2713,1086,2296,-10,467,1032,1967,-664,-1072,113,5152,25
17:04:05.762 [TLM] 32686,22402,-1678,2497,2747,2747,2747,1078,1846,-11,433,1066,1933,-456,4123,113,5152,25
17:04:05.765 [TLM] 32696,22416,-1692,2502,2785,2785,2785,1090,2055,-11,258,1241,1758,1907,-1250,113,5152,25
17:04:05.796 [TLM] 32706,22431,-1706,2507,2831,2831,2831,1207,1641,-8,348,1151,1848,-127,4904,113,5152,25
17:04:05.798 [TLM] 32716,22446,-1720,2511,2869,2869,2869,1141,1751,-6,26,1473,1526,5691,-951,113,5152,25
17:04:05.833 [TLM] 32726,22460,-1734,2515,2902,2902,2902,1319,1517,-5,554,945,2054,-3478,9512,113,5152,25
17:04:05.868 [TLM] 32736,22476,-1749,2518,2934,2934,2934,1244,1842,-5,221,1278,1721,2337,466,113,5152,25
17:04:05.902 [TLM] 32746,22490,-1764,2521,2969,2969,2969,1251,1691,-5,-135,1635,1364,7585,-2652,113,5152,25
17:04:05.902 [TLM] 32756,22505,-1778,2523,2992,2992,2992,1377,1544,-7,659,840,2159,-5508,10993,113,5152,25
17:04:05.903 [TLM] 32766,22519,-1792,2525,3014,3014,3014,1294,1765,-6,370,1129,1870,-464,3885,113,5152,25
17:04:05.935 [TLM] 32776,22534,-1807,2527,3040,3040,3040,1346,1570,-2,282,1217,1782,473,4581,113,5152,25
17:04:05.937 [TLM] 32786,22551,-1823,2528,3055,3055,3055,1531,1459,-2,93,1406,1593,806,3655,113,5152,25
17:04:05.972 [TLM] 32796,22566,-1838,2529,3064,3064,3064,1425,1513,0,22,1477,1522,3374,1350,113,21536,25
17:04:06.007 [TLM] 32806,22579,-1852,2530,3061,3061,3061,1520,1479,-3,531,968,2031,-5287,9319,113,5280,25
17:04:06.008 [TLM] 32816,22597,-1869,2532,3066,3066,3066,1316,2032,-4,91,1408,1591,2870,-4191,113,5280,25
17:04:06.041 [TLM] 32826,22612,-1884,2533,3071,3071,3071,1305,1686,-6,239,1260,1739,592,2779,113,5280,25
17:04:06.042 [TLM] 32836,22625,-1898,2534,3082,3082,3082,1383,1524,-6,241,1258,1741,-103,4410,113,5280,25
17:04:06.077 [TLM] 32846,22641,-1914,2535,3095,3095,3095,1296,1627,-4,32,1467,1532,3227,1135,113,5280,25
17:04:06.079 [TLM] 32856,22655,-1927,2535,3108,3108,3108,1522,1250,0,-65,1565,1434,3189,4022,113,5280,25
17:04:06.114 [TLM] 32866,22671,-1944,2536,3112,3112,3112,1448,1740,0,-280,1780,1219,7215,-5367,113,5280,25
17:04:06.146 [TLM] 32876,22685,-1957,2536,3120,3120,3120,1499,1402,0,128,1371,1628,960,5213,113,5280,25
17:04:06.149 [TLM] 32886,22700,-1973,2536,3127,3127,3127,1489,1612,0,-2,1502,1497,3131,446,113,5280,25
17:04:06.182 [TLM] 32896,22715,-1988,2536,3134,3134,3134,1603,1354,0,12,1487,1512,1354,3614,113,5280,25
17:04:06.184 [TLM] 32906,22730,-2002,2536,3136,3136,3136,1489,1516,1,-560,2060,939,10496,-6421,113,5280,25
17:04:06.216 [TLM] 32916,22744,-2016,2537,3128,3128,3128,1530,1410,1,-336,1836,1163,6875,-1855,113,5280,25
17:04:06.218 [TLM] 32926,22760,-2032,2537,3115,3115,3115,1596,1373,0,180,1319,1680,-1794,6080,113,5280,25
17:04:06.287 [TLM] 32936,22776,-2049,2537,3110,3110,3110,1441,1729,-3,-124,1624,1375,3365,-2313,113,5280,25
17:04:06.288 [TLM] 32946,22792,-2065,2538,3114,3114,3114,1482,1517,-2,346,1153,1846,-3746,7022,118,5280,25
17:04:06.323 [TLM] 32956,22809,-2082,2538,3119,3119,3119,1347,1964,-3,-31,1531,1468,3064,-4742,118,5280,25
17:04:06.324 [TLM] 32966,22823,-2095,2539,3119,3119,3119,1424,1528,-2,173,1326,1673,-692,3715,118,5280,25
17:04:06.325 [TLM] 32976,22837,-2109,2539,3121,3121,3121,1323,1495,0,-409,1909,1090,9143,-4380,118,5280,25
17:04:06.356 [TLM] 32986,22852,-2125,2539,3118,3118,3118,1352,1644,-2,328,1171,1828,-1667,4952,118,5280,25
17:04:06.392 [TLM] 32996,22865,-2138,2539,3119,3119,3119,1474,1060,0,-132,1632,1367,4094,5680,118,5280,25
17:04:06.392 [TLM] 33006,22881,-2153,2540,3119,3119,3119,1376,1623,-1,45,1454,1545,3017,1442,118,5280,25
17:04:06.394 [TLM] 33016,22896,-2168,2540,3122,3122,3122,1640,1361,0,-22,1522,1477,890,3751,118,5280,25
17:04:06.428 [TLM] 33026,22911,-2183,2540,3122,3122,3122,1466,1503,0,-256,1756,1243,6046,-1058,118,5280,25
17:04:06.462 [TLM] 33036,22926,-2198,2541,3125,3125,3125,1499,1479,0,-97,1597,1402,3626,1231,118,5280,25
17:04:06.572 [TLM] 33046,22940,-2212,2541,3126,3126,3126,1579,1421,0,104,1395,1604,-71,4526,118,5280,25
17:04:06.572 [TLM] 33056,22956,-2229,2541,3129,3129,3129,1480,1580,0,0,1500,1499,2367,1101,118,5280,25
17:04:06.573 [TLM] 33066,22971,-2244,2541,3136,3136,3136,1541,1489,1,-163,1663,1336,4394,-409,118,5280,25
17:04:06.573 [TLM] 33076,22987,-2259,2541,3137,3137,3137,1645,1449,0,278,1221,1778,-3953,6393,118,5280,25
17:04:06.573 [TLM] 33086,23001,-2274,2541,3139,3139,3139,1548,1312,1,27,1472,1527,1016,4478,118,5280,25
17:04:06.574 [TLM] 33096,23017,-2289,2541,3132,3132,3132,1639,1403,1,-194,1694,1305,2845,623,118,5280,25
17:04:06.602 [TLM] 33106,23032,-2304,2542,3127,3127,3127,1466,1612,0,-340,1840,1159,6973,-4011,118,5280,25
17:04:06.637 [TLM] 33116,23046,-2318,2542,3127,3127,3127,1416,1531,0,-74,1574,1425,4104,365,118,5280,25
17:04:06.640 [TLM] 33126,23062,-2335,2542,3129,3129,3129,1361,1722,0,76,1423,1576,2732,169,118,5280,25
17:04:06.641 [TLM] 33136,23076,-2348,2542,3133,3133,3133,1430,1318,0,-216,1716,1283,6681,799,118,5280,25
17:04:06.709 [TLM] 33146,23093,-2365,2542,3136,3136,3136,1487,1708,0,175,1324,1675,330,1011,118,5280,25
17:04:06.709 [TLM] 33156,23107,-2379,2542,3135,3135,3135,1513,1468,1,-59,1559,1440,3620,947,118,5280,25
17:04:06.709 [TLM] 33166,23122,-2394,2542,3125,3125,3125,1612,1380,0,0,1500,1499,1042,3280,118,5280,25
17:04:06.742 [TLM] 33176,23137,-2409,2543,3115,3115,3115,1480,1488,0,128,1371,1628,490,3982,118,5280,25
17:04:06.742 [TLM] 33186,23151,-2424,2543,3113,3113,3113,1494,1571,-1,55,1444,1555,1006,1951,118,5280,25
17:04:06.778 [TLM] 33196,23168,-2440,2544,3117,3117,3117,1480,1536,0,-76,1576,1423,3015,297,118,5280,25
17:04:06.779 [TLM] 33206,23183,-2455,2544,3118,3118,3118,1592,1395,0,469,1030,1969,-5765,9372,118,5280,25
17:04:06.811 [TLM] 33216,23198,-2470,2544,3112,3112,3112,1495,1424,0,181,1318,1681,-668,5185,118,5280,25
17:04:06.848 [TLM] 33226,23213,-2485,2545,3104,3104,3104,1490,1661,-2,131,1368,1631,-588,2379,118,5280,25
17:04:06.882 [TLM] 33236,23228,-2500,2545,3107,3107,3107,1416,1520,-1,19,1480,1519,2004,2002,118,5280,25
17:04:06.884 [TLM] 33246,23243,-2515,2546,3108,3108,3108,1425,1500,0,-75,1575,1424,3490,676,118,5280,25
17:04:06.885 [TLM] 33256,23256,-2529,2546,3107,3107,3107,1555,1429,-1,128,1371,1628,-1108,4740,118,5280,25
17:04:06.919 [TLM] 33266,23272,-2544,2547,3111,3111,3111,1382,1434,0,-5,1505,1494,3432,2536,118,5280,25
17:04:06.919 [TLM] 33276,23287,-2559,2547,3110,3110,3110,1490,1472,0,71,1428,1571,912,3388,118,5280,25
17:04:06.952 [TLM] 33286,23303,-2575,2548,3113,3113,3113,1491,1591,0,-30,1530,1469,2156,281,118,5280,25
17:04:06.990 [TLM] 33296,23318,-2590,2548,3117,3117,3117,1419,1537,0,-95,1595,1404,4214,84,118,5280,25
17:04:06.990 [TLM] 33306,23333,-2605,2549,3122,3122,3122,1506,1553,0,195,1304,1695,-842,3692,118,5280,25
17:04:07.023 [TLM] 33316,23348,-2620,2549,3128,3128,3128,1464,1561,0,-34,1534,1465,3080,-77,118,5280,25
17:04:07.024 [TLM] 33326,23362,-2634,2549,3132,3132,3132,1502,1463,0,205,1294,1705,-678,4308,118,5280,25
17:04:07.056 [TLM] 33336,23378,-2650,2549,3135,3135,3135,1499,1532,0,-354,1854,1145,7245,-4336,118,5280,25
17:04:07.057 [TLM] 33346,23392,-2665,2549,3135,3135,3135,1488,1452,0,95,1404,1595,1393,2894,118,5280,25
17:04:07.094 [TLM] 33356,23407,-2680,2549,3130,3130,3130,1556,1444,0,-106,1606,1393,3350,499,118,5280,25
17:04:07.127 [TLM] 33366,23422,-2694,2549,3125,3125,3125,1490,1386,0,-44,1544,1455,3510,1991,118,5280,25
17:04:07.128 [TLM] 33376,23437,-2709,2550,3118,3118,3118,1543,1400,0,-18,1518,1481,1905,2563,118,5280,25
17:04:07.162 [TLM] 33386,23451,-2723,2550,3114,3114,3114,1561,1495,0,-163,1663,1336,3768,-766,118,21664,25
17:04:07.164 [TLM] 33396,23466,-2738,2551,3107,3107,3107,1678,1310,0,-499,1999,1000,6908,-2810,118,21664,25
17:04:07.197 [TLM] 33406,23483,-2755,2551,3100,3100,3100,1299,1976,-5,272,1227,1772,-569,1139,118,5408,25
17:04:07.198 [TLM] 33416,23497,-2770,2552,3113,3113,3113,1309,1595,-6,231,1268,1731,225,4295,118,5408,25
17:04:07.231 [TLM] 33426,23514,-2786,2552,3133,3133,3133,1144,2123,-11,530,969,2030,-2975,2402,118,5408,25
17:04:07.269 [TLM] 33436,23529,-2801,2552,3172,3172,3172,1184,1783,-7,-426,1926,1073,10500,-7813,118,5408,25
17:04:07.270 [TLM] 33446,23545,-2817,2551,3209,3209,3209,859,2352,-20,1139,360,2639,-9963,9097,118,5408,25
17:04:07.302 [TLM] 33456,23561,-2833,2549,3279,3279,3279,672,2614,-24,855,644,2355,-3631,443,118,5408,25
17:04:07.302 [TLM] 33466,23572,-2844,2547,3360,3360,3360,202,2433,-23,868,631,2368,2719,3406,118,5408,25
17:04:07.336 [TLM] 33476,23586,-2858,2543,3459,3459,3459,748,1948,-21,-6,1506,1493,9882,-3750,118,5408,25
17:04:07.372 [TLM] 33486,23602,-2873,2538,3549,3549,3549,797,2109,-19,137,1362,1637,7158,-2524,118,5408,25
17:04:07.372 [TLM] 33496,23617,-2886,2531,3637,3637,3637,794,2158,-32,2186,-686,3686,-12000,12000,118,21792,25
17:04:07.375 [TLM] 33506,23633,-2900,2523,3740,3740,3740,159,3054,-32,1088,411,2588,-6,560,118,21792,25
17:04:07.406 [TLM] 33516,23648,-2911,2514,3870,3870,3870,339,2559,-32,1088,411,2588,-1921,6405,118,21792,25
17:04:07.442 [TLM] 33526,23663,-2921,2503,4017,4017,4017,222,2756,-30,787,712,2287,4777,-946,118,5536,25
17:04:07.478 [TLM] 33536,23674,-2928,2493,4160,4160,4160,483,2135,-20,-58,1558,1441,12000,-6498,118,5536,25
17:04:07.478 [TLM] 33546,23688,-2934,2481,4310,4310,4310,649,2167,-24,677,822,2177,3601,5544,118,5536,25
17:04:07.479 [TLM] 33556,23705,-2939,2465,4449,4449,4449,502,2634,-19,332,1167,1832,12000,-7684,118,5536,25
17:04:07.511 [TLM] 33566,23719,-2942,2451,4578,4578,4578,1312,1689,-10,339,1160,1839,2705,3988,118,5536,25
17:04:07.548 [TLM] 33576,23732,-2943,2438,4686,4686,4686,752,1794,-6,-131,1631,1368,12000,-3141,118,5536,25
17:04:07.549 [TLM] 33586,23742,-2942,2428,4773,4773,4773,818,1660,-5,199,1300,1699,12000,3533,118,5536,25
17:04:07.582 [TLM] 33596,23758,-2941,2412,4869,4869,4869,1538,1117,0,0,1499,1500,8619,6563,118,5536,25
17:04:07.690 [TLM] 33606,23772,-2938,2399,4931,4931,4931,1699,1378,3,261,1238,1761,3168,7873,118,5536,25
17:04:07.691 [TLM] 33616,23785,-2935,2385,4974,4974,4974,1515,1208,6,-208,1708,1291,12000,2384,118,5536,25
17:04:07.691 [TLM] 33626,23804,-2930,2368,4995,4995,4995,1919,1243,6,-204,1704,1295,7869,2094,118,5536,25
17:04:07.691 [TLM] 33636,23820,-2925,2352,4995,4995,4995,1983,1299,5,-183,1683,1316,5094,1977,118,5536,25
17:04:07.692 [TLM] 33646,23835,-2921,2337,4984,4984,4984,1779,1236,5,-176,1676,1323,7022,2875,118,5536,25
17:04:07.693 [TLM] 33656,23851,-2917,2322,4961,4961,4961,1856,1285,5,-149,1649,1350,4848,2766,118,5536,25
17:04:07.694 [TLM] 33666,23867,-2913,2307,4933,4933,4933,1746,1320,2,208,1291,1708,331,7692,118,5536,25
17:04:07.721 [TLM] 33676,23883,-2910,2291,4915,4915,4915,1478,2020,1,-248,1748,1251,9252,-7714,118,5536,25
17:04:07.756 [TLM] 33686,23897,-2907,2278,4892,4892,4892,1669,1215,4,-161,1661,1338,5472,5126,118,5536,25
17:04:07.757 [TLM] 33696,23913,-2905,2262,4869,4869,4869,1865,1340,5,-101,1601,1398,2668,2072,118,5536,25
17:04:07.791 [TLM] 33706,23930,-2902,2245,4828,4828,4828,1606,1616,0,-58,1558,1441,3474,15,118,5536,25
17:04:07.828 [TLM] 33716,23945,-2901,2230,4802,4802,4802,1662,1325,1,-32,1532,1467,2085,3843,118,5536,25
17:04:07.862 [TLM] 33726,23961,-2899,2214,4781,4781,4781,1636,1626,0,-3,1503,1496,958,1476,118,5536,25
17:04:07.864 [TLM] 33736,23977,-2899,2198,4771,4771,4771,1643,1337,0,3,1496,1503,1339,2383,118,5536,25
17:04:07.866 [TLM] 33746,23991,-2898,2184,4760,4760,4760,1539,1566,0,-87,1587,1412,3050,-138,118,5536,25
17:04:07.897 [TLM] 33756,24006,-2897,2169,4745,4745,4745,1587,1364,3,-118,1618,1381,3305,1678,118,5536,25
17:04:07.899 [TLM] 33766,24022,-2897,2153,4728,4728,4728,1539,1566,0,125,1374,1625,-43,2858,118,5536,25
17:04:07.932 [TLM] 33776,24035,-2897,2140,4719,4719,4719,1571,1348,1,12,1487,1512,1266,3570,118,5536,25
17:04:07.967 [TLM] 33786,24053,-2897,2122,4704,4704,4704,1447,1709,-1,237,1262,1737,-781,2612,118,5536,25
17:04:07.968 [TLM] 33796,24067,-2897,2107,4695,4695,4695,1522,1463,1,-482,1982,1017,8276,-4607,118,5536,25
17:04:08.002 [TLM] 33806,24082,-2897,2093,4686,4686,4686,1488,1494,1,10,1489,1510,2095,1728,118,5536,25
17:04:08.002 [TLM] 33816,24096,-2898,2079,4677,4677,4677,1546,1494,0,-191,1691,1308,4404,-1122,118,5536,25
17:04:08.037 [TLM] 33826,24112,-2898,2063,4665,4665,4665,1585,1384,2,-103,1603,1396,2703,1576,118,5536,25
17:04:08.037 [TLM] 33836,24127,-2899,2048,4655,4655,4655,1517,1463,2,-58,1558,1441,3081,1274,118,5536,25
17:04:08.111 [TLM] 33846,24143,-2900,2032,4646,4646,4646,1557,1671,-2,637,862,2137,-8237,8968,118,5536,25
17:04:08.111 [TLM] 33856,24157,-2901,2018,4658,4658,4658,1484,1288,0,-280,1780,1219,6026,422,118,5536,25
17:04:08.112 [TLM] 33866,24172,-2902,2003,4655,4655,4655,1529,1513,0,62,1437,1562,414,2650,118,5536,25
17:04:08.142 [TLM] 33876,24186,-2903,1989,4654,4654,4654,1474,1572,-2,105,1394,1605,-171,3031,118,5536,25
17:04:08.142 [TLM] 33886,24201,-2903,1974,4663,4663,4663,1451,1528,-1,49,1450,1549,960,2547,118,5536,25
17:04:08.180 [TLM] 33896,24217,-2904,1958,4674,4674,4674,1408,1549,0,-32,1532,1467,3012,937,118,5536,25
17:04:08.181 [TLM] 33906,24232,-2905,1943,4682,4682,4682,1456,1527,0,0,1500,1499,2039,1722,118,5536,25
17:04:08.210 [TLM] 33916,24247,-2905,1928,4686,4686,4686,1486,1509,0,62,1437,1562,906,2847,118,5536,25
17:04:08.246 [TLM] 33926,24262,-2905,1913,4687,4687,4687,1472,1515,0,-224,1724,1275,4865,-749,118,5536,25
17:04:08.248 [TLM] 33936,24276,-2906,1900,4687,4687,4687,1582,1383,0,-268,1768,1231,4105,283,118,5536,25
17:04:08.284 [TLM] 33946,24292,-2906,1883,4682,4682,4682,1483,1554,0,-24,1524,1475,1888,1505,118,5536,25
17:04:08.284 [TLM] 33956,24306,-2907,1869,4679,4679,4679,1564,1445,0,19,1480,1519,244,3794,118,5536,25
17:04:08.317 [TLM] 33966,24324,-2907,1851,4677,4677,4677,1484,1741,-1,-17,1517,1482,1466,-1021,118,5536,25
17:04:08.351 [TLM] 33976,24338,-2908,1837,4675,4675,4675,1505,1454,0,118,1381,1618,-349,3940,118,5536,25
17:04:08.352 [TLM] 33986,24354,-2908,1822,4671,4671,4671,1385,1706,-1,29,1470,1529,2185,-219,118,5536,25
17:04:08.353 [TLM] 33996,24368,-2909,1807,4673,4673,4673,1492,1358,0,21,1478,1521,1236,3949,118,5536,25
17:04:08.386 [TLM] 34006,24383,-2909,1792,4671,4671,4671,1381,1595,0,70,1429,1570,834,2443,118,5536,25
17:04:08.422 [TLM] 34016,24398,-2910,1778,4675,4675,4675,1393,1587,-1,350,1149,1850,-3780,8076,118,5536,25
17:04:08.423 [TLM] 34026,24411,-2910,1764,4683,4683,4683,1377,1510,1,109,1390,1609,2275,2890,118,5536,25
17:04:08.459 [TLM] 34036,24428,-2911,1748,4685,4685,4685,1438,1664,0,61,1438,1561,2540,193,118,5536,25
17:04:08.461 [TLM] 34046,24442,-2911,1733,4683,4683,4683,1508,1452,0,-153,1653,1346,4716,-66,118,5536,25
17:04:08.493 [TLM] 34056,24457,-2912,1718,4680,4680,4680,1485,1540,-1,93,1406,1593,1207,2430,118,5536,25
17:04:08.528 [TLM] 34066,24472,-2912,1703,4682,4682,4682,1491,1531,-1,31,1468,1531,1896,2112,118,5536,25
17:04:08.528 [TLM] 34076,24486,-2913,1690,4685,4685,4685,1478,1547,0,-54,1554,1445,3469,244,118,5536,25
17:04:08.564 [TLM] 34086,24502,-2913,1673,4685,4685,4685,1523,1502,0,-170,1670,1329,4038,-524,118,5536,25
17:04:08.597 [TLM] 34096,24516,-2913,1659,4689,4689,4689,1469,1559,0,39,1460,1539,1914,1515,118,5536,25
17:04:08.599 [TLM] 34106,24532,-2914,1643,4699,4699,4699,1434,1588,0,0,1500,1499,3222,179,118,5536,25
17:04:08.632 [TLM] 34116,24547,-2914,1628,4702,4702,4702,1443,1451,1,-171,1671,1328,5725,-632,118,5536,25
17:04:08.633 [TLM] 34126,24562,-2914,1613,4696,4696,4696,1324,1644,0,232,1267,1732,1517,2891,118,5536,25
17:04:08.634 [TLM] 34136,24577,-2914,1598,4696,4696,4696,1514,1490,0,63,1436,1563,1496,2435,118,5536,25
17:04:08.667 [TLM] 34146,24592,-2915,1583,4691,4691,4691,1581,1523,0,3,1496,1503,1268,1365,118,54688,25
17:04:08.701 [TLM] 34156,24606,-2915,1569,4684,4684,4684,1572,1275,1,76,1423,1576,535,5594,118,54688,25
17:04:08.701 [TLM] 34166,24621,-2915,1555,4671,4671,4671,1669,1360,1,-93,1593,1406,1416,2474,118,5537,25
17:04:08.736 [TLM] 34176,24637,-2916,1538,4656,4656,4656,1646,1437,1,64,1435,1564,-762,3693,118,5537,25
17:04:08.737 [TLM] 34186,24653,-2917,1523,4648,4648,4648,1434,1689,-2,122,1377,1622,376,1874,118,5537,25
17:04:08.773 [TLM] 34196,24667,-2918,1508,4654,4654,4654,1437,1493,-3,372,1127,1872,-3195,7886,118,5537,25
17:04:08.806 [TLM] 34206,24683,-2919,1493,4667,4667,4667,1438,1574,0,-6,1506,1493,2735,323,118,5537,25
17:04:08.842 [TLM] 34216,24695,-2919,1480,4667,4667,4667,1442,1457,0,486,1013,1986,-3741,8473,118,5537,25
17:04:08.842 [TLM] 34226,24712,-2920,1463,4667,4667,4667,1477,1567,-1,27,1472,1527,2133,916,118,5537,25
17:04:08.844 [TLM] 34236,24725,-2921,1450,4667,4667,4667,1420,1498,-1,79,1420,1579,2061,2682,118,5537,25
17:04:08.880 [TLM] 34246,24742,-2922,1434,4670,4670,4670,1430,1525,-1,12,1487,1512,2897,1491,118,5537,25
17:04:08.913 [TLM] 34256,24757,-2922,1419,4671,4671,4671,1482,1470,0,-4,1504,1495,2555,1811,118,5537,25
17:04:08.915 [TLM] 34266,24772,-2923,1404,4670,4670,4670,1570,1405,-1,295,1204,1795,-3082,7187,118,5537,25
17:04:08.916 [TLM] 34276,24787,-2923,1389,4668,4668,4668,1541,1458,0,-77,1577,1422,2654,1139,118,5537,25
17:04:08.948 [TLM] 34286,24802,-2924,1374,4669,4669,4669,1384,1606,0,-119,1619,1380,5273,-1410,118,5537,25
17:04:08.981 [TLM] 34296,24815,-2925,1360,4671,4671,4671,1474,1532,0,-4,1504,1495,2708,1088,118,54689,25
17:04:08.983 [TLM] 34306,24830,-2925,1346,4667,4667,4667,1525,1329,0,169,1330,1669,-64,5851,118,54689,25
17:04:09.016 [TLM] 34316,24846,-2926,1329,4664,4664,4664,1595,1424,0,-55,1555,1444,2295,1697,118,5538,25
17:04:09.017 [TLM] 34326,24862,-2927,1313,4670,4670,4670,1354,1616,0,-786,2286,713,12000,-10388,118,5538,25
17:04:09.052 [TLM] 34336,24874,-2927,1301,4671,4671,4671,1674,1133,1,114,1385,1614,-1490,8192,118,5538,25
17:04:09.087 [TLM] 34346,24891,-2928,1284,4665,4665,4665,1471,1411,0,-17,1517,1482,2866,2883,118,5538,25
17:04:09.087 [TLM] 34356,24905,-2929,1270,4661,4661,4661,1531,1544,0,105,1394,1605,383,2877,118,5538,25
17:04:09.124 [TLM] 34366,24922,-2930,1253,4662,4662,4662,1498,1614,0,-139,1639,1360,4583,-2538,118,5538,25
17:04:09.124 [TLM] 34376,24935,-2930,1240,4663,4663,4663,1513,1562,-4,696,803,2196,-8776,11644,118,5538,25
17:04:09.156 [TLM] 34386,24952,-2931,1224,4678,4678,4678,1402,1321,0,-199,1699,1300,5748,607,118,5538,25
17:04:09.157 [TLM] 34396,24966,-2931,1210,4680,4680,4680,1370,1782,0,-119,1619,1380,4800,-3147,118,5538,25
17:04:09.193 [TLM] 34406,24982,-2932,1193,4676,4676,4676,1632,1276,1,-192,1692,1307,3110,1440,118,5538,25
17:04:09.227 [TLM] 34416,24998,-2933,1177,4660,4660,4660,1451,1723,-3,201,1298,1701,-1002,1914,118,5538,25
17:04:09.228 [TLM] 34426,25012,-2933,1163,4666,4666,4666,1460,1423,-1,-43,1543,1456,3212,1440,118,5538,25
17:04:09.262 [TLM] 34436,25026,-2934,1150,4667,4667,4667,1541,1480,-4,427,1072,1927,-5288,8505,118,5538,25
17:04:09.263 [TLM] 34446,25040,-2934,1135,4681,4681,4681,1414,1286,0,-357,1857,1142,7573,-469,118,5538,25
17:04:09.298 [TLM] 34456,25057,-2935,1119,4687,4687,4687,1498,1528,0,0,1500,1499,1649,1988,118,5538,25
17:04:09.332 [TLM] 34466,25072,-2935,1104,4692,4692,4692,1444,1460,0,0,1500,1499,2495,2438,118,5538,25
17:04:09.333 [TLM] 34476,25087,-2936,1089,4692,4692,4692,1514,1391,1,-89,1589,1410,3343,1936,118,5538,25
17:04:09.333 [TLM] 34486,25102,-2936,1074,4684,4684,4684,1553,1500,1,-368,1868,1131,6685,-3093,118,5538,25
17:04:09.367 [TLM] 34496,25116,-2936,1060,4676,4676,4676,1490,1644,-2,130,1369,1630,-245,2644,118,5538,25
17:04:09.402 [TLM] 34506,25133,-2937,1043,4678,4678,4678,1633,1322,2,-152,1652,1347,3602,394,118,5538,25
17:04:09.402 [TLM] 34516,25146,-2937,1029,4667,4667,4667,1513,1504,1,-65,1565,1434,2465,832,118,5538,25
17:04:09.436 [TLM] 34526,25163,-2938,1013,4655,4655,4655,1530,1429,0,67,1432,1567,59,3901,118,5538,25
17:04:09.437 [TLM] 34536,25178,-2939,998,4649,4649,4649,1474,1530,-2,63,1436,1563,6,3152,118,5538,25
17:04:09.473 [TLM] 34546,25193,-2940,983,4655,4655,4655,1502,1463,-4,625,874,2125,-8562,12000,118,5538,25
17:04:09.506 [TLM] 34556,25209,-2941,967,4664,4664,4664,1427,1519,-9,1294,205,2794,-12000,12000,118,5538,25
17:04:09.507 [TLM] 34566,25222,-2942,954,4672,4672,4672,1291,1318,0,0,1500,1499,4396,3673,118,54690,25
17:04:09.542 [TLM] 34576,25235,-2942,941,4673,4673,4673,1628,1253,1,42,1457,1542,-17,5553,118,54690,25
17:04:09.577 [TLM] 34586,25250,-2943,926,4669,4669,4669,1526,1345,0,276,1223,1776,-2232,7865,118,5539,25
17:04:09.578 [TLM] 34596,25267,-2943,909,4674,4674,4674,1478,1539,0,-12,1512,1487,2466,1355,118,5539,25
17:04:09.580 [TLM] 34606,25282,-2944,894,4678,4678,4678,1511,1500,0,0,1500,1499,2035,1964,118,5539,25
17:04:09.612 [TLM] 34616,25297,-2944,879,4681,4681,4681,1410,1645,-1,273,1226,1773,-759,4089,118,5539,25
17:04:09.649 [TLM] 34626,25312,-2945,864,4690,4690,4690,1575,1380,0,0,1499,1500,1012,3588,118,5539,25
17:04:09.651 [TLM] 34636,25326,-2945,850,4693,4693,4693,1441,1587,0,0,1500,1499,2594,995,118,5539,25
17:04:09.682 [TLM] 34646,25342,-2945,834,4697,4697,4697,1494,1470,0,-29,1529,1470,2469,1875,118,5539,25
17:04:09.682 [TLM] 34656,25356,-2946,820,4698,4698,4698,1484,1506,0,0,1500,1499,2146,1927,118,5539,25
17:04:09.716 [TLM] 34666,25372,-2946,804,4698,4698,4698,1619,1375,-1,276,1223,1776,-3590,7506,118,5539,25
17:04:09.717 [TLM] 34676,25388,-2946,788,4699,4699,4699,1545,1469,0,31,1468,1531,657,2251,118,5539,25
17:04:09.751 [TLM] 34686,25402,-2946,773,4683,4683,4683,1536,1395,0,2,1497,1502,965,3313,118,5539,25
17:04:09.786 [TLM] 34696,25419,-2947,757,4672,4672,4672,1537,1614,0,0,1499,1500,674,120,118,5539,25
17:04:09.822 [TLM] 34706,25433,-2948,743,4661,4661,4661,1539,1390,1,-178,1678,1321,3408,469,118,5539,25
17:04:09.822 [TLM] 34716,25446,-2948,730,4648,4648,4648,1455,1542,-4,719,780,2219,-8928,12000,118,21923,25
17:04:09.824 [TLM] 34726,25463,-2949,713,4656,4656,4656,1108,2027,-5,35,1464,1535,5238,-4587,118,21923,25
17:04:09.856 [TLM] 34736,25478,-2950,698,4659,4659,4659,1402,1667,-6,255,1244,1755,-1801,3718,118,5667,25
17:04:09.857 [TLM] 34746,25491,-2951,685,4666,4666,4666,1368,1365,-4,694,805,2194,-7157,12000,118,5667,25
17:04:09.891 [TLM] 34756,25509,-2951,667,4679,4679,4679,1336,1769,-6,301,1198,1801,-1981,3320,118,5667,25
17:04:09.929 [TLM] 34766,25524,-2952,652,4713,4713,4713,1200,1804,-9,392,1107,1892,-1932,4043,118,5667,25
17:04:09.931 [TLM] 34776,25538,-2951,639,4753,4753,4753,996,2113,-11,782,717,2282,-4829,5558,118,5667,25
17:04:09.962 [TLM] 34786,25553,-2950,623,4816,4816,4816,1104,1645,-9,368,1131,1868,372,4988,118,5667,25
17:04:09.965 [TLM] 34796,25568,-2948,608,4859,4859,4859,1078,2021,-10,449,1050,1949,-275,1994,118,5667,25
17:04:09.998 [TLM] 34806,25584,-2945,593,4911,4911,4911,742,2298,-17,696,803,2196,345,1488,118,5667,25
17:04:09.999 [TLM] 34816,25597,-2942,580,4975,4975,4975,1069,1593,-14,675,824,2175,-2893,10192,118,5667,25
17:04:10.032 [TLM] 34826,25611,-2938,566,5033,5033,5033,810,1848,-15,829,670,2329,-1391,9501,118,5667,25
17:04:10.067 [TLM] 34836,25627,-2933,551,5107,5107,5107,827,2238,-18,640,859,2140,970,1903,118,5667,25
17:04:10.067 [TLM] 34846,25641,-2927,539,5184,5184,5184,554,2551,-23,782,717,2282,1618,828,118,5667,25
17:04:10.102 [TLM] 34856,25653,-2921,529,5288,5288,5288,649,1893,-17,-298,1798,1201,12000,-7013,118,5667,25
17:04:10.103 [TLM] 34866,25670,-2911,515,5382,5382,5382,994,2165,-20,1289,210,2789,-9071,11807,118,5667,25
17:04:10.137 [TLM] 34876,25686,-2900,503,5496,5496,5496,675,2351,-20,587,912,2087,5223,-755,118,5667,25
17:04:10.137 [TLM] 34886,25700,-2889,494,5593,5593,5593,856,2079,-19,652,847,2152,1918,4120,118,5667,25
17:04:10.171 [TLM] 34896,25715,-2877,485,5686,5686,5686,913,2111,-18,614,885,2114,1918,2974,118,5667,25
17:04:10.208 [TLM] 34906,25731,-2864,476,5777,5777,5777,923,2193,-15,-347,1847,1152,12000,-11641,118,5667,25
17:04:10.208 [TLM] 34916,25742,-2854,471,5846,5846,5846,986,1729,-14,346,1153,1846,4915,4321,118,5667,25
17:04:10.243 [TLM] 34926,25762,-2835,464,5919,5919,5919,1108,2319,-16,969,530,2469,-6563,5401,118,5667,25
17:04:10.243 [TLM] 34936,25775,-2823,460,5978,5978,5978,804,2178,-20,1066,433,2566,-4609,9100,118,5667,25
17:04:10.278 [TLM] 34946,25792,-2806,455,6062,6062,6062,741,2359,-20,1363,136,2863,-7849,10272,116,5667,25
17:04:10.314 [TLM] 34956,25803,-2795,453,6140,6140,6140,669,1986,-20,580,919,2080,4696,4339,116,5667,25
17:04:10.316 [TLM] 34966,25821,-2778,452,6228,6228,6228,889,2287,-22,622,877,2122,568,1427,116,5667,25
17:04:10.317 [TLM] 34976,25836,-2763,452,6328,6328,6328,752,2122,-19,612,887,2112,3019,3440,116,5667,25
17:04:10.346 [TLM] 34986,25850,-2749,453,6410,6410,6410,839,2328,-19,639,860,2139,1786,969,116,5667,25
17:04:10.383 [TLM] 34996,25865,-2734,456,6510,6510,6510,781,2094,-16,433,1066,1933,6396,599,116,5667,25
17:04:10.383 [TLM] 35006,25879,-2721,460,6587,6587,6587,1283,1687,-11,500,999,2000,-539,6556,116,5667,25
17:04:10.416 [TLM] 35016,25896,-2705,466,6669,6669,6669,1141,1819,-10,342,1157,1842,3117,2325,116,5667,25
17:04:10.417 [TLM] 35026,25908,-2693,471,6723,6723,6723,922,2024,-15,568,931,2068,2583,3905,116,5667,25
17:04:10.451 [TLM] 35036,25927,-2677,479,6794,6794,6794,703,2433,-18,646,853,2146,3578,-586,116,5667,25
17:04:10.487 [TLM] 35046,25939,-2667,486,6877,6877,6877,736,1937,-14,288,1211,1788,10405,330,116,5667,25
17:04:10.488 [TLM] 35056,25953,-2655,494,6943,6943,6943,1115,1834,-16,570,929,2070,871,6578,116,5667,25
17:04:10.522 [TLM] 35066,25970,-2643,505,7019,7019,7019,1131,1826,-17,1102,397,2602,-7413,12000,116,5667,25
17:04:10.559 [TLM] 35076,25984,-2633,515,7083,7083,7083,717,2423,-18,633,866,2133,4029,1079,116,5667,25
17:04:10.560 [TLM] 35086,26001,-2622,527,7174,7174,7174,989,2065,-17,550,949,2050,2250,3522,116,5667,25
17:04:10.560 [TLM] 35096,26015,-2613,538,7241,7241,7241,956,2219,-17,609,890,2109,1453,2403,116,5667,25
17:04:10.593 [TLM] 35106,26030,-2605,552,7323,7323,7323,999,1762,-15,979,520,2479,-3980,12000,116,5667,25
17:04:10.627 [TLM] 35116,26046,-2598,565,7395,7395,7395,886,2219,-13,132,1367,1632,10015,-5037,116,22051,25
17:04:10.629 [TLM] 35126,26059,-2592,577,7462,7462,7462,872,2202,-17,570,929,2070,3451,1860,116,22051,25
17:04:10.665 [TLM] 35136,26074,-2587,592,7538,7538,7538,1166,1862,-14,472,1027,1972,1175,4270,116,5795,25
17:04:10.666 [TLM] 35146,26090,-2583,607,7606,7606,7606,1054,1971,-13,424,1075,1924,3150,2172,116,5795,25
17:04:10.697 [TLM] 35156,26104,-2580,620,7667,7667,7667,1242,1586,-9,405,1094,1905,1646,6460,116,5795,25
17:04:10.698 [TLM] 35166,26119,-2577,636,7719,7719,7719,1314,1768,-9,286,1213,1786,1861,3072,116,5795,25
17:04:10.732 [TLM] 35176,26136,-2576,652,7772,7772,7772,1059,2175,-11,309,1190,1809,4155,-1926,116,5795,25
17:04:10.767 [TLM] 35186,26151,-2575,667,7823,7823,7823,1340,1563,-7,147,1352,1647,3462,3468,116,5795,25
17:04:10.802 [TLM] 35196,26165,-2575,682,7855,7855,7855,1424,1781,-6,215,1284,1715,1080,1551,116,5795,25
17:04:10.802 [TLM] 35206,26180,-2575,696,7886,7886,7886,1315,1704,-6,118,1381,1618,4052,726,116,5795,25
17:04:10.803 [TLM] 35216,26196,-2576,712,7910,7910,7910,1413,1718,-3,107,1392,1607,2595,388,116,5795,25
17:04:10.836 [TLM] 35226,26211,-2577,728,7924,7924,7924,1484,1451,-1,-9,1509,1490,3577,2005,116,5795,25
17:04:10.837 [TLM] 35236,26225,-2578,741,7926,7926,7926,1505,1520,0,-6,1506,1493,3215,1232,116,5795,25
17:04:10.873 [TLM] 35246,26242,-2579,758,7924,7924,7924,1602,1521,0,0,1500,1499,1702,1210,116,5795,25
17:04:10.907 [TLM] 35256,26257,-2580,773,7918,7918,7918,1541,1490,0,131,1368,1631,245,3660,116,5795,25
17:04:10.908 [TLM] 35266,26273,-2581,789,7918,7918,7918,1490,1723,0,-155,1655,1344,4883,-3567,116,5795,25
17:04:10.942 [TLM] 35276,26288,-2582,803,7912,7912,7912,1626,1367,1,-59,1559,1440,2150,1945,116,5795,25
17:04:10.942 [TLM] 35286,26301,-2583,817,7895,7895,7895,1589,1440,0,0,1499,1500,1339,2335,116,54947,25
17:04:10.978 [TLM] 35296,26318,-2583,834,7878,7878,7878,1562,1474,0,-448,1948,1051,7279,-4286,116,54947,25
17:04:10.978 [TLM] 35306,26334,-2583,850,7856,7856,7856,1461,1769,-4,85,1414,1585,-225,962,116,5796,25
17:04:11.012 [TLM] 35316,26349,-2583,865,7855,7855,7855,1241,1683,-2,-88,1588,1411,5561,-2095,116,5796,25
17:04:11.047 [TLM] 35326,26364,-2583,880,7855,7855,7855,1468,1620,-1,-108,1608,1391,2915,-481,116,5796,25
17:04:11.047 [TLM] 35336,26377,-2583,893,7855,7855,7855,1469,1452,0,138,1361,1638,-383,4586,116,5796,25
17:04:11.082 [TLM] 35346,26394,-2583,910,7857,7857,7857,1436,1595,0,25,1474,1525,1920,1194,116,5796,25
17:04:11.084 [TLM] 35356,26407,-2583,923,7859,7859,7859,1467,1510,0,-18,1518,1481,2382,1432,116,5796,25
17:04:11.117 [TLM] 35366,26423,-2584,939,7857,7857,7857,1431,1481,0,0,1500,1499,2804,2141,116,5796,25
17:04:11.117 [TLM] 35376,26438,-2584,954,7860,7860,7860,1379,1595,0,-35,1535,1464,4030,-73,116,5796,25
17:04:11.151 [TLM] 35386,26453,-2584,969,7869,7869,7869,1432,1595,0,47,1452,1547,2441,878,116,5796,25
17:04:11.186 [TLM] 35396,26468,-2584,984,7873,7873,7873,1493,1529,0,-663,2163,836,11695,-7674,116,5796,25
17:04:11.187 [TLM] 35406,26480,-2584,996,7872,7872,7872,1624,1178,1,-110,1610,1389,3035,4512,116,5796,25
17:04:11.224 [TLM] 35416,26498,-2585,1014,7867,7867,7867,1600,1593,2,-157,1657,1342,3272,-1447,116,5796,25
17:04:11.225 [TLM] 35426,26512,-2585,1027,7860,7860,7860,1676,1411,2,43,1456,1543,-653,3719,116,5796,25
17:04:11.257 [TLM] 35436,26528,-2585,1044,7855,7855,7855,1519,1489,1,-179,1679,1320,4243,-374,116,5796,25
17:04:11.292 [TLM] 35446,26541,-2585,1057,7850,7850,7850,1856,1052,4,447,1052,1947,-8567,12000,116,5796,25
17:04:11.292 [TLM] 35456,26559,-2585,1075,7841,7841,7841,1410,1651,1,-160,1660,1339,5095,-2315,116,5796,25
17:04:11.293 [TLM] 35466,26574,-2584,1090,7837,7837,7837,1707,1395,2,-4,1504,1495,-914,3269,116,5796,25
17:04:11.327 [TLM] 35476,26587,-2584,1103,7832,7832,7832,1556,1444,1,-65,1565,1434,1500,1706,116,5796,25
17:04:11.361 [TLM] 35486,26603,-2584,1119,7828,7828,7828,1499,1586,1,-205,1705,1294,4290,-2144,116,5796,25
17:04:11.397 [TLM] 35496,26617,-2583,1133,7827,7827,7827,1504,1425,0,-15,1515,1484,1824,2443,116,5796,25
17:04:11.400 [TLM] 35506,26632,-2583,1148,7822,7822,7822,1510,1457,2,56,1443,1556,801,3071,116,5796,25
17:04:11.400 [TLM] 35516,26649,-2582,1165,7814,7814,7814,1533,1505,0,-43,1543,1456,1900,1187,116,5796,25
17:04:11.432 [TLM] 35526,26663,-2582,1179,7808,7808,7808,1499,1438,0,28,1471,1528,1454,3015,116,5796,25
17:04:11.467 [TLM] 35536,26678,-2581,1194,7804,7804,7804,1484,1495,0,0,1500,1499,1936,1938,116,5796,25
17:04:11.467 [TLM] 35546,26692,-2580,1208,7806,7806,7806,1416,1612,0,-121,1621,1378,4426,-1257,116,5796,25
17:04:11.502 [TLM] 35556,26706,-2580,1222,7818,7818,7818,1053,1482,0,2,1497,1502,8367,1810,116,54948,25
17:04:11.537 [TLM] 35566,26720,-2579,1236,7825,7825,7825,1670,1263,6,-322,1822,1177,6433,-507,116,54948,25
17:04:11.537 [TLM] 35576,26737,-2579,1253,7808,7808,7808,1450,1618,0,50,1449,1550,3064,899,116,5797,25
17:04:11.538 [TLM] 35586,26752,-2578,1267,7802,7802,7802,1570,1305,0,0,1500,1499,2182,4032,116,5797,25
17:04:11.571 [TLM] 35596,26767,-2577,1283,7791,7791,7791,1627,1374,0,264,1235,1764,-2580,7037,116,5797,25
17:04:11.607 [TLM] 35606,26783,-2576,1298,7786,7786,7786,1473,1535,0,-191,1691,1308,5357,-1290,116,5797,25
17:04:11.607 [TLM] 35616,26797,-2575,1313,7788,7788,7788,1628,1296,0,10,1489,1510,530,4279,116,5797,25
17:04:11.643 [TLM] 35626,26813,-2574,1328,7784,7784,7784,1548,1477,1,-180,1680,1319,4073,-500,116,5797,25
17:04:11.644 [TLM] 35636,26827,-2573,1342,7785,7785,7785,1500,1540,0,1,1498,1501,2013,1089,116,5797,25
17:04:11.677 [TLM] 35646,26843,-2572,1359,7784,7784,7784,1501,1501,0,-154,1654,1345,4301,-675,116,5797,25
17:04:11.678 [TLM] 35656,26858,-2571,1374,7781,7781,7781,1521,1555,-2,653,846,2153,-7830,10187,116,5797,25
17:04:11.712 [TLM] 35666,26873,-2570,1389,7782,7782,7782,1522,1438,0,44,1455,1544,852,2887,116,5797,25
17:04:11.747 [TLM] 35676,26889,-2569,1404,7782,7782,7782,1382,1645,-2,-146,1646,1353,4871,-1948,116,5797,25
17:04:11.782 [TLM] 35686,26902,-2568,1417,7785,7785,7785,1465,1478,-2,86,1413,1586,478,3310,116,5797,25
17:04:11.785 [TLM] 35696,26919,-2567,1434,7788,7788,7788,1454,1594,-2,44,1455,1544,824,1645,116,5797,25
17:04:11.785 [TLM] 35706,26932,-2566,1447,7801,7801,7801,1414,1404,0,-5,1505,1494,2717,2631,116,54949,25
17:04:11.817 [TLM] 35716,26947,-2565,1463,7801,7801,7801,1627,1177,0,360,1139,1860,-4735,10957,116,54949,25
17:04:11.817 [TLM] 35726,26963,-2564,1478,7803,7803,7803,1245,1811,-3,-126,1626,1373,6358,-3457,116,5798,25
17:04:11.851 [TLM] 35736,26975,-2564,1491,7816,7816,7816,1486,1327,0,170,1329,1670,-150,6378,116,5798,25
17:04:11.887 [TLM] 35746,26992,-2563,1507,7821,7821,7821,1561,1355,1,68,1431,1568,679,4595,116,5798,25
17:04:11.888 [TLM] 35756,27005,-2563,1521,7819,7819,7819,1486,1542,-1,73,1426,1573,1094,2877,116,5798,25
17:04:11.922 [TLM] 35766,27022,-2562,1538,7825,7825,7825,1501,1528,0,-3,1503,1496,2092,1378,116,5798,25
17:04:11.923 [TLM] 35776,27036,-2562,1552,7823,7823,7823,1620,1437,0,-53,1553,1446,1150,1755,116,5798,25
17:04:11.958 [TLM] 35786,27052,-2561,1567,7822,7822,7822,1255,1912,-2,130,1369,1630,2523,-1260,116,5798,25
17:04:11.959 [TLM] 35796,27068,-2561,1583,7828,7828,7828,1454,1587,-4,399,1100,1899,-3954,6542,116,5798,25
17:04:11.992 [TLM] 35806,27081,-2560,1597,7833,7833,7833,1571,1156,0,-17,1517,1482,1227,5942,116,5798,25
17:04:12.029 [TLM] 35816,27097,-2560,1612,7834,7834,7834,1543,1630,0,-15,1515,1484,1050,708,116,5798,25
17:04:12.031 [TLM] 35826,27111,-2560,1626,7842,7842,7842,1475,1514,0,-1,1501,1498,1828,1789,116,5798,25
17:04:12.062 [TLM] 35836,27127,-2560,1642,7846,7846,7846,1538,1397,0,106,1393,1606,-372,4604,116,5798,25
17:04:12.063 [TLM] 35846,27141,-2560,1656,7848,7848,7848,1420,1603,0,-9,1509,1490,2656,499,116,22182,25
17:04:12.100 [TLM] 35856,27157,-2560,1672,7860,7860,7860,1474,1489,1,-132,1632,1367,4186,15,116,22182,25
17:04:12.100 [TLM] 35866,27171,-2560,1687,7860,7860,7860,1546,1262,5,-220,1720,1279,5198,952,116,5926,25
17:04:12.132 [TLM] 35876,27187,-2560,1702,7842,7842,7842,1678,1316,6,-287,1787,1212,4505,-434,116,5926,25
17:04:12.167 [TLM] 35886,27202,-2559,1717,7818,7818,7818,1784,1300,6,-325,1825,1174,3688,-708,116,5926,25
17:04:12.167 [TLM] 35896,27215,-2559,1730,7790,7790,7790,1760,1153,6,-44,1544,1455,-298,5136,116,5926,25
17:04:12.202 [TLM] 35906,27230,-2557,1745,7748,7748,7748,1750,1033,9,-291,1791,1208,4225,3158,116,5926,25
17:04:12.202 [TLM] 35916,27244,-2556,1759,7711,7711,7711,1902,862,16,-778,2278,721,10364,-2584,116,5926,25
17:04:12.236 [TLM] 35926,27257,-2553,1772,7656,7656,7656,2083,876,14,-207,1707,1292,-451,7293,116,5926,25
17:04:12.272 [TLM] 35936,27271,-2550,1786,7607,7607,7607,2035,460,19,-937,2437,562,11628,1385,116,5926,25
17:04:12.273 [TLM] 35946,27289,-2545,1803,7547,7547,7547,2405,1042,23,-1643,3143,-143,12000,-12000,116,5926,25
17:04:12.274 [TLM] 35956,27303,-2541,1816,7472,7472,7472,2348,423,29,-1023,2523,476,10055,146,116,5926,25
17:04:12.306 [TLM] 35966,27320,-2534,1831,7370,7370,7370,2849,343,30,-1036,2536,463,3427,825,116,5926,25
17:04:12.341 [TLM] 35976,27335,-2525,1844,7257,7257,7257,2618,508,28,-880,2380,619,2597,1587,116,5926,25
17:04:12.342 [TLM] 35986,27351,-2516,1857,7158,7158,7158,1959,1511,18,-445,1945,1054,2971,-3972,116,5926,25
17:04:12.376 [TLM] 35996,27365,-2506,1867,7048,7048,7048,2137,664,21,-1504,3004,-4,12000,-9152,116,5926,25
17:04:12.378 [TLM] 36006,27381,-2494,1877,6939,6939,6939,2340,530,28,-1529,3029,-29,12000,-12000,116,5926,25
17:04:12.414 [TLM] 36016,27394,-2483,1884,6814,6814,6814,2464,625,24,-287,1787,1212,-3433,7699,116,5926,25
17:04:12.447 [TLM] 36026,27412,-2467,1892,6659,6659,6659,2175,831,22,-769,2269,730,6050,-1973,116,5926,25
17:04:12.447 [TLM] 36036,27425,-2455,1896,6515,6515,6515,1823,1043,15,-866,2366,633,9098,-1724,116,5926,25
17:04:12.484 [TLM] 36046,27440,-2440,1898,6394,6394,6394,1937,1023,13,-409,1909,1090,2246,2807,116,5926,25
17:04:12.517 [TLM] 36056,27454,-2426,1899,6295,6295,6295,1857,1094,12,-409,1909,1090,3534,2348,116,5926,25
17:04:12.518 [TLM] 36066,27469,-2410,1898,6196,6196,6196,1608,1321,7,-111,1611,1388,2082,4788,116,5926,25
17:04:12.554 [TLM] 36076,27484,-2396,1896,6127,6127,6127,1625,1341,6,-219,1719,1280,3706,2110,116,5926,25
17:04:12.555 [TLM] 36086,27499,-2381,1893,6048,6048,6048,1648,1203,5,-122,1622,1377,2101,5992,116,5926,25
17:04:12.556 [TLM] 36096,27515,-2366,1889,5994,5994,5994,1531,1652,3,-142,1642,1357,4393,-379,116,5926,25
17:04:12.586 [TLM] 36106,27530,-2351,1884,5949,5949,5949,1818,1217,4,-199,1699,1300,808,3460,116,5926,25
17:04:12.621 [TLM] 36116,27542,-2340,1880,5918,5918,5918,1466,1176,6,-275,1775,1224,7322,3759,116,5926,25
17:04:12.623 [TLM] 36126,27558,-2326,1874,5891,5891,5891,1692,1313,5,-505,2005,994,7670,-912,116,5926,25
17:04:12.656 [TLM] 36136,27572,-2312,1869,5857,5857,5857,1692,988,10,-445,1945,1054,8377,3335,116,5926,25
17:04:12.658 [TLM] 36146,27587,-2299,1862,5818,5818,5818,1866,1135,11,-415,1915,1084,6131,2310,116,5926,25
17:04:12.692 [TLM] 36156,27602,-2285,1855,5779,5779,5779,1977,1038,12,-459,1959,1040,5474,2415,116,5926,25
17:04:12.729 [TLM] 36166,27619,-2271,1847,5737,5737,5737,2149,1082,13,-427,1927,1072,2120,2055,116,5926,25
17:04:12.762 [TLM] 36176,27634,-2259,1839,5687,5687,5687,1832,1088,9,543,956,2043,-8547,12000,116,5926,25
17:04:12.764 [TLM] 36186,27648,-2247,1830,5648,5648,5648,1902,905,14,-345,1845,1154,5886,2090,116,5926,25
17:04:12.765 [TLM] 36196,27663,-2235,1821,5603,5603,5603,2236,1042,15,-322,1822,1177,-202,3724,116,5926,25
17:04:12.799 [TLM] 36206,27679,-2223,1811,5532,5532,5532,2143,839,16,-325,1825,1174,186,7415,116,5926,25
17:04:12.801 [TLM] 36216,27695,-2212,1799,5462,5462,5462,2017,1313,19,-961,2461,538,11118,-9757,116,5926,25
17:04:12.833 [TLM] 36226,27710,-2202,1787,5349,5349,5349,2401,655,17,-251,1751,1248,-4105,8801,116,5926,25
17:04:12.868 [TLM] 36236,27726,-2194,1774,5245,5245,5245,2056,993,17,-526,2026,973,3964,338,116,5926,25
17:04:12.868 [TLM] 36246,27741,-2187,1761,5148,5148,5148,1742,1511,10,-172,1672,1327,811,1854,116,5926,25
17:04:12.902 [TLM] 36256,27754,-2182,1749,5076,5076,5076,1992,798,14,-622,2122,877,5865,1421,116,5926,25
17:04:12.903 [TLM] 36266,27770,-2177,1734,4983,4983,4983,1807,1354,11,-78,1578,1421,-115,3119,116,5926,25
17:04:12.937 [TLM] 36276,27785,-2174,1719,4898,4898,4898,2006,838,12,-435,1935,1064,2733,4271,116,22310,25
17:04:12.938 [TLM] 36286,27801,-2171,1703,4823,4823,4823,1974,1186,7,158,1341,1658,-6970,9445,116,22310,25
17:04:12.972 [TLM] 36296,27814,-2170,1690,4777,4777,4777,1549,1301,7,-298,1798,1201,4620,1700,116,6054,25
17:04:13.006 [TLM] 36306,27830,-2170,1675,4730,4730,4730,1779,1141,8,-282,1782,1217,2590,3861,116,6054,25
17:04:13.008 [TLM] 36316,27843,-2170,1661,4694,4694,4694,1737,1257,8,-257,1757,1242,3018,2784,116,6054,25
17:04:13.041 [TLM] 36326,27859,-2170,1645,4657,4657,4657,1708,1264,7,-242,1742,1257,3591,2723,116,6054,25
17:04:13.042 [TLM] 36336,27874,-2171,1631,4631,4631,4631,1803,1325,6,-196,1696,1303,1403,2482,116,6054,25
17:04:13.076 [TLM] 36346,27890,-2173,1615,4606,4606,4606,1631,1359,6,-198,1698,1301,3824,1773,116,6054,25
17:04:13.077 [TLM] 36356,27903,-2174,1601,4587,4587,4587,1749,1271,4,237,1262,1737,-3522,8741,116,6054,25
17:04:13.112 [TLM] 36366,27919,-2177,1586,4572,4572,4572,1358,1871,1,-290,1790,1209,7880,-5260,116,6054,25
17:04:13.152 [TLM] 36376,27935,-2179,1570,4566,4566,4566,1576,1378,0,145,1354,1645,-735,6395,116,6054,25
17:04:13.154 [TLM] 36386,27949,-2181,1556,4567,4567,4567,1478,1544,0,-34,1534,1465,2755,1719,116,6054,25
17:04:13.183 [TLM] 36396,27965,-2183,1540,4576,4576,4576,1519,1599,0,16,1483,1516,1535,1577,116,6054,25
17:04:13.184 [TLM] 36406,27981,-2185,1524,4583,4583,4583,1492,1459,-5,1241,258,2741,-12000,12000,116,6054,25
17:04:13.218 [TLM] 36416,27997,-2187,1508,4602,4602,4602,1468,1640,0,0,1499,1500,2378,57,116,22438,25
17:04:13.252 [TLM] 36426,28009,-2188,1496,4609,4609,4609,1624,977,1,-122,1622,1377,2822,7369,116,38822,25
17:04:13.252 [TLM] 36436,28026,-2190,1479,4608,4608,4608,1429,1800,-1,336,1163,1836,-1346,3476,116,6055,25
17:04:13.254 [TLM] 36446,28041,-2192,1465,4609,4609,4609,1544,1495,0,171,1328,1671,-156,4839,116,6055,25
17:04:13.287 [TLM] 36456,28056,-2193,1449,4611,4611,4611,1434,1881,-4,160,1339,1660,341,-23,116,6055,25
17:04:13.322 [TLM] 36466,28072,-2195,1433,4625,4625,4625,1415,1636,-3,87,1412,1587,1586,1835,116,6055,25
17:04:13.323 [TLM] 36476,28086,-2196,1420,4636,4636,4636,1521,1390,-2,476,1023,1976,-5188,10210,116,6055,25
17:04:13.357 [TLM] 36486,28102,-2197,1404,4652,4652,4652,1251,1590,-1,-27,1527,1472,5587,464,116,6055,25
17:04:13.358 [TLM] 36496,28118,-2198,1388,4668,4668,4668,1584,1548,-1,12,1487,1512,636,1681,116,6055,25
17:04:13.393 [TLM] 36506,28131,-2198,1375,4679,4679,4679,1525,1453,0,-8,1508,1491,1817,2348,116,6055,25
17:04:13.427 [TLM] 36516,28148,-2199,1358,4689,4689,4689,1569,1551,1,16,1483,1516,1083,1154,116,6055,25
17:04:13.428 [TLM] 36526,28161,-2199,1345,4700,4700,4700,1346,1582,0,130,1369,1630,2302,2325,116,6055,25
17:04:13.463 [TLM] 36536,28176,-2199,1330,4713,4713,4713,1521,1223,2,-119,1619,1380,4336,3419,116,6055,25
17:04:13.497 [TLM] 36546,28191,-2199,1315,4720,4720,4720,1741,1453,0,-30,1530,1469,-233,2027,116,6055,25
17:04:13.498 [TLM] 36556,28205,-2199,1300,4727,4727,4727,1480,1433,5,-592,2092,907,11321,-6193,116,6055,25
17:04:13.500 [TLM] 36566,28222,-2199,1284,4716,4716,4716,1643,1487,0,-11,1511,1488,422,2437,116,55207,25
17:04:13.535 [TLM] 36576,28238,-2199,1268,4703,4703,4703,1550,1535,0,-110,1610,1389,2293,-336,116,55207,25
17:04:13.567 [TLM] 36586,28253,-2199,1253,4684,4684,4684,1490,1590,0,242,1257,1742,-2015,4165,116,6056,25
17:04:13.568 [TLM] 36596,28266,-2199,1239,4676,4676,4676,1508,1465,0,-223,1723,1276,4313,-892,116,6056,25
17:04:13.605 [TLM] 36606,28283,-2200,1223,4670,4670,4670,1384,1597,0,5,1494,1505,2981,630,116,6056,25
17:04:13.605 [TLM] 36616,28296,-2201,1210,4671,4671,4671,1472,1446,0,3,1496,1503,2166,2421,116,6056,25
17:04:13.636 [TLM] 36626,28312,-2201,1194,4670,4670,4670,1447,1495,-1,239,1260,1739,-939,5321,116,6056,25
17:04:13.637 [TLM] 36636,28328,-2202,1178,4670,4670,4670,1580,1456,0,26,1473,1526,378,2590,116,6056,25
17:04:13.671 [TLM] 36646,28343,-2203,1163,4666,4666,4666,1455,1594,-1,85,1414,1585,961,1904,116,6056,25
17:04:13.707 [TLM] 36656,28358,-2203,1148,4666,4666,4666,1534,1454,-1,83,1416,1583,-58,3556,116,6056,25
17:04:13.742 [TLM] 36666,28372,-2204,1134,4663,4663,4663,1532,1353,-1,120,1379,1620,-868,5899,116,6056,25
17:04:13.743 [TLM] 36676,28386,-2205,1120,4663,4663,4663,1394,1592,-2,247,1252,1747,-773,4739,116,6056,25
17:04:13.743 [TLM] 36686,28401,-2205,1105,4670,4670,4670,1484,1482,0,-99,1599,1400,3177,873,116,6056,25
17:04:13.778 [TLM] 36696,28418,-2206,1088,4670,4670,4670,1516,1490,-1,-40,1540,1459,1328,2398,116,6056,25
17:04:13.778 [TLM] 36706,28432,-2206,1074,4677,4677,4677,1482,1506,0,-110,1610,1389,3200,219,116,6056,25
17:04:13.850 [TLM] 36716,28448,-2207,1058,4677,4677,4677,1530,1539,1,-165,1665,1334,3580,-926,116,6056,25
17:04:13.851 [TLM] 36726,28463,-2208,1043,4678,4678,4678,1479,1657,0,38,1461,1538,1172,832,116,6056,25
17:04:13.851 [TLM] 36736,28477,-2208,1029,4682,4682,4682,1516,1476,0,0,1500,1499,1314,2260,116,6056,25
17:04:13.882 [TLM] 36746,28492,-2208,1014,4682,4682,4682,1504,1494,0,-99,1599,1400,3058,555,116,6056,25
17:04:13.882 [TLM] 36756,28507,-2209,999,4684,4684,4684,1470,1599,0,-22,1522,1477,2413,65,116,6056,25
17:04:13.918 [TLM] 36766,28524,-2209,982,4683,4683,4683,1529,1496,0,51,1448,1551,562,2316,116,6056,25
17:04:13.918 [TLM] 36776,28537,-2210,969,4681,4681,4681,1419,1469,0,2,1497,1502,2549,2062,116,6056,25
17:04:13.951 [TLM] 36786,28552,-2210,954,4682,4682,4682,1500,1598,0,1,1498,1501,1565,514,116,6056,25
17:04:13.987 [TLM] 36796,28568,-2211,938,4683,4683,4683,1486,1514,0,1,1498,1501,1949,1577,116,6056,25
17:04:13.988 [TLM] 36806,28582,-2211,924,4685,4685,4685,1465,1659,0,287,1212,1787,-1667,3318,116,6056,25
17:04:14.022 [TLM] 36816,28598,-2211,908,4688,4688,4688,1465,1480,0,114,1385,1614,872,3137,116,6056,25
17:04:14.059 [TLM] 36826,28612,-2212,895,4685,4685,4685,1448,1397,0,-1968,3468,-468,12000,-12000,116,6056,25
17:04:14.059 [TLM] 36836,28628,-2212,878,4681,4681,4681,1494,1516,0,-9,1509,1490,2026,1918,116,55208,25
17:04:14.059 [TLM] 36846,28643,-2213,863,4677,4677,4677,1571,1531,0,0,1500,1499,742,1721,116,38824,25
17:04:14.092 [TLM] 36856,28658,-2213,848,4674,4674,4674,1496,1493,0,0,1500,1499,1738,2195,116,6057,25
17:04:14.128 [TLM] 36866,28673,-2214,834,4674,4674,4674,1606,1365,0,-231,1731,1268,3671,934,116,6057,25
17:04:14.128 [TLM] 36876,28687,-2214,819,4677,4677,4677,1534,1562,1,-124,1624,1375,3356,-529,116,6057,25
17:04:14.162 [TLM] 36886,28703,-2215,803,4676,4676,4676,1504,1563,0,-142,1642,1357,3889,-709,116,6057,25
17:04:14.162 [TLM] 36896,28716,-2215,790,4674,4674,4674,1592,1314,1,232,1267,1732,-2377,7314,116,6057,25
17:04:14.198 [TLM] 36906,28733,-2216,773,4669,4669,4669,1444,1577,0,0,1500,1499,2785,566,116,6057,25
17:04:14.232 [TLM] 36916,28748,-2217,758,4667,4667,4667,1558,1485,0,0,1499,1500,1338,1901,116,6057,25
17:04:14.233 [TLM] 36926,28763,-2217,743,4664,4664,4664,1506,1483,0,81,1418,1581,737,3225,116,6057,25
17:04:14.236 [TLM] 36936,28778,-2218,728,4664,4664,4664,1518,1463,0,95,1404,1595,588,3278,116,6057,25
17:04:14.268 [TLM] 36946,28793,-2219,713,4662,4662,4662,1530,1483,0,0,1499,1500,1513,1817,120,6057,25
17:04:14.302 [TLM] 36956,28806,-2220,700,4663,4663,4663,1475,1492,0,-1,1501,1498,2213,1796,120,6057,25
17:04:14.303 [TLM] 36966,28822,-2220,685,4664,4664,4664,1441,1454,0,-1,1501,1498,2679,2216,120,6057,25
17:04:14.338 [TLM] 36976,28837,-2221,669,4665,4665,4665,1484,1526,0,-75,1575,1424,3238,283,120,6057,25
17:04:14.340 [TLM] 36986,28853,-2222,653,4667,4667,4667,1549,1516,0,26,1473,1526,920,2047,120,22441,25
17:04:14.371 [TLM] 36996,28869,-2222,638,4673,4673,4673,1447,1664,0,103,1396,1603,1004,1000,120,6185,25
17:04:14.409 [TLM] 37006,28883,-2223,623,4678,4678,4678,1523,1467,-1,475,1024,1975,-5025,8672,120,6185,25
17:04:14.410 [TLM] 37016,28898,-2223,609,4686,4686,4686,1295,1990,-5,444,1055,1944,-2291,1818,120,6185,25
17:04:14.443 [TLM] 37026,28912,-2224,594,4698,4698,4698,1414,1374,-4,225,1274,1725,-608,5725,120,6185,25
17:04:14.481 [TLM] 37036,28928,-2224,578,4704,4704,4704,1401,1789,-8,318,1181,1818,-2477,2594,120,6185,25
17:04:14.485 [TLM] 37046,28945,-2224,561,4729,4729,4729,1136,1947,-13,580,919,2080,-4237,5330,120,6185,25
17:04:14.486 [TLM] 37056,28958,-2223,548,4773,4773,4773,989,1852,-13,579,920,2079,-2578,6574,120,6185,25
17:04:14.512 [TLM] 37066,28975,-2222,532,4844,4844,4844,838,2156,-14,466,1033,1966,1582,554,120,6185,25
17:04:14.546 [TLM] 37076,28989,-2219,517,4916,4916,4916,877,2064,-18,980,519,2480,-6378,9627,120,6185,25
17:04:14.547 [TLM] 37086,29003,-2216,504,4996,4996,4996,840,2227,-17,280,1219,1780,4296,-2634,120,6185,25
17:04:14.583 [TLM] 37096,29020,-2210,489,5087,5087,5087,808,2209,-16,319,1180,1819,4586,-1865,120,6185,25
17:04:14.583 [TLM] 37106,29034,-2204,476,5169,5169,5169,554,2469,-21,673,826,2173,2859,-604,120,6185,25
17:04:14.619 [TLM] 37116,29048,-2197,463,5283,5283,5283,710,2040,-19,646,853,2146,2201,4545,120,6185,25
17:04:14.620 [TLM] 37126,29062,-2189,452,5384,5384,5384,1013,1689,-14,617,882,2117,-111,7879,120,6185,25
17:04:14.652 [TLM] 37136,29076,-2180,441,5477,5477,5477,856,1985,-14,620,879,2120,1563,5898,120,6185,25
17:04:14.687 [TLM] 37146,29093,-2167,430,5571,5571,5571,726,2579,-18,626,873,2126,2369,-1499,120,6185,25
17:04:14.723 [TLM] 37156,29105,-2158,422,5660,5660,5660,688,2139,-18,647,852,2147,3444,3808,120,6185,25
17:04:14.723 [TLM] 37166,29121,-2145,414,5759,5759,5759,925,1730,-14,603,896,2103,2240,7828,120,6185,25
17:04:14.725 [TLM] 37176,29135,-2132,407,5833,5833,5833,1127,1929,-16,845,654,2345,-3821,9022,120,6185,25
17:04:14.757 [TLM] 37186,29153,-2116,400,5927,5927,5927,598,2487,-20,719,780,2219,3424,303,120,6185,25
17:04:14.757 [TLM] 37196,29165,-2104,397,6011,6011,6011,862,2092,-19,660,839,2160,1444,4558,120,6185,25
17:04:14.795 [TLM] 37206,29182,-2088,393,6107,6107,6107,802,2076,-18,624,875,2124,2814,4084,120,6185,25
17:04:14.829 [TLM] 37216,29196,-2074,391,6183,6183,6183,867,2217,-18,623,876,2123,1969,2316,120,6185,25
17:04:14.830 [TLM] 37226,29212,-2058,390,6275,6275,6275,793,2111,-18,643,856,2143,2721,3669,120,6185,25
17:04:14.862 [TLM] 37236,29222,-2047,391,6345,6345,6345,1028,1272,-14,691,808,2191,129,12000,120,6185,25
17:04:14.865 [TLM] 37246,29241,-2029,393,6412,6412,6412,1118,2285,-14,322,1177,1822,3928,-2263,120,6185,25
17:04:14.900 [TLM] 37256,29255,-2015,395,6479,6479,6479,738,2096,-14,0,1499,1500,12000,-4437,120,6185,25
17:04:14.900 [TLM] 37266,29273,-1998,399,6558,6558,6558,933,2406,-15,355,1144,1855,5560,-3632,120,6185,25
17:04:14.933 [TLM] 37276,29285,-1986,403,6622,6622,6622,905,2059,-17,930,569,2430,-2052,8368,120,6185,25
17:04:14.968 [TLM] 37286,29302,-1970,409,6702,6702,6702,689,2274,-21,688,811,2188,3475,2505,120,6185,25
17:04:14.968 [TLM] 37296,29317,-1957,416,6787,6787,6787,847,2072,-19,624,875,2124,2498,3958,120,6185,25
17:04:15.002 [TLM] 37306,29330,-1945,423,6863,6863,6863,822,2137,-19,650,849,2150,2481,3573,120,6185,25
17:04:15.002 [TLM] 37316,29346,-1933,432,6952,6952,6952,871,2190,-18,612,887,2112,2512,2323,120,6185,25
17:04:15.037 [TLM] 37326,29360,-1922,442,7036,7036,7036,919,2027,-17,638,861,2138,1491,4693,120,6185,25
17:04:15.037 [TLM] 37336,29378,-1910,454,7126,7126,7126,884,2205,-17,383,1116,1883,5346,-1158,120,6185,25
17:04:15.071 [TLM] 37346,29390,-1902,464,7195,7195,7195,1048,1821,-13,546,953,2046,1510,5642,120,6185,25
17:04:15.107 [TLM] 37356,29407,-1893,478,7277,7277,7277,1066,1962,-15,829,670,2329,-2851,8209,120,6185,25
17:04:15.108 [TLM] 37366,29422,-1885,491,7355,7355,7355,827,2238,-18,618,881,2118,2581,1924,120,6185,25
17:04:15.142 [TLM] 37376,29435,-1879,503,7428,7428,7428,1002,1886,-13,21,1478,1521,9742,-2919,120,22569,25
17:04:15.142 [TLM] 37386,29450,-1873,516,7495,7495,7495,1029,1994,-15,544,955,2044,1981,3750,120,22569,25
17:04:15.178 [TLM] 37396,29468,-1868,534,7572,7572,7572,905,2409,-18,577,922,2077,1905,-934,120,6313,25
17:04:15.213 [TLM] 37406,29480,-1865,545,7637,7637,7637,1005,1691,-13,368,1131,1868,4414,4614,120,6313,25
17:04:15.214 [TLM] 37416,29496,-1862,561,7697,7697,7697,1214,2000,-12,437,1062,1937,537,2209,120,6313,25
17:04:15.215 [TLM] 37426,29512,-1860,577,7758,7758,7758,1092,1667,-9,907,592,2407,-3927,11736,120,6313,25
17:04:15.248 [TLM] 37436,29525,-1859,589,7796,7796,7796,1157,1640,-9,690,809,2190,-1140,9237,120,6313,25
17:04:15.283 [TLM] 37446,29541,-1859,605,7840,7840,7840,1031,2187,-11,347,1152,1847,4552,-1653,120,6313,25
17:04:15.284 [TLM] 37456,29554,-1859,618,7884,7884,7884,1411,1165,-6,217,1282,1717,2645,8667,120,6313,25
17:04:15.317 [TLM] 37466,29569,-1860,634,7915,7915,7915,1507,1641,-6,460,1039,1960,-2220,7128,120,6313,25
17:04:15.318 [TLM] 37476,29586,-1861,651,7947,7947,7947,1279,1706,-5,27,1472,1527,6601,-385,120,6313,25
17:04:15.352 [TLM] 37486,29598,-1862,663,7962,7962,7962,1685,1153,0,343,1156,1843,-2119,10728,120,6313,25
17:04:15.388 [TLM] 37496,29616,-1864,681,7966,7966,7966,1591,1445,0,-12,1512,1487,3295,2123,120,6313,25
17:04:15.388 [TLM] 37506,29632,-1866,696,7967,7967,7967,1588,1584,0,97,1402,1597,1461,1950,120,6313,25
17:04:15.423 [TLM] 37516,29645,-1868,709,7965,7965,7965,1465,1503,0,-1,1501,1498,4309,1527,120,6313,25
17:04:15.457 [TLM] 37526,29661,-1869,725,7962,7962,7962,1544,1470,0,-41,1541,1458,3832,1278,120,6313,25
17:04:15.492 [TLM] 37536,29676,-1871,740,7953,7953,7953,1666,1393,1,-56,1556,1443,2358,2010,120,6313,25
17:04:15.492 [TLM] 37546,29690,-1872,754,7934,7934,7934,1852,882,0,827,672,2327,-11188,12000,120,39081,25
17:04:15.494 [TLM] 37556,29708,-1873,772,7908,7908,7908,1479,1948,-9,1982,-482,3482,-12000,12000,120,55465,25
17:04:15.497 [TLM] 37566,29724,-1874,788,7886,7886,7886,1711,1346,1,116,1383,1616,-1733,4620,120,22697,25
17:04:15.527 [TLM] 37576,29737,-1874,801,7852,7852,7852,1650,1366,1,315,1184,1815,-4257,7463,120,6314,25
17:04:15.564 [TLM] 37586,29753,-1874,817,7828,7828,7828,1338,1904,-3,108,1391,1608,1925,-1864,120,6314,25
17:04:15.565 [TLM] 37596,29768,-1873,832,7814,7814,7814,1477,1332,-4,496,1003,1996,-5410,11355,120,6314,25
17:04:15.598 [TLM] 37606,29783,-1873,846,7804,7804,7804,1453,1856,-7,403,1096,1903,-4818,4274,120,6314,25
17:04:15.599 [TLM] 37616,29799,-1872,863,7807,7807,7807,1263,1590,-2,-361,1861,1138,8885,-4732,120,6314,25
17:04:15.634 [TLM] 37626,29812,-1871,876,7804,7804,7804,1366,1536,-5,385,1114,1885,-3038,6881,120,6314,25
17:04:15.667 [TLM] 37636,29828,-1870,892,7803,7803,7803,1266,1494,-4,92,1407,1592,2790,2925,120,6314,25
17:04:15.702 [TLM] 37646,29841,-1870,905,7804,7804,7804,1279,1513,-3,301,1198,1801,-83,6132,120,6314,25
17:04:15.703 [TLM] 37656,29857,-1869,920,7811,7811,7811,1572,1144,0,-148,1648,1351,3417,4069,120,6314,25
17:04:15.704 [TLM] 37666,29871,-1868,934,7813,7813,7813,1425,1656,0,-45,1545,1454,3221,88,120,6314,25
17:04:15.737 [TLM] 37676,29885,-1868,949,7827,7827,7827,1477,1437,0,-2,1502,1497,2351,3221,120,6314,25
17:04:15.772 [TLM] 37686,29902,-1868,965,7837,7837,7837,1432,1475,0,-54,1554,1445,3944,1671,120,6314,25
17:04:15.773 [TLM] 37696,29916,-1867,980,7840,7840,7840,1498,1446,0,170,1329,1670,371,5218,120,6314,25
17:04:15.774 [TLM] 37706,29932,-1867,996,7835,7835,7835,1492,1538,0,-12,1512,1487,2655,1642,120,6314,25
17:04:15.806 [TLM] 37716,29946,-1867,1009,7834,7834,7834,1504,1487,1,-393,1893,1106,7949,-3429,120,6314,25
17:04:15.842 [TLM] 37726,29960,-1867,1024,7822,7822,7822,1686,1341,1,-58,1558,1441,763,3447,120,6314,25
17:04:15.843 [TLM] 37736,29978,-1866,1041,7810,7810,7810,1591,1819,0,-30,1530,1469,743,-2407,120,6314,25
17:04:15.878 [TLM] 37746,29991,-1865,1055,7804,7804,7804,1524,1417,1,-292,1792,1207,5246,-1138,120,6314,25
17:04:15.878 [TLM] 37756,30008,-1864,1071,7794,7794,7794,1547,1414,0,20,1479,1520,407,3646,120,6314,25
17:04:15.913 [TLM] 37766,30023,-1863,1086,7791,7791,7791,1333,2014,-6,-475,1975,1024,9100,-10232,120,6314,25
17:04:15.946 [TLM] 37776,30038,-1863,1101,7800,7800,7800,1390,1450,0,-258,1758,1241,6487,-1134,120,6314,25
17:04:15.949 [TLM] 37786,30052,-1862,1115,7802,7802,7802,1335,1689,-2,256,1243,1756,-562,3660,120,6314,25
17:04:15.982 [TLM] 37796,30067,-1861,1130,7810,7810,7810,1527,1327,0,5,1494,1505,1148,3828,120,6314,25
17:04:15.983 [TLM] 37806,30082,-1860,1145,7809,7809,7809,1436,1550,0,0,1500,1499,2622,989,120,6314,25
17:04:16.017 [TLM] 37816,30096,-1860,1160,7808,7808,7808,1479,1506,0,145,1354,1645,365,3638,120,6314,25
17:04:16.018 [TLM] 37826,30110,-1859,1174,7810,7810,7810,1270,1400,0,0,1499,1500,5429,2854,120,55466,25
17:04:16.054 [TLM] 37836,30126,-1859,1189,7814,7814,7814,1584,1304,-1,2119,-619,3619,-12000,12000,120,55466,25
17:04:16.087 [TLM] 37846,30142,-1858,1205,7822,7822,7822,1654,1371,0,108,1391,1608,-141,4865,120,6315,25
17:04:16.088 [TLM] 37856,30156,-1858,1220,7827,7827,7827,1599,1586,0,-104,1604,1395,2603,-422,120,6315,25
17:04:16.122 [TLM] 37866,30171,-1857,1234,7835,7835,7835,1473,1564,0,286,1213,1786,-1043,4938,120,6315,25
17:04:16.124 [TLM] 37876,30186,-1857,1249,7845,7845,7845,1482,1481,0,-20,1520,1479,3550,1575,120,6315,25
17:04:16.157 [TLM] 37886,30201,-1857,1264,7845,7845,7845,1592,1447,0,-11,1511,1488,1832,2116,120,6315,25
17:04:16.192 [TLM] 37896,30216,-1857,1279,7843,7843,7843,1464,1479,0,-2,1502,1497,3247,1991,120,6315,25
17:04:16.193 [TLM] 37906,30231,-1857,1295,7841,7841,7841,1652,1455,1,-229,1729,1270,3970,-916,120,6315,25
17:04:16.193 [TLM] 37916,30248,-1856,1311,7843,7843,7843,1489,1438,0,-157,1657,1342,4316,462,120,6315,25
17:04:16.226 [TLM] 37926,30261,-1856,1324,7845,7845,7845,1722,1197,4,-624,2124,875,8578,-3427,120,6315,25
17:04:16.262 [TLM] 37936,30276,-1856,1340,7841,7841,7841,1427,1631,0,39,1460,1539,1794,1456,120,6315,25
17:04:16.262 [TLM] 37946,30290,-1856,1353,7847,7847,7847,1720,908,6,-30,1530,1469,721,8543,120,6315,25
17:04:16.300 [TLM] 37956,30306,-1856,1370,7836,7836,7836,1532,1810,3,-503,2003,996,8712,-8527,120,6315,25
17:04:16.301 [TLM] 37966,30322,-1855,1385,7831,7831,7831,1621,1203,2,242,1257,1742,-2631,9049,120,6315,25
17:04:16.331 [TLM] 37976,30337,-1855,1400,7820,7820,7820,1455,1768,0,-953,2453,546,12000,-12000,120,6315,25
17:04:16.368 [TLM] 37986,30353,-1854,1416,7810,7810,7810,1493,1518,0,-11,1511,1488,1816,1916,120,55467,25
17:04:16.369 [TLM] 37996,30365,-1854,1429,7803,7803,7803,1522,1380,0,-1,1501,1498,1522,3929,120,39083,25
17:04:16.403 [TLM] 38006,30381,-1853,1444,7798,7798,7798,1506,1553,0,-2,1502,1497,1700,1690,120,6316,25
17:04:16.438 [TLM] 38016,30396,-1852,1459,7797,7797,7797,1523,1509,0,-1,1501,1498,1552,2187,120,6316,25
17:04:16.440 [TLM] 38026,30411,-1851,1474,7797,7797,7797,1493,1555,0,-223,1723,1276,5010,-1591,120,6316,25
17:04:16.440 [TLM] 38036,30426,-1850,1489,7797,7797,7797,1526,1555,0,-1,1501,1498,1471,1488,120,6316,25
17:04:16.472 [TLM] 38046,30441,-1849,1505,7796,7796,7796,1581,1492,0,6,1493,1506,538,2141,120,6316,25
17:04:16.507 [TLM] 38056,30458,-1849,1521,7796,7796,7796,1521,1545,0,6,1493,1506,1277,1428,120,6316,25
17:04:16.508 [TLM] 38066,30471,-1848,1534,7796,7796,7796,1447,1512,0,-4,1504,1495,2408,1561,120,6316,25
17:04:16.541 [TLM] 38076,30486,-1847,1549,7796,7796,7796,1428,1561,0,-208,1708,1291,5625,-1853,120,6316,25
17:04:16.542 [TLM] 38086,30502,-1846,1565,7799,7799,7799,1521,1538,-1,261,1238,1761,-2243,4749,120,6316,25
17:04:16.577 [TLM] 38096,30516,-1845,1579,7799,7799,7799,1528,1361,1,-20,1520,1479,1985,2653,120,6316,25
17:04:16.578 [TLM] 38106,30531,-1844,1595,7793,7793,7793,1518,1565,0,-56,1556,1443,2343,7,120,6316,25
17:04:16.611 [TLM] 38116,30546,-1843,1609,7790,7790,7790,1511,1517,-1,-230,1730,1269,4640,-1630,120,6316,25
17:04:16.649 [TLM] 38126,30563,-1842,1626,7792,7792,7792,1411,1750,-3,328,1171,1828,-2371,3505,120,22700,25
17:04:16.682 [TLM] 38136,30577,-1842,1640,7804,7804,7804,1414,1373,0,-95,1595,1404,4223,1569,120,6444,25
17:04:16.683 [TLM] 38146,30593,-1841,1656,7808,7808,7808,1409,1745,0,-168,1668,1331,5201,-3734,120,6444,25
17:04:16.685 [TLM] 38156,30605,-1840,1668,7811,7811,7811,1530,1364,2,-244,1744,1255,5358,-204,120,6444,25
17:04:16.717 [TLM] 38166,30619,-1840,1682,7800,7800,7800,1702,921,6,-217,1717,1282,3888,5294,120,6444,25
17:04:16.717 [TLM] 38176,30635,-1839,1698,7776,7776,7776,1792,1296,8,-315,1815,1184,4193,-444,120,6444,25
17:04:16.751 [TLM] 38186,30648,-1837,1711,7738,7738,7738,1997,922,12,-544,2044,955,5935,486,120,6444,25
17:04:16.786 [TLM] 38196,30668,-1834,1731,7684,7684,7684,1866,1451,9,-368,1868,1131,3184,-3299,120,6444,25
17:04:16.787 [TLM] 38206,30679,-1832,1742,7641,7641,7641,1993,663,19,-999,2499,500,12000,-3684,120,6444,25
17:04:16.824 [TLM] 38216,30693,-1829,1755,7559,7559,7559,2162,788,18,-625,2125,874,4952,1259,120,6444,25
17:04:16.825 [TLM] 38226,30709,-1823,1770,7473,7473,7473,2148,651,19,-677,2177,822,5695,2091,120,6444,25
17:04:16.857 [TLM] 38236,30724,-1817,1784,7381,7381,7381,2205,892,19,-650,2150,849,4398,-219,120,6444,25
17:04:16.857 [TLM] 38246,30740,-1809,1797,7291,7291,7291,1972,1188,13,-595,2095,904,5467,-2331,120,6444,25
17:04:16.892 [TLM] 38256,30753,-1802,1808,7210,7210,7210,2212,418,20,-745,2245,754,5705,4515,120,6444,25
17:04:16.928 [TLM] 38266,30769,-1791,1821,7106,7106,7106,2098,816,20,-691,2191,808,6037,997,120,6444,25
17:04:16.928 [TLM] 38276,30783,-1781,1830,7026,7026,7026,2291,828,16,-126,1626,1373,-4610,9058,120,6444,25
17:04:16.962 [TLM] 38286,30798,-1770,1840,6948,6948,6948,1863,1084,18,-827,2327,672,10730,-4324,120,6444,25
17:04:16.962 [TLM] 38296,30811,-1759,1847,6870,6870,6870,2363,319,25,-868,2368,631,6661,4800,120,6444,25
17:04:16.997 [TLM] 38306,30829,-1744,1856,6774,6774,6774,2386,818,24,-839,2339,660,4867,-1029,120,6444,25
17:04:16.998 [TLM] 38316,30842,-1732,1862,6674,6674,6674,2206,621,20,-390,1890,1109,814,8138,120,6444,25
17:04:17.033 [TLM] 38326,30860,-1715,1868,6579,6579,6579,1792,1548,6,-323,1823,1176,2258,-637,120,6444,25
17:04:17.068 [TLM] 38336,30876,-1700,1872,6499,6499,6499,1742,1181,18,-2373,3873,-873,12000,-12000,120,22828,25
17:04:17.069 [TLM] 38346,30885,-1690,1873,6429,6429,6429,1941,628,19,-650,2150,849,8492,4850,120,22828,25
17:04:17.101 [TLM] 38356,30903,-1673,1875,6348,6348,6348,2227,1020,16,-287,1787,1212,-514,4644,120,6572,25
17:04:17.102 [TLM] 38366,30919,-1657,1875,6273,6273,6273,1779,1337,10,-224,1724,1275,2595,2412,120,6572,25
17:04:17.137 [TLM] 38376,30932,-1643,1875,6223,6223,6223,1670,1237,9,-454,1954,1045,7828,255,120,6572,25
17:04:17.172 [TLM] 38386,30948,-1628,1874,6167,6167,6167,1810,867,8,0,1500,1499,61,11174,120,6572,25
17:04:17.172 [TLM] 38396,30962,-1614,1872,6127,6127,6127,1574,1436,6,-218,1718,1281,5968,1405,120,6572,25
17:04:17.173 [TLM] 38406,30980,-1596,1868,6090,6090,6090,1793,1563,4,-56,1556,1443,416,1877,120,6572,25
17:04:17.208 [TLM] 38416,30994,-1583,1866,6068,6068,6068,1562,1420,1,6,1493,1506,1626,4290,120,6572,25
17:04:17.243 [TLM] 38426,31011,-1566,1862,6056,6056,6056,1490,1605,0,0,1500,1499,2585,1899,120,6572,25
17:04:17.245 [TLM] 38436,31024,-1554,1859,6050,6050,6050,1570,1354,0,-7,1507,1492,1923,4772,120,6572,25
17:04:17.278 [TLM] 38446,31043,-1535,1854,6043,6043,6043,1340,2202,-3,-68,1568,1431,5268,-7084,120,6572,25
17:04:17.278 [TLM] 38456,31056,-1523,1851,6041,6041,6041,1360,1606,-5,188,1311,1688,870,3517,120,6572,25
17:04:17.312 [TLM] 38466,31073,-1506,1847,6048,6048,6048,1359,1733,-6,392,1107,1892,-2294,4941,120,6572,25
17:04:17.348 [TLM] 38476,31087,-1492,1844,6064,6064,6064,1428,1554,-6,459,1040,1959,-4268,8291,120,6572,25
17:04:17.351 [TLM] 38486,31103,-1476,1841,6086,6086,6086,1355,1684,-5,49,1450,1549,2299,862,120,6572,25
17:04:17.382 [TLM] 38496,31116,-1463,1838,6106,6106,6106,1302,1725,-4,218,1281,1718,780,2607,120,6572,25
17:04:17.417 [TLM] 38506,31131,-1449,1836,6132,6132,6132,1284,1474,-4,450,1049,1950,-2034,8826,120,6572,25
17:04:17.418 [TLM] 38516,31146,-1434,1834,6158,6158,6158,1244,1846,-6,219,1280,1719,1626,1265,120,6572,25
17:04:17.419 [TLM] 38526,31163,-1417,1832,6197,6197,6197,1257,1688,-4,29,1470,1529,4629,-91,120,6572,25
17:04:17.452 [TLM] 38536,31176,-1404,1831,6220,6220,6220,1339,1730,-4,138,1361,1638,2001,939,120,6572,25
17:04:17.486 [TLM] 38546,31192,-1388,1831,6244,6244,6244,1471,1351,0,-41,1541,1458,3644,2540,120,22956,25
17:04:17.487 [TLM] 38556,31206,-1374,1830,6247,6247,6247,1491,1559,-1,390,1109,1890,-2913,6304,120,6700,25
17:04:17.524 [TLM] 38566,31222,-1358,1830,6258,6258,6258,1458,1440,0,0,1500,1499,3365,1964,120,6700,25
17:04:17.525 [TLM] 38576,31236,-1344,1829,6261,6261,6261,1553,1495,0,-129,1629,1370,3994,-294,120,6700,25
17:04:17.556 [TLM] 38586,31251,-1329,1829,6254,6254,6254,1577,1251,5,-380,1880,1119,7976,-1240,120,6700,25
17:04:17.557 [TLM] 38596,31265,-1315,1828,6236,6236,6236,1891,1058,6,-214,1714,1285,1121,4283,120,6700,25
17:04:17.594 [TLM] 38606,31281,-1300,1827,6215,6215,6215,1679,1116,11,-699,2199,800,11729,-4143,120,6700,25
17:04:17.626 [TLM] 38616,31295,-1285,1826,6189,6189,6189,2083,1033,16,-930,2430,569,10539,-5125,120,6700,25
17:04:17.663 [TLM] 38626,31309,-1271,1825,6145,6145,6145,2017,676,20,-732,2232,767,9333,1206,120,6700,25
17:04:17.666 [TLM] 38636,31324,-1256,1822,6084,6084,6084,2487,808,18,-128,1628,1371,-5074,7603,120,6700,25
17:04:17.668 [TLM] 38646,31340,-1241,1818,6012,6012,6012,2121,842,20,-716,2216,783,6382,-603,120,6700,25
17:04:17.696 [TLM] 38656,31353,-1229,1814,5926,5926,5926,2444,282,25,-870,2370,629,5751,3925,120,6700,25
17:04:17.698 [TLM] 38666,31371,-1212,1807,5813,5813,5813,2522,671,25,-805,2305,694,3009,192,120,6700,25
17:04:17.731 [TLM] 38676,31384,-1201,1800,5714,5714,5714,2341,678,23,-711,2211,788,3673,1742,120,6700,25
17:04:17.767 [TLM] 38686,31402,-1186,1789,5599,5599,5599,1980,1320,16,-488,1988,1011,3633,-2714,120,6700,25
17:04:17.768 [TLM] 38696,31414,-1177,1781,5514,5514,5514,2123,690,19,-1106,2606,393,11250,-3464,120,6700,25
17:04:17.802 [TLM] 38706,31431,-1166,1769,5398,5398,5398,2207,761,19,-802,2302,697,5179,1082,120,6700,25
17:04:17.803 [TLM] 38716,31444,-1159,1759,5313,5313,5313,2044,798,19,-651,2151,848,5650,2369,120,6700,25
17:04:17.837 [TLM] 38726,31462,-1149,1743,5216,5216,5216,2055,1342,14,-721,2221,778,5116,-4658,120,6700,25
17:04:17.838 [TLM] 38736,31473,-1144,1733,5145,5145,5145,1931,660,19,-1124,2624,375,12000,-2535,120,6700,25
17:04:17.871 [TLM] 38746,31491,-1138,1717,5047,5047,5047,2092,1221,17,-783,2283,716,6362,-3700,120,6700,25
17:04:17.907 [TLM] 38756,31504,-1134,1704,4967,4967,4967,1967,720,16,-478,1978,1021,4411,5640,120,6700,25
17:04:17.907 [TLM] 38766,31522,-1130,1687,4885,4885,4885,1730,1798,10,-460,1960,1039,6167,-6809,120,6700,25
17:04:17.942 [TLM] 38776,31532,-1129,1676,4816,4816,4816,1808,696,9,37,1462,1537,-963,12000,120,6700,25
17:04:17.943 [TLM] 38786,31550,-1128,1659,4726,4726,4726,2137,1115,9,-153,1653,1346,-2772,5316,120,6700,25
17:04:17.978 [TLM] 38796,31564,-1128,1645,4642,4642,4642,1657,1179,6,-233,1733,1266,3500,4132,120,6700,25
17:04:17.979 [TLM] 38806,31581,-1130,1628,4580,4580,4580,1746,1421,6,-224,1724,1275,2447,1429,120,6700,25
17:04:18.013 [TLM] 38816,31594,-1132,1615,4536,4536,4536,1628,1215,6,-239,1739,1260,4364,3105,120,6700,25
17:04:18.048 [TLM] 38826,31609,-1135,1600,4485,4485,4485,1626,1275,6,-239,1739,1260,4838,2893,120,6700,25
17:04:18.049 [TLM] 38836,31624,-1139,1586,4446,4446,4446,1691,1471,6,-219,1719,1280,3752,319,120,6700,25
17:04:18.082 [TLM] 38846,31640,-1144,1571,4400,4400,4400,1653,1256,7,-256,1756,1243,4854,2351,120,6700,25
17:04:18.083 [TLM] 38856,31654,-1148,1557,4365,4365,4365,1783,1249,7,-276,1776,1223,3646,1920,120,6700,25
17:04:18.118 [TLM] 38866,31669,-1154,1543,4323,4323,4323,1701,1005,8,-243,1743,1256,4263,5412,120,6700,25
17:04:18.157 [TLM] 38876,31684,-1160,1529,4286,4286,4286,1943,1149,13,-657,2157,842,7950,-2987,120,6700,25
17:04:18.157 [TLM] 38886,31701,-1167,1514,4229,4229,4229,2026,1032,12,-298,1798,1201,1007,4252,120,6700,25
17:04:18.158 [TLM] 38896,31715,-1174,1502,4178,4178,4178,1901,1092,13,-335,1835,1164,3444,2888,120,6700,25
17:04:18.188 [TLM] 38906,31732,-1183,1488,4126,4126,4126,2150,962,13,-479,1979,1020,1387,2473,120,6700,25
17:04:18.221 [TLM] 38916,31745,-1191,1477,4075,4075,4075,1999,1021,17,-710,2210,789,7269,-2126,120,6700,25
17:04:18.222 [TLM] 38926,31759,-1200,1466,4004,4004,4004,2148,835,19,-682,2182,817,5670,597,120,6700,25
17:04:18.260 [TLM] 38936,31774,-1210,1455,3922,3922,3922,2133,791,19,-639,2139,860,5277,1715,120,6700,25
17:04:18.261 [TLM] 38946,31790,-1222,1444,3838,3838,3838,2381,836,19,-651,2151,848,1656,1206,119,6700,25
17:04:18.292 [TLM] 38956,31805,-1234,1435,3756,3756,3756,1889,1133,14,-508,2008,991,4752,288,119,6700,25
17:04:18.329 [TLM] 38966,31822,-1247,1426,3683,3683,3683,2079,956,17,-666,2166,833,5368,-326,119,6700,25
17:04:18.332 [TLM] 38976,31835,-1259,1420,3612,3612,3612,2242,725,19,-679,2179,820,3066,2860,119,6700,25
17:04:18.362 [TLM] 38986,31851,-1274,1413,3534,3534,3534,1817,1581,15,-791,2291,708,9842,-9751,119,6700,25
17:04:18.399 [TLM] 38996,31864,-1286,1409,3461,3461,3461,1892,759,13,-294,1794,1205,2203,7820,119,6700,25
17:04:18.400 [TLM] 39006,31881,-1302,1404,3379,3379,3379,2140,825,5,967,532,2467,-12000,12000,119,6700,25
17:04:18.401 [TLM] 39016,31895,-1316,1402,3309,3309,3309,1754,1246,16,-1389,2889,110,12000,-12000,119,6700,25
17:04:18.433 [TLM] 39026,31910,-1331,1400,3240,3240,3240,2464,419,20,-666,2166,833,1681,6977,119,6700,25
17:04:18.467 [TLM] 39036,31928,-1349,1399,3180,3180,3180,2360,847,19,-647,2147,852,754,1400,119,6700,25
17:04:18.467 [TLM] 39046,31938,-1359,1398,3128,3128,3128,1878,842,18,-781,2281,718,9437,-23,119,6700,25
17:04:18.502 [TLM] 39056,31955,-1376,1399,3071,3071,3071,1578,1676,9,-261,1761,1238,4730,-2170,119,6700,25
17:04:18.502 [TLM] 39066,31969,-1390,1401,3019,3019,3019,2028,628,13,-105,1605,1394,-1708,11459,119,6700,25
17:04:18.536 [TLM] 39076,31988,-1408,1404,2962,2962,2962,1651,1979,5,-356,1856,1143,4480,-8050,119,6700,25
17:04:18.573 [TLM] 39086,32002,-1422,1406,2916,2916,2916,1700,1091,6,-103,1603,1396,825,6013,119,6700,25
17:04:18.573 [TLM] 39096,32018,-1438,1410,2877,2877,2877,1274,2234,-1,-71,1571,1428,4758,-7520,119,6700,25
17:04:18.574 [TLM] 39106,32031,-1451,1414,2850,2850,2850,1375,1227,-4,969,530,2469,-10896,12000,119,6700,25
17:04:18.607 [TLM] 39116,32047,-1466,1419,2834,2834,2834,976,2412,-6,104,1395,1604,6487,-6803,119,6700,25
17:04:18.643 [TLM] 39126,32062,-1480,1423,2827,2827,2827,1264,1466,-6,323,1176,1823,27,7995,119,6700,25
17:04:18.643 [TLM] 39136,32076,-1493,1428,2827,2827,2827,925,2121,-13,440,1059,1940,1614,2826,119,6700,25
17:04:18.678 [TLM] 39146,32091,-1508,1432,2849,2849,2849,1093,1570,-6,-186,1686,1313,10312,-1322,119,6700,25
17:04:18.678 [TLM] 39156,32104,-1520,1436,2859,2859,2859,1172,1766,-8,343,1156,1843,1968,5008,119,6700,25
17:04:18.712 [TLM] 39166,32122,-1537,1441,2888,2888,2888,1073,2115,-12,436,1063,1936,1068,2199,119,6700,25
17:04:18.747 [TLM] 39176,32136,-1551,1444,2930,2930,2930,1059,1864,-12,343,1156,1843,2692,3980,119,6700,25
17:04:18.747 [TLM] 39186,32149,-1563,1446,2972,2972,2972,1274,1519,-6,215,1284,1715,2992,5786,119,6700,25
17:04:18.782 [TLM] 39196,32165,-1580,1448,3013,3013,3013,1359,1783,-6,221,1278,1721,1535,2537,119,6700,25
17:04:18.783 [TLM] 39206,32180,-1594,1450,3054,3054,3054,1287,1739,-3,-76,1576,1423,7051,-1581,119,6700,25
17:04:18.817 [TLM] 39216,32194,-1608,1451,3085,3085,3085,1729,1177,0,-368,1868,1131,6069,1392,119,6700,25
17:04:18.817 [TLM] 39226,32211,-1625,1452,3112,3112,3112,1403,1545,1,-117,1617,1382,6893,-183,119,6700,25
17:04:18.852 [TLM] 39236,32225,-1639,1452,3134,3134,3134,1450,1592,0,-2,1502,1497,4462,876,119,6700,25
17:04:18.886 [TLM] 39246,32241,-1655,1452,3155,3155,3155,1503,1419,2,-227,1727,1272,7186,-397,119,6700,25
17:04:18.887 [TLM] 39256,32255,-1669,1452,3156,3156,3156,1692,1397,2,14,1485,1514,1502,3020,119,6700,25
17:04:18.963 [TLM] 39266,32272,-1687,1451,3149,3149,3149,1567,1549,2,-149,1649,1350,5158,-1415,119,6700,25
17:04:18.964 [TLM] 39276,32286,-1701,1451,3142,3142,3142,1634,1449,0,429,1070,1929,-4664,8341,119,6700,25
17:04:18.965 [TLM] 39286,32302,-1716,1451,3142,3142,3142,1542,1502,1,441,1058,1941,-3785,7495,119,6700,25
17:04:18.966 [TLM] 39296,32317,-1731,1451,3148,3148,3148,1597,1388,3,-419,1919,1080,8294,-3851,119,6700,25
17:04:18.991 [TLM] 39306,32334,-1748,1451,3136,3136,3136,1567,1649,0,13,1486,1513,1696,-180,119,6700,25
17:04:19.027 [TLM] 39316,32348,-1763,1451,3131,3131,3131,1558,1399,1,11,1488,1511,1981,2628,119,6700,25
17:04:19.028 [TLM] 39326,32363,-1777,1452,3122,3122,3122,1633,1484,1,-112,1612,1387,2173,66,119,6700,25
17:04:19.062 [TLM] 39336,32379,-1794,1452,3110,3110,3110,1498,1531,0,-232,1732,1267,4781,-2024,119,6700,25
17:04:19.064 [TLM] 39346,32393,-1807,1453,3108,3108,3108,1517,1474,0,-7,1507,1492,1523,2000,119,55852,25
17:04:19.097 [TLM] 39356,32408,-1822,1453,3104,3104,3104,1533,1442,0,1059,440,2559,-12000,12000,119,55852,25
17:04:19.132 [TLM] 39366,32425,-1839,1454,3100,3100,3100,1395,1616,0,74,1425,1574,1786,895,119,6701,25
17:04:19.134 [TLM] 39376,32440,-1854,1454,3094,3094,3094,1540,1491,0,40,1459,1540,-147,2626,119,6701,25
17:04:19.135 [TLM] 39386,32454,-1869,1455,3087,3087,3087,1538,1456,0,66,1433,1566,92,3026,119,6701,25
17:04:19.169 [TLM] 39396,32468,-1882,1456,3084,3084,3084,1508,1431,1,-470,1970,1029,8059,-4157,119,6701,25
17:04:19.203 [TLM] 39406,32484,-1899,1457,3074,3074,3074,1444,1639,-2,280,1219,1780,-2394,4440,119,6701,25
17:04:19.203 [TLM] 39416,32498,-1913,1458,3080,3080,3080,1401,1540,0,-221,1721,1278,5427,-1885,119,6701,25
17:04:19.237 [TLM] 39426,32513,-1927,1459,3081,3081,3081,1599,1476,-1,0,1499,1500,-540,2715,119,6701,25
17:04:19.237 [TLM] 39436,32528,-1942,1460,3085,3085,3085,1392,1546,0,-150,1650,1349,4376,-871,119,6701,25
17:04:19.272 [TLM] 39446,32544,-1958,1461,3086,3086,3086,1349,1674,-1,0,1500,1499,2846,122,119,6701,25
17:04:19.342 [TLM] 39456,32559,-1974,1461,3098,3098,3098,1347,1606,-1,0,1499,1500,3141,289,119,6701,25
17:04:19.378 [TLM] 39466,32573,-1987,1462,3101,3101,3101,1532,1315,0,141,1358,1641,-541,6313,119,6701,25
17:04:19.378 [TLM] 39476,32587,-2001,1462,3104,3104,3104,1436,1581,0,614,885,2114,-6025,9161,119,6701,25
17:04:19.379 [TLM] 39486,32602,-2016,1463,3109,3109,3109,1447,1370,0,-253,1753,1246,6269,-252,119,6701,25
17:04:19.380 [TLM] 39496,32617,-2031,1463,3108,3108,3108,1475,1570,0,170,1329,1670,-86,3445,119,6701,25
17:04:19.382 [TLM] 39506,32631,-2046,1464,3111,3111,3111,1378,1586,0,-151,1651,1348,6195,-1739,119,6701,25
17:04:19.412 [TLM] 39516,32646,-2061,1464,3106,3106,3106,1575,1481,-1,342,1157,1842,-3406,6764,119,6701,25
17:04:19.446 [TLM] 39526,32664,-2078,1465,3111,3111,3111,1249,1829,-4,80,1419,1580,3867,-1532,119,6701,25
17:04:19.450 [TLM] 39536,32677,-2091,1465,3115,3115,3115,1658,1144,0,-21,1521,1478,2181,5329,119,6701,25
17:04:19.482 [TLM] 39546,32692,-2106,1466,3110,3110,3110,1381,1887,-4,315,1184,1815,-1451,1786,119,6701,25
17:04:19.483 [TLM] 39556,32705,-2119,1466,3119,3119,3119,1447,1027,0,-26,1526,1473,3521,7124,119,6701,25
17:04:19.517 [TLM] 39566,32723,-2138,1466,3123,3123,3123,1579,1584,-1,254,1245,1754,-2574,4611,119,6701,25
17:04:19.517 [TLM] 39576,32736,-2150,1467,3129,3129,3129,1398,1514,0,3,1496,1503,3401,1686,119,55853,25
17:04:19.551 [TLM] 39586,32752,-2166,1467,3135,3135,3135,1285,1609,0,-70,1570,1429,6327,-653,119,55853,25
17:04:19.589 [TLM] 39596,32767,-2181,1467,3143,3143,3143,1539,1491,0,0,1499,1500,2233,1612,119,6702,25
17:04:19.625 [TLM] 39606,32780,-2195,1467,3142,3142,3142,1464,1496,0,-1,1501,1498,3323,1621,119,6702,25
17:04:19.626 [TLM] 39616,32795,-2210,1467,3140,3140,3140,1519,1499,0,0,1500,1499,2610,1718,119,6702,25
17:04:19.626 [TLM] 39626,32810,-2224,1467,3137,3137,3137,1581,1380,1,-96,1596,1403,3330,1816,119,6702,25
17:04:19.656 [TLM] 39636,32825,-2240,1467,3129,3129,3129,1507,1501,0,42,1457,1542,1963,2462,119,6702,25
17:04:19.657 [TLM] 39646,32842,-2256,1467,3123,3123,3123,1688,1272,0,96,1403,1596,-1474,6344,119,6702,25
17:04:19.692 [TLM] 39656,32856,-2271,1468,3117,3117,3117,1261,1820,0,-2,1502,1497,5376,-2550,119,6702,25
17:04:19.728 [TLM] 39666,32872,-2286,1468,3108,3108,3108,1511,1446,0,150,1349,1650,236,4347,119,6702,25
17:04:19.761 [TLM] 39676,32886,-2300,1468,3100,3100,3100,1482,1563,0,128,1371,1628,1179,2358,119,6702,25
17:04:19.762 [TLM] 39686,32903,-2317,1469,3095,3095,3095,1572,1506,0,102,1397,1602,-110,2802,119,6702,25
17:04:19.763 [TLM] 39696,32917,-2331,1470,3091,3091,3091,1501,1561,-3,231,1268,1731,-1726,4514,119,6702,25
17:04:19.797 [TLM] 39706,32933,-2347,1471,3095,3095,3095,1262,1978,-3,-333,1833,1166,-3778,3803,119,6702,25
17:04:19.799 [TLM] 39716,32946,-2360,1471,3103,3103,3103,1481,1359,0,-137,1637,1362,4229,1076,119,6702,25
17:04:19.832 [TLM] 39726,32963,-2377,1472,3098,3098,3098,1409,1610,-3,28,1471,1528,2385,877,119,6702,25
17:04:19.868 [TLM] 39736,32978,-2392,1473,3103,3103,3103,1502,1415,-1,-12,1512,1487,2290,2224,119,6702,25
17:04:19.868 [TLM] 39746,32992,-2406,1473,3103,3103,3103,1539,1483,-1,-62,1562,1437,2034,1205,119,6702,25
17:04:19.901 [TLM] 39756,33006,-2420,1474,3104,3104,3104,1420,1481,-2,171,1328,1671,47,4887,119,6702,25
17:04:19.902 [TLM] 39766,33022,-2436,1474,3107,3107,3107,1481,1570,-1,33,1466,1533,1040,1937,119,6702,25
17:04:19.937 [TLM] 39776,33037,-2451,1475,3114,3114,3114,1446,1567,-1,18,1481,1518,1751,1543,119,6702,25
17:04:19.937 [TLM] 39786,33053,-2467,1475,3120,3120,3120,1467,1563,0,-55,1555,1444,2640,460,119,6702,25
17:04:19.970 [TLM] 39796,33066,-2480,1475,3126,3126,3126,1483,1374,0,10,1489,1510,1862,3635,119,23086,25
17:04:20.006 [TLM] 39806,33083,-2497,1475,3129,3129,3129,1552,1518,0,-291,1791,1208,5103,-2307,119,55854,25
17:04:20.008 [TLM] 39816,33096,-2510,1476,3133,3133,3133,1421,1581,1,-518,2018,981,10125,-6276,119,6703,25
17:04:20.044 [TLM] 39826,33112,-2526,1476,3138,3138,3138,1464,1547,2,-439,1939,1060,8842,-4686,119,6703,25
17:04:20.045 [TLM] 39836,33126,-2540,1476,3141,3141,3141,1499,1566,0,117,1382,1617,429,2548,119,6703,25
17:04:20.076 [TLM] 39846,33143,-2557,1476,3145,3145,3145,1532,1507,0,-14,1514,1485,1848,1347,119,6703,25
17:04:20.114 [TLM] 39856,33156,-2570,1476,3143,3143,3143,1496,1576,1,-320,1820,1179,6364,-3349,119,6703,25
17:04:20.115 [TLM] 39866,33171,-2585,1476,3147,3147,3147,1480,1505,0,29,1470,1529,2109,1729,119,6703,25
17:04:20.116 [TLM] 39876,33188,-2602,1475,3153,3153,3153,1444,1656,-1,10,1489,1510,2373,-41,119,6703,25
17:04:20.149 [TLM] 39886,33201,-2615,1475,3160,3160,3160,1462,1447,1,-59,1559,1440,3594,1233,119,6703,25
17:04:20.182 [TLM] 39896,33216,-2630,1475,3149,3149,3149,1643,1361,0,228,1271,1728,-3034,6802,119,6703,25
17:04:20.184 [TLM] 39906,33231,-2645,1475,3141,3141,3141,1500,1509,0,66,1433,1566,1240,2411,119,6703,25
17:04:20.217 [TLM] 39916,33246,-2660,1475,3135,3135,3135,1535,1524,0,-65,1565,1434,2607,511,119,6703,25
17:04:20.217 [TLM] 39926,33262,-2676,1475,3130,3130,3130,1505,1543,0,-102,1602,1397,3657,-500,119,6703,25
17:04:20.253 [TLM] 39936,33275,-2689,1475,3126,3126,3126,1567,1367,1,-127,1627,1372,3488,1237,119,6703,25
17:04:20.286 [TLM] 39946,33292,-2706,1476,3110,3110,3110,1619,1399,2,-30,1530,1469,1237,2385,119,6703,25
17:04:20.286 [TLM] 39956,33306,-2720,1476,3097,3097,3097,1500,1561,0,-164,1664,1335,4400,-1437,119,6703,25
17:04:20.322 [TLM] 39966,33322,-2736,1477,3087,3087,3087,1490,1591,-2,136,1363,1636,-326,2966,119,6703,25
17:04:20.358 [TLM] 39976,33336,-2750,1478,3090,3090,3090,1447,1578,0,-305,1805,1194,6484,-3237,119,6703,25
17:04:20.358 [TLM] 39986,33353,-2767,1479,3090,3090,3090,1481,1726,-2,121,1378,1621,-418,1117,119,6703,25
17:04:20.359 [TLM] 39996,33367,-2781,1479,3096,3096,3096,1511,1388,0,193,1306,1693,-1381,5375,119,6703,25
17:04:20.391 [TLM] 40006,33382,-2796,1480,3099,3099,3099,1482,1481,0,106,1393,1606,-96,3312,119,6703,25
17:04:20.428 [TLM] 40016,33398,-2811,1481,3107,3107,3107,1312,1522,0,0,1500,1499,3989,1263,119,6703,25
17:04:20.428 [TLM] 40026,33411,-2825,1481,3116,3116,3116,1458,1484,2,-1,1501,1498,2546,2013,119,55855,25
17:04:20.464 [TLM] 40036,33425,-2839,1481,3125,3125,3125,1286,1679,1,-438,1938,1061,11617,-7001,119,6704,25
17:04:20.464 [TLM] 40046,33440,-2854,1481,3132,3132,3132,1499,1481,0,-332,1832,1167,7814,-2920,119,6704,25
17:04:20.496 [TLM] 40056,33455,-2869,1482,3133,3133,3133,1458,1607,-1,-161,1661,1338,5558,-1634,119,6704,25
17:04:20.497 [TLM] 40066,33472,-2886,1482,3137,3137,3137,1475,1544,0,-161,1661,1338,5531,-1479,119,6704,25
17:04:20.532 [TLM] 40076,33485,-2899,1482,3137,3137,3137,1602,1364,0,96,1403,1596,184,4778,119,6704,25
17:04:20.568 [TLM] 40086,33501,-2915,1482,3131,3131,3131,1559,1492,0,-40,1540,1459,2673,1174,119,6704,25
17:04:20.602 [TLM] 40096,33515,-2928,1482,3125,3125,3125,1466,1435,1,-6,1506,1493,3493,2189,119,6704,25
17:04:20.602 [TLM] 40106,33532,-2945,1482,3120,3120,3120,1500,1542,0,-181,1681,1318,5078,-1256,119,6704,25
17:04:20.603 [TLM] 40116,33545,-2959,1483,3115,3115,3115,1543,1373,1,-182,1682,1317,4660,1173,119,6704,25
17:04:20.638 [TLM] 40126,33562,-2976,1483,3106,3106,3106,1706,1412,0,244,1255,1744,-4351,6956,119,6704,25
17:04:20.638 [TLM] 40136,33577,-2991,1484,3106,3106,3106,1408,1734,-2,-55,1555,1444,2943,-1174,119,6704,25
17:04:20.671 [TLM] 40146,33592,-3006,1484,3113,3113,3113,1402,1507,0,-89,1589,1410,4124,594,119,6704,25
17:04:20.707 [TLM] 40156,33609,-3022,1485,3117,3117,3117,1513,1723,-2,207,1292,1707,-2084,2496,119,6704,25
17:04:20.707 [TLM] 40166,33621,-3035,1485,3126,3126,3126,1480,1264,0,112,1387,1612,-338,6972,119,6704,25
17:04:20.742 [TLM] 40176,33636,-3050,1485,3132,3132,3132,1505,1481,1,-139,1639,1360,3432,330,119,6704,25
17:04:20.742 [TLM] 40186,33652,-3065,1485,3131,3131,3131,1629,1292,0,-100,1600,1399,1252,3277,119,6704,25
17:04:20.777 [TLM] 40196,33667,-3081,1485,3127,3127,3127,1424,1658,0,22,1477,1522,1969,525,119,6704,25
17:04:20.778 [TLM] 40206,33683,-3097,1486,3129,3129,3129,1498,1512,0,77,1422,1577,441,3016,119,6704,25
17:04:20.811 [TLM] 40216,33697,-3110,1486,3131,3131,3131,1550,1453,0,-123,1623,1376,2849,555,119,6704,25
17:04:20.848 [TLM] 40226,33713,-3127,1486,3127,3127,3127,1564,1466,0,310,1189,1810,-3638,6760,119,6704,25
17:04:20.850 [TLM] 40236,33727,-3141,1486,3131,3131,3131,1340,1790,0,0,1499,1500,3614,-2268,119,6704,25
17:04:20.883 [TLM] 40246,33743,-3157,1486,3133,3133,3133,1517,1482,0,-1,1501,1498,1550,1837,119,6704,25
17:04:20.885 [TLM] 40256,33757,-3170,1486,3132,3132,3132,1470,1530,0,488,1011,1988,-4801,8182,119,6704,25
17:04:20.918 [TLM] 40266,33771,-3184,1487,3132,3132,3132,1649,1143,0,242,1257,1742,-3715,9906,119,6704,25
17:04:20.919 [TLM] 40276,33787,-3201,1487,3130,3130,3130,1530,1658,-2,269,1230,1769,-2831,3754,119,6704,25
17:04:20.951 [TLM] 40286,33801,-3215,1487,3135,3135,3135,1449,1485,0,-2,1502,1497,2256,1812,119,55856,25
17:04:20.987 [TLM] 40296,33817,-3231,1487,3135,3135,3135,1476,1301,0,481,1018,1981,-4327,10726,119,55856,25
17:04:20.987 [TLM] 40306,33832,-3245,1487,3132,3132,3132,1527,1558,0,-24,1524,1475,1867,528,119,6705,25
17:04:21.024 [TLM] 40316,33846,-3260,1487,3127,3127,3127,1538,1403,1,-25,1525,1474,1994,2331,119,6705,25
17:04:21.024 [TLM] 40326,33861,-3275,1487,3119,3119,3119,1507,1517,0,1,1498,1501,1834,1623,119,6705,25
17:04:21.056 [TLM] 40336,33878,-3292,1488,3112,3112,3112,1607,1518,0,358,1141,1858,-5387,8009,119,6705,25
17:04:21.092 [TLM] 40346,33893,-3307,1488,3111,3111,3111,1519,1457,0,-227,1727,1272,4449,-975,119,6705,25
17:04:21.092 [TLM] 40356,33907,-3321,1489,3107,3107,3107,1492,1543,0,2,1497,1502,1637,1128,119,6705,25
17:04:21.094 [TLM] 40366,33923,-3337,1489,3102,3102,3102,1507,1474,0,1,1498,1501,1529,1948,119,6705,25
17:04:21.127 [TLM] 40376,33936,-3350,1490,3099,3099,3099,1419,1479,0,159,1340,1659,386,4282,119,6705,25
17:04:21.163 [TLM] 40386,33951,-3364,1491,3097,3097,3097,1404,1482,0,40,1459,1540,2825,2468,119,6705,25
17:04:21.163 [TLM] 40396,33966,-3380,1491,3097,3097,3097,1499,1567,-2,421,1078,1921,-4020,6928,119,6705,25
17:04:21.234 [TLM] 40406,33982,-3395,1492,3110,3110,3110,1442,1436,-1,46,1453,1546,2049,3487,119,6705,25
17:04:21.235 [TLM] 40416,33996,-3409,1492,3120,3120,3120,1447,1609,-1,97,1402,1597,1308,1808,119,6705,25
17:04:21.236 [TLM] 40426,34010,-3424,1492,3125,3125,3125,1415,1389,1,-37,1537,1462,4173,2380,119,6705,25
17:04:21.237 [TLM] 40436,34027,-3440,1493,3118,3118,3118,1472,1581,0,197,1302,1697,153,3601,119,6705,25
17:04:21.266 [TLM] 40446,34040,-3454,1493,3114,3114,3114,1523,1484,0,53,1446,1553,1384,2697,119,23089,25
17:04:21.341 [TLM] 40456,34056,-3469,1494,3111,3111,3111,1549,1506,0,110,1389,1610,176,3193,119,23089,25
17:04:21.342 [TLM] 40466,34070,-3484,1494,3109,3109,3109,1534,1388,0,163,1336,1663,-575,5611,119,6833,25
17:04:21.345 [TLM] 40476,34087,-3500,1495,3112,3112,3112,1301,1921,-5,194,1305,1694,1031,-285,119,6833,25
17:04:21.346 [TLM] 40486,34101,-3515,1495,3129,3129,3129,1371,1641,-6,240,1259,1740,-556,3837,119,6833,25
17:04:21.371 [TLM] 40496,34117,-3531,1495,3154,3154,3154,1152,2110,-12,517,982,2017,-2958,2539,119,6833,25
17:04:21.407 [TLM] 40506,34133,-3547,1494,3215,3215,3215,871,2012,-13,122,1377,1622,5201,-2491,119,6833,25
17:04:21.407 [TLM] 40516,34146,-3560,1493,3274,3274,3274,1049,1924,-17,1610,-110,3110,-12000,12000,119,6833,25
17:04:21.443 [TLM] 40526,34164,-3577,1490,3348,3348,3348,666,2592,-19,453,1046,1953,3048,-4700,119,6833,25
17:04:21.478 [TLM] 40536,34178,-3591,1486,3435,3435,3435,617,2410,-21,1266,233,2766,-8338,9500,119,6833,25
17:04:21.479 [TLM] 40546,34190,-3602,1482,3527,3527,3527,681,1735,-21,704,795,2204,1098,9097,119,6833,25
17:04:21.483 [TLM] 40556,34205,-3616,1476,3620,3620,3620,745,2092,-19,334,1165,1834,6241,-189,119,6833,25
17:04:21.511 [TLM] 40566,34220,-3629,1468,3713,3713,3713,949,2273,-32,1088,411,2588,-8808,10371,119,23217,25
17:04:21.548 [TLM] 40576,34238,-3643,1458,3832,3832,3832,327,2606,-32,1088,411,2588,-1745,5501,119,23217,25
17:04:21.582 [TLM] 40586,34251,-3653,1448,3954,3954,3954,245,2757,-32,1088,411,2588,-526,3574,119,23217,25
17:04:21.584 [TLM] 40596,34267,-3663,1436,4109,4109,4109,299,2665,-32,1088,411,2588,404,3416,119,23217,25
17:04:21.584 [TLM] 40606,34280,-3669,1425,4236,4236,4236,279,2490,-32,1088,411,2588,969,6078,119,6961,25
17:04:21.618 [TLM] 40616,34295,-3675,1411,4380,4380,4380,398,2636,-30,998,501,2498,1291,2312,119,6961,25
17:04:21.618 [TLM] 40626,34309,-3678,1397,4545,4545,4545,229,2364,-28,912,587,2412,5762,4476,119,6961,25
17:04:21.654 [TLM] 40636,34321,-3679,1386,4678,4678,4678,243,2397,-25,810,689,2310,9000,2661,119,6961,25
17:04:21.688 [TLM] 40646,34339,-3678,1368,4834,4834,4834,980,2153,-23,681,818,2181,1899,3282,119,6961,25
17:04:21.689 [TLM] 40656,34350,-3676,1356,4944,4944,4944,773,1992,-20,587,912,2087,6006,4481,119,6961,25
17:04:21.721 [TLM] 40666,34369,-3671,1339,5072,5072,5072,1168,2139,-15,702,797,2202,-372,3520,119,6961,25
17:04:21.722 [TLM] 40676,34379,-3666,1329,5165,5165,5165,904,1468,-10,331,1168,1831,8964,7013,119,6961,25
17:04:21.758 [TLM] 40686,34397,-3657,1313,5254,5254,5254,1033,2298,-14,443,1056,1943,5325,-635,119,6961,25
17:04:21.759 [TLM] 40696,34412,-3650,1301,5325,5325,5325,1123,1836,-14,541,958,2041,2352,5357,119,6961,25
17:04:21.792 [TLM] 40706,34427,-3641,1290,5389,5389,5389,994,2147,-15,-30,1530,1469,11798,-5718,119,6961,25
17:04:21.829 [TLM] 40716,34442,-3630,1278,5460,5460,5460,1008,1725,-14,404,1095,1904,5045,5801,119,6961,25
17:04:21.832 [TLM] 40726,34458,-3619,1267,5519,5519,5519,867,2403,-19,654,845,2154,2604,1927,119,6961,25
17:04:21.862 [TLM] 40736,34471,-3610,1258,5580,5580,5580,777,1981,-18,653,846,2153,4135,6419,119,6961,25
17:04:21.863 [TLM] 40746,34486,-3597,1248,5640,5640,5640,982,2128,-17,577,922,2077,2855,3574,119,6961,25
17:04:21.896 [TLM] 40756,34502,-3585,1240,5706,5706,5706,1036,1926,-19,744,755,2244,-1166,8534,119,6961,25
17:04:21.897 [TLM] 40766,34518,-3571,1231,5787,5787,5787,835,2136,-18,618,881,2118,3118,4503,119,6961,25
17:04:21.934 [TLM] 40776,34534,-3557,1225,5865,5865,5865,858,2222,-18,571,928,2071,3447,2521,119,7089,25
17:04:21.968 [TLM] 40786,34546,-3545,1220,5940,5940,5940,1154,1408,-10,106,1393,1606,7775,5559,119,7089,25
17:04:21.968 [TLM] 40796,34563,-3529,1215,5998,5998,5998,1109,2135,-9,265,1234,1765,6230,-1728,119,7089,25
17:04:22.001 [TLM] 40806,34577,-3515,1211,6049,6049,6049,1149,1982,-12,466,1033,1966,2250,3070,119,7089,25
17:04:22.037 [TLM] 40816,34593,-3500,1208,6108,6108,6108,970,2065,-12,435,1064,1935,5011,1130,119,7089,25
17:04:22.071 [TLM] 40826,34607,-3486,1206,6162,6162,6162,1180,1865,-12,438,1061,1938,2248,3896,119,7089,25
17:04:22.072 [TLM] 40836,34624,-3469,1205,6218,6218,6218,1207,1797,-12,384,1115,1884,2046,4113,119,7089,25
17:04:22.074 [TLM] 40846,34639,-3454,1204,6267,6267,6267,1289,1581,-5,154,1345,1654,5218,2736,119,7089,25
17:04:22.075 [TLM] 40856,34654,-3439,1204,6298,6298,6298,1424,1634,-5,159,1340,1659,3346,2417,119,7089,25
17:04:22.105 [TLM] 40866,34669,-3424,1205,6324,6324,6324,1389,1757,-6,217,1282,1717,2026,1803,119,7089,25
17:04:22.182 [TLM] 40876,34685,-3408,1206,6353,6353,6353,1407,1521,-1,-430,1930,1069,11531,-4925,119,7089,25
17:04:22.183 [TLM] 40886,34698,-3395,1207,6358,6358,6358,1563,1513,0,36,1463,1536,2901,1945,119,7089,25
17:04:22.184 [TLM] 40896,34715,-3378,1208,6361,6361,6361,1537,1490,0,-29,1529,1470,3872,1248,119,7089,25
17:04:22.185 [TLM] 40906,34731,-3362,1209,6357,6357,6357,1655,1483,0,-10,1510,1489,1546,1580,119,7089,25
17:04:22.213 [TLM] 40916,34747,-3347,1210,6351,6351,6351,1472,1699,-1,406,1093,1906,-2437,4655,119,7089,25
17:04:22.246 [TLM] 40926,34762,-3332,1211,6346,6346,6346,1692,1349,0,-231,1731,1268,2917,794,119,7089,25
17:04:22.249 [TLM] 40936,34777,-3317,1212,6338,6338,6338,1482,1481,0,123,1376,1623,403,3960,119,7089,25
17:04:22.281 [TLM] 40946,34791,-3302,1213,6333,6333,6333,1615,1220,0,2797,-1297,4297,-12000,12000,114,7089,25
17:04:22.317 [TLM] 40956,34804,-3289,1213,6327,6327,6327,1371,1752,-1,0,1500,1499,3885,-737,114,56241,25
17:04:22.318 [TLM] 40966,34820,-3273,1214,6321,6321,6321,1657,1142,1,-18,1518,1481,587,8128,114,23473,25
17:04:22.318 [TLM] 40976,34837,-3256,1215,6315,6315,6315,1486,1764,0,-130,1630,1369,3562,-2652,114,7090,25
17:04:22.352 [TLM] 40986,34851,-3242,1215,6310,6310,6310,1622,1433,0,-21,1521,1478,650,3667,114,7090,25
17:04:22.388 [TLM] 40996,34867,-3226,1215,6304,6304,6304,1631,1389,1,-230,1730,1269,3083,99,114,7090,25
17:04:22.388 [TLM] 41006,34882,-3212,1216,6289,6289,6289,1551,1408,0,258,1241,1758,-3019,7281,114,7090,25
17:04:22.423 [TLM] 41016,34898,-3196,1216,6284,6284,6284,1493,1587,0,-8,1508,1491,1252,878,114,7090,25
17:04:22.423 [TLM] 41026,34911,-3182,1216,6282,6282,6282,1512,1548,0,-82,1582,1417,2106,148,114,7090,25
17:04:22.457 [TLM] 41036,34928,-3166,1216,6282,6282,6282,1464,1587,1,-239,1739,1260,5161,-2758,114,7090,25
17:04:22.457 [TLM] 41046,34943,-3151,1216,6284,6284,6284,1440,1720,1,-160,1660,1339,4762,-3490,114,7090,25
17:04:22.491 [TLM] 41056,34957,-3137,1216,6276,6276,6276,1627,1278,2,-19,1519,1480,852,3885,114,7090,25
17:04:22.527 [TLM] 41066,34972,-3121,1215,6272,6272,6272,1445,1621,0,-165,1665,1334,4845,-2345,114,7090,25
17:04:22.562 [TLM] 41076,34985,-3108,1215,6278,6278,6278,1784,990,4,39,1460,1539,-1510,8493,114,7090,25
17:04:22.562 [TLM] 41086,35002,-3091,1215,6285,6285,6285,1529,1543,4,-191,1691,1308,4522,-1775,114,7090,25
17:04:22.564 [TLM] 41096,35015,-3078,1215,6287,6287,6287,1447,1466,4,-331,1831,1168,7865,-2896,114,7090,25
17:04:22.636 [TLM] 41106,35032,-3062,1215,6283,6283,6283,1606,1426,6,-613,2113,886,10312,-6726,114,7090,25
17:04:22.636 [TLM] 41116,35046,-3047,1215,6265,6265,6265,1624,1315,1,594,905,2094,-7466,12000,114,7090,25
17:04:22.636 [TLM] 41126,35061,-3032,1215,6263,6263,6263,1739,1186,4,-249,1749,1250,3268,1696,114,7090,25
17:04:22.637 [TLM] 41136,35077,-3016,1215,6255,6255,6255,1657,1668,2,9,1490,1509,-262,141,114,7090,25
17:04:22.666 [TLM] 41146,35092,-3002,1214,6256,6256,6256,1471,1442,2,-157,1657,1342,4830,-312,114,7090,25
17:04:22.701 [TLM] 41156,35107,-2986,1214,6246,6246,6246,1533,1480,0,157,1342,1657,-597,3817,114,7090,25
17:04:22.703 [TLM] 41166,35121,-2973,1213,6237,6237,6237,1504,1526,1,-309,1809,1190,6297,-3334,114,7090,25
17:04:22.736 [TLM] 41176,35135,-2959,1212,6223,6223,6223,1499,1369,0,45,1454,1545,817,4796,114,7090,25
17:04:22.737 [TLM] 41186,35151,-2943,1211,6225,6225,6225,1611,1225,2,-157,1657,1342,2914,3348,114,7090,25
17:04:22.772 [TLM] 41196,35167,-2927,1210,6225,6225,6225,1485,1578,1,-67,1567,1432,2934,-37,114,7090,25
17:04:22.806 [TLM] 41206,35182,-2912,1210,6221,6221,6221,1451,1632,-10,1157,342,2657,-12000,12000,114,7090,25
17:04:22.807 [TLM] 41216,35196,-2897,1209,6222,6222,6222,1550,1200,0,-5,1505,1494,470,5781,114,56242,25
17:04:22.843 [TLM] 41226,35212,-2881,1208,6215,6215,6215,1511,1640,-4,335,1164,1835,-4254,5934,114,39858,25
17:04:22.843 [TLM] 41236,35227,-2866,1207,6221,6221,6221,1221,1737,-5,171,1328,1671,1245,1412,114,7091,25
17:04:22.877 [TLM] 41246,35243,-2851,1206,6233,6233,6233,1402,1602,-3,353,1146,1853,-3105,5959,114,7091,25
17:04:22.878 [TLM] 41256,35257,-2837,1205,6249,6249,6249,1417,1485,0,-63,1563,1436,3504,779,114,7091,25
17:04:22.911 [TLM] 41266,35272,-2822,1205,6254,6254,6254,1429,1564,0,-90,1590,1409,4042,-423,114,7091,25
17:04:22.946 [TLM] 41276,35287,-2807,1204,6260,6260,6260,1414,1524,0,-26,1526,1473,3713,747,114,7091,25
17:04:22.949 [TLM] 41286,35302,-2792,1204,6263,6263,6263,1509,1554,0,45,1454,1545,1472,1601,114,7091,25
17:04:22.981 [TLM] 41296,35316,-2778,1204,6264,6264,6264,1504,1392,0,38,1461,1538,1751,3561,114,7091,25
17:04:22.982 [TLM] 41306,35330,-2764,1204,6261,6261,6261,1495,1400,1,-558,2058,941,10437,-4831,114,7091,25
17:04:23.017 [TLM] 41316,35347,-2747,1203,6255,6255,6255,1436,1813,0,133,1366,1633,915,23,114,7091,25
17:04:23.089 [TLM] 41326,35361,-2733,1203,6250,6250,6250,1535,1406,0,-25,1525,1474,2326,2560,114,7091,25
17:04:23.089 [TLM] 41336,35377,-2716,1202,6245,6245,6245,1468,1726,-1,102,1397,1602,812,240,114,7091,25
17:04:23.089 [TLM] 41346,35392,-2701,1202,6243,6243,6243,1514,1532,-2,90,1409,1590,185,2412,114,7091,25
17:04:23.090 [TLM] 41356,35407,-2687,1201,6244,6244,6244,1490,1495,0,-95,1595,1404,3244,249,114,7091,25
17:04:23.160 [TLM] 41366,35423,-2670,1200,6245,6245,6245,1423,1881,-2,10,1489,1510,2048,-2950,114,7091,25
17:04:23.162 [TLM] 41376,35436,-2658,1200,6250,6250,6250,1499,1286,0,-115,1615,1384,3136,2368,114,7091,25
17:04:23.192 [TLM] 41386,35453,-2641,1199,6245,6245,6245,1558,1416,-1,296,1203,1796,-3706,6901,114,7091,25
17:04:23.193 [TLM] 41396,35468,-2626,1199,6246,6246,6246,1379,1752,-2,-20,1520,1479,2509,-1446,114,7091,25
17:04:23.194 [TLM] 41406,35482,-2612,1198,6256,6256,6256,1467,1392,0,-12,1512,1487,2008,2862,114,7091,25
17:04:23.195 [TLM] 41416,35497,-2597,1198,6258,6258,6258,1467,1462,0,-159,1659,1340,4091,68,114,7091,25
17:04:23.227 [TLM] 41426,35512,-2582,1198,6261,6261,6261,1414,1664,0,-382,1882,1117,7729,-5298,114,7091,25
17:04:23.263 [TLM] 41436,35527,-2567,1197,6265,6265,6265,1329,1613,0,19,1480,1519,3998,357,114,56243,25
17:04:23.298 [TLM] 41446,35540,-2554,1197,6269,6269,6269,1325,1699,0,-212,1712,1287,7249,-3760,114,56243,25
17:04:23.298 [TLM] 41456,35556,-2538,1197,6279,6279,6279,1558,1409,0,-21,1521,1478,2319,2213,114,7092,25
17:04:23.300 [TLM] 41466,35571,-2522,1197,6275,6275,6275,1414,1565,0,27,1472,1527,2942,1245,114,7092,25
17:04:23.332 [TLM] 41476,35586,-2508,1197,6275,6275,6275,1438,1461,0,-46,1546,1453,3809,1606,114,7092,25
17:04:23.369 [TLM] 41486,35601,-2493,1197,6274,6274,6274,1600,1392,1,82,1417,1582,199,4399,114,7092,25
17:04:23.370 [TLM] 41496,35616,-2478,1196,6270,6270,6270,1528,1436,1,188,1311,1688,-453,5147,114,7092,25
17:04:23.402 [TLM] 41506,35631,-2463,1196,6266,6266,6266,1468,1489,0,244,1255,1744,-839,5386,114,7092,25
17:04:23.402 [TLM] 41516,35645,-2449,1196,6264,6264,6264,1542,1427,1,-41,1541,1458,2518,1873,114,7092,25
17:04:23.438 [TLM] 41526,35662,-2432,1196,6255,6255,6255,1580,1483,0,-44,1544,1455,1683,1374,114,7092,25
17:04:23.439 [TLM] 41536,35677,-2417,1195,6252,6252,6252,1593,1536,1,-148,1648,1351,3152,-1046,114,7092,25
17:04:23.472 [TLM] 41546,35693,-2401,1195,6248,6248,6248,1578,1533,0,132,1367,1632,-1222,2980,114,7092,25
17:04:23.506 [TLM] 41556,35708,-2386,1194,6248,6248,6248,1532,1519,0,-53,1553,1446,1806,537,114,7092,25
17:04:23.542 [TLM] 41566,35722,-2372,1194,6247,6247,6247,1471,1518,0,-121,1621,1378,3826,-386,114,7092,25
17:04:23.542 [TLM] 41576,35736,-2358,1193,6247,6247,6247,1402,1377,1,-211,1711,1288,6444,-126,114,7092,25
17:04:23.543 [TLM] 41586,35751,-2343,1193,6242,6242,6242,1506,1545,0,2,1497,1502,1812,1072,114,7092,25
17:04:23.613 [TLM] 41596,35767,-2327,1192,6239,6239,6239,1534,1500,0,48,1451,1548,563,2468,114,7092,25
17:04:23.614 [TLM] 41606,35782,-2312,1191,6241,6241,6241,1512,1529,0,69,1430,1569,407,2233,114,7092,25
17:04:23.615 [TLM] 41616,35797,-2297,1191,6240,6240,6240,1477,1531,0,-109,1609,1390,3307,-257,114,7092,25
17:04:23.615 [TLM] 41626,35812,-2282,1190,6233,6233,6233,1500,1590,-2,138,1361,1638,-1245,3426,114,7092,25
17:04:23.646 [TLM] 41636,35828,-2266,1189,6237,6237,6237,1367,1651,-2,-96,1596,1403,3845,-1032,114,7092,25
17:04:23.680 [TLM] 41646,35842,-2252,1189,6239,6239,6239,1394,1559,-2,-123,1623,1376,3901,-101,114,7092,25
17:04:23.681 [TLM] 41656,35856,-2238,1188,6243,6243,6243,1258,1647,0,-2,1502,1497,4372,141,114,23476,25
17:04:23.719 [TLM] 41666,35872,-2223,1187,6254,6254,6254,1466,1532,5,-1176,2676,323,12000,-12000,114,56244,25
17:04:23.719 [TLM] 41676,35887,-2207,1187,6256,6256,6256,1589,1441,0,59,1440,1559,254,3294,114,7093,25
17:04:23.751 [TLM] 41686,35901,-2193,1187,6258,6258,6258,1491,1498,1,-154,1654,1345,5003,-718,114,7093,25
17:04:23.788 [TLM] 41696,35917,-2177,1186,6251,6251,6251,1592,1462,1,-1,1501,1498,1182,2059,114,7093,25
17:04:23.788 [TLM] 41706,35932,-2163,1186,6245,6245,6245,1485,1474,0,84,1415,1584,906,3427,114,7093,25
17:04:23.860 [TLM] 41716,35947,-2147,1185,6248,6248,6248,1415,1682,-2,15,1484,1515,2450,-187,114,7093,25
17:04:23.861 [TLM] 41726,35961,-2133,1185,6251,6251,6251,1547,1491,1,-412,1912,1087,7058,-4257,114,7093,25
17:04:23.862 [TLM] 41736,35978,-2116,1184,6245,6245,6245,1407,1735,-3,250,1249,1750,-1223,2619,114,7093,25
17:04:23.862 [TLM] 41746,35993,-2101,1184,6247,6247,6247,1512,1569,-3,78,1421,1578,-226,2322,114,7093,25
17:04:23.893 [TLM] 41756,36008,-2086,1183,6250,6250,6250,1357,1797,-3,611,888,2111,-5639,6381,114,7093,25
17:04:23.928 [TLM] 41766,36022,-2072,1183,6256,6256,6256,1436,1393,-1,92,1407,1592,680,4036,114,7093,25
17:04:23.928 [TLM] 41776,36037,-2058,1182,6258,6258,6258,1379,1672,-1,-57,1557,1442,3397,-1467,114,7093,25
17:04:23.963 [TLM] 41786,36052,-2042,1182,6262,6262,6262,1475,1262,0,-98,1598,1401,3327,3099,114,7093,25
17:04:23.964 [TLM] 41796,36067,-2028,1182,6265,6265,6265,1459,1739,-1,95,1404,1595,725,-70,114,7093,25
17:04:23.997 [TLM] 41806,36081,-2013,1181,6274,6274,6274,1424,1291,0,-1,1501,1498,3057,4329,114,7093,25
17:04:24.032 [TLM] 41816,36097,-1997,1181,6272,6272,6272,1616,1458,1,-157,1657,1342,2883,-169,114,7093,25
17:04:24.067 [TLM] 41826,36111,-1983,1181,6272,6272,6272,1458,1521,0,-19,1519,1480,2932,1135,114,7093,25
17:04:24.067 [TLM] 41836,36126,-1968,1181,6270,6270,6270,1761,1312,1,76,1423,1576,-2485,5549,114,7093,25
17:04:24.069 [TLM] 41846,36143,-1951,1181,6271,6271,6271,1514,1591,0,-57,1557,1442,1574,98,114,7093,25
17:04:24.103 [TLM] 41856,36157,-1937,1181,6274,6274,6274,1474,1438,2,-48,1548,1451,2646,1746,114,7093,25
17:04:24.106 [TLM] 41866,36171,-1923,1180,6272,6272,6272,1471,1618,0,-330,1830,1169,6445,-4197,114,7093,25
17:04:24.137 [TLM] 41876,36187,-1907,1180,6265,6265,6265,1581,1363,0,11,1488,1511,252,4108,114,7093,25
17:04:24.137 [TLM] 41886,36203,-1891,1180,6254,6254,6254,1572,1601,3,-1105,2605,394,12000,-12000,114,56245,25
17:04:24.172 [TLM] 41896,36218,-1876,1179,6242,6242,6242,1446,1832,-4,836,663,2336,-10599,10198,114,39861,25
17:04:24.211 [TLM] 41906,36232,-1862,1179,6240,6240,6240,1442,1351,-2,243,1256,1743,-2057,6894,114,7094,25
17:04:24.218 [TLM] 41916,36248,-1847,1178,6235,6235,6235,1225,1843,-4,73,1426,1573,2799,-1057,114,7094,25
17:04:24.252 [TLM] 41926,36261,-1833,1177,6241,6241,6241,1279,1670,-4,150,1349,1650,1868,1977,114,7094,25
17:04:24.276 [TLM] 41936,36274,-1820,1177,6249,6249,6249,1339,1289,0,5,1494,1505,4048,4539,114,7094,25
17:04:24.279 [TLM] 41946,36291,-1804,1176,6253,6253,6253,1429,1493,0,-61,1561,1438,4008,1242,114,7094,25
17:04:24.279 [TLM] 41956,36306,-1788,1176,6257,6257,6257,1455,1621,0,-26,1526,1473,3186,52,114,7094,25
17:04:24.347 [TLM] 41966,36320,-1774,1176,6263,6263,6263,1478,1507,0,103,1396,1603,1441,3308,114,7094,25
17:04:24.347 [TLM] 41976,36336,-1759,1175,6265,6265,6265,1507,1525,0,-268,1768,1231,6171,-2022,114,7094,25
17:04:24.347 [TLM] 41986,36351,-1743,1175,6264,6264,6264,1546,1543,0,178,1321,1678,-825,3765,114,7094,25
17:04:24.381 [TLM] 41996,36366,-1728,1175,6269,6269,6269,1495,1493,-1,194,1305,1694,-383,4534,114,7094,25
17:04:24.381 [TLM] 42006,36380,-1715,1175,6271,6271,6271,1475,1475,2,-149,1649,1350,4992,-429,114,7094,25
17:04:24.416 [TLM] 42016,36396,-1698,1174,6268,6268,6268,1514,1521,1,25,1474,1525,1849,1556,114,7094,25
17:04:24.416 [TLM] 42026,36412,-1682,1174,6268,6268,6268,1346,1751,-1,19,1480,1519,3500,-1183,114,7094,25
17:04:24.452 [TLM] 42036,36426,-1668,1174,6276,6276,6276,1607,1255,0,-22,1522,1477,1136,4325,114,7094,25
17:04:24.487 [TLM] 42046,36442,-1652,1174,6274,6274,6274,1625,1426,4,-986,2486,513,12000,-11708,114,7094,25
17:04:24.520 [TLM] 42056,36456,-1639,1174,6259,6259,6259,1557,1514,0,114,1385,1614,-523,3960,114,7094,25
17:04:24.521 [TLM] 42066,36471,-1623,1173,6257,6257,6257,1572,1313,2,-75,1575,1424,2364,2900,114,7094,25
17:04:24.522 [TLM] 42076,36486,-1608,1173,6252,6252,6252,1626,1673,0,617,882,2117,-8544,8013,114,7094,25
17:04:24.556 [TLM] 42086,36502,-1593,1172,6255,6255,6255,1445,1527,0,232,1267,1732,-1126,4296,114,7094,25
17:04:24.556 [TLM] 42096,36517,-1577,1172,6251,6251,6251,1615,1396,0,205,1294,1705,-3275,5894,114,7094,25
17:04:24.592 [TLM] 42106,36532,-1562,1172,6252,6252,6252,1470,1549,0,48,1451,1548,838,1497,114,7094,25
17:04:24.626 [TLM] 42116,36546,-1548,1171,6253,6253,6253,1502,1344,2,-125,1625,1374,3726,1352,114,7094,25
17:04:24.626 [TLM] 42126,36561,-1533,1171,6244,6244,6244,1522,1569,0,2,1497,1502,1473,782,114,7094,25
17:04:24.661 [TLM] 42136,36577,-1518,1170,6242,6242,6242,1455,1643,0,-389,1889,1110,7651,-5706,114,7094,25
17:04:24.661 [TLM] 42146,36590,-1504,1169,6238,6238,6238,1489,1478,0,223,1276,1723,-1545,4972,114,7094,25
17:04:24.695 [TLM] 42156,36607,-1488,1169,6236,6236,6236,1430,1604,0,-74,1574,1425,3425,-822,114,7094,25
17:04:24.696 [TLM] 42166,36621,-1473,1168,6231,6231,6231,1476,1467,1,113,1386,1613,609,3312,114,7094,25
17:04:24.731 [TLM] 42176,36636,-1458,1167,6225,6225,6225,1384,1607,0,-219,1719,1280,6153,-2626,114,7094,25
17:04:24.765 [TLM] 42186,36651,-1444,1166,6221,6221,6221,1592,1382,1,-250,1750,1249,4417,-669,114,7094,25
17:04:24.801 [TLM] 42196,36666,-1429,1165,6214,6214,6214,1555,1406,-1,432,1067,1932,-5152,8678,114,7094,25
17:04:24.801 [TLM] 42206,36680,-1415,1164,6208,6208,6208,1539,1243,0,94,1405,1594,66,6128,114,7094,25
17:04:24.802 [TLM] 42216,36695,-1400,1163,6203,6203,6203,1342,1865,-2,343,1156,1843,-1854,2375,114,7094,25
17:04:24.836 [TLM] 42226,36711,-1384,1162,6210,6210,6210,1440,1475,-2,258,1241,1758,-1449,5584,114,7094,25
17:04:24.836 [TLM] 42236,36726,-1368,1161,6213,6213,6213,1373,1763,-4,74,1425,1574,1461,-321,114,7094,25
17:04:24.873 [TLM] 42246,36740,-1354,1160,6224,6224,6224,1476,1389,0,17,1482,1517,1375,3262,114,7094,25
17:04:24.906 [TLM] 42256,36756,-1339,1159,6231,6231,6231,1432,1583,-2,-4,1504,1495,2112,796,114,7094,25
17:04:24.907 [TLM] 42266,36770,-1325,1158,6241,6241,6241,1553,1380,0,69,1430,1569,-46,4241,114,7094,25
17:04:24.942 [TLM] 42276,36785,-1310,1158,6249,6249,6249,1419,1574,0,-28,1528,1471,3276,245,114,7094,25
17:04:24.942 [TLM] 42286,36798,-1296,1157,6256,6256,6256,1414,1498,0,0,1499,1500,3151,1451,114,7094,25
17:04:24.977 [TLM] 42296,36815,-1280,1157,6262,6262,6262,1451,1493,0,2,1497,1502,2810,1662,114,7094,25
17:04:25.013 [TLM] 42306,36830,-1265,1157,6263,6263,6263,1538,1505,0,0,1500,1499,1835,1460,114,7094,25
17:04:25.014 [TLM] 42316,36845,-1249,1156,6267,6267,6267,1488,1613,0,-230,1730,1269,5627,-3353,114,7094,25
17:04:25.015 [TLM] 42326,36860,-1234,1156,6270,6270,6270,1483,1592,0,-200,1700,1299,5107,-2549,114,7094,25
17:04:25.046 [TLM] 42336,36875,-1219,1156,6269,6269,6269,1488,1557,0,-128,1628,1371,3719,-873,114,7094,25
17:04:25.081 [TLM] 42346,36889,-1205,1156,6266,6266,6266,1640,1130,1,89,1410,1589,-933,7456,114,7094,25
17:04:25.081 [TLM] 42356,36904,-1191,1155,6255,6255,6255,1499,1604,1,-93,1593,1406,3371,-912,114,7094,25
17:04:25.118 [TLM] 42366,36920,-1175,1155,6247,6247,6247,1526,1476,1,-130,1630,1369,3327,122,114,7094,25
17:04:25.118 [TLM] 42376,36935,-1160,1154,6239,6239,6239,1606,1408,0,209,1290,1709,-2537,5692,114,7094,25
17:04:25.151 [TLM] 42386,36951,-1144,1154,6231,6231,6231,1477,1683,0,-113,1613,1386,3183,-2100,114,7094,25
17:04:25.186 [TLM] 42396,36966,-1129,1153,6231,6231,6231,1350,1701,-2,-195,1695,1304,5506,-3200,114,7094,25
17:04:25.186 [TLM] 42406,36980,-1114,1152,6231,6231,6231,1536,1503,-1,302,1197,1802,-3375,6036,114,7094,25
17:04:25.221 [TLM] 42416,36995,-1100,1151,6240,6240,6240,1223,1625,-1,-65,1565,1434,6041,-961,114,7094,25
17:04:25.259 [TLM] 42426,37009,-1085,1151,6251,6251,6251,1732,1428,0,6,1493,1506,-1193,2555,114,7094,25
17:04:25.260 [TLM] 42436,37026,-1069,1150,6260,6260,6260,1512,1440,0,-73,1573,1426,1893,1593,114,7094,25
17:04:25.260 [TLM] 42446,37041,-1054,1150,6270,6270,6270,1433,1573,0,-19,1519,1480,2366,467,114,7094,25
17:04:25.291 [TLM] 42456,37056,-1039,1150,6278,6278,6278,1449,1589,0,-101,1601,1398,3449,-866,114,7094,25
17:04:25.328 [TLM] 42466,37070,-1025,1150,6290,6290,6290,1489,1327,2,-185,1685,1314,5199,822,114,7094,25
17:04:25.328 [TLM] 42476,37085,-1009,1150,6286,6286,6286,1670,1425,1,42,1457,1542,-496,3051,114,7094,25
17:04:25.361 [TLM] 42486,37102,-993,1150,6284,6284,6284,1529,1676,2,175,1324,1675,-518,841,114,7094,25
17:04:25.362 [TLM] 42496,37114,-980,1150,6275,6275,6275,1460,1492,0,129,1370,1629,599,2863,114,7094,25
17:04:25.399 [TLM] 42506,37131,-964,1150,6269,6269,6269,1433,1501,0,408,1091,1908,-2652,6413,114,7094,25
17:04:25.402 [TLM] 42516,37145,-949,1150,6269,6269,6269,1478,1569,0,-218,1718,1281,5583,-2814,114,7094,25
17:04:25.431 [TLM] 42526,37160,-935,1150,6268,6268,6268,1536,1417,0,-53,1553,1446,2990,1295,114,7094,25
17:04:25.468 [TLM] 42536,37174,-921,1149,6256,6256,6256,1641,1297,1,-217,1717,1282,3873,1011,114,23478,25
17:04:25.503 [TLM] 42546,37190,-905,1149,6242,6242,6242,1638,1457,0,-39,1539,1460,887,1678,114,23478,25
17:04:25.505 [TLM] 42556,37203,-892,1148,6234,6234,6234,1575,1395,0,409,1090,1909,-4862,8893,114,7222,25
17:04:25.505 [TLM] 42566,37219,-876,1147,6227,6227,6227,1478,1627,-6,-348,1848,1151,5466,-3249,114,7222,25
17:04:25.536 [TLM] 42576,37233,-862,1146,6229,6229,6229,1409,1556,-4,-175,1675,1324,3817,100,114,7222,25
17:04:25.537 [TLM] 42586,37252,-843,1146,6245,6245,6245,1147,2287,-11,558,941,2058,-4762,1933,114,7222,25
1
7:04:25.571 [TLM] 42596,37264,-831,1145,6288,6288,6288,938,1985,-12,437,1062,1937,-190,3344,114,7222,25
17:04:25.606 [TLM] 42606,37280,-815,1146,6347,6347,6347,1020,1763,-9,-3,1503,1496,6136,-523,114,7222,25
17:04:25.607 [TLM] 42616,37293,-802,1147,6394,6394,6394,1013,2007,-14,424,1075,1924,378,2611,114,23606,25
17:04:25.644 [TLM] 42626,37310,-785,1150,6461,6461,6461,943,1913,-14,474,1025,1974,187,4071,114,7350,25
17:04:25.645 [TLM] 42636,37324,-771,1153,6520,6520,6520,1045,1897,-14,481,1018,1981,-1020,4470,114,7350,25
17:04:25.676 [TLM] 42646,37340,-756,1157,6594,6594,6594,625,2316,-15,196,1303,1696,8475,-4465,114,7350,25
17:04:25.678 [TLM] 42656,37353,-744,1162,6671,6671,6671,707,2228,-17,972,527,2472,-2534,6757,114,7350,25
17:04:25.713 [TLM] 42666,37363,-735,1166,6773,6773,6773,1031,689,-11,322,1177,1822,5136,12000,114,7350,25
17:04:25.746 [TLM] 42676,37378,-722,1174,6855,6855,6855,1207,1701,-5,448,1051,1948,3220,7242,114,7350,25
17:04:25.782 [TLM] 42686,37392,-711,1181,6919,6919,6919,1449,1164,2,-382,1882,1117,12000,1325,114,7350,25
17:04:25.784 [TLM] 42696,37411,-696,1193,6969,6969,6969,2467,1220,9,-688,2188,811,4358,-3812,114,7350,25
17:04:25.817 [TLM] 42706,37422,-688,1200,6986,6986,6986,1669,987,12,-377,1877,1122,10381,2824,114,7350,25
17:04:25.818 [TLM] 42716,37436,-676,1210,6980,6980,6980,2092,360,19,-689,2189,810,11262,5491,114,7350,25
17:04:25.820 [TLM] 42726,37453,-663,1220,6952,6952,6952,2672,869,22,-1013,2513,486,7770,-4441,114,7350,25
17:04:25.851 [TLM] 42736,37469,-650,1230,6883,6883,6883,2333,662,24,-712,2212,787,7091,1691,114,7350,25
17:04:25.886 [TLM] 42746,37485,-637,1238,6808,6808,6808,2096,1072,18,-241,1741,1258,2542,3076,114,7350,25
17:04:25.887 [TLM] 42756,37500,-623,1245,6702,6702,6702,2265,720,22,-983,2483,516,11340,-3022,114,7350,25
17:04:25.921 [TLM] 42766,37513,-611,1249,6599,6599,6599,2323,617,22,-755,2255,744,6768,2151,114,7350,25
17:04:25.922 [TLM] 42776,37530,-595,1254,6486,6486,6486,2414,857,20,-650,2150,849,3002,1005,114,7350,25
17:04:25.956 [TLM] 42786,37545,-580,1256,6378,6378,6378,2139,976,15,-292,1792,1207,-167,5445,114,7350,25
17:04:25.991 [TLM] 42796,37562,-563,1256,6278,6278,6278,2059,944,20,-748,2248,751,8337,-2019,114,7350,25
17:04:25.992 [TLM] 42806,37575,-550,1256,6193,6193,6193,2471,748,20,-731,2231,768,2236,1464,114,7350,25
17:04:25.993 [TLM] 42816,37592,-534,1253,6090,6090,6090,2194,713,21,-741,2241,758,6008,1543,114,7350,25
17:04:26.032 [TLM] 42826,37609,-517,1249,5999,5999,5999,1977,1385,14,-563,2063,936,4784,-3562,114,7350,25
17:04:26.062 [TLM] 42836,37620,-506,1245,5917,5917,5917,2227,99,23,-843,2343,656,7790,7144,114,7350,25
17:04:26.062 [TLM] 42846,37637,-491,1238,5837,5837,5837,2339,1212,5,-388,1888,1111,-5531,4644,114,7350,25
17:04:26.098 [TLM] 42856,37655,-475,1230,5773,5773,5773,1562,1590,16,-890,2390,609,12000,-11323,114,23734,25
17:04:26.099 [TLM] 42866,37665,-466,1225,5718,5718,5718,1738,962,14,-461,1961,1038,6238,3593,114,23734,25
17:04:26.130 [TLM] 42876,37680,-454,1217,5652,5652,5652,2016,562,19,-532,2032,967,6015,6376,114,7478,25
17:04:26.168 [TLM] 42886,37696,-442,1207,5581,5581,5581,1894,1160,13,-294,1794,1205,3622,3203,114,7478,25
17:04:26.168 [TLM] 42896,37711,-430,1196,5526,5526,5526,1785,1625,6,50,1449,1550,-364,1679,114,7478,25
17:04:26.202 [TLM] 42906,37726,-420,1186,5470,5470,5470,1683,1336,0,16,1483,1516,-135,5338,114,7478,25
17:04:26.237 [TLM] 42916,37741,-410,1175,5442,5442,5442,1349,1623,-6,482,1017,1982,-3914,9780,114,7478,25
17:04:26.237 [TLM] 42926,37760,-397,1160,5441,5441,5441,939,2711,-13,701,798,2201,-2191,-2280,114,7478,25
17:04:26.238 [TLM] 42936,37774,-387,1150,5460,5460,5460,868,1990,-21,1035,464,2535,-7007,12000,114,7478,25
17:04:26.272 [TLM] 42946,37790,-376,1139,5503,5503,5503,633,2597,-23,849,650,2349,-1905,1475,112,7478,25
17:04:26.307 [TLM] 42956,37805,-365,1129,5584,5584,5584,581,2190,-23,790,709,2290,-400,6010,112,7478,25
17:04:26.307 [TLM] 42966,37821,-353,1119,5677,5677,5677,692,2306,-22,751,748,2251,-628,3369,112,7478,25
17:04:26.344 [TLM] 42976,37832,-344,1113,5772,5772,5772,793,1500,-13,435,1064,1935,4935,8631,112,7478,25
17:04:26.344 [TLM] 42986,37847,-330,1107,5853,5853,5853,949,2358,-13,299,1200,1799,5394,-3774,112,7478,25
17:04:26.378 [TLM] 42996,37860,-318,1102,5927,5927,5927,940,1730,-10,361,1138,1861,5387,4701,112,7478,25
17:04:26.378 [TLM] 43006,37877,-301,1096,5991,5991,5991,1127,1880,-9,339,1160,1839,4587,1445,112,7478,25
17:04:26.414 [TLM] 43016,37891,-288,1093,6036,6036,6036,1149,1827,-10,389,1110,1889,3089,3241,112,7478,25
17:04:26.446 [TLM] 43026,37908,-272,1089,6095,6095,6095,988,2059,-13,417,1082,1917,4084,970,112,7478,25
17:04:26.482 [TLM] 43036,37921,-259,1087,6145,6145,6145,1083,1876,-12,433,1066,1933,2584,3567,112,7478,25
17:04:26.484 [TLM] 43046,37938,-242,1085,6202,6202,6202,1135,1931,-12,431,1068,1931,1790,2845,112,7478,25
17:04:26.484 [TLM] 43056,37950,-229,1085,6242,6242,6242,1329,1335,-5,294,1205,1794,2505,7361,112,7478,25
17:04:26.518 [TLM] 43066,37968,-211,1084,6264,6264,6264,1453,1781,-7,534,965,2034,-3262,6004,112,7478,25
17:04:26.518 [TLM] 43076,37984,-196,1084,6284,6284,6284,1279,1702,-7,200,1299,1700,3303,1349,112,7478,25
17:04:26.552 [TLM] 43086,37999,-181,1084,6293,6293,6293,1393,1665,-5,340,1159,1840,66,3687,112,7478,25
17:04:26.586 [TLM] 43096,38014,-166,1084,6302,6302,6302,1239,1756,-4,6,1493,1506,6602,-1928,112,7478,25
17:04:26.659 [TLM] 43106,38028,-151,1085,6315,6315,6315,1284,1759,-4,135,1364,1635,4089,205,112,7478,25
17:04:26.660 [TLM] 43116,38041,-138,1085,6329,6329,6329,1428,1545,-3,355,1144,1855,-834,6107,112,7478,25
17:04:26.691 [TLM] 43126,38056,-123,1086,6342,6342,6342,1410,1546,0,4,1495,1504,4587,985,112,7478,25
17:04:26.726 [TLM] 43136,38073,-106,1087,6348,6348,6348,1752,1392,1,-186,1686,1313,3258,-117,112,7478,25
17:04:26.728 [TLM] 43146,38088,-92,1088,6345,6345,6345,1573,1459,0,74,1425,1574,1344,3047,112,7478,25
17:04:26.729 [TLM] 43156,38102,-78,1089,6343,6343,6343,1513,1465,-1,260,1239,1760,-627,5514,112,7478,25
17:04:26.730 [TLM] 43166,38118,-62,1090,6339,6339,6339,1553,1268,1,-348,1848,1151,7408,-454,112,7478,25
17:04:26.732 [TLM] 43176,38132,-48,1091,6326,6326,6326,1646,1448,0,131,1368,1631,-857,4409,112,7478,25
17:04:26.762 [TLM] 43186,38149,-31,1091,6321,6321,6321,1554,1499,0,-1,1501,1498,1659,2022,112,23862,25
17:04:26.763 [TLM] 43196,38163,-17,1092,6319,6319,6319,1608,1410,0,-88,1588,1411,2362,1504,112,7606,25
17:04:26.796 [TLM] 43206,38179,-1,1092,6313,6313,6313,1581,1369,2,-204,1704,1295,4181,325,112,7606,25
17:04:26.798 [TLM] 43216,38194,13,1093,6296,6296,6296,1787,1237,5,-395,1895,1104,4394,-409,112,7606,25
17:04:26.833 [TLM] 43226,38209,28,1093,6277,6277,6277,1693,1267,6,-256,1756,1243,3895,483,112,7606,25
17:04:26.868 [TLM] 43236,38224,43,1092,6246,6246,6246,1802,1135,7,-411,1911,1088,5169,-224,112,7606,25
17:04:26.868 [TLM] 43246,38237,57,1092,6212,6212,6212,2091,964,11,-513,2013,986,2797,692,112,7606,25
17:04:26.901 [TLM] 43256,38254,73,1090,6163,6163,6163,1821,1237,9,-183,1683,1316,941,2092,112,7606,25
17:04:26.902 [TLM] 43266,38268,87,1088,6125,6125,6125,1836,1134,9,-176,1676,1323,712,3372,112,7606,25
17:04:26.937 [TLM] 43276,38282,101,1085,6080,6080,6080,1906,994,13,-782,2282,717,9041,-3589,112,7606,25
17:04:26.972 [TLM] 43286,38298,116,1082,6007,6007,6007,2137,718,15,-583,2083,916,3594,3451,112,7606,25
17:04:26.972 [TLM] 43296,38314,131,1077,5937,5937,5937,2008,1004,14,-492,1992,1007,3540,1030,112,7606,25
17:04:27.006 [TLM] 43306,38327,143,1072,5858,5858,5858,2259,547,19,-673,2173,826,3760,4377,112,7606,25
17:04:27.007 [TLM] 43316,38344,159,1064,5768,5768,5768,2244,917,19,-706,2206,793,3479,-835,112,7606,25
17:04:27.043 [TLM] 43326,38359,171,1056,5676,5676,5676,2041,975,17,-855,2355,644,7627,-2897,112,7606,25
17:04:27.044 [TLM] 43336,38375,183,1046,5593,5593,5593,1985,1205,14,-590,2090,909,4054,-2218,112,7606,25
17:04:27.076 [TLM] 43346,38387,193,1038,5523,5523,5523,1927,1017,15,-563,2063,936,4983,321,112,7606,25
17:04:27.077 [TLM] 43356,38402,203,1027,5428,5428,5428,2169,545,18,-580,2080,919,2861,6165,112,7606,25
17:04:27.112 [TLM] 43366,38419,213,1014,5338,5338,5338,1876,1375,14,-470,1970,1029,4755,-2732,112,7606,25
17:04:27.184 [TLM] 43376,38433,221,1002,5257,5257,5257,1985,969,13,-591,2091,908,4924,919,112,7606,25
17:04:27.218 [TLM] 43386,38447,228,990,5194,5194,5194,1785,1124,10,-560,2060,939,6450,-7,112,7606,25
17:04:27.220 [TLM] 43396,38462,234,976,5127,5127,5127,2070,881,15,-655,2155,844,5386,1263,112,7606,25
17:04:27.220 [TLM] 43406,38476,240,963,5067,5067,5067,1966,837,16,-595,2095,904,5786,2286,112,7606,25
17:04:27.221 [TLM] 43416,38492,245,948,4991,4991,4991,1991,972,16,-546,2046,953,5254,1384,112,7606,25
17:04:27.221 [TLM] 43426,38508,248,933,4921,4921,4921,2095,980,15,-532,2032,967,3530,1396,112,7606,25
17:04:27.251 [TLM] 43436,38523,251,917,4853,4853,4853,1670,1448,12,-812,2312,687,12000,-8082,112,7606,25
17:04:27.286 [TLM] 43446,38536,252,905,4786,4786,4786,2039,749,15,-379,1879,1120,2779,7170,112,7606,25
17:04:27.287 [TLM] 43456,38552,253,889,4718,4718,4718,1954,964,15,-579,2079,920,6794,819,112,7606,25
17:04:27.322 [TLM] 43466,38567,252,874,4651,4651,4651,2074,1110,14,-370,1870,1129,1782,2732,112,7606,25
17:04:27.322 [TLM] 43476,38581,251,860,4596,4596,4596,1985,936,13,-529,2029,970,5327,1931,112,7606,25
17:04:27.357 [TLM] 43486,38596,248,845,4530,4530,4530,1861,1369,13,-1075,2575,424,12000,-10365,112,7606,25
17:04:27.357 [TLM] 43496,38610,245,831,4449,4449,4449,2050,561,14,-429,1929,1070,3156,9211,112,7606,25
17:04:27.391 [TLM] 43506,38625,241,817,4391,4391,4391,1992,1073,16,-608,2108,891,6357,-289,112,7606,25
17:04:27.429 [TLM] 43516,38642,235,801,4323,4323,4323,2256,1028,18,-882,2382,617,6969,-3770,112,7606,25
17:04:27.460 [TLM] 43526,38658,229,787,4261,4261,4261,1892,1244,14,-698,2198,801,8152,-3933,112,7606,25
17:04:27.461 [TLM] 43536,38670,223,776,4198,4198,4198,2079,428,19,-653,2153,846,6727,6657,112,7606,25
17:04:27.462 [TLM] 43546,38685,215,763,4133,4133,4133,2207,985,19,-812,2312,687,7270,-2691,112,7606,25
17:04:27.499 [TLM] 43556,38701,205,750,4053,4053,4053,2316,800,19,-645,2145,854,3452,2265,112,7606,25
17:04:27.499 [TLM] 43566,38717,195,738,3976,3976,3976,2010,1056,16,-455,1955,1044,3872,1533,112,7606,25
17:04:27.532 [TLM] 43576,38732,185,727,3906,3906,3906,1908,1089,13,-409,1909,1090,4475,1708,112,7606,25
17:04:27.567 [TLM] 43586,38747,174,718,3832,3832,3832,2314,636,18,-772,2272,727,4841,1990,112,7606,25
17:04:27.567 [TLM] 43596,38764,160,707,3752,3752,3752,2130,1073,14,-686,2186,813,3761,-1198,112,7606,25
17:04:27.602 [TLM] 43606,38777,149,700,3691,3691,3691,1803,918,17,-708,2208,791,9550,-587,112,7606,25
17:04:27.602 [TLM] 43616,38791,137,693,3630,3630,3630,2097,1053,13,-380,1880,1119,519,3692,112,7606,25
17:04:27.637 [TLM] 43626,38806,123,687,3546,3546,3546,2094,486,20,-301,1801,1198,1152,10184,112,7606,25
17:04:27.637 [TLM] 43636,38824,106,681,3448,3448,3448,2156,1219,15,-171,1671,1328,-2407,2531,112,7606,25
17:04:27.671 [TLM] 43646,38837,94,677,3362,3362,3362,1774,1222,8,-376,1876,1123,3766,1018,112,7606,25
17:04:27.706 [TLM] 43656,38852,79,675,3278,3278,3278,2017,860,12,-432,1932,1067,2277,4869,112,7606,25
17:04:27.707 [TLM] 43666,38868,63,673,3206,3206,3206,1759,1413,8,-197,1697,1302,1320,1641,112,7606,25
17:04:27.742 [TLM] 43676,38883,49,673,3154,3154,3154,1709,1198,7,-224,1724,1275,2619,3600,112,7606,25
17:04:27.742 [TLM] 43686,38896,35,673,3113,3113,3113,1633,1305,6,-216,1716,1283,3277,2753,112,23990,25
17:04:27.778 [TLM] 43696,38910,21,674,3082,3082,3082,1677,1193,4,-57,1557,1442,817,6702,112,23990,25
17:04:27.780 [TLM] 43706,38927,4,675,3052,3052,3052,1692,1138,6,-218,1718,1281,3614,4598,112,7734,25
17:04:27.811 [TLM] 43716,38942,-10,676,3023,3023,3023,1637,1401,5,-61,1561,1438,1954,3547,112,7734,25
17:04:27.847 [TLM] 43726,38957,-25,678,3006,3006,3006,1551,1473,3,-65,1565,1434,3140,2547,112,7734,25
17:04:27.851 [TLM] 43736,38972,-39,680,2997,2997,2997,1551,1662,0,70,1429,1570,725,1881,112,7734,25
17:04:27.881 [TLM] 43746,38987,-54,683,2997,2997,2997,1468,1512,0,-277,1777,1222,6606,-1211,112,7734,25
17:04:27.881 [TLM] 43756,39003,-70,685,2997,2997,2997,1403,1792,0,0,1499,1500,3544,-1104,112,24118,25
17:04:27.917 [TLM] 43766,39017,-84,687,3000,3000,3000,1610,1464,0,5,1494,1505,734,2796,112,24118,25
17:04:27.953 [TLM] 43776,39032,-99,689,3002,3002,3002,1461,1554,-2,204,1295,1704,-691,4721,112,7862,25
17:04:27.953 [TLM] 43786,39049,-116,691,3013,3013,3013,1237,2117,-6,477,1022,1977,-2211,1284,112,7862,25
17:04:28.026 [TLM] 43796,39064,-131,693,3028,3028,3028,1371,1443,-5,93,1406,1593,2113,3461,112,7862,25
17:04:28.028 [TLM] 43806,39079,-146,695,3034,3034,3034,1265,1910,-12,1369,130,2869,-12000,12000,112,7862,25
17:04:28.030 [TLM] 43816,39096,-163,696,3071,3071,3071,718,2203,-16,654,845,2154,222,2345,112,7862,25
17:04:28.031 [TLM] 43826,39110,-176,697,3122,3122,3122,929,2184,-18,666,833,2166,-2353,3386,112,7862,25
17:04:28.057 [TLM] 43836,39126,-192,696,3201,3201,3201,957,1926,-13,136,1363,1636,5596,-1701,112,7862,25
17:04:28.057 [TLM] 43846,39138,-204,695,3260,3260,3260,723,2121,-14,-1,1501,1498,10673,-5329,112,7862,25
17:04:28.091 [TLM] 43856,39154,-220,693,3332,3332,3332,678,2463,-21,1102,397,2602,-4712,6175,112,7862,25
17:04:28.128 [TLM] 43866,39169,-235,689,3430,3430,3430,734,2030,-19,362,1137,1862,6104,881,112,7862,25
17:04:28.128 [TLM] 43876,39184,-249,684,3508,3508,3508,985,2181,-17,520,979,2020,862,1085,112,7862,25
17:04:28.162 [TLM] 43886,39198,-262,678,3591,3591,3591,1072,1649,-8,-140,1640,1359,9828,-2666,112,7862,25
17:04:28.200 [TLM] 43896,39212,-274,672,3649,3649,3649,1100,1875,-9,386,1113,1886,3018,2054,112,7862,25
17:04:28.200 [TLM] 43906,39226,-286,665,3703,3703,3703,1214,1510,-4,75,1424,1575,7033,1765,112,7862,25
17:04:28.200 [TLM] 43916,39241,-299,656,3742,3742,3742,1444,1588,-3,8,1491,1508,4755,571,112,7862,25
17:04:28.232 [TLM] 43926,39255,-310,648,3772,3772,3772,1457,1253,0,-37,1537,1462,6083,3739,112,7862,25
17:04:28.267 [TLM] 43936,39272,-323,638,3791,3791,3791,1623,1238,7,-991,2491,508,12000,-9717,112,7862,25
17:04:28.267 [TLM] 43946,39281,-331,633,3789,3789,3789,1772,846,11,-473,1973,1026,10104,3948,112,7862,25
17:04:28.381 [TLM] 43956,39298,-344,622,3777,3777,3777,2149,746,17,-739,2239,760,9337,664,112,7862,25
17:04:28.381 [TLM] 43966,39316,-359,612,3740,3740,3740,2763,796,22,-765,2265,734,1323,-858,112,7862,25
17:04:28.382 [TLM] 43976,39330,-371,604,3680,3680,3680,1776,1110,22,-1511,3011,-11,12000,-12000,112,7862,25
17:04:28.384 [TLM] 43986,39345,-384,598,3603,3603,3603,2153,721,19,-8,1508,1491,-1097,10693,112,7862,25
17:04:28.384 [TLM] 43996,39360,-398,591,3529,3529,3529,2379,711,25,-821,2321,678,7731,-1991,112,7862,25
17:04:28.385 [TLM] 44006,39376,-413,586,3402,3402,3402,2077,872,23,-863,2363,636,10253,-4871,112,7862,25
17:04:28.407 [TLM] 44016,39386,-423,584,3295,3295,3295,2507,-39,25,-868,2368,631,7022,8430,112,7862,25
17:04:28.442 [TLM] 44026,39404,-441,583,3178,3178,3178,2654,636,26,-938,2438,561,5113,-595,112,7862,25
17:04:28.443 [TLM] 44036,39419,-455,583,3064,3064,3064,2574,553,25,-859,2359,640,4356,2016,112,7862,25
17:04:28.478 [TLM] 44046,39434,-471,586,2949,2949,2949,2346,574,25,-868,2368,631,6704,1437,112,7862,25
17:04:28.479 [TLM] 44056,39451,-486,590,2828,2828,2828,2076,1254,23,-1226,2726,273,12000,-11761,112,7862,25
17:04:28.511 [TLM] 44066,39464,-498,595,2710,2710,2710,2460,446,14,-117,1617,1382,-5917,12000,112,7862,25
17:04:28.546 [TLM] 44076,39483,-516,604,2600,2600,2600,1830,1466,6,-239,1739,1260,28,1910,112,24246,25
17:04:28.546 [TLM] 44086,39493,-524,610,2533,2533,2533,2098,471,19,-653,2153,846,5179,6884,112,24246,25
17:04:28.582 [TLM] 44096,39512,-539,621,2454,2454,2454,2347,1255,17,-516,2016,983,-1267,-919,112,7990,25
17:04:28.582 [TLM] 44106,39525,-549,629,2384,2384,2384,1705,949,13,-315,1815,1184,4028,5825,112,7990,25
17:04:28.617 [TLM] 44116,39540,-559,640,2325,2325,2325,1581,1293,9,162,1337,1662,-738,8155,112,7990,25
17:04:28.617 [TLM] 44126,39553,-568,650,2270,2270,2270,1692,961,8,-271,1771,1228,4638,6740,112,7990,25
17:04:28.653 [TLM] 44136,39570,-578,663,2219,2219,2219,1628,1488,6,-196,1696,1303,4293,1411,112,7990,25
17:04:28.686 [TLM] 44146,39586,-588,677,2177,2177,2177,1557,1495,2,-2,1502,1497,2079,3932,112,7990,25
17:04:28.686 [TLM] 44156,39601,-596,688,2159,2159,2159,1506,1698,0,300,1199,1800,-1791,5492,112,7990,25
17:04:28.721 [TLM] 44166,39616,-605,701,2148,2148,2148,1389,1603,-2,99,1400,1599,2152,3353,112,7990,25
17:04:28.721 [TLM] 44176,39632,-613,714,2151,2151,2151,1382,1767,-4,183,1316,1683,936,2571,112,7990,25
17:04:28.759 [TLM] 44186,39646,-621,727,2164,2164,2164,1224,1724,-6,274,1225,1774,1577,4142,112,7990,25
17:04:28.759 [TLM] 44196,39661,-629,738,2184,2184,2184,1217,1689,-7,185,1314,1685,3232,3553,112,7990,25
17:04:28.792 [TLM] 44206,39679,-640,753,2209,2209,2209,758,2652,-12,466,1033,1966,4362,-5010,112,7990,25
17:04:28.828 [TLM] 44216,39693,-648,764,2239,2239,2239,947,1864,-17,889,610,2389,-3414,10726,112,7990,25
17:04:28.828 [TLM] 44226,39707,-657,775,2276,2276,2276,982,2030,-19,600,899,2100,-488,5140,112,7990,25
17:04:28.863 [TLM] 44236,39723,-668,787,2333,2333,2333,737,2388,-18,616,883,2116,2388,-141,112,7990,25
17:04:28.863 [TLM] 44246,39739,-680,798,2400,2400,2400,998,2207,-14,77,1422,1577,6821,-5793,112,7990,25
17:04:28.897 [TLM] 44256,39754,-691,808,2461,2461,2461,1146,1908,-15,706,793,2206,-4019,7190,112,7990,25
17:04:28.932 [TLM] 44266,39768,-703,816,2512,2512,2512,913,2074,-14,741,758,2241,-1407,4768,112,7990,25
17:04:28.932 [TLM] 44276,39784,-716,825,2577,2577,2577,1007,1889,-11,-122,1622,1377,10150,-5084,112,7990,25
17:04:28.967 [TLM] 44286,39799,-729,833,2639,2639,2639,1018,1985,-12,435,1064,1935,2203,1560,112,7990,25
17:04:28.968 [TLM] 44296,39812,-741,839,2693,2693,2693,1038,1916,-12,434,1065,1934,1958,2327,112,7990,25
17:04:29.002 [TLM] 44306,39827,-754,845,2748,2748,2748,1218,1692,-8,150,1349,1650,4339,977,112,7990,25
17:04:29.002 [TLM] 44316,39843,-769,850,2796,2796,2796,1624,1589,-4,300,1199,1800,-2821,4086,112,7990,25
17:04:29.072 [TLM] 44326,39857,-782,855,2833,2833,2833,1286,1656,-4,190,1309,1690,2565,2003,112,7990,25
17:04:29.073 [TLM] 44336,39874,-798,860,2874,2874,2874,1130,1968,-7,203,1296,1703,4256,-1532,112,7990,25
17:04:29.074 [TLM] 44346,39887,-811,863,2909,2909,2909,1316,1624,-4,-71,1571,1428,5999,-1249,112,7990,25
17:04:29.107 [TLM] 44356,39903,-827,866,2934,2934,2934,1295,1690,-4,160,1339,1660,3531,1276,112,7990,25
17:04:29.107 [TLM] 44366,39917,-840,869,2949,2949,2949,1528,1448,-5,559,940,2059,-5133,9610,112,7990,25
17:04:29.143 [TLM] 44376,39933,-856,872,2970,2970,2970,1298,1620,-5,155,1344,1655,3207,2317,112,7990,25
17:04:29.180 [TLM] 44386,39946,-869,874,2990,2990,2990,1424,1481,-6,452,1047,1952,-2605,8680,112,7990,25
17:04:29.182 [TLM] 44396,39965,-887,876,3012,3012,3012,1319,1886,-6,217,1282,1717,1756,-563,112,7990,25
17:04:29.184 [TLM] 44406,39977,-900,878,3021,3021,3021,1417,1536,-8,353,1146,1853,-1573,6297,112,7990,25
17:04:29.211 [TLM] 44416,39994,-916,880,3031,3031,3031,1054,1842,-10,426,1073,1926,1542,3416,112,7990,25
17:04:29.246 [TLM] 44426,40009,-931,881,3053,3053,3053,1179,1722,-9,421,1078,1921,0,5159,112,7990,25
17:04:29.247 [TLM] 44436,40023,-946,882,3084,3084,3084,1051,2112,-12,414,1085,1914,1068,537,112,7990,25
17:04:29.283 [TLM] 44446,40037,-960,883,3128,3128,3128,1230,1537,-6,96,1403,1596,4083,2469,112,7990,25
17:04:29.315 [TLM] 44456,40052,-974,883,3154,3154,3154,1228,1641,-7,410,1089,1910,-26,5909,112,7990,25
17:04:29.317 [TLM] 44466,40067,-989,882,3181,3181,3181,1290,1399,-6,159,1340,1659,2917,5105,112,7990,25
17:04:29.318 [TLM] 44476,40084,-1006,881,3208,3208,3208,1316,1796,-10,584,915,2084,-4447,7475,112,7990,25
17:04:29.353 [TLM] 44486,40099,-1021,880,3246,3246,3246,890,2231,-12,435,1064,1935,2572,-766,112,7990,25
17:04:29.387 [TLM] 44496,40114,-1037,878,3297,3297,3297,1141,1801,-9,324,1175,1824,1811,2715,112,7990,25
17:04:29.422 [TLM] 44506,40129,-1051,875,3344,3344,3344,1045,1885,-6,-235,1735,1264,11990,-7884,112,7990,25
17:04:29.423 [TLM] 44516,40141,-1062,873,3379,3379,3379,1243,1506,-8,408,1091,1908,35,8095,112,7990,25
17:04:29.423 [TLM] 44526,40157,-1078,869,3415,3415,3415,1328,1646,-9,1071,428,2571,-10694,12000,112,7990,25
17:04:29.457 [TLM] 44536,40173,-1093,864,3466,3466,3466,1136,1826,-6,-8,1508,1491,7773,-2236,112,7990,25
17:04:29.457 [TLM] 44546,40186,-1106,859,3506,3506,3506,1394,1583,-4,-230,1730,1269,7587,-1971,112,7990,25
17:04:29.492 [TLM] 44556,40204,-1122,853,3544,3544,3544,1244,1910,-5,-94,1594,1405,7265,-4260,112,7990,25
17:04:29.527 [TLM] 44566,40218,-1135,847,3576,3576,3576,1413,1559,-4,231,1268,1731,1292,4095,112,7990,25
17:04:29.528 [TLM] 44576,40232,-1148,841,3597,3597,3597,1385,1675,-5,151,1348,1651,2393,1538,112,7990,25
17:04:29.563 [TLM] 44586,40248,-1162,834,3620,3620,3620,1336,1709,-7,295,1204,1795,254,3587,112,7990,25
17:04:29.564 [TLM] 44596,40263,-1176,826,3648,3648,3648,1271,1773,-7,247,1252,1747,1432,1837,112,7990,25
17:04:29.597 [TLM] 44606,40278,-1188,819,3676,3676,3676,1296,1760,-7,245,1254,1745,927,2105,112,7990,25
17:04:29.597 [TLM] 44616,40294,-1202,811,3704,3704,3704,1351,1405,-4,145,1354,1645,2037,4929,112,7990,25
17:04:29.634 [TLM] 44626,40308,-1214,803,3717,3717,3717,1290,1736,-10,750,749,2250,-6479,9746,112,7990,25
17:04:29.667 [TLM] 44636,40324,-1227,794,3752,3752,3752,1255,1545,-6,214,1285,1714,1815,4553,112,7990,25
17:04:29.668 [TLM] 44646,40338,-1238,786,3780,3780,3780,1343,1812,-6,219,1280,1719,320,1650,112,7990,25
17:04:29.704 [TLM] 44656,40354,-1251,776,3815,3815,3815,1231,1650,-6,207,1292,1707,2083,3033,112,7990,25
17:04:29.706 [TLM] 44666,40366,-1260,768,3839,3839,3839,1542,1032,0,-233,1733,1266,5199,4842,112,24374,25
17:04:29.736 [TLM] 44676,40385,-1275,756,3859,3859,3859,1602,1706,0,-122,1622,1377,2119,-2086,112,24374,25
17:04:29.737 [TLM] 44686,40400,-1285,746,3878,3878,3878,1458,1519,0,0,1500,1499,2432,1638,112,8118,25
17:04:29.772 [TLM] 44696,40414,-1296,736,3889,3889,3889,1512,1435,4,-537,2037,962,10224,-5668,112,8118,25
17:04:29.806 [TLM] 44706,40429,-1307,726,3876,3876,3876,1661,1362,6,-218,1718,1281,4281,-259,112,8118,25
17:04:29.842 [TLM] 44716,40444,-1318,717,3852,3852,3852,1702,1210,7,-351,1851,1148,5822,-446,112,8118,25
17:04:29.842 [TLM] 44726,40458,-1329,708,3813,3813,3813,1894,947,11,-436,1936,1063,5090,1600,112,8118,25
17:04:29.843 [TLM] 44736,40473,-1341,699,3765,3765,3765,1964,1170,10,-260,1760,1239,836,2031,112,8118,25
17:04:29.877 [TLM] 44746,40488,-1354,690,3716,3716,3716,1800,1108,13,-632,2132,867,9160,-3537,112,8118,25
17:04:29.915 [TLM] 44756,40501,-1365,683,3662,3662,3662,2057,941,13,-421,1921,1078,2669,2474,112,8118,25
17:04:29.916 [TLM] 44766,40516,-1378,676,3599,3599,3599,2016,855,15,-390,1890,1109,2945,3710,112,8118,25
17:04:29.946 [TLM] 44776,40532,-1392,670,3519,3519,3519,2108,632,18,-1059,2559,440,11630,-2866,112,8118,25
17:04:29.947 [TLM] 44786,40547,-1407,665,3426,3426,3426,2324,695,21,-902,2402,597,6977,-1504,112,8118,25
17:04:29.982 [TLM] 44796,40560,-1420,662,3335,3335,3335,2316,644,21,-609,2109,890,2859,3349,112,8118,25
17:04:29.984 [TLM] 44806,40576,-1435,660,3230,3230,3230,2165,907,19,-644,2144,855,4828,-26,112,8118,25
17:04:30.016 [TLM] 44816,40591,-1450,660,3130,3130,3130,2256,757,15,-395,1895,1104,-488,5889,112,8118,25
17:04:30.017 [TLM] 44826,40608,-1467,661,3031,3031,3031,1961,1128,16,-786,2286,713,8473,-4501,112,8118,25
17:04:30.053 [TLM] 44836,40621,-1480,663,2949,2949,2949,2278,693,15,202,1297,1702,-9832,12000,112,8118,25
17:04:30.087 [TLM] 44846,40638,-1497,667,2858,2858,2858,1992,887,19,-863,2363,636,9495,-3162,112,8118,25
17:04:30.088 [TLM] 44856,40651,-1509,671,2773,2773,2773,1935,1145,13,-491,1991,1008,4065,369,112,8118,25
17:04:30.159 [TLM] 44866,40667,-1524,678,2680,2680,2680,1756,1098,6,-157,1657,1342,175,6765,112,8118,25
17:04:30.160 [TLM] 44876,40681,-1536,685,2618,2618,2618,1719,1200,20,-774,2274,725,12000,-5588,112,24502,25
17:04:30.160 [TLM] 44886,40693,-1546,691,2544,2544,2544,2083,706,19,-618,2118,881,6200,3929,112,8246,25
17:04:30.161 [TLM] 44896,40710,-1560,701,2469,2469,2469,1982,1213,14,-334,1834,1165,3061,1363,112,8246,25
17:04:30.191 [TLM] 44906,40725,-1571,711,2398,2398,2398,1959,1022,10,-115,1615,1384,-350,6731,112,8246,25
17:04:30.227 [TLM] 44916,40741,-1582,722,2336,2336,2336,1609,1321,4,-265,1765,1234,4983,2496,112,8246,25
17:04:30.227 [TLM] 44926,40757,-1593,734,2297,2297,2297,1529,1935,0,104,1395,1604,438,-495,112,8246,25
17:04:30.262 [TLM] 44936,40772,-1602,745,2266,2266,2266,1247,1684,-8,972,527,2472,-9567,12000,112,8246,25
17:04:30.262 [TLM] 44946,40789,-1613,758,2272,2272,2272,807,2607,-15,816,683,2316,-2985,2058,111,8246,25
17:04:30.295 [TLM] 44956,40804,-1624,770,2302,2302,2302,896,2107,-19,778,721,2278,-3934,6587,111,8246,25
17:04:30.296 [TLM] 44966,40821,-1635,782,2357,2357,2357,884,2245,-17,260,1239,1760,3925,-2541,111,8246,25
17:04:30.331 [TLM] 44976,40834,-1645,791,2419,2419,2419,701,2190,-19,449,1050,1949,3609,781,111,8246,25
17:04:30.366 [TLM] 44986,40851,-1658,801,2512,2512,2512,609,2481,-23,722,777,2222,445,1135,111,8246,25
17:04:30.402 [TLM] 44996,40864,-1669,809,2610,2610,2610,649,2346,-19,389,1110,1889,5690,-2963,111,8246,25
17:04:30.437 [TLM] 45006,40878,-1681,815,2710,2710,2710,914,1716,-14,640,859,2140,481,8320,111,8246,25
17:04:30.438 [TLM] 45016,40894,-1696,821,2781,2781,2781,731,2742,-17,522,977,2022,3934,-6126,111,8246,25
17:04:30.439 [TLM] 45026,40908,-1710,825,2869,2869,2869,1060,1708,-13,444,1055,1944,2098,4808,111,8246,25
17:04:30.439 [TLM] 45036,40922,-1723,828,2919,2919,2919,955,1962,-12,423,1076,1923,4061,1349,111,8246,25
17:04:30.473 [TLM] 45046,40938,-1739,831,2980,2980,2980,1211,1811,-12,461,1038,1961,109,4158,111,8246,25
17:04:30.507 [TLM] 45056,40953,-1754,833,3031,3031,3031,977,1858,-12,414,1085,1914,3735,2833,111,8246,25
17:04:30.508 [TLM] 45066,40966,-1767,834,3072,3072,3072,1286,1458,-5,-27,1527,1472,7621,1243,111,8246,25
17:04:30.541 [TLM] 45076,40982,-1783,835,3094,3094,3094,1578,1763,-6,255,1244,1755,-1032,1975,111,8246,25
17:04:30.542 [TLM] 45086,40996,-1797,836,3120,3120,3120,1270,1540,-4,518,981,2018,-1048,7902,111,8246,25
17:04:30.576 [TLM] 45096,41011,-1812,836,3137,3137,3137,1403,1686,-4,-59,1559,1440,5380,-1544,111,8246,25
17:04:30.577 [TLM] 45106,41028,-1829,836,3153,3153,3153,1344,1578,-6,267,1232,1767,777,4829,111,8246,25
17:04:30.614 [TLM] 45116,41041,-1842,836,3168,3168,3168,1436,1571,-3,138,1361,1638,1795,3047,111,8246,25
17:04:30.647 [TLM] 45126,41056,-1857,835,3180,3180,3180,1540,1116,0,14,1485,1514,2537,7236,111,41014,25
17:04:30.647 [TLM] 45136,41073,-1874,834,3194,3194,3194,1382,1959,-2,322,1177,1822,-2267,4977,111,57398,25
17:04:30.685 [TLM] 45146,41087,-1888,833,3212,3212,3212,1524,1302,1,-653,2153,846,12000,-4885,111,24630,25
17:04:30.687 [TLM] 45156,41102,-1902,832,3217,3217,3217,1601,1600,0,37,1462,1537,1248,1608,111,8247,25
17:04:30.717 [TLM] 45166,41118,-1919,831,3220,3220,3220,1454,1459,1,-7,1507,1492,4073,1641,111,8247,25
17:04:30.718 [TLM] 45176,41132,-1932,830,3211,3211,3211,1591,1481,0,580,919,2080,-6183,9873,111,8247,25
17:04:30.751 [TLM] 45186,41149,-1949,829,3203,3203,3203,1589,1390,1,-160,1660,1339,4387,245,111,8247,25
17:04:30.786 [TLM] 45196,41164,-1964,828,3188,3188,3188,1589,1508,0,220,1279,1720,-1266,4538,111,8247,25
17:04:30.787 [TLM] 45206,41179,-1979,828,3174,3174,3174,1716,1141,2,-60,1560,1439,1509,4274,111,8247,25
17:04:30.823 [TLM] 45216,41193,-1993,827,3154,3154,3154,1571,1510,0,162,1337,1662,-1061,3885,111,8247,25
17:04:30.823 [TLM] 45226,41208,-2008,827,3148,3148,3148,1513,1418,0,-5,1505,1494,2180,2387,111,8247,25
17:04:30.856 [TLM] 45236,41223,-2023,827,3143,3143,3143,1644,1415,0,-337,1837,1162,4842,-1814,111,8247,25
17:04:30.894 [TLM] 45246,41238,-2039,827,3142,3142,3142,1394,1417,1,-4,1504,1495,3535,2905,111,8247,25
17:04:30.895 [TLM] 45256,41251,-2052,827,3137,3137,3137,1717,1062,4,-32,1532,1467,556,6834,111,8247,25
17:04:30.928 [TLM] 45266,41269,-2069,827,3125,3125,3125,1443,1765,1,-11,1511,1488,3475,-1462,111,8247,25
17:04:30.929 [TLM] 45276,41281,-2082,827,3122,3122,3122,1682,1197,3,-140,1640,1359,2650,3385,111,8247,25
17:04:30.961 [TLM] 45286,41299,-2099,828,3112,3112,3112,1617,1482,1,73,1426,1573,-453,3216,111,8247,25
17:04:30.961 [TLM] 45296,41313,-2113,828,3110,3110,3110,1514,1556,-1,465,1034,1965,-5207,8233,111,8247,25
17:04:30.997 [TLM] 45306,41328,-2128,829,3116,3116,3116,1553,1239,5,-539,2039,960,9562,-2635,111,8247,25
17:04:30.999 [TLM] 45316,41342,-2143,829,3107,3107,3107,1654,1628,1,-58,1558,1441,874,-4,111,8247,25
17:04:31.031 [TLM] 45326,41358,-2159,830,3104,3104,3104,1527,1403,1,-8,1508,1491,1677,3104,111,8247,25
17:04:31.067 [TLM] 45336,41373,-2174,830,3102,3102,3102,1465,1482,1,-22,1522,1477,2691,1797,111,8247,25
17:04:31.068 [TLM] 45346,41389,-2189,831,3101,3101,3101,1507,1573,0,-1182,2682,317,12000,-12000,111,8247,25
17:04:31.141 [TLM] 45356,41401,-2201,831,3098,3098,3098,1455,1407,0,0,1499,1500,2202,3822,111,57399,25
17:04:31.142 [TLM] 45366,41417,-2217,832,3101,3101,3101,1417,1623,0,-1,1501,1498,2974,751,111,57399,25
17:04:31.142 [TLM] 45376,41432,-2232,833,3104,3104,3104,1554,1497,0,100,1399,1600,-137,3564,111,8248,25
17:04:31.143 [TLM] 45386,41448,-2249,833,3107,3107,3107,1508,1425,1,-92,1592,1407,3292,1463,111,8248,25
17:04:31.172 [TLM] 45396,41462,-2263,834,3103,3103,3103,1566,1510,0,31,1468,1531,573,2114,111,8248,25
17:04:31.208 [TLM] 45406,41479,-2279,834,3101,3101,3101,1466,1524,0,1,1498,1501,2204,1392,111,8248,25
17:04:31.210 [TLM] 45416,41493,-2293,835,3097,3097,3097,1624,1397,0,57,1442,1557,-949,4028,111,8248,25
17:04:31.242 [TLM] 45426,41509,-2309,836,3093,3093,3093,1541,1441,0,-73,1573,1426,1884,1799,111,8248,25
17:04:31.243 [TLM] 45436,41523,-2324,837,3090,3090,3090,1507,1555,0,0,1499,1500,1250,876,111,8248,25
17:04:31.278 [TLM] 45446,41539,-2339,837,3082,3082,3082,1519,1345,1,-123,1623,1376,3135,1767,111,8248,25
17:04:31.280 [TLM] 45456,41553,-2353,838,3075,3075,3075,1371,1711,-1,54,1445,1554,1848,389,111,8248,25
17:04:31.311 [TLM] 45466,41569,-2369,839,3081,3081,3081,1454,1379,1,-61,1561,1438,3599,1657,111,8248,25
17:04:31.347 [TLM] 45476,41584,-2385,840,3074,3074,3074,1467,1719,-2,98,1401,1598,401,817,111,8248,25
17:04:31.382 [TLM] 45486,41600,-2400,841,3076,3076,3076,1389,1577,-1,137,1362,1637,799,2275,111,8248,25
17:04:31.383 [TLM] 45496,41614,-2415,842,3079,3079,3079,1302,2019,-5,203,1296,1703,147,-1555,111,8248,25
17:04:31.384 [TLM] 45506,41627,-2427,843,3083,3083,3083,1382,1330,-2,1,1498,1501,3199,3502,111,8248,25
17:04:31.416 [TLM] 45516,41644,-2444,844,3084,3084,3084,1265,1976,-4,91,1408,1591,2867,-2978,111,8248,25
17:04:31.451 [TLM] 45526,41658,-2458,845,3090,3090,3090,1478,1219,-2,333,1166,1833,-2616,9746,111,8248,25
17:04:31.486 [TLM] 45536,41673,-2473,845,3093,3093,3093,1412,1877,-5,25,1474,1525,1498,-1706,111,8248,25
17:04:31.487 [TLM] 45546,41689,-2489,846,3103,3103,3103,1416,1536,-2,286,1213,1786,-1753,6034,111,8248,25
17:04:31.488 [TLM] 45556,41703,-2503,847,3113,3113,3113,1387,1645,0,-64,1564,1435,4161,-1057,111,8248,25
17:04:31.521 [TLM] 45566,41718,-2518,847,3115,3115,3115,1419,1502,-1,86,1413,1586,1775,3189,111,8248,25
17:04:31.522 [TLM] 45576,41732,-2532,847,3120,3120,3120,1239,1726,0,-2,1502,1497,5632,-1366,111,24632,25
17:04:31.556 [TLM] 45586,41749,-2549,848,3132,3132,3132,1728,1504,5,-1234,2734,265,12000,-12000,111,57400,25
17:04:31.558 [TLM] 45596,41762,-2562,848,3132,3132,3132,1484,1576,0,96,1403,1596,25,3012,111,8249,25
17:04:31.593 [TLM] 45606,41777,-2577,848,3142,3142,3142,1397,1366,0,-15,1515,1484,3624,3614,111,8249,25
17:04:31.627 [TLM] 45616,41793,-2593,848,3144,3144,3144,1548,1510,0,-29,1529,1470,2061,1546,111,8249,25
17:04:31.628 [TLM] 45626,41808,-2607,848,3146,3146,3146,1475,1535,0,-19,1519,1480,3009,1251,111,8249,25
17:04:31.661 [TLM] 45636,41821,-2621,848,3142,3142,3142,1627,1398,1,-179,1679,1320,3376,471,111,8249,25
17:04:31.696 [TLM] 45646,41837,-2637,848,3133,3133,3133,1526,1551,2,-157,1657,1342,4408,-1294,111,8249,25
17:04:31.698 [TLM] 45656,41851,-2651,848,3123,3123,3123,1624,1422,1,142,1357,1642,-1271,4834,111,8249,25
17:04:31.698 [TLM] 45666,41868,-2668,848,3116,3116,3116,1566,1409,1,-86,1586,1413,2596,1584,111,8249,25
17:04:31.734 [TLM] 45676,41883,-2683,849,3105,3105,3105,1521,1756,0,-108,1608,1391,2865,-2645,111,8249,25
17:04:31.766 [TLM] 45686,41898,-2698,849,3092,3092,3092,1651,1120,0,140,1359,1640,-2134,8160,111,8249,25
17:04:31.767 [TLM] 45696,41912,-2712,850,3086,3086,3086,1517,1547,0,103,1396,1603,27,2780,111,8249,25
17:04:31.801 [TLM] 45706,41929,-2729,851,3088,3088,3088,1417,1653,0,0,1500,1499,2892,-208,111,8249,25
17:04:31.802 [TLM] 45716,41943,-2743,852,3092,3092,3092,1485,1654,0,-18,1518,1481,2029,-380,111,8249,25
17:04:31.836 [TLM] 45726,41959,-2759,852,3096,3096,3096,1505,1538,0,-304,1804,1195,5553,-2837,111,8249,25
17:04:31.871 [TLM] 45736,41973,-2773,853,3096,3096,3096,1557,1509,0,25,1474,1525,163,1878,111,8249,25
17:04:31.872 [TLM] 45746,41990,-2789,854,3095,3095,3095,1494,1530,0,2,1497,1502,1274,1231,111,8249,25
17:04:31.907 [TLM] 45756,42005,-2804,855,3094,3094,3094,1506,1494,0,22,1477,1522,822,2066,111,8249,25
17:04:31.907 [TLM] 45766,42020,-2820,855,3095,3095,3095,1409,1647,0,-315,1815,1184,6940,-4708,111,8249,25
17:04:31.943 [TLM] 45776,42033,-2833,856,3100,3100,3100,1396,1472,0,68,1431,1568,1950,2666,111,8249,25
17:04:31.944 [TLM] 45786,42048,-2847,856,3100,3100,3100,1539,1368,0,-7,1507,1492,1344,3034,111,8249,25
17:04:31.978 [TLM] 45796,42063,-2863,857,3096,3096,3096,1368,1787,0,-1187,2687,312,12000,-12000,111,8249,25
17:04:31.980 [TLM] 45806,42078,-2878,858,3103,3103,3103,1576,1381,0,-11,1511,1488,1022,4006,111,57401,25
17:04:32.011 [TLM] 45816,42091,-2891,858,3109,3109,3109,1421,1517,-1,175,1324,1675,309,4729,111,41017,25
17:04:32.048 [TLM] 45826,42107,-2907,859,3118,3118,3118,1527,1249,0,310,1189,1810,-2437,9817,111,8250,25
17:04:32.048 [TLM] 45836,42121,-2921,859,3125,3125,3125,1319,1693,0,444,1055,1944,-1668,6230,111,8250,25
17:04:32.084 [TLM] 45846,42137,-2937,859,3139,3139,3139,1544,1472,1,-132,1632,1367,4610,203,111,8250,25
17:04:32.117 [TLM] 45856,42152,-2952,859,3141,3141,3141,1588,1646,0,-131,1631,1368,3356,-2073,111,8250,25
17:04:32.117 [TLM] 45866,42168,-2968,859,3136,3136,3136,1638,1469,1,-15,1515,1484,1062,1814,111,8250,25
17:04:32.118 [TLM] 45876,42182,-2982,859,3128,3128,3128,1517,1698,0,0,1499,1500,2021,-622,111,8250,25
17:04:32.151 [TLM] 45886,42199,-2999,859,3122,3122,3122,1563,1452,0,0,1500,1499,1185,2283,111,8250,25
17:04:32.186 [TLM] 45896,42214,-3014,860,3117,3117,3117,1567,1458,0,18,1481,1518,683,2397,111,8250,25
17:04:32.187 [TLM] 45906,42229,-3029,860,3115,3115,3115,1566,1447,0,28,1471,1528,447,2725,111,8250,25
17:04:32.221 [TLM] 45916,42242,-3042,861,3115,3115,3115,1384,1514,0,73,1426,1573,2120,2490,111,8250,25
17:04:32.222 [TLM] 45926,42258,-3058,861,3118,3118,3118,1435,1601,0,-2,1502,1497,2623,47,111,8250,25
17:04:32.256 [TLM] 45936,42273,-3073,861,3119,3119,3119,1561,1443,0,166,1333,1666,-1223,4348,111,8250,25
17:04:32.257 [TLM] 45946,42290,-3090,862,3116,3116,3116,1565,1539,0,89,1410,1589,-440,2040,111,8250,25
17:04:32.292 [TLM] 45956,42304,-3104,862,3115,3115,3115,1477,1455,0,155,1344,1655,-171,4047,111,8250,25
17:04:32.328 [TLM] 45966,42319,-3119,862,3112,3112,3112,1587,1302,0,90,1409,1590,-598,5146,111,8250,25
17:04:32.363 [TLM] 45976,42332,-3132,863,3104,3104,3104,1513,1458,1,-65,1565,1434,2804,1119,111,24634,25
17:04:32.364 [TLM] 45986,42349,-3149,864,3099,3099,3099,1476,1558,1,-213,1713,1286,5338,-2262,111,24634,25
17:04:32.364 [TLM] 45996,42363,-3162,864,3092,3092,3092,1548,1472,1,130,1369,1630,-606,3726,111,8378,25
17:04:32.397 [TLM] 46006,42378,-3177,865,3087,3087,3087,1480,1623,0,1,1498,1501,1907,82,111,8378,25
17:04:32.397 [TLM] 46016,42391,-3191,866,3081,3081,3081,1827,833,6,22,1477,1522,-1442,9452,111,8378,25
17:04:32.431 [TLM] 46026,42408,-3208,867,3052,3052,3052,1651,1692,5,-166,1666,1333,2661,-3473,111,8378,25
17:04:32.467 [TLM] 46036,42422,-3221,869,3010,3010,3010,1906,776,9,-181,1681,1318,973,7857,111,8378,25
17:04:32.469 [TLM] 46046,42436,-3235,871,2959,2959,2959,2046,911,18,-1623,3123,-123,12000,-12000,111,8378,25
17:04:32.502 [TLM] 46056,42449,-3248,874,2884,2884,2884,2265,469,18,-488,1988,1011,1492,8240,111,8378,25
17:04:32.503 [TLM] 46066,42466,-3264,879,2794,2794,2794,2196,589,25,-924,2424,575,9820,-1361,111,8378,25
17:04:32.537 [TLM] 46076,42480,-3277,884,2700,2700,2700,2500,684,26,-917,2417,582,6037,-1750,111,8378,25
17:04:32.537 [TLM] 46086,42495,-3290,892,2570,2570,2570,2509,325,28,-963,2463,536,6363,2228,111,8378,25
17:04:32.572 [TLM] 46096,42509,-3302,900,2454,2454,2454,2612,525,28,-975,2475,524,4835,-256,111,8378,25
17:04:32.606 [TLM] 46106,42525,-3313,911,2305,2305,2305,2517,457,27,-915,2415,584,4725,1971,111,8378,25
17:04:32.607 [TLM] 46116,42539,-3321,922,2179,2179,2179,2357,556,25,-810,2310,689,5032,2581,111,8378,25
17:04:32.641 [TLM] 46126,42556,-3330,937,2031,2031,2031,2381,749,10,1396,103,2896,-12000,12000,111,8378,25
17:04:32.641 [TLM] 46136,42571,-3336,950,1926,1926,1926,1598,1614,13,-365,1865,1134,5049,-2258,111,24762,25
17:04:32.677 [TLM] 46146,42582,-3339,962,1815,1815,1815,2276,-94,22,-556,2056,943,2561,12000,111,24762,25
17:04:32.678 [TLM] 46156,42601,-3342,980,1703,1703,1703,1975,1547,14,-511,2011,988,3551,-2736,111,8506,25
17:04:32.711 [TLM] 46166,42614,-3343,993,1600,1600,1600,2126,469,19,-640,2140,859,4968,6216,111,8506,25
17:04:32.747 [TLM] 46176,42629,-3343,1008,1495,1495,1495,1712,1277,12,-724,2224,775,9800,-2171,111,8506,25
17:04:32.747 [TLM] 46186,42643,-3341,1021,1417,1417,1417,1720,1221,8,-85,1585,1414,964,6964,111,8506,25
17:04:32.782 [TLM] 46196,42661,-3338,1039,1340,1340,1340,1613,1695,4,-56,1556,1443,1658,1128,111,8506,25
17:04:32.782 [TLM] 46206,42673,-3334,1051,1291,1291,1291,1463,1448,2,20,1479,1520,2779,5014,111,8506,25
17:04:32.816 [TLM] 46216,42689,-3330,1066,1253,1253,1253,1419,1577,0,178,1321,1678,904,5567,111,8506,25
17:04:32.852 [TLM] 46226,42705,-3324,1082,1230,1230,1230,1414,1603,0,58,1441,1558,3258,2891,111,8506,25
17:04:32.852 [TLM] 46236,42719,-3320,1094,1210,1210,1210,1363,1440,-6,883,616,2383,-8350,12000,111,8506,25
17:04:32.888 [TLM] 46246,42733,-3315,1107,1211,1211,1211,1185,1882,-5,460,1039,1960,600,5915,111,8506,25
17:04:32.923 [TLM] 46256,42750,-3309,1124,1222,1222,1222,1424,1643,-5,166,1333,1666,1810,3594,111,8506,25
17:04:32.923 [TLM] 46266,42765,-3304,1138,1236,1236,1236,1248,1643,-5,207,1292,1707,2902,4720,111,8506,25
17:04:32.924 [TLM] 46276,42780,-3299,1152,1264,1264,1264,1315,2035,-5,220,1279,1720,2116,-343,111,8506,25
17:04:32.959 [TLM] 46286,42795,-3295,1167,1298,1298,1298,1235,1713,-6,710,789,2210,-3907,10178,111,8506,25
17:04:32.959 [TLM] 46296,42809,-3291,1179,1334,1334,1334,1243,1580,-5,504,995,2004,-495,8431,111,8506,25
17:04:32.994 [TLM] 46306,42825,-3288,1196,1372,1372,1372,1355,1691,-3,60,1439,1560,4912,773,111,8506,25
17:04:33.026 [TLM] 46316,42841,-3285,1211,1400,1400,1400,1500,1642,-3,120,1379,1620,1928,2199,111,8506,25
17:04:33.026 [TLM] 46326,42856,-3283,1226,1424,1424,1424,1439,1653,-3,131,1368,1631,2260,2095,111,8506,25
17:04:33.064 [TLM] 46336,42870,-3281,1240,1443,1443,1443,1286,1899,-3,-1219,2719,280,12000,-12000,111,24890,25
17:04:33.096 [TLM] 46346,42884,-3279,1254,1463,1463,1463,1578,1379,9,-1437,2937,62,12000,-12000,111,57658,25
17:04:33.096 [TLM] 46356,42900,-3278,1269,1455,1455,1455,1366,1511,-4,41,1458,1541,3770,3980,111,41274,25
17:04:33.097 [TLM] 46366,42916,-3276,1286,1465,1465,1465,1121,2106,-6,168,1331,1668,5445,-3064,111,8507,25
17:04:33.131 [TLM] 46376,42931,-3274,1301,1477,1477,1477,1368,1713,-6,217,1282,1717,1468,2821,111,8507,25
17:04:33.170 [TLM] 46386,42947,-3273,1317,1489,1489,1489,1333,1839,-6,219,1280,1719,1458,1008,111,8507,25
17:04:33.172 [TLM] 46396,42960,-3272,1330,1501,1501,1501,1420,1569,-3,-143,1643,1356,5656,-1174,111,8507,25
17:04:33.202 [TLM] 46406,42977,-3271,1346,1512,1512,1512,1292,1702,-5,223,1276,1723,1862,2659,111,8507,25
17:04:33.202 [TLM] 46416,42992,-3270,1361,1531,1531,1531,1400,1892,-4,201,1298,1701,372,-132,111,8507,25
17:04:33.238 [TLM] 46426,43008,-3270,1377,1550,1550,1550,1356,1551,-2,29,1470,1529,3848,605,111,8507,25
17:04:33.238 [TLM] 46436,43023,-3269,1392,1547,1547,1547,1120,1899,-5,297,1202,1797,2692,615,111,8507,25
17:04:33.309 [TLM] 46446,43036,-3269,1405,1546,1546,1546,1450,1058,-4,303,1196,1803,-556,11108,111,8507,25
17:04:33.342 [TLM] 46456,43052,-3269,1421,1549,1549,1549,1476,1634,-3,-112,1612,1387,4478,-1173,111,8507,25
17:04:33.342 [TLM] 46466,43066,-3268,1436,1552,1552,1552,1423,1555,-2,77,1422,1577,2513,2774,111,8507,25
17:04:33.344 [TLM] 46476,43082,-3268,1451,1555,1555,1555,1491,1707,-2,61,1438,1561,1626,18,111,8507,25
17:04:33.345 [TLM] 46486,43096,-3268,1465,1555,1555,1555,1467,1473,-1,18,1481,1518,2414,2423,111,8507,25
17:04:33.376 [TLM] 46496,43112,-3268,1481,1547,1547,1547,1549,1448,0,-2,1502,1497,1829,2672,111,57659,25
17:04:33.377 [TLM] 46506,43128,-3267,1498,1538,1538,1538,1414,1798,-5,160,1339,1660,-125,1263,111,57659,25
17:04:33.412 [TLM] 46516,43141,-3267,1510,1545,1545,1545,1395,1512,-2,-36,1536,1463,3647,1402,111,8508,25
17:04:33.447 [TLM] 46526,43158,-3266,1527,1549,1549,1549,1383,1633,-2,44,1455,1544,2767,1072,111,8508,25
17:04:33.447 [TLM] 46536,43172,-3266,1541,1554,1554,1554,1470,1525,-1,0,1500,1499,2302,1518,111,8508,25
17:04:33.482 [TLM] 46546,43188,-3266,1557,1554,1554,1554,1503,1503,-1,236,1263,1736,-1410,5208,111,8508,25
17:04:33.483 [TLM] 46556,43202,-3266,1571,1551,1551,1551,1619,1500,0,195,1304,1695,-2289,4871,111,8508,25
17:04:33.520 [TLM] 46566,43219,-3265,1588,1550,1550,1550,1519,1572,0,-139,1639,1360,3337,-1198,111,8508,25
17:04:33.520 [TLM] 46576,43233,-3265,1603,1542,1542,1542,1548,1466,0,322,1177,1822,-3647,6910,111,8508,25
17:04:33.551 [TLM] 46586,43250,-3264,1619,1538,1538,1538,1333,1962,-3,151,1348,1651,914,-1471,111,8508,25
17:04:33.587 [TLM] 46596,43264,-3264,1633,1538,1538,1538,1636,1294,-3,437,1062,1937,-7187,11783,111,8508,25
17:04:33.587 [TLM] 46606,43280,-3263,1650,1544,1544,1544,1480,1511,1,38,1461,1538,1317,1678,111,8508,25
17:04:33.621 [TLM] 46616,43292,-3263,1662,1545,1545,1545,1446,1496,1,-181,1681,1318,5231,-650,111,8508,25
17:04:33.622 [TLM] 46626,43307,-3263,1677,1543,1543,1543,1520,1492,1,-60,1560,1439,2601,1182,111,8508,25
17:04:33.657 [TLM] 46636,43324,-3262,1694,1541,1541,1541,1467,1668,0,-22,1522,1477,2425,-232,111,8508,25
17:04:33.658 [TLM] 46646,43340,-3262,1709,1545,1545,1545,1404,1522,0,-334,1834,1165,7984,-3798,111,8508,25
17:04:33.729 [TLM] 46656,43354,-3261,1723,1536,1536,1536,1406,1428,-6,596,903,2096,-6243,11818,111,8508,25
17:04:33.762 [TLM] 46666,43369,-3261,1738,1540,1540,1540,1447,1376,-2,-295,1795,1204,6651,-780,111,24892,25
17:04:33.762 [TLM] 46676,43382,-3261,1751,1537,1537,1537,1730,1298,-1,186,1313,1686,-3828,7677,111,24892,25
17:04:33.764 [TLM] 46686,43399,-3260,1768,1547,1547,1547,1128,1817,-1,-33,1533,1466,6735,-2507,111,8636,25
17:04:33.764 [TLM] 46696,43414,-3260,1783,1560,1560,1560,1515,1517,-1,61,1438,1561,917,2879,111,8636,25
17:04:33.796 [TLM] 46706,43428,-3260,1798,1573,1573,1573,1347,1584,-2,100,1399,1600,2503,2363,111,8636,25
17:04:33.832 [TLM] 46716,43444,-3260,1814,1586,1586,1586,1387,1792,-5,361,1138,1861,-2247,3603,111,8636,25
17:04:33.832 [TLM] 46726,43460,-3260,1829,1610,1610,1610,1360,1731,-6,589,910,2089,-5334,6885,111,8636,25
17:04:33.865 [TLM] 46736,43475,-3261,1844,1630,1630,1630,1291,1653,-4,149,1350,1649,1928,1670,111,8636,25
17:04:33.867 [TLM] 46746,43488,-3262,1857,1649,1649,1649,1195,1861,-5,-22,1522,1477,5938,-2987,111,8636,25
17:04:33.904 [TLM] 46756,43505,-3264,1874,1670,1670,1670,1345,1651,-9,929,570,2429,-10484,12000,111,8636,25
17:04:33.906 [TLM] 46766,43519,-3265,1888,1695,1695,1695,1131,1901,-9,215,1284,1715,2126,307,111,8636,25
17:04:33.936 [TLM] 46776,43534,-3267,1903,1732,1732,1732,1055,1953,-12,822,677,2322,-5300,7656,111,8636,25
17:04:33.936 [TLM] 46786,43551,-3271,1919,1788,1788,1788,1115,1960,-9,592,907,2092,-2393,3712,111,8636,25
17:04:33.972 [TLM] 46796,43563,-3274,1932,1840,1840,1840,964,2044,-11,52,1447,1552,7191,-4471,111,8636,25
17:04:34.007 [TLM] 46806,43580,-3279,1947,1903,1903,1903,1030,1970,-11,-129,1629,1370,9078,-5747,111,8636,25
17:04:34.007 [TLM] 46816,43593,-3283,1960,1952,1952,1952,1126,1830,-10,1,1498,1501,6045,-2212,111,8636,25
17:04:34.041 [TLM] 46826,43610,-3290,1975,2010,2010,2010,1159,1856,-9,235,1264,1735,2710,493,111,8636,25
17:04:34.078 [TLM] 46836,43624,-3296,1987,2059,2059,2059,764,2325,-12,436,1063,1936,4760,-2611,111,8636,25
17:04:34.080 [TLM] 46846,43639,-3304,2001,2127,2127,2127,1119,1816,-12,436,1063,1936,949,3550,111,8636,25
17:04:34.080 [TLM] 46856,43654,-3313,2013,2181,2181,2181,1047,1933,-12,436,1063,1936,1868,2248,111,8636,25
17:04:34.112 [TLM] 46866,43668,-3321,2024,2234,2234,2234,1280,1433,-7,13,1486,1513,5732,1924,111,8636,25
17:04:34.148 [TLM] 46876,43682,-3330,2035,2270,2270,2270,1288,1772,-9,414,1085,1914,-425,4276,111,8636,25
17:04:34.148 [TLM] 46886,43699,-3341,2048,2324,2324,2324,996,2019,-12,437,1062,1937,2026,1904,111,8636,25
17:04:34.181 [TLM] 46896,43713,-3351,2058,2374,2374,2374,1118,1980,-12,434,1065,1934,597,2130,111,8636,25
17:04:34.181 [TLM] 46906,43728,-3362,2068,2429,2429,2429,1101,1872,-8,29,1470,1529,6880,-2577,111,8636,25
17:04:34.216 [TLM] 46916,43744,-3375,2078,2483,2483,2483,1271,1806,-9,427,1072,1927,-1235,4249,111,8636,25
17:04:34.217 [TLM] 46926,43758,-3386,2086,2535,2535,2535,1038,1672,-9,386,1113,1886,2564,5174,111,8636,25
17:04:34.251 [TLM] 46936,43774,-3399,2095,2589,2589,2589,1146,1857,-12,606,893,2106,-2425,6778,111,8636,25
17:04:34.288 [TLM] 46946,43790,-3413,2103,2647,2647,2647,1059,2024,-12,411,1088,1911,1385,1244,118,8636,25
17:04:34.321 [TLM] 46956,43805,-3426,2109,2705,2705,2705,1081,1937,-12,435,1064,1935,786,2974,118,8636,25
17:04:34.322 [TLM] 46966,43819,-3439,2115,2762,2762,2762,1124,1713,-8,-465,1965,1034,12000,-6625,118,8636,25
17:04:34.323 [TLM] 46976,43834,-3453,2120,2807,2807,2807,1205,2029,-8,-44,1544,1455,6372,-4770,118,8636,25
17:04:34.356 [TLM] 46986,43849,-3468,2125,2866,2866,2866,978,1996,-11,306,1193,1806,4212,333,118,8636,25
17:04:34.357 [TLM] 46996,43863,-3482,2128,2919,2919,2919,1170,1746,-8,309,1190,1809,2740,3409,118,8636,25
17:04:34.391 [TLM] 47006,43878,-3496,2131,2959,2959,2959,1243,1775,-9,303,1196,1803,1751,2844,118,8636,25
17:04:34.429 [TLM] 47016,43894,-3512,2133,3003,3003,3003,1199,1904,-10,488,1011,1988,-611,4049,118,8636,25
17:04:34.429 [TLM] 47026,43911,-3529,2135,3044,3044,3044,1036,2173,-9,-362,1862,1137,12000,-12000,118,8636,25
17:04:34.462 [TLM] 47036,43924,-3541,2136,3074,3074,3074,1270,1661,-10,211,1288,1711,1907,2913,118,8636,25
17:04:34.462 [TLM] 47046,43938,-3556,2137,3106,3106,3106,1236,1694,-13,437,1062,1937,-1589,6553,118,8636,25
17:04:34.496 [TLM] 47056,43955,-3573,2137,3149,3149,3149,805,2116,-13,423,1076,1923,3922,1168,118,8636,25
17:04:34.497 [TLM] 47066,43970,-3588,2137,3199,3199,3199,1128,1919,-13,435,1064,1935,267,3399,118,8636,25
17:04:34.532 [TLM] 47076,43984,-3601,2135,3248,3248,3248,1096,1664,-7,25,1474,1525,7415,331,118,8636,25
17:04:34.567 [TLM] 47086,43998,-3616,2133,3291,3291,3291,1145,1975,-11,329,1170,1829,1895,1058,118,8636,25
17:04:34.567 [TLM] 47096,44015,-3633,2130,3357,3357,3357,1046,2037,-12,436,1063,1936,1308,1480,118,8636,25
17:04:34.603 [TLM] 47106,44027,-3644,2127,3411,3411,3411,1106,1612,-10,976,523,2476,-6528,12000,118,8636,25
17:04:34.603 [TLM] 47116,44044,-3660,2122,3475,3475,3475,1135,1730,-6,52,1447,1552,7289,-624,118,8636,25
17:04:34.636 [TLM] 47126,44059,-3674,2117,3523,3523,3523,1289,1768,-7,242,1257,1742,2247,2477,118,8636,25
17:04:34.636 [TLM] 47136,44073,-3687,2111,3568,3568,3568,1181,1681,-6,217,1282,1717,4368,2830,118,8636,25
17:04:34.672 [TLM] 47146,44089,-3701,2105,3607,3607,3607,1382,1732,-4,-65,1565,1434,6037,-2010,118,8636,25
17:04:34.705 [TLM] 47156,44103,-3713,2098,3636,3636,3636,1340,1833,-8,272,1227,1772,1080,2051,118,8636,25
17:04:34.706 [TLM] 47166,44120,-3729,2089,3685,3685,3685,1310,1906,-10,481,1018,1981,-2230,3803,118,8636,25
17:04:34.740 [TLM] 47176,44135,-3741,2081,3731,3731,3731,1117,1897,-9,305,1194,1805,2645,1148,118,8636,25
17:04:34.741 [TLM] 47186,44149,-3752,2073,3772,3772,3772,1196,1837,-10,402,1097,1902,53,3410,118,8636,25
17:04:34.776 [TLM] 47196,44166,-3766,2063,3824,3824,3824,1234,1763,-8,248,1251,1748,1978,1693,118,8636,25
17:04:34.811 [TLM] 47206,44180,-3777,2054,3864,3864,3864,1117,2064,-9,247,1252,1747,3100,-1861,118,8636,25
17:04:34.812 [TLM] 47216,44196,-3788,2043,3918,3918,3918,1193,1787,-11,394,1105,1894,-329,4156,118,8636,25
17:04:34.845 [TLM] 47226,44210,-3798,2032,3972,3972,3972,858,1967,-12,368,1131,1868,5559,17,118,8636,25
17:04:34.846 [TLM] 47236,44223,-3807,2023,4009,4009,4009,1214,1690,-9,633,866,2133,-2064,7317,118,8636,25
17:04:34.880 [TLM] 47246,44241,-3818,2009,4040,4040,4040,1342,1760,-7,189,1310,1689,2100,525,118,8636,25
17:04:34.916 [TLM] 47256,44256,-3827,1997,4070,4070,4070,1148,1968,-13,598,901,2098,-2499,4290,118,8636,25
17:04:34.917 [TLM] 47266,44271,-3836,1985,4121,4121,4121,1175,1691,-10,98,1401,1598,4438,250,118,8636,25
17:04:34.917 [TLM] 47276,44286,-3844,1972,4164,4164,4164,1213,1887,-14,652,847,2152,-4956,6955,118,8636,25
17:04:34.950 [TLM] 47286,44300,-3850,1960,4213,4213,4213,908,1970,-11,70,1429,1570,7825,-3382,118,8636,25
17:04:34.989 [TLM] 47296,44315,-3858,1946,4264,4264,4264,1006,1941,-10,496,1003,1996,777,3444,118,8636,25
17:04:34.990 [TLM] 47306,44329,-3863,1934,4316,4316,4316,894,2132,-13,385,1114,1885,3606,-332,118,8636,25
17:04:35.021 [TLM] 47316,44345,-3869,1919,4388,4388,4388,1068,1875,-12,425,1074,1925,1530,3360,118,8636,25
17:04:35.055 [TLM] 47326,44360,-3873,1904,4449,4449,4449,1091,1908,-12,407,1092,1907,1716,2579,118,8636,25
17:04:35.056 [TLM] 47336,44374,-3876,1891,4506,4506,4506,1089,1737,-6,-541,2041,958,9902,-3524,118,8636,25
17:04:35.057 [TLM] 47346,44387,-3878,1878,4539,4539,4539,1357,1563,-6,517,982,2017,-1622,8122,118,25020,25
17:04:35.090 [TLM] 47356,44406,-3881,1860,4572,4572,4572,1307,2080,-8,345,1154,1845,604,-866,118,8764,25
17:04:35.127 [TLM] 47366,44420,-3883,1846,4601,4601,4601,1316,1661,-8,315,1184,1815,826,3827,118,8764,25
17:04:35.127 [TLM] 47376,44434,-3884,1831,4621,4621,4621,1199,1916,-9,337,1162,1837,1603,1134,118,8764,25
17:04:35.162 [TLM] 47386,44449,-3886,1817,4646,4646,4646,1286,1613,-4,-224,1724,1275,8929,-3497,118,8764,25
17:04:35.196 [TLM] 47396,44464,-3886,1802,4658,4658,4658,1105,2135,-8,544,955,2044,-278,1810,118,8764,25
17:04:35.197 [TLM] 47406,44478,-3887,1787,4684,4684,4684,1305,1428,-6,224,1275,1724,2341,5906,118,8764,25
17:04:35.198 [TLM] 47416,44494,-3887,1771,4701,4701,4701,1343,1766,-6,216,1283,1716,1696,1738,118,8764,25
17:04:35.230 [TLM] 47426,44509,-3887,1756,4723,4723,4723,1336,1681,-6,160,1339,1660,2336,2081,118,8764,25
17:04:35.266 [TLM] 47436,44524,-3887,1741,4749,4749,4749,1282,1640,-3,-300,1800,1199,9971,-4263,118,8764,25
17:04:35.303 [TLM] 47446,44536,-3886,1729,4767,4767,4767,1604,1252,0,290,1209,1790,-1983,9178,118,8764,25
17:04:35.304 [TLM] 47456,44553,-3885,1713,4788,4788,4788,1366,1529,0,-127,1627,1372,7065,-329,118,8764,25
17:04:35.304 [TLM] 47466,44565,-3884,1700,4805,4805,4805,1690,1144,4,-382,1882,1117,7206,1247,118,8764,25
17:04:35.336 [TLM] 47476,44584,-3882,1682,4811,4811,4811,1816,1358,7,-355,1855,1144,4609,-1612,118,8764,25
17:04:35.336 [TLM] 47486,44599,-3881,1667,4805,4805,4805,1625,1481,3,25,1474,1525,1270,2114,118,8764,25
17:04:35.371 [TLM] 47496,44613,-3880,1653,4791,4791,4791,1704,1042,6,-231,1731,1268,4408,3909,118,8764,25
17:04:35.407 [TLM] 47506,44629,-3879,1637,4771,4771,4771,1712,1350,4,-23,1523,1476,904,3222,118,8764,25
17:04:35.409 [TLM] 47516,44643,-3878,1623,4753,4753,4753,1690,1378,6,-211,1711,1288,3961,2,118,8764,25
17:04:35.441 [TLM] 47526,44657,-3877,1609,4726,4726,4726,1743,1288,4,-74,1574,1425,1188,3153,118,8764,25
17:04:35.442 [TLM] 47536,44673,-3878,1593,4697,4697,4697,1708,1336,5,-94,1594,1405,1467,2396,118,8764,25
17:04:35.475 [TLM] 47546,44690,-3878,1576,4670,4670,4670,1494,1576,0,3,1496,1503,1623,1505,118,8764,25
17:04:35.476 [TLM] 47556,44705,-3879,1561,4658,4658,4658,1574,1478,0,0,1499,1500,544,2339,118,8764,25
17:04:35.511 [TLM] 47566,44719,-3880,1547,4649,4649,4649,1499,1508,0,-167,1667,1332,3618,-94,118,8764,25
17:04:35.545 [TLM] 47576,44736,-3881,1530,4645,4645,4645,1528,1687,-1,-73,1573,1426,1586,-1052,118,8764,25
17:04:35.546 [TLM] 47586,44749,-3882,1517,4650,4650,4650,1478,1465,0,-141,1641,1358,3300,604,118,8764,25
17:04:35.582 [TLM] 47596,44766,-3883,1500,4653,4653,4653,1476,1535,0,-16,1516,1483,1763,1398,118,8764,25
17:04:35.582 [TLM] 47606,44779,-3883,1487,4656,4656,4656,1444,1426,1,-58,1558,1441,2917,1905,118,8764,25
17:04:35.615 [TLM] 47616,44794,-3884,1472,4654,4654,4654,1493,1464,0,-19,1519,1480,1920,1962,118,8764,25
17:04:35.616 [TLM] 47626,44811,-3885,1455,4651,4651,4651,1514,1542,0,0,1499,1500,1305,1277,118,8764,25
17:04:35.650 [TLM] 47636,44826,-3886,1440,4654,4654,4654,1454,1679,1,-734,2234,765,12000,-10989,118,8764,25
17:04:35.686 [TLM] 47646,44841,-3887,1425,4655,4655,4655,1513,1469,2,-625,2125,874,10388,-6743,118,8764,25
17:04:35.686 [TLM] 47656,44857,-3888,1410,4654,4654,4654,1443,1694,0,-83,1583,1416,3587,-1968,118,8764,25
17:04:35.721 [TLM] 47666,44870,-3889,1397,4657,4657,4657,1398,1457,0,353,1146,1853,-1728,6751,118,8764,25
17:04:35.721 [TLM] 47676,44885,-3889,1381,4661,4661,4661,1523,1415,0,211,1288,1711,-1051,5088,118,8764,25
17:04:35.757 [TLM] 47686,44901,-3890,1365,4661,4661,4661,1488,1543,-1,172,1327,1672,-254,3586,118,8764,25
17:04:35.791 [TLM] 47696,44916,-3891,1351,4663,4663,4663,1537,1368,0,63,1436,1563,599,4102,118,8764,25
17:04:35.791 [TLM] 47706,44929,-3892,1337,4662,4662,4662,1517,1507,0,-23,1523,1476,2148,1356,118,8764,25
17:04:35.826 [TLM] 47716,44944,-3892,1322,4660,4660,4660,1487,1500,0,170,1329,1670,-225,3987,118,8764,25
17:04:35.827 [TLM] 47726,44961,-3893,1305,4655,4655,4655,1555,1446,0,152,1347,1652,-1061,4595,118,8764,25
17:04:35.861 [TLM] 47736,44975,-3894,1292,4646,4646,4646,1519,1522,-1,135,1364,1635,-857,3896,118,8764,25
17:04:35.864 [TLM] 47746,44990,-3895,1276,4649,4649,4649,1411,1699,-1,254,1245,1754,-1309,3142,118,25148,25
17:04:35.895 [TLM] 47756,45007,-3896,1259,4660,4660,4660,1435,1692,-2,125,1374,1625,216,1056,118,25148,25
17:04:35.897 [TLM] 47766,45020,-3897,1247,4674,4674,4674,1286,1662,-4,259,1240,1759,191,3395,118,8892,25
17:04:35.932 [TLM] 47776,45036,-3897,1230,4700,4700,4700,1325,1656,-5,259,1240,1759,-525,3653,118,8892,25
17:04:35.966 [TLM] 47786,45050,-3897,1217,4722,4722,4722,1323,1635,-5,149,1350,1649,1317,2260,118,25276,25
17:04:35.967 [TLM] 47796,45067,-3897,1200,4748,4748,4748,1249,1822,-11,641,858,2141,-5691,7635,118,25276,25
17:04:36.001 [TLM] 47806,45081,-3896,1186,4794,4794,4794,977,1973,-13,417,1082,1917,580,2188,118,9020,25
17:04:36.037 [TLM] 47816,45095,-3894,1171,4852,4852,4852,1158,1804,-7,-223,1723,1276,8063,-4856,118,9020,25
17:04:36.037 [TLM] 47826,45109,-3892,1158,4903,4903,4903,1171,1663,-6,194,1305,1694,2658,2682,118,9020,25
17:04:36.038 [TLM] 47836,45126,-3888,1141,4957,4957,4957,1072,2045,-9,421,1078,1921,858,1254,118,9020,25
17:04:36.071 [TLM] 47846,45138,-3885,1130,4998,4998,4998,1230,1618,-4,-57,1557,1442,6426,-420,118,9020,25
17:04:36.106 [TLM] 47856,45154,-3880,1115,5029,5029,5029,1435,1375,-1,288,1211,1788,31,7186,118,9020,25
17:04:36.107 [TLM] 47866,45168,-3876,1101,5047,5047,5047,1529,1506,2,-153,1653,1346,5217,-714,118,9020,25
17:04:36.141 [TLM] 47876,45181,-3871,1089,5051,5051,5051,1725,898,6,-304,1804,1195,6235,4962,118,9020,25
17:04:36.142 [TLM] 47886,45197,-3866,1074,5043,5043,5043,1981,1119,12,-540,2040,959,6403,-2131,118,9020,25
17:04:36.175 [TLM] 47896,45215,-3861,1057,5000,5000,5000,1891,1486,9,-148,1648,1351,1102,-1014,118,9020,25
17:04:36.210 [TLM] 47906,45226,-3858,1046,4956,4956,4956,2029,671,15,-509,2009,990,5572,3684,118,9020,25
17:04:36.211 [TLM] 47916,45244,-3854,1028,4877,4877,4877,2057,1030,14,-471,1971,1028,3739,498,118,9020,25
17:04:36.246 [TLM] 47926,45257,-3852,1016,4812,4812,4812,2152,767,14,-208,1708,1291,-1083,7918,118,9020,25
17:04:36.281 [TLM] 47936,45273,-3852,1000,4739,4739,4739,2034,927,14,213,1286,1713,-6018,11656,118,9020,25
17:04:36.281 [TLM] 47946,45286,-3852,986,4664,4664,4664,2111,680,17,-898,2398,601,9058,-414,118,9020,25
17:04:36.282 [TLM] 47956,45303,-3853,969,4581,4581,4581,2149,1253,5,-393,1893,1106,-1825,2287,118,9020,25
17:04:36.315 [TLM] 47966,45320,-3856,953,4516,4516,4516,1591,1548,14,-2296,3796,-796,12000,-12000,118,25404,25
17:04:36.316 [TLM] 47976,45332,-3859,941,4447,4447,4447,1820,751,16,-584,2084,915,8362,3209,118,25404,25
17:04:36.350 [TLM] 47986,45347,-3864,927,4391,4391,4391,1815,1354,12,-779,2279,720,10478,-6446,118,9148,25
17:04:36.385 [TLM] 47996,45361,-3868,914,4334,4334,4334,2035,981,6,-14,1514,1485,-3673,10105,118,25532,25
17:04:36.386 [TLM] 48006,45379,-3875,897,4289,4289,4289,1604,1760,0,123,1376,1623,-1895,2540,118,9276,25
17:04:36.420 [TLM] 48016,45395,-3882,883,4264,4264,4264,1414,1425,-3,639,860,2139,-7129,12000,118,9276,25
17:04:36.422 [TLM] 48026,45410,-3889,869,4252,4252,4252,1361,2012,-5,340,1159,1840,-3253,2444,118,9276,25
17:04:36.456 [TLM] 48036,45425,-3895,856,4259,4259,4259,1153,1704,-9,184,1315,1684,1143,3972,118,9276,25
17:04:36.456 [TLM] 48046,45443,-3903,840,4290,4290,4290,1069,2156,-12,392,1107,1892,-1040,1158,118,9276,25
17:04:36.491 [TLM] 48056,45456,-3908,827,4333,4333,4333,1141,1715,-9,514,985,2014,-2730,7856,118,9276,25
17:04:36.526 [TLM] 48066,45472,-3914,813,4377,4377,4377,1088,2089,-10,720,779,2220,-4689,5734,118,9276,25
17:04:36.526 [TLM] 48076,45486,-3918,799,4428,4428,4428,1032,1844,-10,270,1229,1770,2761,2036,118,9276,25
17:04:36.561 [TLM] 48086,45499,-3921,787,4466,4466,4466,1059,1653,-7,386,1113,1886,1761,5808,118,9276,25
17:04:36.562 [TLM] 48096,45513,-3924,773,4503,4503,4503,1330,1473,-6,428,1071,1928,-1514,8603,118,9276,25
17:04:36.598 [TLM] 48106,45531,-3928,755,4536,4536,4536,1435,1743,-5,426,1073,1926,-3251,5196,118,9276,25
17:04:36.600 [TLM] 48116,45546,-3930,741,4566,4566,4566,1295,1715,-6,164,1335,1664,1990,2290,118,9276,25
17:04:36.631 [TLM] 48126,45561,-3932,725,4599,4599,4599,1225,1846,-6,206,1293,1706,2512,768,118,9276,25
17:04:36.665 [TLM] 48136,45576,-3933,711,4630,4630,4630,1292,1689,-5,164,1335,1664,2392,2090,118,9276,25
17:04:36.666 [TLM] 48146,45591,-3934,696,4659,4659,4659,1336,1612,-3,13,1486,1513,4453,638,118,9276,25
17:04:36.701 [TLM] 48156,45604,-3935,683,4677,4677,4677,1412,1543,-1,10,1489,1510,4039,1279,118,9276,25
17:04:36.701 [TLM] 48166,45619,-3935,668,4688,4688,4688,1458,1498,-1,57,1442,1557,2829,2479,118,9276,25
17:04:36.736 [TLM] 48176,45636,-3936,651,4697,4697,4697,1463,1562,-1,32,1467,1532,3012,1256,118,9404,25
17:04:36.773 [TLM] 48186,45651,-3936,636,4702,4702,4702,1467,1575,-1,93,1406,1593,1793,2051,118,9404,25
17:04:36.773 [TLM] 48196,45667,-3936,620,4708,4708,4708,1341,1832,-5,422,1077,1922,-1951,3736,118,9404,25
17:04:36.805 [TLM] 48206,45682,-3936,605,4724,4724,4724,1324,1692,-6,343,1156,1843,-912,4091,118,9404,25
17:04:36.806 [TLM] 48216,45695,-3936,592,4739,4739,4739,1289,1605,-4,37,1462,1537,4151,866,118,9404,25
17:04:36.841 [TLM] 48226,45712,-3935,575,4762,4762,4762,1264,1723,-6,297,1202,1797,365,3398,118,9404,25
17:04:36.842 [TLM] 48236,45727,-3934,560,4790,4790,4790,1268,1838,-8,211,1288,1711,1084,513,118,9404,25
17:04:36.876 [TLM] 48246,45743,-3932,544,4830,4830,4830,1094,2096,-8,-114,1614,1385,7856,-7256,118,9404,25
17:04:36.912 [TLM] 48256,45755,-3931,532,4869,4869,4869,1221,1546,-8,431,1068,1931,-977,7361,118,9404,25
17:04:36.912 [TLM] 48266,45772,-3928,515,4913,4913,4913,1091,1953,-13,506,993,2006,-1541,4458,118,9404,25
17:04:36.947 [TLM] 48276,45788,-3924,500,4969,4969,4969,914,2258,-15,546,953,2046,21,916,118,9404,25
17:04:36.948 [TLM] 48286,45802,-3920,486,5034,5034,5034,965,2002,-15,536,963,2036,-343,3701,118,9404,25
17:04:36.980 [TLM] 48296,45817,-3915,473,5100,5100,5100,1048,1861,-14,479,1020,1979,-236,4521,118,9404,25
17:04:37.017 [TLM] 48306,45831,-3909,460,5159,5159,5159,910,2142,-15,559,940,2059,134,2355,118,9404,25
17:04:37.017 [TLM] 48316,45845,-3902,447,5231,5231,5231,1071,1765,-15,712,787,2212,-3760,8936,118,9404,25
17:04:37.017 [TLM] 48326,45862,-3893,433,5304,5304,5304,848,2150,-16,737,762,2237,-1640,4764,118,9404,25
17:04:37.051 [TLM] 48336,45877,-3885,421,5378,5378,5378,970,1972,-14,236,1263,1736,4488,-70,118,9404,25
17:04:37.085 [TLM] 48346,45891,-3875,410,5446,5446,5446,931,2028,-15,700,799,2200,-1328,5782,118,9404,25
17:04:37.086 [TLM] 48356,45905,-3865,400,5516,5516,5516,830,2265,-14,316,1183,1816,5642,-2690,118,9404,25
17:04:37.120 [TLM] 48366,45920,-3854,390,5603,5603,5603,1077,1844,-12,434,1065,1934,1925,3962,118,9404,25
17:04:37.121 [TLM] 48376,45934,-3843,382,5668,5668,5668,1002,2006,-12,436,1063,1936,2799,1858,118,9404,25
17:04:37.155 [TLM] 48386,45950,-3829,373,5741,5741,5741,1035,1882,-12,434,1065,1934,2733,3366,118,9404,25
17:04:37.156 [TLM] 48396,45965,-3816,366,5803,5803,5803,1101,1834,-9,186,1313,1686,6023,-88,118,9404,25
17:04:37.191 [TLM] 48406,45980,-3803,360,5856,5856,5856,1206,1862,-12,1059,440,2559,-7932,12000,118,9404,25
17:04:37.226 [TLM] 48416,45994,-3790,354,5914,5914,5914,815,2355,-14,306,1193,1806,7176,-4181,118,9404,25
17:04:37.261 [TLM] 48426,46009,-3776,349,5991,5991,5991,1135,1702,-11,147,1352,1647,6171,1910,118,25788,25
17:04:37.262 [TLM] 48436,46024,-3761,345,6051,6051,6051,1082,1860,-10,325,1174,1825,4481,2093,118,25788,25
17:04:37.264 [TLM] 48446,46037,-3748,343,6101,6101,6101,1195,1710,-9,419,1080,1919,2269,5099,118,9532,25
17:04:37.297 [TLM] 48456,46053,-3732,340,6154,6154,6154,1304,1765,-8,472,1027,1972,-268,5075,118,9532,25
17:04:37.299 [TLM] 48466,46069,-3716,339,6206,6206,6206,1135,1854,-11,695,804,2195,-1673,7414,118,9532,25
17:04:37.331 [TLM] 48476,46083,-3703,338,6250,6250,6250,1144,1818,-6,122,1377,1622,7254,-1217,118,9532,25
17:04:37.367 [TLM] 48486,46099,-3686,338,6290,6290,6290,1330,1723,-6,149,1350,1649,4314,726,118,9532,25
17:04:37.367 [TLM] 48496,46112,-3673,338,6314,6314,6314,1418,1567,-3,101,1398,1601,4183,1998,118,9532,25
17:04:37.401 [TLM] 48506,46130,-3656,339,6335,6335,6335,1460,1649,-3,-8,1508,1491,4690,-342,118,9532,25
17:04:37.401 [TLM] 48516,46144,-3642,340,6356,6356,6356,1250,1828,-1,-270,1770,1229,11277,-6848,118,9532,25
17:04:37.435 [TLM] 48526,46157,-3629,341,6371,6371,6371,1544,1260,0,-171,1671,1328,7071,1758,118,9532,25
17:04:37.436 [TLM] 48536,46175,-3611,343,6366,6366,6366,1591,1573,0,-82,1582,1417,4574,-474,118,9532,25
17:04:37.470 [TLM] 48546,46189,-3597,344,6363,6363,6363,1556,1659,0,274,1225,1774,-328,3339,118,9532,25
17:04:37.506 [TLM] 48556,46205,-3581,345,6354,6354,6354,1584,1461,0,0,1500,1499,2494,2211,118,9532,25
17:04:37.506 [TLM] 48566,46221,-3565,346,6346,6346,6346,1588,1500,0,-136,1636,1363,3933,-40,118,9532,25
17:04:37.540 [TLM] 48576,46235,-3551,347,6337,6337,6337,1643,1451,0,280,1219,1780,-3052,6332,118,9532,25
17:04:37.541 [TLM] 48586,46250,-3536,348,6331,6331,6331,1551,1459,0,-35,1535,1464,2397,1808,118,9532,25
17:04:37.577 [TLM] 48596,46265,-3521,348,6327,6327,6327,1572,1474,2,23,1476,1523,1409,2149,118,9532,25
17:04:37.578 [TLM] 48606,46282,-3505,349,6317,6317,6317,1613,1388,2,-89,1589,1410,2325,1598,118,9532,25
17:04:37.614 [TLM] 48616,46296,-3490,349,6301,6301,6301,1594,1308,2,-9,1509,1490,1262,3995,118,9532,25
17:04:37.646 [TLM] 48626,46312,-3474,349,6287,6287,6287,1501,1574,1,-38,1538,1461,2679,264,118,9532,25
17:04:37.647 [TLM] 48636,46326,-3460,349,6278,6278,6278,1569,1589,1,53,1446,1553,160,1132,118,9532,25
17:04:37.681 [TLM] 48646,46342,-3444,349,6265,6265,6265,1561,1453,2,-148,1648,1351,3303,-185,118,9532,25
17:04:37.681 [TLM] 48656,46355,-3431,349,6255,6255,6255,1544,1357,0,64,1435,1564,585,4051,118,9532,25
17:04:37.716 [TLM] 48666,46372,-3414,348,6245,6245,6245,1569,1498,0,-53,1553,1446,1229,1240,118,9532,25
17:04:37.751 [TLM] 48676,46385,-3401,348,6236,6236,6236,1590,1334,1,-430,1930,1069,6574,-2044,118,9532,25
17:04:37.751 [TLM] 48686,46403,-3384,347,6220,6220,6220,1568,1554,0,172,1327,1672,-2067,3737,118,9532,25
17:04:37.785 [TLM] 48696,46416,-3371,346,6210,6210,6210,1524,1381,0,-276,1776,1223,4807,-446,118,9532,25
17:04:37.786 [TLM] 48706,46434,-3353,345,6199,6199,6199,1436,1847,-3,221,1278,1721,-2166,1341,118,9532,25
17:04:37.820 [TLM] 48716,46446,-3340,343,6201,6201,6201,1483,1387,-2,174,1325,1674,-1867,5860,118,9532,25
17:04:37.821 [TLM] 48726,46462,-3324,342,6202,6202,6202,1239,1915,-7,260,1239,1760,-706,1215,118,9532,25
17:04:37.856 [TLM] 48736,46477,-3309,341,6216,6216,6216,1409,1411,0,-33,1533,1466,2513,2279,118,9532,25
17:04:37.856 [TLM] 48746,46493,-3294,340,6218,6218,6218,1354,1660,-1,265,1234,1765,-871,3632,118,9532,25
17:04:37.891 [TLM] 48756,46507,-3279,339,6224,6224,6224,1454,1418,0,-54,1554,1445,2345,2226,118,9532,25
17:04:37.926 [TLM] 48766,46522,-3264,338,6227,6227,6227,1389,1589,-1,23,1476,1523,2111,1459,118,9532,25
17:04:37.927 [TLM] 48776,46537,-3250,338,6237,6237,6237,1433,1500,0,-108,1608,1391,3956,460,118,9532,25
17:04:37.961 [TLM] 48786,46552,-3235,337,6243,6243,6243,1482,1556,0,-551,2051,948,9578,-6129,118,9532,25
17:04:37.996 [TLM] 48796,46565,-3222,336,6242,6242,6242,1550,1388,1,-250,1750,1249,4677,107,118,9532,25
17:04:37.996 [TLM] 48806,46582,-3204,336,6239,6239,6239,1524,1662,0,6,1493,1506,1139,291,118,9532,25
17:04:37.998 [TLM] 48816,46597,-3190,335,6240,6240,6240,1466,1471,0,-1,1501,1498,1903,2418,118,9532,25
17:04:38.030 [TLM] 48826,46612,-3175,334,6236,6236,6236,1583,1408,-1,261,1238,1761,-3477,7349,118,9532,25
17:04:38.066 [TLM] 48836,46628,-3159,334,6236,6236,6236,1466,1760,-1,-29,1529,1470,1845,-1128,118,9532,25
17:04:38.067 [TLM] 48846,46641,-3145,333,6237,6237,6237,1416,1462,0,-282,1782,1217,6708,-1220,118,9532,25
17:04:38.101 [TLM] 48856,46655,-3132,332,6235,6235,6235,1667,1315,1,-48,1548,1451,311,3878,118,9532,25
17:04:38.102 [TLM] 48866,46671,-3116,332,6228,6228,6228,1374,1739,-3,98,1401,1598,935,1462,118,9532,25
17:04:38.136 [TLM] 48876,46685,-3101,331,6236,6236,6236,1446,1467,0,3,1496,1503,2108,2532,118,9532,25
17:04:38.136 [TLM] 48886,46702,-3085,330,6236,6236,6236,1478,1548,0,-12,1512,1487,2163,1298,118,9532,25
17:04:38.170 [TLM] 48896,46716,-3071,329,6240,6240,6240,1423,1813,0,-62,1562,1437,3666,-3094,118,9532,25
17:04:38.206 [TLM] 48906,46732,-3055,329,6242,6242,6242,1451,1560,0,-61,1561,1438,3158,224,118,9532,25
17:04:38.241 [TLM] 48916,46745,-3041,328,6244,6244,6244,1537,1423,0,0,1500,1499,1289,2667,118,9532,25
17:04:38.242 [TLM] 48926,46762,-3025,328,6241,6241,6241,1461,1562,0,52,1447,1552,1379,1718,118,9532,25
17:04:38.243 [TLM] 48936,46776,-3011,327,6246,6246,6246,1291,1636,0,-39,1539,1460,4659,-350,118,9532,25
17:04:38.275 [TLM] 48946,46792,-2995,327,6255,6255,6255,1590,1367,1,-280,1780,1219,4704,-550,118,9532,25
17:04:38.276 [TLM] 48956,46807,-2979,326,6258,6258,6258,1520,1550,0,-50,1550,1449,2153,291,118,9532,25
17:04:38.310 [TLM] 48966,46822,-2965,326,6264,6264,6264,1431,1526,0,26,1473,1526,2598,2273,118,9532,25
17:04:38.345 [TLM] 48976,46835,-2952,326,6269,6269,6269,1572,1436,0,-41,1541,1458,1891,1584,118,9532,25
17:04:38.346 [TLM] 48986,46852,-2935,325,6266,6266,6266,1581,1433,1,-13,1513,1486,1500,2013,118,9532,25
17:04:38.381 [TLM] 48996,46865,-2922,325,6261,6261,6261,1467,1426,0,-1,1501,1498,2754,2426,118,9532,25
17:04:38.418 [TLM] 49006,46880,-2906,325,6256,6256,6256,1493,1622,0,234,1265,1734,-1276,3496,118,9532,25
17:04:38.418 [TLM] 49016,46895,-2892,324,6257,6257,6257,1559,1381,0,82,1417,1582,416,3707,118,9532,25
17:04:38.419 [TLM] 49026,46911,-2875,324,6245,6245,6245,1550,1371,0,-54,1554,1445,2459,2106,118,9532,25
17:04:38.452 [TLM] 49036,46925,-2862,323,6237,6237,6237,1535,1358,0,214,1285,1714,-1168,6178,118,9532,25
17:04:38.486 [TLM] 49046,46941,-2845,322,6232,6232,6232,1506,1516,0,0,1499,1500,2243,1271,118,9532,25
17:04:38.487 [TLM] 49056,46954,-2833,322,6229,6229,6229,1469,1462,0,-2,1502,1497,2864,2059,118,9532,25
17:04:38.520 [TLM] 49066,46971,-2816,321,6224,6224,6224,1580,1320,0,-2,1502,1497,1376,3960,118,9532,25
17:04:38.521 [TLM] 49076,46985,-2802,320,6216,6216,6216,1507,1546,0,259,1240,1759,-1862,5211,118,9532,25
17:04:38.556 [TLM] 49086,47002,-2785,319,6218,6218,6218,1493,1661,-2,24,1475,1524,1198,92,118,9532,25
17:04:38.556 [TLM] 49096,47016,-2771,318,6219,6219,6219,1494,1556,-2,101,1398,1601,-95,2672,118,9532,25
17:04:38.590 [TLM] 49106,47032,-2755,317,6224,6224,6224,1438,1518,-1,-45,1545,1454,2903,871,118,9532,25
17:04:38.630 [TLM] 49116,47045,-2742,316,6222,6222,6222,1539,1379,-2,210,1289,1710,-1867,6432,118,9532,25
17:04:38.632 [TLM] 49126,47063,-2724,315,6223,6223,6223,1306,1939,-2,-23,1523,1476,4171,-4107,118,9532,25
17:04:38.662 [TLM] 49136,47075,-2712,314,6227,6227,6227,1534,1305,0,-150,1650,1349,3514,1395,118,9532,25
17:04:38.662 [TLM] 49146,47092,-2695,313,6217,6217,6217,1349,1651,-4,239,1260,1739,-594,3679,118,9532,25
17:04:38.696 [TLM] 49156,47107,-2680,312,6222,6222,6222,1293,1622,-2,34,1465,1534,3196,278,118,9532,25
17:04:38.731 [TLM] 49166,47122,-2665,311,6218,6218,6218,1387,1572,-6,556,943,2056,-5694,9248,118,9532,25
17:04:38.732 [TLM] 49176,47136,-2651,311,6221,6221,6221,1319,1495,-3,-13,1513,1486,3444,1562,118,9532,25
17:04:38.765 [TLM] 49186,47153,-2634,310,6224,6224,6224,1219,1954,-5,375,1124,1875,-1083,1609,118,9532,25
17:04:38.766 [TLM] 49196,47165,-2622,309,6234,6234,6234,1420,1354,-4,710,789,2210,-7772,12000,118,9532,25
17:04:38.801 [TLM] 49206,47182,-2606,308,6235,6235,6235,1256,1660,-3,197,1302,1697,2316,2069,118,9532,25
17:04:38.802 [TLM] 49216,47195,-2592,307,6230,6230,6230,1382,1769,-4,10,1489,1510,2817,-825,118,9532,25
17:04:38.836 [TLM] 49226,47211,-2576,307,6234,6234,6234,1273,1583,-5,205,1294,1705,1257,4297,118,9532,25
17:04:38.836 [TLM] 49236,47224,-2563,306,6244,6244,6244,1325,1544,-2,-66,1566,1433,5090,716,118,9532,25
17:04:38.870 [TLM] 49246,47240,-2547,305,6247,6247,6247,1474,1498,0,8,1491,1508,2689,2348,118,9532,25
17:04:38.907 [TLM] 49256,47255,-2533,305,6249,6249,6249,1501,1592,-1,33,1466,1533,1939,1285,118,9532,25
17:04:38.907 [TLM] 49266,47270,-2517,304,6253,6253,6253,1408,1432,0,120,1379,1620,1993,4460,118,9532,25
17:04:38.942 [TLM] 49276,47284,-2503,304,6252,6252,6252,1490,1473,0,17,1482,1517,2175,2808,118,9532,25
17:04:38.976 [TLM] 49286,47300,-2488,304,6253,6253,6253,1438,1649,0,-494,1994,1005,10059,-6563,118,9532,25
17:04:38.977 [TLM] 49296,47314,-2473,303,6257,6257,6257,1517,1530,0,-130,1630,1369,4078,119,118,9532,25
17:04:38.978 [TLM] 49306,47330,-2457,303,6259,6259,6259,1500,1487,0,-25,1525,1474,2838,1924,118,9532,25
17:04:39.011 [TLM] 49316,47344,-2443,303,6260,6260,6260,1643,1418,0,0,1500,1500,425,3118,118,9532,25
17:04:39.045 [TLM] 49326,47361,-2426,302,6261,6261,6261,1518,1522,1,14,1485,1514,1979,1590,118,9532,25
17:04:39.046 [TLM] 49336,47374,-2413,302,6260,6260,6260,1478,1468,1,274,1225,1774,-976,5664,118,9532,25
17:04:39.081 [TLM] 49346,47391,-2396,301,6259,6259,6259,1335,1660,0,48,1451,1548,4022,-56,118,9532,25
17:04:39.081 [TLM] 49356,47404,-2383,301,6260,6260,6260,1560,1542,0,-297,1797,1202,6398,-3310,118,9532,25
17:04:39.116 [TLM] 49366,47420,-2367,301,6250,6250,6250,1552,1449,0,221,1278,1721,-1071,5387,118,9532,25
17:04:39.117 [TLM] 49376,47435,-2353,300,6244,6244,6244,1565,1566,0,0,1500,1499,1523,993,118,9532,25
17:04:39.151 [TLM] 49386,47451,-2337,299,6236,6236,6236,1655,1308,0,258,1241,1758,-3360,7576,118,9532,25
17:04:39.185 [TLM] 49396,47464,-2323,299,6226,6226,6226,1531,1463,0,-224,1724,1275,4658,-745,118,9532,25
17:04:39.220 [TLM] 49406,47481,-2307,298,6217,6217,6217,1541,1479,0,226,1273,1726,-1758,5370,118,9532,25
17:04:39.221 [TLM] 49416,47495,-2293,297,6209,6209,6209,1507,1502,-1,132,1367,1632,-580,3867,118,9532,25
17:04:39.222 [TLM] 49426,47511,-2277,296,6209,6209,6209,1413,1751,-2,151,1348,1651,-32,1058,118,9532,25
17:04:39.255 [TLM] 49436,47526,-2262,295,6215,6215,6215,1433,1723,-3,-201,1701,1298,4977,-4240,118,9532,25
17:04:39.256 [TLM] 49446,47542,-2246,293,6213,6213,6213,1464,1575,-3,179,1320,1679,-1303,3701,118,9532,25
17:04:39.290 [TLM] 49456,47555,-2233,293,6220,6220,6220,1256,1526,-1,-80,1580,1419,5655,-79,118,9532,25
17:04:39.326 [TLM] 49466,47571,-2217,292,6221,6221,6221,1507,1490,-1,176,1323,1676,-1088,4534,118,9532,25
17:04:39.327 [TLM] 49476,47585,-2202,291,6228,6228,6228,1337,1765,0,-548,2048,951,11403,-9629,118,9532,25
17:04:39.360 [TLM] 49486,47600,-2187,290,6225,6225,6225,1574,1400,-1,286,1213,1786,-3226,7340,118,9532,25
17:04:39.361 [TLM] 49496,47617,-2171,289,6221,6221,6221,1361,2100,-4,156,1343,1656,365,-3717,118,9532,25
17:04:39.398 [TLM] 49506,47629,-2159,288,6218,6218,6218,1561,1090,-3,609,890,2109,-8263,12000,118,9532,25
17:04:39.398 [TLM] 49516,47645,-2143,287,6209,6209,6209,1069,1983,-3,9,1490,1509,6774,-4238,118,9532,25
17:04:39.432 [TLM] 49526,47660,-2128,286,6205,6205,6205,1314,1636,-5,-101,1601,1398,5220,-581,118,9532,25
17:04:39.466 [TLM] 49536,47674,-2114,285,6210,6210,6210,1236,1744,-5,133,1366,1633,3419,960,118,9532,25
17:04:39.466 [TLM] 49546,47689,-2099,284,6220,6220,6220,1389,1517,-3,197,1302,1697,1029,5070,118,9532,25
17:04:39.500 [TLM] 49556,47703,-2085,283,6230,6230,6230,1414,1611,-2,-104,1604,1395,5024,-508,118,9532,25
17:04:39.501 [TLM] 49566,47719,-2069,282,6243,6243,6243,1447,1461,-1,116,1383,1616,1826,4185,118,9532,25
17:04:39.536 [TLM] 49576,47733,-2055,282,6250,6250,6250,1502,1633,0,36,1463,1536,2552,668,118,9532,25
17:04:39.536 [TLM] 49586,47749,-2039,281,6251,6251,6251,1537,1455,0,71,1428,1571,1533,3134,118,9532,25
17:04:39.570 [TLM] 49596,47763,-2025,281,6247,6247,6247,1527,1564,0,64,1435,1564,1355,2026,118,9532,25
17:04:39.605 [TLM] 49606,47780,-2008,280,6245,6245,6245,1518,1462,0,-95,1595,1404,3670,900,118,9532,25
17:04:39.606 [TLM] 49616,47793,-1995,280,6241,6241,6241,1487,1526,0,-442,1942,1057,8651,-4449,118,9532,25
17:04:39.641 [TLM] 49626,47810,-1978,279,6235,6235,6235,1389,1573,0,152,1347,1652,1625,3159,118,9532,25
17:04:39.641 [TLM] 49636,47824,-1964,278,6232,6232,6232,1628,1473,-1,-12,1512,1487,863,2316,118,9532,25
17:04:39.675 [TLM] 49646,47840,-1948,277,6225,6225,6225,1554,1383,-2,211,1288,1711,-2357,7492,118,9532,25
17:04:39.710 [TLM] 49656,47855,-1933,276,6222,6222,6222,1337,1952,-3,32,1467,1532,2448,-2214,118,9532,25
17:04:39.746 [TLM] 49666,47871,-1917,275,6224,6224,6224,1469,1496,-1,49,1450,1549,929,2914,118,9532,25
17:04:39.747 [TLM] 49676,47884,-1904,275,6218,6218,6218,1461,1478,-2,151,1348,1651,-657,4876,118,9532,25
17:04:39.749 [TLM] 49686,47902,-1887,274,6223,6223,6223,1326,1666,-4,-26,1526,1473,3102,-84,118,9532,25
17:04:39.781 [TLM] 49696,47914,-1874,273,6236,6236,6236,1429,1318,1,-258,1758,1241,6264,204,118,9532,25
17:04:39.782 [TLM] 49706,47929,-1859,272,6240,6240,6240,1492,1520,1,-423,1923,1076,8070,-4299,118,9532,25
17:04:39.816 [TLM] 49716,47944,-1845,272,6241,6241,6241,1466,1525,0,1,1498,1501,2264,2069,118,9532,25
17:04:39.817 [TLM] 49726,47960,-1828,271,6246,6246,6246,1484,1516,0,0,1500,1499,2231,1725,118,9532,25
17:04:39.850 [TLM] 49736,47973,-1815,271,6246,6246,6246,1469,1292,0,-203,1703,1296,5269,1968,118,9532,25
17:04:39.885 [TLM] 49746,47991,-1797,270,6249,6249,6249,1503,1625,1,170,1329,1670,-9,2381,118,9532,25
17:04:39.886 [TLM] 49756,48005,-1784,269,6254,6254,6254,1506,1605,0,0,1500,1499,2129,130,118,9532,25
17:04:39.920 [TLM] 49766,48020,-1768,269,6260,6260,6260,1433,1480,1,-109,1609,1390,4999,-111,118,9532,25
17:04:39.958 [TLM] 49776,48034,-1754,269,6258,6258,6258,1558,1472,0,-235,1735,1264,4849,-1175,118,9532,25
17:04:39.959 [TLM] 49786,48050,-1738,268,6254,6254,6254,1535,1514,0,-10,1510,1489,1980,1342,118,9532,25
17:04:39.959 [TLM] 49796,48066,-1722,268,6250,6250,6250,1605,1514,0,128,1371,1628,-452,3373,118,9532,25
17:04:39.990 [TLM] 49806,48081,-1707,267,6249,6249,6249,1518,1547,0,22,1477,1522,1157,1407,118,9532,25
17:04:40.026 [TLM] 49816,48096,-1693,267,6248,6248,6248,1479,1440,0,-102,1602,1397,3467,788,118,9532,25
17:04:40.026 [TLM] 49826,48109,-1679,266,6242,6242,6242,1528,1439,1,-141,1641,1358,3223,432,118,9532,25
17:04:40.061 [TLM] 49836,48126,-1662,266,6232,6232,6232,1620,1404,1,20,1479,1520,-169,3250,118,9532,25
17:04:40.061 [TLM] 49846,48140,-1649,265,6221,6221,6221,1564,1466,1,-38,1538,1461,1181,1801,118,9532,25
17:04:40.095 [TLM] 49856,48156,-1632,264,6214,6214,6214,1539,1575,1,-184,1684,1315,3623,-1783,118,9532,25
17:04:40.096 [TLM] 49866,48170,-1619,263,6213,6213,6213,1421,1603,-1,-281,1781,1218,6270,-3173,118,9532,25
17:04:40.131 [TLM] 49876,48186,-1603,262,6215,6215,6215,1456,1479,0,-200,1700,1299,4960,-685,118,9532,25
17:04:40.168 [TLM] 49886,48201,-1587,261,6209,6209,6209,1585,1469,0,-154,1654,1345,2531,307,118,9532,25
17:04:40.201 [TLM] 49896,48215,-1574,260,6210,6210,6210,1488,1547,0,0,1499,1500,1666,1045,118,9532,25
17:04:40.201 [TLM] 49906,48231,-1558,258,6205,6205,6205,1598,1354,2,-83,1583,1416,1903,2094,118,9532,25
17:04:40.202 [TLM] 49916,48245,-1544,257,6201,6201,6201,1503,1563,0,50,1449,1550,774,1902,118,9532,25
17:04:40.235 [TLM] 49926,48261,-1527,256,6205,6205,6205,1456,1564,0,128,1371,1628,441,2638,118,9532,25
17:04:40.236 [TLM] 49936,48275,-1514,255,6209,6209,6209,1519,1549,0,-4,1504,1495,1547,910,118,9532,25
17:04:40.270 [TLM] 49946,48291,-1498,254,6212,6212,6212,1398,1508,0,10,1489,1510,2921,1907,118,9532,25
17:04:40.306 [TLM] 49956,48306,-1483,253,6217,6217,6217,1433,1497,0,3,1496,1503,2699,1742,118,9532,25
17:04:40.306 [TLM] 49966,48321,-1468,252,6218,6218,6218,1471,1520,0,0,1500,1499,1818,1651,118,9532,25
17:04:40.341 [TLM] 49976,48335,-1454,251,6219,6219,6219,1530,1505,0,1,1498,1501,1493,1625,118,9532,25
17:04:40.376 [TLM] 49986,48350,-1439,250,6216,6216,6216,1520,1543,0,27,1472,1527,1083,1578,118,9532,25
17:04:40.377 [TLM] 49996,48365,-1424,249,6213,6213,6213,1538,1487,1,3,1496,1503,1138,1941,118,9532,25
17:04:40.378 [TLM] 50006,48382,-1407,248,6212,6212,6212,1403,1696,-2,-30,1530,1469,2891,-804,118,9532,25
17:04:40.410 [TLM] 50016,48395,-1394,247,6215,6215,6215,1395,1303,0,-238,1738,1261,6418,343,118,9532,25
17:04:40.446 [TLM] 50026,48412,-1377,245,6203,6203,6203,1225,1932,-5,401,1098,1901,-892,2122,118,9532,25
17:04:40.446 [TLM] 50036,48427,-1362,244,6205,6205,6205,1356,1542,-6,243,1256,1743,-675,4613,118,9532,25
17:04:40.480 [TLM] 50046,48439,-1350,243,6214,6214,6214,1265,1574,-3,-420,1920,1079,10533,-4998,118,9532,25
17:04:40.481 [TLM] 50056,48454,-1335,242,6217,6217,6217,1680,1389,-1,100,1399,1600,-1789,5139,118,9532,25
17:04:40.516 [TLM] 50066,48470,-1319,241,6225,6225,6225,1386,1797,-1,17,1482,1517,2941,-1617,118,9532,25
17:04:40.516 [TLM] 50076,48485,-1304,241,6231,6231,6231,1495,1468,0,22,1477,1522,1724,2475,118,9532,25
17:04:40.551 [TLM] 50086,48498,-1291,240,6229,6229,6229,1527,1398,-3,1417,82,2917,-12000,12000,118,9532,25
17:04:40.587 [TLM] 50096,48517,-1273,239,6230,6230,6230,1484,1683,-1,-79,1579,1420,2918,-1871,118,9532,25
17:04:40.588 [TLM] 50106,48530,-1259,238,6225,6225,6225,1404,1727,-4,334,1165,1834,-2635,4090,118,9532,25
17:04:40.623 [TLM] 50116,48547,-1243,237,6233,6233,6233,1286,1561,0,-441,1941,1058,10640,-6254,118,9532,25
17:04:40.623 [TLM] 50126,48560,-1229,237,6229,6229,6229,1657,1484,-4,386,1113,1886,-6761,7996,118,9532,25
17:04:40.656 [TLM] 50136,48577,-1213,236,6245,6245,6245,1366,1532,0,-194,1694,1305,5986,-2386,118,9532,25
17:04:40.691 [TLM] 50146,48589,-1201,235,6246,6246,6246,1422,1462,0,-198,1698,1301,5965,-825,118,9532,25
17:04:40.692 [TLM] 50156,48606,-1183,235,6247,6247,6247,1507,1489,0,-8,1508,1491,1458,1871,118,9532,25
17:04:40.729 [TLM] 50166,48620,-1169,234,6249,6249,6249,1452,1483,-1,374,1125,1874,-3231,7605,118,9532,25
17:04:40.731 [TLM] 50176,48634,-1155,234,6249,6249,6249,1506,1487,0,2,1497,1502,1595,2227,118,9532,25
17:04:40.761 [TLM] 50186,48650,-1139,233,6249,6249,6249,1471,1471,0,0,1499,1500,2203,2459,118,9532,25
17:04:40.761 [TLM] 50196,48663,-1126,233,6248,6248,6248,1479,1476,0,0,1499,1500,2293,2368,118,9532,25
17:04:40.796 [TLM] 50206,48679,-1110,232,6247,6247,6247,1533,1371,1,-31,1531,1468,2566,3018,118,9532,25
17:04:40.797 [TLM] 50216,48694,-1095,232,6247,6247,6247,1459,1671,-1,303,1196,1803,-2151,4482,118,9532,25
17:04:40.831 [TLM] 50226,48709,-1080,231,6252,6252,6252,1640,1131,2,-69,1569,1430,1431,5952,118,9532,25
17:04:40.865 [TLM] 50236,48725,-1064,231,6249,6249,6249,1533,1590,0,68,1431,1568,495,2384,118,9532,25
17:04:40.866 [TLM] 50246,48739,-1051,230,6250,6250,6250,1513,1514,0,-36,1536,1463,2182,1705,118,9532,25
17:04:40.900 [TLM] 50256,48755,-1035,230,6248,6248,6248,1436,1463,2,-142,1642,1357,4971,538,118,42300,25
17:04:40.936 [TLM] 50266,48770,-1020,229,6242,6242,6242,1437,1788,0,-24,1524,1475,2760,-1497,118,42300,25
17:04:40.936 [TLM] --- TELEMETRY END ---