17:17:30.862 [TLM] --- TELEMETRY START (3177 samples) ---
17:17:30.864 [TLM] Time_ms,Dist_mm,X_mm,Y_mm,Yaw_mrad,Accel_x_mg,Accel_y_mg,VelL_mmps,VelR_mmps,LinePos,PidLine,PidLSet,PidRSet,PidLOut,PidROut,Bat_dv,Markers,F
17:17:30.865 [TLM] Metadata: Line kP: 0.035000, Line kI: 0.000000, Line kD: 0.000340
17:17:30.866 [TLM] 22620,15,15,0,1,1,1,1334,1436,0,-8,1508,1491,7003,5617,121,32,25
17:17:30.866 [SMA] Transition: [telemetry] -> [full_stop]
17:17:30.868 [TLM] 22630,32,32,0,4,4,4,1615,1786,0,8,1491,1508,3034,285,121,32,25
17:17:30.895 [TLM] 22640,50,50,0,1,1,1,1670,1627,0,2,1497,1502,1567,1531,121,32,25
17:17:30.932 [TLM] 22650,64,64,0,-2,-2,-2,1602,1582,-1,205,1294,1705,-1131,4615,121,32,25
17:17:30.932 [TLM] 22660,80,80,0,1,1,1,1504,1654,0,-49,1549,1450,3514,-623,121,32,25
17:17:30.967 [TLM] 22670,95,95,0,5,5,5,1559,1510,0,89,1410,1589,201,3359,121,32,25
17:17:30.967 [TLM] 22680,112,112,0,7,7,7,1540,1522,0,164,1335,1664,-609,3874,121,32,25
17:17:31.001 [TLM] 22690,127,127,0,8,8,8,1598,1472,0,30,1469,1530,639,2339,121,32,25
17:17:31.038 [TLM] 22700,142,142,0,4,4,4,1528,1419,0,-244,1744,1255,5270,-754,121,32,25
17:17:31.039 [TLM] 22710,157,157,0,-3,-3,-3,1440,1628,-2,211,1288,1711,-788,3613,121,32,25
17:17:31.071 [TLM] 22720,172,172,0,5,5,5,1501,1414,0,-23,1523,1476,1900,2655,121,32,25
17:17:31.072 [TLM] 22730,187,187,0,12,12,12,1530,1500,-1,256,1243,1756,-2484,6133,121,32,25
17:17:31.106 [TLM] 22740,203,203,0,22,22,22,1436,1623,0,-29,1529,1470,2864,127,121,32,25
17:17:31.106 [TLM] 22750,217,217,1,23,23,23,1588,1354,0,262,1237,1762,-2583,7723,121,32,25
17:17:31.141 [TLM] 22760,232,232,1,23,23,23,1525,1583,0,-2,1502,1497,1721,1248,121,32,25
17:17:31.177 [TLM] 22770,247,247,1,26,26,26,1464,1526,0,1,1498,1501,2604,1768,121,32,25
17:17:31.177 [TLM] 22780,262,262,2,24,24,24,1566,1410,0,-587,2087,912,9454,-4720,121,32,25
17:17:31.247 [TLM] 22790,277,277,2,24,24,24,1521,1517,0,-169,1669,1330,4015,-638,121,32,25
17:17:31.247 [TLM] 22800,292,292,3,17,17,17,1596,1367,0,407,1092,1907,-4799,9215,121,32,25
17:17:31.248 [TLM] 22810,305,305,3,12,12,12,1264,1455,0,436,1063,1936,-956,8347,121,32,25
17:17:31.249 [TLM] 22820,321,321,3,15,15,15,1531,1572,0,-7,1507,1492,2526,785,121,32,25
17:17:31.281 [TLM] 22830,336,336,3,15,15,15,1475,1509,0,11,1488,1511,2788,1991,121,32,25
17:17:31.317 [TLM] 22840,351,351,3,17,17,17,1467,1497,0,180,1319,1680,480,4499,121,32,25
17:17:31.318 [TLM] 22850,365,365,4,17,17,17,1578,1466,0,156,1343,1656,-716,4763,121,32,25
17:17:31.352 [TLM] 22860,381,381,4,23,23,23,1438,1562,0,119,1380,1619,1718,2848,121,32,25
17:17:31.353 [TLM] 22870,396,396,4,23,23,23,1552,1474,0,-252,1752,1247,5478,-1049,121,32,25
17:17:31.389 [TLM] 22880,412,411,5,22,22,22,1527,1576,0,3,1496,1503,2070,1204,121,32,25
17:17:31.389 [TLM] 22890,426,426,5,22,22,22,1524,1485,0,-291,1791,1208,6390,-1785,121,32,25
17:17:31.421 [TLM] 22900,440,440,5,16,16,16,1598,1444,-1,162,1337,1662,-1497,5659,121,32,25
17:17:31.456 [TLM] 22910,455,455,6,20,20,20,1450,1509,0,-40,1540,1459,3384,1212,121,32,25
17:17:31.457 [TLM] 22920,472,472,6,18,18,18,1518,1502,-1,0,1500,1499,1741,2187,121,32,25
17:17:31.491 [TLM] 22930,487,487,6,17,17,17,1548,1406,0,66,1433,1566,642,3800,121,32,25
17:17:31.492 [TLM] 22941,502,502,6,18,18,18,1519,1579,0,26,1473,1526,1532,978,120,32,25
17:17:31.526 [TLM] 22950,515,515,7,13,13,13,1550,1407,2,-98,1598,1401,3603,1109,120,32,25
17:17:31.527 [TLM] 22960,533,533,7,0,0,0,1526,1782,-2,306,1193,1806,-2923,1988,120,32,25
17:17:31.561 [TLM] 22970,549,549,7,-13,-13,-13,1445,1842,-5,407,1092,1907,-4323,3363,120,32,25
17:17:31.597 [TLM] 22980,563,563,6,-6,-6,-6,1166,1634,-6,221,1278,1721,1588,3336,120,32,25
17:17:31.597 [TLM] 22990,576,576,6,7,7,7,1327,1668,-3,302,1197,1802,-1317,4216,120,32,25
17:17:31.631 [TLM] 23000,589,589,7,21,21,21,1421,1307,0,-2,1502,1497,3345,4163,120,32,25
17:17:31.632 [TLM] 23010,605,605,7,20,20,20,1386,1516,0,21,1478,1521,3807,1935,120,32,25
17:17:31.666 [TLM] 23020,620,620,7,18,18,18,1492,1470,0,-209,1709,1290,5866,-668,120,32,25
17:17:31.667 [TLM] 23030,634,634,8,13,13,13,1426,1555,-2,232,1267,1732,80,4993,120,32,25
17:17:31.702 [TLM] 23040,650,650,8,17,17,17,1521,1500,0,49,1450,1549,1499,3039,120,32,25
17:17:31.737 [TLM] 23050,665,665,8,23,23,23,1528,1505,0,-59,1559,1440,2954,1228,120,32,25
17:17:31.737 [TLM] 23060,680,680,8,24,24,24,1501,1514,0,0,1500,1499,2522,1813,120,32,25
17:17:31.777 [TLM] 23070,694,694,9,19,19,19,1575,1275,-1,666,833,2166,-7766,12000,120,32,25
17:17:31.778 [TLM] 23080,711,710,9,13,13,13,1477,1679,-2,24,1475,1524,1529,1001,120,32,25
17:17:31.806 [TLM] 23090,726,725,9,19,19,19,1463,1444,-1,44,1455,1544,1501,3568,120,32,25
17:17:31.807 [TLM] 23100,741,741,10,25,25,25,1444,1556,0,-444,1944,1055,8794,-4822,120,32,25
17:17:31.841 [TLM] 23110,755,755,10,21,21,21,1675,1451,2,-66,1566,1433,1097,1754,120,32,25
17:17:31.879 [TLM] 23120,771,771,10,17,17,17,1506,1536,0,0,1499,1500,1753,1851,120,32,25
17:17:31.879 [TLM] 23130,785,785,11,20,20,20,1478,1534,1,-227,1727,1272,5771,-1539,120,32,25
17:17:31.912 [TLM] 23140,801,801,11,22,22,22,1556,1650,0,78,1421,1578,78,1287,120,32,25
17:17:31.912 [TLM] 23150,815,815,11,24,24,24,1447,1423,0,-53,1553,1446,3378,2134,120,32,25
17:17:31.947 [TLM] 23160,830,830,12,28,28,28,1533,1431,0,66,1433,1566,805,3599,120,32,25
17:17:31.948 [TLM] 23170,846,846,12,30,30,30,1418,1653,0,0,1499,1500,3177,-248,120,32,25
17:17:31.982 [TLM] 23180,860,860,13,35,35,35,1504,1484,0,-28,1528,1471,2735,1391,120,32,25
17:17:32.018 [TLM] 23190,875,875,13,32,32,32,1506,1479,0,324,1175,1824,-2247,6502,120,32,25
17:17:32.018 [TLM] 23200,891,890,14,32,32,32,1492,1608,0,32,1467,1532,2018,932,120,32,25
17:17:32.052 [TLM] 23210,905,905,14,32,32,32,1518,1392,1,-181,1681,1318,4981,468,120,32,25
17:17:32.053 [TLM] 23220,920,920,14,28,28,28,1487,1422,0,-154,1654,1345,4870,699,120,32,25
17:17:32.087 [TLM] 23230,936,935,15,21,21,21,1541,1481,0,-184,1684,1315,4322,-212,120,32,25
17:17:32.089 [TLM] 23240,951,950,15,19,19,19,1496,1522,0,0,1500,1499,2259,1881,120,32,25
17:17:32.123 [TLM] 23250,965,965,15,19,19,19,1558,1391,1,-35,1535,1464,2442,2602,120,32,25
17:17:32.159 [TLM] 23260,981,981,16,21,21,21,1454,1651,0,-112,1612,1387,4305,-1484,120,32,25
17:17:32.160 [TLM] 23270,995,995,16,15,15,15,1654,1158,0,155,1344,1655,-1885,8786,120,32,25
17:17:32.192 [TLM] 23280,1011,1011,16,3,3,3,1672,1324,1,-86,1586,1413,1012,3035,120,32,25
17:17:32.193 [TLM] 23290,1026,1026,16,-13,-13,-13,1512,1572,0,136,1363,1636,-235,3106,120,32,25
17:17:32.227 [TLM] 23300,1041,1040,16,-17,-17,-17,1446,1512,0,-260,1760,1239,6183,-1457,120,32,25
17:17:32.264 [TLM] 23310,1055,1055,16,-20,-20,-20,1543,1468,0,251,1248,1751,-2436,6528,120,32,25
17:17:32.266 [TLM] 23320,1071,1071,15,-13,-13,-13,1440,1560,0,-39,1539,1460,2750,953,120,32,25
17:17:32.298 [TLM] 23330,1086,1086,15,-5,-5,-5,1462,1540,0,73,1426,1573,1208,2443,120,32,25
17:17:32.298 [TLM] 23340,1101,1101,15,0,0,0,1485,1505,0,133,1366,1633,248,3710,120,32,25
17:17:32.332 [TLM] 23350,1116,1116,15,2,2,2,1511,1485,0,3,1496,1503,1851,2031,120,32,25
17:17:32.332 [TLM] 23360,1130,1130,15,3,3,3,1411,1493,0,-13,1513,1486,3546,1738,120,32,25
17:17:32.370 [TLM] 23370,1146,1146,15,4,4,4,1530,1525,-1,342,1157,1842,-3183,6409,120,32,25
17:17:32.370 [TLM] 23380,1161,1160,15,5,5,5,1436,1506,0,69,1430,1569,2127,2720,120,32,25
17:17:32.404 [TLM] 23390,1176,1175,15,12,12,12,1564,1485,-1,26,1473,1526,876,2737,120,32,25
17:17:32.438 [TLM] 23400,1191,1190,16,18,18,18,1526,1510,0,-2,1502,1497,1975,1728,120,32,25
17:17:32.475 [TLM] 23410,1205,1205,16,19,19,19,1484,1484,0,-1,1501,1498,2695,2012,120,32,25
17:17:32.476 [TLM] 23420,1220,1220,16,17,17,17,1462,1453,0,0,1499,1500,3132,2526,120,32,25
17:17:32.477 [TLM] 23430,1236,1236,16,13,13,13,1649,1611,0,-65,1565,1434,1166,-141,120,32,25
17:17:32.509 [TLM] 23440,1251,1251,17,16,16,16,1451,1525,0,431,1068,1931,-3625,7574,120,32,25
17:17:32.509 [TLM] 23450,1264,1264,17,22,22,22,1550,1026,0,99,1400,1599,265,9763,120,32,25
17:17:32.543 [TLM] 23460,1281,1281,17,26,26,26,1548,1563,0,168,1331,1668,-609,3961,120,32,25
17:17:32.578 [TLM] 23470,1296,1296,18,31,31,31,1547,1495,1,-165,1665,1334,4115,-179,120,32,25
17:17:32.579 [TLM] 23480,1311,1311,18,27,27,27,1488,1571,1,-504,2004,995,9591,-5724,120,32,25
17:17:32.613 [TLM] 23490,1327,1327,19,22,22,22,1611,1688,0,31,1468,1531,-219,-59,120,32,25
17:17:32.614 [TLM] 23500,1342,1342,19,17,17,17,1531,1528,0,293,1206,1793,-2898,5381,120,32,25
17:17:32.684 [TLM] 23510,1357,1356,19,16,16,16,1376,1483,0,-137,1637,1362,5357,-340,120,32,25
17:17:32.684 [TLM] 23520,1371,1371,19,11,11,11,1426,1501,0,0,1500,1499,2851,1520,120,32,25
17:17:32.684 [TLM] 23530,1386,1386,20,10,10,10,1474,1475,0,0,1499,1500,2405,2006,120,32,25
17:17:32.718 [TLM] 23540,1401,1401,20,8,8,8,1514,1485,0,1,1498,1501,1935,2025,120,32,25
17:17:32.718 [TLM] 23550,1416,1416,20,10,10,10,1417,1601,0,-165,1665,1334,5528,-1817,120,32,25
17:17:32.753 [TLM] 23560,1431,1431,20,17,17,17,1476,1479,0,19,1480,1519,2325,2204,120,32,25
17:17:32.754 [TLM] 23570,1446,1446,20,16,16,16,1460,1510,0,-83,1583,1416,4047,460,120,32,25
17:17:32.862 [TLM] 23580,1461,1461,21,16,16,16,1528,1515,0,1,1498,1501,2024,1630,120,32,25
17:17:32.865 [TLM] 23590,1476,1476,21,14,14,14,1504,1453,0,0,1499,1500,2291,2373,120,32,25
17:17:32.866 [TLM] 23600,1491,1491,21,11,11,11,1521,1526,1,-481,1981,1018,9040,-5210,120,32,25
17:17:32.866 [TLM] 23610,1508,1508,21,12,12,12,1457,1660,0,-154,1654,1345,4999,-2218,120,32,25
17:17:32.866 [TLM] 23620,1522,1522,21,9,9,9,1588,1258,1,106,1393,1606,-194,6420,120,32,25
17:17:32.892 [TLM] 23630,1538,1538,21,-1,-1,-1,1596,1521,0,18,1481,1518,475,2290,120,32,25
17:17:32.892 [TLM] 23640,1553,1553,21,-3,-3,-3,1536,1529,1,-68,1568,1431,2623,723,120,32,25
17:17:32.929 [TLM] 23650,1568,1568,21,-10,-10,-10,1492,1543,0,-1,1501,1498,1817,1872,120,32,25
17:17:32.929 [TLM] 23660,1584,1583,21,-9,-9,-9,1443,1659,-4,370,1129,1870,-3558,5940,120,32,25
17:17:32.962 [TLM] 23670,1599,1598,21,5,5,5,1463,1492,-1,224,1275,1724,-993,4729,120,32,25
17:17:33.107 [TLM] 23680,1613,1613,21,7,7,7,1452,1436,-1,159,1340,1659,137,4573,120,32,25
17:17:33.138 [TLM] 23690,1626,1626,21,10,10,10,1483,1427,0,1,1498,1501,2429,2546,120,32,25
17:17:33.173 [TLM] 23700,1641,1641,21,12,12,12,1449,1519,0,42,1457,1542,2368,1947,120,32,25
17:17:33.174 [TLM] 23710,1656,1656,22,13,13,13,1441,1477,0,-24,1524,1475,3421,1692,120,32,25
17:17:33.175 [TLM] 23720,1671,1671,22,14,14,14,1539,1539,0,-498,1998,1001,8711,-5479,120,32,25
17:17:33.175 [TLM] 23730,1687,1686,22,7,7,7,1492,1546,0,213,1286,1713,-978,4347,120,32,25
17:17:33.177 [TLM] 23740,1702,1701,22,5,5,5,1515,1587,-1,157,1342,1657,-808,3375,120,32,25
17:17:33.178 [TLM] 23750,1716,1716,22,8,8,8,1536,1392,0,-2,1502,1497,1525,3269,120,32,25
17:17:33.178 [TLM] 23760,1731,1731,22,9,9,9,1498,1491,0,-3,1503,1496,2174,1979,120,32,25
17:17:33.179 [TLM] 23770,1746,1746,23,9,9,9,1412,1530,1,-66,1566,1433,4619,326,120,32,25
17:17:33.180 [TLM] 23780,1761,1761,23,7,7,7,1353,1708,0,-524,2024,975,11545,-7677,120,32,25
17:17:33.209 [TLM] 23790,1776,1776,23,4,4,4,1538,1467,-1,102,1397,1602,-17,4354,120,32,25
17:17:33.211 [TLM] 23800,1791,1791,23,3,3,3,1537,1376,2,-42,1542,1457,2451,2910,120,32,25
17:17:33.243 [TLM] 23810,1807,1806,23,-1,-1,-1,1612,1558,1,-61,1561,1438,1629,439,120,32,25
17:17:33.277 [TLM] 23820,1822,1821,23,-2,-2,-2,1512,1498,0,28,1471,1528,1230,2453,120,32,25
17:17:33.278 [TLM] 23830,1836,1836,23,1,1,1,1489,1466,0,13,1486,1513,1873,2584,120,32,25
17:17:33.312 [TLM] 23840,1853,1852,23,0,0,0,1506,1697,0,-58,1558,1441,2477,-1417,120,32,25
17:17:33.313 [TLM] 23850,1867,1867,23,5,5,5,1471,1479,0,-83,1583,1416,3348,613,120,32,25
17:17:33.348 [TLM] 23860,1882,1882,23,0,0,0,1507,1457,-1,174,1325,1674,-894,5046,120,32,25
17:17:33.349 [TLM] 23870,1897,1897,23,6,6,6,1479,1545,-1,15,1484,1515,1472,1611,120,32,25
17:17:33.382 [TLM] 23880,1912,1912,23,10,10,10,1458,1589,-1,33,1466,1533,1580,1332,120,32,25
17:17:33.418 [TLM] 23890,1928,1928,23,15,15,15,1475,1509,0,-52,1552,1447,3065,1843,120,32,25
17:17:33.419 [TLM] 23900,1943,1943,23,18,18,18,1483,1524,0,7,1492,1507,1909,1847,120,32,25
17:17:33.453 [TLM] 23910,1958,1958,24,22,22,22,1439,1527,0,172,1327,1672,284,3956,120,32,25
17:17:33.453 [TLM] 23920,1973,1973,24,28,28,28,1396,1557,0,0,1499,1500,3345,1034,120,32,25
17:17:33.488 [TLM] 23930,1988,1988,25,33,33,33,1525,1435,0,-75,1575,1424,3114,1385,120,32,25
17:17:33.488 [TLM] 23940,2003,2003,25,23,23,23,1545,1466,1,-91,1591,1408,3127,711,120,32,25
17:17:33.525 [TLM] 23950,2017,2017,25,9,9,9,1629,1350,1,-11,1511,1488,815,3663,120,32,25
17:17:33.559 [TLM] 23960,2033,2032,25,1,1,1,1525,1816,-2,173,1326,1673,-1733,673,120,32,25
17:17:33.561 [TLM] 23970,2047,2046,25,1,1,1,1453,1471,-2,228,1271,1728,-1512,5438,120,32,25
17:17:33.594 [TLM] 23980,2062,2062,25,3,3,3,1340,1401,0,-22,1522,1477,4106,2292,120,32,25
17:17:33.596 [TLM] 23990,2076,2076,25,-2,-2,-2,1362,1709,-4,349,1150,1849,-1869,4716,120,32,25
17:17:33.627 [TLM] 24000,2092,2092,25,-2,-2,-2,1380,1364,-2,145,1354,1645,1074,5488,120,32,25
17:17:33.629 [TLM] 24010,2109,2108,25,-6,-6,-6,1365,1838,-5,382,1117,1882,-2391,2890,120,32,25
17:17:33.662 [TLM] 24020,2123,2122,25,1,1,1,1194,1698,-5,9,1490,1509,5317,-587,120,32,25
17:17:33.698 [TLM] 24030,2136,2136,25,12,12,12,1600,1232,0,264,1235,1764,-2390,8731,120,32,25
17:17:33.698 [TLM] 24040,2154,2153,26,14,14,14,1379,1854,-3,-46,1546,1453,3472,-3283,120,32,25
17:17:33.732 [TLM] 24050,2167,2167,26,20,20,20,1400,1394,0,339,1160,1839,-1276,7399,120,32,25
17:17:33.733 [TLM] 24060,2182,2182,26,21,21,21,1435,1630,-1,7,1492,1507,2796,115,120,32,25
17:17:33.768 [TLM] 24070,2196,2195,26,23,23,23,1356,1474,-1,18,1481,1518,4241,2480,120,32,25
17:17:33.768 [TLM] 24080,2211,2210,27,23,23,23,1456,1461,0,-11,1511,1488,3675,2241,120,32,25
17:17:33.802 [TLM] 24090,2225,2225,27,23,23,23,1340,1617,0,-251,1751,1248,8597,-2887,120,32,25
17:17:33.838 [TLM] 24100,2241,2240,28,37,37,37,1452,1737,0,-49,1549,1450,5106,-1925,120,32,25
17:17:33.839 [TLM] 24110,2255,2255,28,45,45,45,1509,1559,0,-1,1501,1498,3437,1132,120,32,25
17:17:33.872 [TLM] 24120,2270,2269,29,48,48,48,1517,1329,1,-97,1597,1402,5215,2523,120,32,25
17:17:33.947 [TLM] 24130,2285,2285,30,41,41,41,1617,1439,1,-28,1528,1471,2584,2283,120,32,25
17:17:33.949 [TLM] 24140,2301,2300,30,36,36,36,1519,1539,0,-179,1679,1320,5557,-1043,120,32,25
17:17:33.952 [TLM] 24150,2316,2315,31,27,27,27,1634,1446,-1,-48,1548,1451,1531,2797,120,32,25
17:17:33.952 [TLM] 24160,2330,2330,31,23,23,23,1502,1405,0,-64,1564,1435,3555,2723,120,32,25
17:17:34.048 [TLM] 24170,2346,2345,31,24,24,24,1553,1511,0,-23,1523,1476,2140,1983,120,32,25
17:17:34.049 [TLM] 24180,2361,2360,32,26,26,26,1519,1527,0,111,1388,1611,672,3487,120,32,25
17:17:34.051 [TLM] 24190,2376,2375,32,25,25,25,1411,1644,0,117,1382,1617,2279,1905,120,32,25
17:17:34.053 [TLM] 24200,2390,2390,33,21,21,21,1648,1298,1,284,1215,1784,-2695,8262,120,32,25
17:17:34.053 [TLM] 24210,2407,2406,33,11,11,11,1497,1646,0,-72,1572,1427,3924,-1232,120,32,25
17:17:34.054 [TLM] 24220,2421,2421,33,3,3,3,1537,1451,1,125,1374,1625,807,3847,120,32,25
17:17:34.082 [TLM] 24230,2436,2436,33,-2,-2,-2,1406,1607,0,0,1499,1500,4085,136,120,32,25
17:17:34.118 [TLM] 24240,2451,2451,33,-5,-5,-5,1520,1495,0,0,1500,1499,2534,1678,120,32,25
17:17:34.119 [TLM] 24250,2466,2466,33,-11,-11,-11,1537,1466,0,0,1500,1499,2245,2153,120,32,25
17:17:34.154 [TLM] 24260,2482,2481,33,-14,-14,-14,1517,1508,0,47,1452,1547,1690,2277,120,32,25
17:17:34.156 [TLM] 24270,2497,2496,32,-10,-10,-10,1461,1593,0,21,1478,1521,2830,516,120,32,25
17:17:34.189 [TLM] 24280,2512,2511,32,-8,-8,-8,1511,1540,0,67,1432,1567,1467,1960,120,32,25
17:17:34.190 [TLM] 24290,2527,2526,32,-8,-8,-8,1430,1541,-1,57,1442,1557,2384,1961,120,32,25
17:17:34.223 [TLM] 24300,2542,2541,32,-6,-6,-6,1426,1504,0,7,1492,1507,3121,1740,120,32,25
17:17:34.295 [TLM] 24310,2557,2557,32,-7,-7,-7,1549,1527,1,-155,1655,1344,4289,-585,120,32,25
17:17:34.295 [TLM] 24320,2572,2572,32,-13,-13,-13,1466,1629,0,133,1366,1633,589,1975,120,32,25
17:17:34.296 [TLM] 24330,2587,2587,31,-19,-19,-19,1710,1370,0,238,1261,1738,-4350,7174,120,32,25
17:17:34.296 [TLM] 24340,2604,2604,31,-21,-21,-21,1395,1815,-3,11,1488,1511,2007,-2173,120,32,25
17:17:34.329 [TLM] 24350,2618,2618,31,-22,-22,-22,1356,1566,-4,297,1202,1797,-1660,5314,120,32,25
17:17:34.329 [TLM] 24360,2633,2633,31,-13,-13,-13,1309,1634,0,-564,2064,935,11526,-8022,120,32,25
17:17:34.365 [TLM] 24370,2646,2646,30,-13,-13,-13,1638,1360,-4,403,1096,1903,-7293,10024,120,32,25
17:17:34.398 [TLM] 24380,2663,2663,30,-7,-7,-7,1440,1467,-3,-671,2171,828,10563,-7092,120,32,25
17:17:34.399 [TLM] 24390,2678,2678,30,-9,-9,-9,1174,2026,-5,575,924,2075,-4082,4295,120,32,25
17:17:34.434 [TLM] 24400,2692,2692,30,-5,-5,-5,1304,1537,-2,-461,1961,1038,9787,-4799,120,16416,25
17:17:34.434 [TLM] 24410,2707,2707,30,-7,-7,-7,1093,2007,-6,161,1338,1661,3447,-1536,120,16416,25
17:17:34.467 [TLM] 24420,2720,2720,30,2,2,2,1340,1446,-4,157,1342,1657,644,4892,120,160,25
17:17:34.467 [TLM] 24430,2735,2735,30,16,16,16,1219,1733,-5,105,1394,1605,3095,1169,120,160,25
17:17:34.503 [TLM] 24440,2751,2750,30,43,43,43,1367,1522,-2,-100,1600,1399,4984,529,120,160,25
17:17:34.538 [TLM] 24450,2766,2765,31,64,64,64,1274,1719,-4,166,1333,1666,1694,3039,120,160,25
17:17:34.539 [TLM] 24460,2780,2779,32,97,97,97,1233,1482,-2,312,1187,1812,1733,6352,120,160,25
17:17:34.574 [TLM] 24470,2795,2795,34,118,118,118,1383,1737,-4,273,1226,1773,253,3195,120,160,25
17:17:34.575 [TLM] 24480,2810,2809,36,148,148,148,1189,1579,-5,149,1350,1649,4559,3187,120,160,25
17:17:34.609 [TLM] 24490,2825,2824,38,173,173,173,1403,1862,-6,225,1274,1725,620,893,120,160,25
17:17:34.610 [TLM] 24500,2841,2839,41,205,205,205,1325,1656,-4,-75,1575,1424,5935,-1261,120,160,25
17:17:34.643 [TLM] 24510,2856,2855,45,221,221,221,1193,2014,-10,212,1287,1712,2368,-616,120,160,25
17:17:34.678 [TLM] 24520,2871,2869,48,251,251,251,1241,1537,-9,676,823,2176,-4102,10537,120,160,25
17:17:34.678 [TLM] 24530,2887,2885,52,269,269,269,1080,2161,-18,1218,281,2718,-11743,12000,120,160,25
17:17:34.714 [TLM] 24540,2902,2899,57,326,326,326,755,2179,-18,647,852,2147,252,3215,120,160,25
17:17:34.715 [TLM] 24550,2917,2913,62,396,396,396,922,2098,-17,762,737,2262,-3106,5757,120,160,25
17:17:34.748 [TLM] 24560,2932,2926,68,469,469,469,999,1880,-15,894,605,2394,-5401,10245,120,160,25
17:17:34.783 [TLM] 24570,2946,2939,75,535,535,535,1048,2155,-10,326,1173,1826,2652,-1517,120,160,25
17:17:34.784 [TLM] 24580,2961,2952,84,615,615,615,906,2112,-12,380,1119,1880,3981,-221,120,160,25
17:17:34.818 [TLM] 24590,2976,2963,93,689,689,689,1085,1963,-12,446,1053,1946,1384,2921,120,160,25
17:17:34.854 [TLM] 24600,2990,2973,102,749,749,749,1088,1594,-9,285,1214,1785,4180,4769,120,160,25
17:17:34.855 [TLM] 24610,3005,2984,112,796,796,796,1118,1996,-10,359,1140,1859,2633,477,120,160,25
17:17:34.855 [TLM] 24620,3021,2995,124,855,855,855,1031,1980,-9,122,1377,1622,7145,-2548,120,160,25
17:17:34.888 [TLM] 24630,3035,3004,135,898,898,898,1135,1834,-9,372,1127,1872,2443,2999,120,160,25
17:17:34.889 [TLM] 24640,3051,3014,148,943,943,943,1061,2040,-13,669,830,2169,-1599,5113,120,160,25
17:17:34.923 [TLM] 24650,3066,3022,160,1005,1005,1005,1096,1786,-13,457,1042,1957,760,4877,120,160,25
17:17:34.959 [TLM] 24660,3081,3030,174,1065,1065,1065,1031,2093,-12,446,1053,1946,1815,883,120,160,25
17:17:34.960 [TLM] 24670,3095,3036,186,1126,1126,1126,1048,1764,-10,434,1065,1934,2387,4455,120,160,25
17:17:34.993 [TLM] 24680,3111,3042,200,1175,1175,1175,1120,1943,-9,293,1206,1793,3539,645,120,160,25
17:17:34.994 [TLM] 24690,3126,3048,214,1230,1230,1230,1087,1844,-11,107,1392,1607,5961,-166,120,16544,25
17:17:35.028 [TLM] 24700,3141,3052,228,1289,1289,1289,1143,1742,-10,568,931,2068,-965,7080,120,16544,25
17:17:35.029 [TLM] 24710,3156,3056,243,1338,1338,1338,1164,1811,-9,425,1074,1925,1091,4119,120,288,25
17:17:35.064 [TLM] 24720,3172,3059,259,1388,1388,1388,984,2174,-12,371,1128,1871,3751,-1534,120,288,25
17:17:35.099 [TLM] 24730,3186,3061,273,1436,1436,1436,1181,1785,-10,298,1201,1798,2461,2235,120,288,25
17:17:35.100 [TLM] 24740,3200,3063,287,1474,1474,1474,1149,1704,-7,129,1370,1629,5748,833,120,288,25
17:17:35.134 [TLM] 24750,3216,3064,302,1504,1504,1504,1430,1673,-6,571,928,2071,-3989,7388,120,288,25
17:17:35.134 [TLM] 24760,3230,3065,317,1536,1536,1536,1318,1619,-3,35,1464,1535,5408,194,120,288,25
17:17:35.168 [TLM] 24770,3245,3065,332,1558,1558,1558,1373,1606,-4,35,1464,1535,4247,824,120,288,25
17:17:35.203 [TLM] 24780,3260,3065,346,1579,1579,1579,1419,1472,-1,-205,1705,1294,7646,-1011,120,288,25
17:17:35.203 [TLM] 24790,3275,3065,361,1574,1574,1574,1643,1405,-4,368,1131,1868,-4489,8870,120,288,25
17:17:35.237 [TLM] 24800,3290,3065,377,1574,1574,1574,1392,1600,-3,104,1395,1604,1847,3018,120,288,25
17:17:35.238 [TLM] 24810,3306,3065,393,1581,1581,1581,1470,1633,-2,-194,1694,1305,4664,-2224,120,288,25
17:17:35.309 [TLM] 24820,3321,3065,408,1577,1577,1577,1343,1741,-4,397,1102,1897,-2327,5068,120,288,25
17:17:35.310 [TLM] 24830,3336,3065,423,1583,1583,1583,1307,1741,-4,89,1410,1589,2687,135,120,288,25
17:17:35.310 [TLM] 24840,3350,3064,437,1582,1582,1582,1444,1453,-2,318,1181,1818,-1875,7063,120,288,25
17:17:35.311 [TLM] 24850,3366,3064,452,1589,1589,1589,1292,1676,-2,-72,1572,1427,5610,-1425,120,288,25
17:17:35.342 [TLM] 24860,3380,3064,467,1593,1593,1593,1443,1510,-1,41,1458,1541,2137,2671,120,288,25
17:17:35.380 [TLM] 24870,3395,3063,481,1600,1600,1600,1413,1490,0,-32,1532,1467,4138,1826,120,288,25
17:17:35.380 [TLM] 24880,3409,3063,496,1603,1603,1603,1480,1436,0,98,1401,1598,1582,4190,120,288,25
17:17:35.414 [TLM] 24890,3425,3062,511,1601,1601,1601,1587,1372,0,217,1282,1717,-1762,6851,120,288,25
17:17:35.414 [TLM] 24900,3440,3062,527,1597,1597,1597,1572,1546,0,-1,1501,1498,976,2011,120,288,25
17:17:35.485 [TLM] 24910,3455,3062,542,1601,1601,1601,1477,1493,0,-27,1527,1472,2503,2113,120,288,25
17:17:35.487 [TLM] 24920,3470,3061,557,1602,1602,1602,1466,1479,1,-44,1544,1455,3169,1690,120,288,25
17:17:35.487 [TLM] 24930,3485,3061,572,1602,1602,1602,1490,1549,2,-149,1649,1350,4701,-1032,120,288,25
17:17:35.555 [TLM] 24941,3501,3060,587,1612,1612,1612,1483,1533,0,-104,1604,1395,4129,-75,120,288,25
17:17:35.555 [TLM] 24950,3512,3060,598,1615,1615,1615,1638,1027,6,-216,1716,1283,5439,3994,120,288,25
17:17:35.555 [TLM] 24960,3528,3059,615,1601,1601,1601,1627,1530,2,-29,1529,1470,1930,1163,120,288,25
17:17:35.555 [TLM] 24970,3543,3059,630,1595,1595,1595,1627,1326,1,38,1461,1538,746,4354,120,288,25
17:17:35.587 [TLM] 24980,3560,3058,646,1586,1586,1586,1473,1555,0,-32,1532,1467,3536,753,120,288,25
17:17:35.588 [TLM] 24990,3575,3058,661,1586,1586,1586,1593,1427,0,-35,1535,1464,1950,2432,120,288,25
17:17:35.623 [TLM] 25000,3590,3058,676,1583,1583,1583,1519,1476,1,-271,1771,1228,6159,-1522,120,288,25
17:17:35.659 [TLM] 25010,3605,3058,691,1587,1587,1587,1524,1374,2,-60,1560,1439,3458,2113,120,288,25
17:17:35.659 [TLM] 25020,3620,3057,707,1581,1581,1581,1547,1475,0,-23,1523,1476,2106,2019,120,288,25
17:17:35.694 [TLM] 25030,3634,3057,721,1582,1582,1582,1583,1212,3,-154,1654,1345,4191,2933,120,288,25
17:17:35.695 [TLM] 25040,3650,3057,737,1574,1574,1574,1626,1508,1,-28,1528,1471,1389,1413,120,288,25
17:17:35.729 [TLM] 25050,3665,3057,752,1570,1570,1570,1543,1506,0,7,1492,1507,1697,2083,120,288,25
17:17:35.762 [TLM] 25060,3680,3057,767,1567,1567,1567,1605,1434,0,-81,1581,1418,1927,2120,120,288,25
17:17:35.764 [TLM] 25070,3695,3057,782,1569,1569,1569,1513,1517,0,-39,1539,1460,2536,1417,120,288,25
17:17:35.800 [TLM] 25080,3710,3057,797,1566,1566,1566,1527,1457,1,-30,1530,1469,2196,2074,120,288,25
17:17:35.802 [TLM] 25090,3724,3057,810,1562,1562,1562,1489,1462,0,21,1478,1521,1782,2780,120,288,25
17:17:35.833 [TLM] 25100,3739,3058,826,1559,1559,1559,1533,1530,2,-229,1729,1270,5137,-1953,120,288,25
17:17:35.835 [TLM] 25110,3754,3058,840,1561,1561,1561,1468,1655,0,128,1371,1628,607,1745,120,288,25
17:17:35.869 [TLM] 25120,3768,3058,854,1567,1567,1567,1565,1319,0,213,1286,1713,-1478,7170,120,288,25
17:17:35.902 [TLM] 25130,3783,3058,870,1572,1572,1572,1555,1353,0,-39,1539,1460,2276,3276,120,288,25
17:17:35.903 [TLM] 25140,3798,3058,885,1575,1575,1575,1533,1469,1,98,1401,1598,774,3709,120,288,25
17:17:35.939 [TLM] 25150,3813,3058,899,1578,1578,1578,1407,1445,0,206,1293,1706,656,5668,120,288,25
17:17:35.940 [TLM] 25160,3829,3058,915,1578,1578,1578,1566,1551,0,-126,1626,1373,3148,-264,120,288,25
17:17:35.973 [TLM] 25170,3844,3057,930,1576,1576,1576,1527,1531,0,-161,1661,1338,4025,-669,120,288,25
17:17:35.973 [TLM] 25180,3859,3057,945,1575,1575,1575,1581,1431,0,-53,1553,1446,1831,2046,120,288,25
17:17:36.007 [TLM] 25190,3874,3057,961,1569,1569,1569,1490,1575,0,-51,1551,1448,2404,551,120,288,25
17:17:36.008 [TLM] 25200,3889,3057,976,1568,1568,1568,1556,1474,0,236,1263,1736,-2315,5670,120,288,25
17:17:36.044 [TLM] 25210,3904,3057,990,1570,1570,1570,1469,1422,1,-92,1592,1407,3902,1632,120,288,25
17:17:36.079 [TLM] 25220,3919,3057,1006,1567,1567,1567,1531,1498,0,63,1436,1563,791,2950,120,288,25
17:17:36.079 [TLM] 25230,3934,3057,1021,1569,1569,1569,1457,1531,0,-29,1529,1470,2871,1249,120,288,25
17:17:36.113 [TLM] 25240,3949,3057,1035,1572,1572,1572,1454,1490,1,-81,1581,1418,3942,839,120,288,25
17:17:36.113 [TLM] 25250,3964,3057,1051,1570,1570,1570,1538,1528,0,-7,1507,1492,1776,1440,120,288,25
17:17:36.185 [TLM] 25260,3979,3057,1065,1567,1567,1567,1527,1486,0,-29,1529,1470,2325,1583,120,288,25
17:17:36.185 [TLM] 25270,3994,3058,1080,1562,1562,1562,1537,1463,0,7,1492,1507,1607,2660,120,288,25
17:17:36.185 [TLM] 25280,4009,3058,1095,1558,1558,1558,1589,1312,-1,122,1377,1622,-850,6119,120,16672,25
17:17:36.218 [TLM] 25290,4026,3058,1112,1554,1554,1554,1555,1506,0,-449,1949,1050,7307,-4038,120,416,25
17:17:36.219 [TLM] 25300,4039,3058,1125,1553,1553,1553,1470,1572,-1,238,1261,1738,-1396,5018,120,416,25
17:17:36.254 [TLM] 25310,4056,3058,1143,1565,1565,1565,1489,1597,0,34,1465,1534,1257,1074,120,416,25
17:17:36.256 [TLM] 25320,4072,3058,1158,1570,1570,1570,1413,1700,-3,165,1334,1665,-47,1989,120,416,25
17:17:36.288 [TLM] 25330,4086,3058,1172,1586,1586,1586,1381,1520,0,-127,1627,1372,5269,-431,120,416,25
17:17:36.289 [TLM] 25340,4101,3058,1188,1594,1594,1594,1312,1834,-4,383,1116,1883,-1611,3534,120,416,25
17:17:36.322 [TLM] 25350,4115,3057,1202,1619,1619,1619,1325,1503,-3,52,1447,1552,3075,2533,120,416,25
17:17:36.358 [TLM] 25360,4131,3057,1217,1638,1638,1638,1366,1701,-3,131,1368,1631,1542,1356,120,416,25
17:17:36.358 [TLM] 25370,4146,3055,1232,1657,1657,1657,1392,1587,-3,104,1395,1604,1783,2274,120,416,25
17:17:36.393 [TLM] 25380,4160,3054,1247,1674,1674,1674,1359,1640,-3,128,1371,1628,2003,2008,120,416,25
17:17:36.393 [TLM] 25390,4175,3052,1261,1691,1691,1691,1313,1627,-4,182,1317,1682,1801,2994,120,416,25
17:17:36.430 [TLM] 25400,4190,3050,1276,1712,1712,1712,1344,1597,-5,224,1275,1724,597,4014,120,416,25
17:17:36.433 [TLM] 25410,4205,3048,1291,1740,1740,1740,1281,1723,-3,-188,1688,1311,7289,-3438,120,416,25
17:17:36.465 [TLM] 25420,4220,3045,1306,1771,1771,1771,1384,1578,-4,510,989,2010,-3704,7925,120,416,25
17:17:36.500 [TLM] 25430,4234,3042,1319,1790,1790,1790,1315,1715,-4,179,1320,1679,1672,1728,120,416,25
17:17:36.500 [TLM] 25440,4249,3039,1334,1810,1810,1810,1405,1531,-3,34,1465,1534,2599,2118,120,416,25
17:17:36.533 [TLM] 25450,4264,3035,1348,1827,1827,1827,1408,1544,-4,60,1439,1560,1890,2696,120,416,25
17:17:36.534 [TLM] 25460,4279,3031,1363,1840,1840,1840,1319,1710,-6,184,1315,1684,1036,2755,120,416,25
17:17:36.569 [TLM] 25470,4295,3027,1379,1867,1867,1867,1279,1864,-6,221,1278,1721,829,712,120,416,25
17:17:36.569 [TLM] 25480,4309,3022,1392,1889,1889,1889,1401,1524,-6,887,612,2387,-10036,12000,120,416,25
17:17:36.603 [TLM] 25490,4324,3018,1406,1906,1906,1906,1264,1495,-4,450,1049,1950,-1781,8265,120,416,25
17:17:36.639 [TLM] 25500,4339,3013,1420,1922,1922,1922,1374,1612,-6,258,1241,1758,-452,4550,120,416,25
17:17:36.640 [TLM] 25510,4355,3007,1435,1950,1950,1950,1206,1885,-7,200,1299,1700,2096,436,120,416,25
17:17:36.673 [TLM] 25520,4369,3001,1448,1985,1985,1985,1221,1720,-6,205,1294,1705,2085,2530,120,416,25
17:17:36.674 [TLM] 25530,4384,2995,1462,2019,2019,2019,1290,1725,-6,225,1274,1725,1063,2690,120,416,25
17:17:36.707 [TLM] 25540,4399,2988,1475,2048,2048,2048,1357,1554,-6,297,1202,1797,-812,5942,120,416,25
17:17:36.708 [TLM] 25550,4414,2981,1488,2073,2073,2073,1315,1717,-4,174,1325,1674,1534,1877,120,416,25
17:17:36.742 [TLM] 25560,4430,2974,1502,2097,2097,2097,1259,1801,-4,134,1365,1634,2801,170,120,416,25
17:17:36.778 [TLM] 25570,4444,2966,1514,2124,2124,2124,1292,1735,-5,89,1410,1589,3073,557,120,416,25
17:17:36.781 [TLM] 25580,4459,2958,1527,2152,2152,2152,1352,1647,-4,294,1205,1794,-439,4202,120,416,25
17:17:36.813 [TLM] 25590,4474,2949,1539,2177,2177,2177,1336,1673,-6,516,983,2016,-3411,6983,120,416,25
17:17:36.816 [TLM] 25600,4489,2941,1551,2207,2207,2207,1251,1597,-3,209,1290,1709,2485,3546,120,416,25
17:17:36.846 [TLM] 25610,4504,2932,1563,2233,2233,2233,1243,1839,-4,106,1393,1606,3996,-830,120,416,25
17:17:36.848 [TLM] 25620,4518,2923,1574,2266,2266,2266,1299,1518,-4,270,1229,1770,1290,5318,120,416,25
17:17:36.883 [TLM] 25630,4534,2913,1586,2292,2292,2292,1263,1772,-4,336,1163,1836,877,2960,120,416,25
17:17:36.919 [TLM] 25640,4547,2904,1596,2317,2317,2317,1477,1268,-3,138,1361,1638,1271,6726,120,416,25
17:17:36.920 [TLM] 25650,4564,2892,1608,2333,2333,2333,1360,1885,-3,-349,1849,1150,9398,-8236,120,416,25
17:17:36.952 [TLM] 25660,4578,2882,1618,2339,2339,2339,1414,1549,-3,21,1478,1521,3468,1520,120,416,25
17:17:36.953 [TLM] 25670,4594,2871,1630,2346,2346,2346,1316,1956,-5,227,1272,1727,1343,-810,120,416,25
17:17:36.986 [TLM] 25680,4609,2860,1641,2364,2364,2364,1307,1795,-9,743,756,2243,-6603,8771,120,416,25
17:17:36.986 [TLM] 25690,4624,2850,1650,2397,2397,2397,1451,1363,-3,53,1446,1553,2100,4174,120,416,25
17:17:37.022 [TLM] 25700,4639,2838,1661,2419,2419,2419,1332,1807,-5,241,1258,1741,-109,2229,120,416,25
17:17:37.060 [TLM] 25710,4654,2827,1670,2444,2444,2444,1179,1880,-8,243,1256,1743,1436,1838,120,416,25
17:17:37.061 [TLM] 25720,4669,2815,1680,2482,2482,2482,1238,1758,-7,213,1286,1713,1267,2141,120,416,25
17:17:37.092 [TLM] 25730,4684,2803,1689,2515,2515,2515,1231,1748,-5,154,1345,1654,2816,1185,120,416,25
17:17:37.129 [TLM] 25740,4699,2791,1697,2546,2546,2546,1232,1669,-3,115,1384,1615,3687,1474,120,416,25
17:17:37.129 [TLM] 25750,4714,2779,1705,2562,2562,2562,1327,1656,-6,0,1500,1499,3653,876,120,416,25
17:17:37.130 [TLM] 25760,4729,2766,1714,2582,2582,2582,1301,1533,-5,638,861,2138,-4842,10474,120,416,25
17:17:37.162 [TLM] 25770,4745,2752,1722,2611,2611,2611,1156,1988,-8,318,1181,1818,1357,270,120,416,25
17:17:37.200 [TLM] 25780,4759,2740,1729,2644,2644,2644,1213,1699,-7,238,1261,1738,2064,2946,120,416,25
17:17:37.200 [TLM] 25790,4774,2727,1736,2677,2677,2677,1231,1721,-6,224,1275,1724,2239,2449,120,416,25
17:17:37.233 [TLM] 25800,4789,2714,1742,2708,2708,2708,1276,1712,-5,225,1274,1725,1951,2614,120,416,25
17:17:37.234 [TLM] 25810,4803,2700,1748,2732,2732,2732,1330,1649,-4,-32,1532,1467,5029,-41,120,416,25
17:17:37.268 [TLM] 25820,4819,2686,1754,2761,2761,2761,1336,1657,-5,488,1011,1988,-2447,7029,120,416,25
17:17:37.269 [TLM] 25830,4834,2671,1759,2793,2793,2793,1376,1679,-6,221,1278,1721,177,3382,120,416,25
17:17:37.303 [TLM] 25840,4849,2657,1764,2829,2829,2829,1309,1722,-5,118,1381,1618,2703,1055,120,416,25
17:17:37.338 [TLM] 25850,4864,2643,1768,2854,2854,2854,1419,1601,-4,242,1257,1742,-302,4323,120,416,25
17:17:37.339 [TLM] 25860,4880,2628,1773,2876,2876,2876,1366,1598,-3,308,1191,1808,-611,5047,120,416,25
17:17:37.372 [TLM] 25870,4895,2613,1776,2902,2902,2902,1087,1861,-1,-615,2115,884,12000,-11763,120,416,25
17:17:37.373 [TLM] 25880,4908,2600,1779,2926,2926,2926,1635,1209,-1,184,1315,1684,-1311,8051,120,416,25
17:17:37.410 [TLM] 25890,4924,2584,1783,2949,2949,2949,1452,1572,-1,-55,1555,1444,3975,216,120,416,25
17:17:37.411 [TLM] 25900,4939,2570,1785,2963,2963,2963,1407,1605,-1,270,1229,1770,71,4226,120,416,25
17:17:37.444 [TLM] 25910,4954,2555,1788,2976,2976,2976,1432,1423,-3,164,1335,1664,803,5387,120,416,25
17:17:37.479 [TLM] 25920,4970,2539,1790,2989,2989,2989,1375,1852,-4,-37,1537,1462,3801,-2376,120,416,25
17:17:37.480 [TLM] 25930,4985,2525,1792,3007,3007,3007,1381,1535,-4,106,1393,1606,1584,3619,120,416,25
17:17:37.513 [TLM] 25940,5001,2508,1794,3024,3024,3024,1263,2014,-5,-4,1504,1495,4553,-4449,120,416,25
17:17:37.514 [TLM] 25950,5016,2493,1796,3037,3037,3037,1367,1834,-4,-14,1514,1485,3141,-2457,120,416,25
17:17:37.583 [TLM] 25960,5030,2479,1797,3051,3051,3051,1287,1617,-5,46,1453,1546,3085,1445,120,416,25
17:17:37.584 [TLM] 25970,5046,2464,1799,3076,3076,3076,1302,1814,-6,19,1480,1519,3261,-1335,120,416,25
17:17:37.585 [TLM] 25980,5061,2449,1799,3104,3104,3104,1176,1919,-10,379,1120,1879,-966,3070,120,416,25
17:17:37.619 [TLM] 25990,5075,2435,1800,3148,3148,3148,1266,1586,-6,155,1344,1655,1842,3430,120,416,25
17:17:37.619 [TLM] 26000,5089,2421,1799,3181,3181,3181,1236,1552,-4,468,1031,1968,-1454,7872,120,416,25
17:17:37.654 [TLM] 26010,5104,2406,1798,3208,3208,3208,1340,1603,-4,35,1464,1535,3620,1482,120,416,25
17:17:37.655 [TLM] 26020,5120,2390,1797,3233,3233,3233,1295,1736,-5,246,1253,1746,1242,2691,120,416,25
17:17:37.688 [TLM] 26030,5134,2376,1796,3259,3259,3259,1305,1648,-5,237,1262,1737,1362,3676,120,416,25
17:17:37.690 [TLM] 26040,5150,2360,1793,3283,3283,3283,1404,1677,-4,227,1272,1727,230,3091,120,416,25
17:17:37.722 [TLM] 26050,5165,2346,1791,3309,3309,3309,1246,1800,-5,386,1113,1886,35,3593,120,416,25
17:17:37.760 [TLM] 26060,5179,2332,1789,3333,3333,3333,1312,1589,-3,453,1046,1953,-1497,7224,120,416,25
17:17:37.760 [TLM] 26070,5194,2317,1785,3355,3355,3355,1301,1726,-6,748,751,2248,-5621,9610,120,416,25
17:17:37.793 [TLM] 26080,5210,2302,1782,3380,3380,3380,1378,1679,-4,144,1355,1644,1879,1542,120,416,25
17:17:37.794 [TLM] 26090,5225,2287,1778,3403,3403,3403,1451,1592,-4,139,1360,1639,824,2585,120,416,25
17:17:37.828 [TLM] 26100,5240,2273,1774,3420,3420,3420,1378,1582,-4,146,1353,1646,1539,2787,120,416,25
17:17:37.828 [TLM] 26110,5256,2257,1770,3442,3442,3442,1165,2025,-9,273,1226,1773,1183,-337,120,416,25
17:17:37.863 [TLM] 26120,5271,2243,1765,3478,3478,3478,1275,1658,-7,223,1276,1723,695,3188,120,416,25
17:17:37.897 [TLM] 26130,5285,2230,1760,3512,3512,3512,1273,1619,-5,130,1369,1630,2579,2190,120,416,25
17:17:37.898 [TLM] 26140,5300,2216,1754,3539,3539,3539,1242,1640,-5,120,1379,1620,3368,1858,120,416,25
17:17:37.934 [TLM] 26150,5315,2202,1748,3565,3565,3565,1313,1647,-5,160,1339,1660,1797,2567,120,416,25
17:17:37.937 [TLM] 26160,5330,2188,1742,3595,3595,3595,1271,1790,-6,222,1277,1722,1312,1702,120,416,25
17:17:37.968 [TLM] 26170,5345,2175,1735,3627,3627,3627,1225,1701,-4,257,1242,1757,1887,2432,120,416,25
17:17:37.969 [TLM] 26180,5360,2162,1728,3655,3655,3655,1206,1726,-4,158,1341,1658,3540,1015,120,416,25
17:17:38.003 [TLM] 26190,5374,2150,1721,3679,3679,3679,1305,1475,-4,144,1355,1644,2751,4289,120,416,25
17:17:38.038 [TLM] 26200,5391,2135,1712,3705,3705,3705,1344,1721,-3,36,1463,1536,3422,-93,120,416,25
17:17:38.038 [TLM] 26210,5405,2124,1704,3726,3726,3726,1337,1724,-4,265,1234,1765,913,2580,120,416,25
17:17:38.072 [TLM] 26220,5421,2110,1695,3756,3756,3756,1220,1812,-4,-45,1545,1454,6852,-3190,120,416,25
17:17:38.072 [TLM] 26230,5435,2100,1687,3781,3781,3781,1347,1615,-4,126,1373,1626,3052,1730,120,416,25
17:17:38.145 [TLM] 26240,5451,2087,1677,3802,3802,3802,1346,1603,-5,303,1196,1803,476,4666,120,416,25
17:17:38.145 [TLM] 26250,5465,2076,1668,3822,3822,3822,1362,1780,-5,128,1371,1628,2588,-200,120,416,25
17:17:38.177 [TLM] 26260,5480,2064,1659,3839,3839,3839,1291,1621,-5,257,1242,1757,1498,3718,120,416,25
17:17:38.216 [TLM] 26270,5495,2052,1649,3857,3857,3857,1331,1770,-4,-251,1751,1248,8031,-5287,120,416,25
17:17:38.217 [TLM] 26280,5511,2041,1638,3873,3873,3873,1381,1563,-5,102,1397,1602,2202,2766,120,416,25
17:17:38.217 [TLM] 26290,5525,2030,1629,3894,3894,3894,1337,1665,-6,320,1179,1820,-332,4339,120,416,25
17:17:38.218 [TLM] 26300,5542,2018,1617,3925,3925,3925,1276,1720,-5,118,1381,1618,3225,902,120,416,25
17:17:38.248 [TLM] 26310,5554,2009,1608,3947,3947,3947,1433,1388,-3,14,1485,1514,3011,3597,120,416,25
17:17:38.248 [TLM] 26320,5572,1998,1596,3968,3968,3968,1272,1823,-5,147,1352,1647,2979,164,120,416,25
17:17:38.282 [TLM] 26330,5585,1989,1586,3990,3990,3990,1260,1647,-4,154,1345,1654,3430,2318,120,416,25
17:17:38.319 [TLM] 26340,5602,1978,1573,4015,4015,4015,1323,1690,-4,83,1416,1583,3605,797,120,416,25
17:17:38.320 [TLM] 26350,5615,1969,1563,4038,4038,4038,1374,1678,-5,310,1189,1810,-517,4163,120,416,25
17:17:38.389 [TLM] 26360,5630,1960,1551,4066,4066,4066,1325,1658,-5,121,1378,1621,2501,1800,120,416,25
17:17:38.389 [TLM] 26370,5645,1951,1539,4094,4094,4094,1301,1663,-6,429,1070,1929,-1455,5939,120,416,25
17:17:38.391 [TLM] 26380,5661,1943,1526,4119,4119,4119,1336,1731,-5,-87,1587,1412,5216,-2164,120,416,25
17:17:38.391 [TLM] 26390,5676,1934,1513,4142,4142,4142,1346,1671,-5,60,1439,1560,2850,568,120,416,25
17:17:38.423 [TLM] 26400,5691,1927,1501,4168,4168,4168,1287,1597,-4,313,1186,1813,234,4971,120,416,25
17:17:38.459 [TLM] 26410,5706,1919,1487,4197,4197,4197,1295,1821,-6,433,1066,1933,-1880,3947,120,416,25
17:17:38.460 [TLM] 26420,5721,1912,1474,4226,4226,4226,1295,1695,-4,92,1407,1592,3044,610,120,416,25
17:17:38.493 [TLM] 26430,5736,1905,1461,4249,4249,4249,1335,1629,-4,217,1282,1717,802,3248,120,416,25
17:17:38.494 [TLM] 26440,5751,1898,1447,4271,4271,4271,1346,1748,-4,196,1303,1696,900,1488,120,416,25
17:17:38.528 [TLM] 26450,5766,1892,1433,4297,4297,4297,1331,1751,-5,416,1083,1916,-2006,4201,120,416,25
17:17:38.529 [TLM] 26460,5781,1886,1420,4319,4319,4319,1296,1847,-5,129,1370,1629,2446,-1007,120,416,25
17:17:38.563 [TLM] 26470,5796,1881,1406,4343,4343,4343,1341,1601,-4,211,1288,1711,833,3254,120,416,25
17:17:38.600 [TLM] 26480,5811,1876,1392,4367,4367,4367,1299,1618,-5,186,1313,1686,1548,2767,120,416,25
17:17:38.600 [TLM] 26490,5826,1871,1378,4393,4393,4393,1276,1735,-4,157,1342,1657,2359,769,120,416,25
17:17:38.632 [TLM] 26500,5840,1866,1364,4418,4418,4418,1274,1699,-6,368,1131,1868,-910,4852,120,416,25
17:17:38.635 [TLM] 26510,5855,1862,1350,4452,4452,4452,1260,1719,-6,221,1278,1721,1661,2424,120,416,25
17:17:38.669 [TLM] 26520,5872,1858,1334,4490,4490,4490,1328,1634,-5,200,1299,1700,1348,2873,120,416,25
17:17:38.670 [TLM] 26530,5886,1855,1320,4510,4510,4510,1355,1583,-5,439,1060,1939,-2137,7037,120,416,25
17:17:38.702 [TLM] 26540,5902,1852,1304,4530,4530,4530,1233,1817,-4,-573,2073,926,12000,-10065,120,416,25
17:17:38.741 [TLM] 26550,5917,1850,1290,4543,4543,4543,1323,1698,-3,163,1336,1663,1985,2606,120,16800,25
17:17:38.742 [TLM] 26560,5932,1847,1275,4560,4560,4560,1328,1715,-7,645,854,2145,-5223,8639,120,544,25
17:17:38.772 [TLM] 26570,5947,1845,1259,4597,4597,4597,1151,2021,-10,299,1200,1799,1227,118,120,544,25
17:17:38.772 [TLM] 26580,5962,1844,1245,4644,4644,4644,1085,1843,-10,494,1005,1994,-779,5152,120,544,25
17:17:38.808 [TLM] 26590,5978,1844,1229,4701,4701,4701,1031,2073,-12,444,1055,1944,556,1442,120,544,25
17:17:38.808 [TLM] 26600,5992,1844,1214,4762,4762,4762,1018,1970,-13,605,894,2105,-1716,5182,120,544,25
17:17:38.842 [TLM] 26610,6008,1845,1198,4836,4836,4836,816,2355,-17,701,798,2201,-855,1589,120,544,25
17:17:38.878 [TLM] 26620,6023,1848,1184,4925,4925,4925,778,2240,-20,793,706,2293,-1923,4545,120,544,25
17:17:38.878 [TLM] 26630,6039,1852,1169,5028,5028,5028,635,2490,-19,383,1116,1883,5800,-4805,120,544,25
17:17:38.913 [TLM] 26640,6051,1857,1157,5130,5130,5130,740,2039,-18,736,763,2236,538,5950,120,544,25
17:17:38.916 [TLM] 26650,6067,1864,1143,5218,5218,5218,640,2699,-24,1102,397,2602,-4205,2988,120,544,25
17:17:38.948 [TLM] 26660,6080,1871,1132,5334,5334,5334,662,2073,-24,844,655,2344,-131,6934,120,544,25
17:17:38.950 [TLM] 26670,6094,1880,1121,5443,5443,5443,598,2241,-19,665,834,2165,4441,2063,120,544,25
17:17:38.983 [TLM] 26680,6109,1890,1111,5552,5552,5552,715,2143,-21,1374,125,2874,-6946,12000,120,544,25
17:17:39.019 [TLM] 26690,6123,1902,1102,5664,5664,5664,389,2527,-25,923,576,2423,3240,2934,120,544,25
17:17:39.019 [TLM] 26700,6139,1915,1094,5797,5797,5797,571,2425,-26,925,574,2425,1389,4497,120,544,25
17:17:39.056 [TLM] 26710,6155,1930,1087,5919,5919,5919,533,2571,-26,949,550,2449,1346,2730,120,544,25
17:17:39.058 [TLM] 26720,6169,1943,1083,6043,6043,6043,559,2382,-25,886,613,2386,2205,4376,120,544,25
17:17:39.088 [TLM] 26730,6182,1956,1081,6155,6155,6155,527,2136,-20,229,1270,1729,12000,-2595,120,544,25
17:17:39.088 [TLM] 26740,6196,1970,1080,6276,6276,6276,604,2048,-19,793,706,2293,4928,7299,120,544,25
17:17:39.123 [TLM] 26750,6215,1989,1081,6382,6382,6382,750,2836,-26,1083,416,2583,-2767,2089,120,544,25
17:17:39.157 [TLM] 26760,6230,2004,1084,6517,6517,6517,632,2666,-28,965,534,2465,156,1718,120,544,25
17:17:39.158 [TLM] 26770,6244,2017,1088,6651,6651,6651,759,2067,-21,394,1105,1894,7135,653,120,544,25
17:17:39.193 [TLM] 26780,6258,2029,1094,6766,6766,6766,671,2103,-18,522,977,2022,7312,2479,120,544,25
17:17:39.193 [TLM] 26790,6274,2043,1103,6873,6873,6873,603,2637,-26,979,520,2479,221,3176,120,544,25
17:17:39.228 [TLM] 26800,6290,2056,1112,6996,6996,6996,757,2419,-25,860,639,2360,782,3058,120,544,25
17:17:39.264 [TLM] 26810,6305,2066,1123,7114,7114,7114,482,2501,-25,896,603,2396,3087,2671,120,544,25
17:17:39.264 [TLM] 26820,6314,2072,1130,7239,7239,7239,301,1636,-19,819,680,2319,9484,12000,120,544,25
17:17:39.297 [TLM] 26830,6328,2079,1142,7360,7360,7360,860,2108,-18,831,668,2331,3965,6748,120,544,25
17:17:39.301 [TLM] 26840,6345,2086,1158,7484,7484,7484,1109,1910,-14,372,1127,1872,7755,2010,120,544,25
17:17:39.333 [TLM] 26850,6359,2091,1171,7557,7557,7557,765,1857,-12,457,1042,1957,11144,4152,120,544,25
17:17:39.335 [TLM] 26860,6377,2096,1188,7621,7621,7621,1647,1753,-11,336,1163,1836,1007,3374,120,544,25
17:17:39.369 [TLM] 26870,6394,2099,1205,7672,7672,7672,1593,2020,-12,590,909,2090,-5171,4402,120,544,25
17:17:39.369 [TLM] 26880,6405,2101,1216,7723,7723,7723,1163,1038,-4,155,1344,1655,7885,10705,120,544,25
17:17:39.404 [TLM] 26890,6424,2103,1235,7762,7762,7762,1545,2116,-5,558,941,2058,-2542,2312,120,544,25
17:17:39.438 [TLM] 26900,6439,2104,1249,7796,7796,7796,1386,1516,-2,27,1472,1527,6109,2279,120,544,25
17:17:39.438 [TLM] 26910,6452,2104,1262,7812,7812,7812,1390,1396,0,-43,1543,1456,8347,2982,120,544,25
17:17:39.473 [TLM] 26920,6466,2105,1277,7816,7816,7816,1687,1395,2,-155,1655,1344,6994,1383,120,544,25
17:17:39.473 [TLM] 26930,6483,2105,1293,7810,7810,7810,1905,1292,4,-222,1722,1277,4209,1634,120,544,25
17:17:39.508 [TLM] 26941,6497,2106,1307,7790,7790,7790,1670,1203,6,-249,1749,1250,7960,2382,119,544,25
17:17:39.509 [TLM] 26950,6513,2107,1323,7762,7762,7762,2011,1149,4,242,1257,1742,-5665,11214,119,544,25
17:17:39.544 [TLM] 26960,6528,2109,1339,7739,7739,7739,1723,1297,11,-1423,2923,76,12000,-12000,119,544,25
17:17:39.579 [TLM] 26970,6543,2111,1353,7687,7687,7687,1948,1124,11,-377,1877,1122,6785,2032,119,544,25
17:17:39.580 [TLM] 26980,6558,2114,1368,7626,7626,7626,1998,1060,9,-109,1609,1390,1226,5677,119,544,25
17:17:39.613 [TLM] 26990,6575,2118,1384,7574,7574,7574,1803,1434,4,-8,1508,1491,263,5108,119,544,25
17:17:39.614 [TLM] 27000,6589,2123,1398,7538,7538,7538,1899,1000,9,-326,1826,1173,4848,3098,119,544,25
17:17:39.649 [TLM] 27010,6604,2128,1412,7477,7477,7477,1999,1131,8,71,1428,1571,-2979,9530,119,544,25
17:17:39.682 [TLM] 27020,6619,2134,1426,7432,7432,7432,1942,1022,10,-447,1947,1052,5122,1764,119,544,25
17:17:39.685 [TLM] 27030,6635,2141,1440,7388,7388,7388,2032,1165,12,-409,1909,1090,4516,-530,119,544,25
17:17:39.718 [TLM] 27040,6650,2148,1454,7344,7344,7344,1905,1216,12,-731,2231,768,8959,-4549,119,544,25
17:17:39.720 [TLM] 27050,6665,2156,1467,7290,7290,7290,2030,1034,13,-489,1989,1010,3107,1856,119,544,25
17:17:39.752 [TLM] 27060,6681,2164,1479,7233,7233,7233,1833,1208,11,-682,2182,817,8503,-3894,119,544,25
17:17:39.753 [TLM] 27070,6695,2173,1491,7185,7185,7185,1886,960,10,-264,1764,1235,2228,4811,119,544,25
17:17:39.786 [TLM] 27080,6712,2184,1504,7144,7144,7144,1803,1430,9,-531,2031,968,6444,-5186,119,544,25
17:17:39.787 [TLM] 27090,6726,2193,1514,7094,7094,7094,1862,1188,7,-158,1658,1341,-1510,7315,119,544,25
17:17:39.822 [TLM] 27100,6740,2203,1524,7047,7047,7047,1878,889,12,-597,2097,902,6882,580,119,544,25
17:17:39.860 [TLM] 27110,6758,2216,1536,6980,6980,6980,1847,1652,6,-138,1638,1361,-217,-753,119,544,25
17:17:39.862 [TLM] 27120,6772,2227,1544,6924,6924,6924,1694,1207,5,-60,1560,1439,11,4595,119,544,25
17:17:39.893 [TLM] 27130,6787,2240,1553,6882,6882,6882,1689,1234,6,-174,1674,1325,6757,-3103,119,544,25
17:17:39.894 [TLM] 27140,6801,2252,1561,6841,6841,6841,1716,1209,6,-222,1722,1277,2288,3006,119,544,25
17:17:39.929 [TLM] 27150,6816,2264,1568,6807,6807,6807,1646,1300,6,-240,1740,1259,3067,2449,119,544,25
17:17:39.929 [TLM] 27160,6831,2277,1576,6776,6776,6776,1671,1247,6,-215,1715,1284,3348,2640,119,544,25
17:17:39.962 [TLM] 27170,6845,2290,1582,6749,6749,6749,1600,1289,5,-47,1547,1452,4037,2534,119,544,25
17:17:39.998 [TLM] 27180,6861,2304,1589,6732,6732,6732,1639,1329,9,-1460,2960,39,12000,-12000,119,544,25
17:17:39.999 [TLM] 27190,6875,2317,1595,6690,6690,6690,1758,1233,7,146,1353,1646,-3587,10176,119,544,25
17:17:40.106 [TLM] 27200,6890,2331,1601,6646,6646,6646,1771,1228,7,-265,1765,1234,4201,1209,119,544,25
17:17:40.106 [TLM] 27210,6904,2345,1605,6597,6597,6597,1740,1124,7,-111,1611,1388,2505,5062,119,544,25
17:17:40.109 [TLM] 27220,6921,2360,1610,6553,6553,6553,1781,1481,4,-134,1634,1365,1445,688,119,544,25
17:17:40.110 [TLM] 27230,6935,2374,1613,6513,6513,6513,1713,1213,4,-63,1563,1436,547,3263,119,544,25
17:17:40.110 [TLM] 27240,6950,2389,1617,6477,6477,6477,1845,1148,7,-456,1956,1043,5100,589,119,544,25
17:17:40.111 [TLM] 27250,6966,2404,1619,6443,6443,6443,1744,1286,6,-223,1723,1276,2862,680,119,544,25
17:17:40.136 [TLM] 27260,6980,2419,1621,6406,6406,6406,1730,1220,6,-236,1736,1263,3507,2355,119,544,25
17:17:40.171 [TLM] 27270,6996,2435,1623,6371,6371,6371,1691,1583,4,-142,1642,1357,2774,402,119,544,25
17:17:40.211 [TLM] 27280,7011,2450,1624,6340,6340,6340,1743,1281,5,-249,1749,1250,3110,1215,119,544,25
17:17:40.213 [TLM] 27290,7025,2464,1624,6303,6303,6303,1759,1084,7,-449,1949,1050,3803,3780,119,544,25
17:17:40.213 [TLM] 27300,7041,2479,1624,6263,6263,6263,1777,1269,6,-118,1618,1381,773,3340,119,544,25
17:17:40.242 [TLM] 27310,7055,2494,1624,6229,6229,6229,1677,1283,6,-224,1724,1275,3751,2535,119,544,25
17:17:40.277 [TLM] 27320,7071,2509,1623,6198,6198,6198,1761,1272,6,-129,1629,1370,1271,3130,119,544,25
17:17:40.278 [TLM] 27330,7087,2525,1621,6168,6168,6168,1676,1480,4,-526,2026,973,-751,2378,119,544,25
17:17:40.313 [TLM] 27340,7100,2538,1619,6134,6134,6134,1930,725,10,-217,1717,1282,737,8333,119,544,25
17:17:40.314 [TLM] 27350,7117,2554,1616,6086,6086,6086,1811,1475,7,-344,1844,1155,3263,-2414,119,544,25
17:17:40.349 [TLM] 27360,7131,2568,1613,6039,6039,6039,1841,1190,8,-177,1677,1322,575,3440,119,544,25
17:17:40.350 [TLM] 27370,7146,2583,1609,5998,5998,5998,1712,1271,5,93,1406,1593,2907,1017,119,544,25
17:17:40.382 [TLM] 27380,7161,2597,1605,5965,5965,5965,1689,1312,7,-581,2081,918,8029,-3856,119,544,25
17:17:40.418 [TLM] 27390,7175,2610,1600,5912,5912,5912,1993,1025,9,-61,1561,1438,-2605,9995,119,544,25
17:17:40.418 [TLM] 27400,7191,2625,1594,5858,5858,5858,1720,1260,8,-351,1851,1148,5019,-582,119,544,25
17:17:40.453 [TLM] 27410,7205,2637,1587,5797,5797,5797,1709,1343,6,-224,1724,1275,2773,3082,119,544,25
17:17:40.454 [TLM] 27420,7220,2650,1580,5748,5748,5748,1756,1221,5,-200,1700,1299,2169,2851,119,544,25
17:17:40.487 [TLM] 27430,7235,2663,1572,5710,5710,5710,1691,1228,2,-230,1730,1269,-260,4944,119,544,25
17:17:40.488 [TLM] 27440,7249,2675,1564,5677,5677,5677,1693,1251,5,-197,1697,1302,2447,3323,119,544,25
17:17:40.523 [TLM] 27450,7264,2687,1556,5649,5649,5649,1660,1273,6,-229,1729,1270,3554,2363,119,544,25
17:17:40.560 [TLM] 27460,7279,2699,1547,5621,5621,5621,1677,1296,6,-225,1725,1274,3657,1999,119,544,25
17:17:40.561 [TLM] 27470,7294,2711,1537,5596,5596,5596,1681,1240,6,4,1495,1504,4481,1178,119,544,25
17:17:40.593 [TLM] 27480,7310,2723,1527,5571,5571,5571,1665,1473,5,-275,1775,1224,4169,-1005,119,544,25
17:17:40.594 [TLM] 27490,7323,2732,1518,5535,5535,5535,1803,923,10,-558,2058,941,7558,1889,119,544,25
17:17:40.630 [TLM] 27500,7339,2744,1507,5488,5488,5488,1898,1134,10,-239,1739,1260,2012,3444,119,544,25
17:17:40.630 [TLM] 27510,7354,2754,1496,5441,5441,5441,1828,1174,9,-359,1859,1140,4863,589,119,544,25
17:17:40.663 [TLM] 27520,7370,2764,1484,5395,5395,5395,1876,1314,7,-193,1693,1306,811,2103,119,544,25
17:17:40.699 [TLM] 27530,7385,2774,1472,5354,5354,5354,1786,1372,5,-188,1688,1311,1117,2734,119,544,25
17:17:40.699 [TLM] 27540,7399,2782,1460,5320,5320,5320,1773,1115,11,-537,2037,962,7605,-1593,119,544,25
17:17:40.733 [TLM] 27550,7416,2791,1446,5263,5263,5263,1801,1501,6,91,1408,1591,-202,2241,119,544,25
17:17:40.735 [TLM] 27560,7430,2798,1434,5216,5216,5216,1758,1099,7,-273,1773,1226,3103,2802,119,544,25
17:17:40.768 [TLM] 27570,7445,2805,1420,5170,5170,5170,1668,1413,3,99,1400,1599,-1358,4889,119,544,25
17:17:40.769 [TLM] 27580,7460,2811,1407,5141,5141,5141,1682,1222,3,-35,1535,1464,-12,5265,119,544,25
17:17:40.803 [TLM] 27590,7475,2817,1394,5108,5108,5108,1791,1157,7,-193,1693,1306,5164,22,119,544,25
17:17:40.838 [TLM] 27600,7490,2823,1380,5071,5071,5071,1717,1261,6,-231,1731,1268,2663,2144,119,544,25
17:17:40.838 [TLM] 27610,7504,2828,1366,5039,5039,5039,1652,1275,6,-225,1725,1274,3790,1955,119,544,25
17:17:40.872 [TLM] 27620,7519,2832,1352,5008,5008,5008,1702,1334,6,-414,1914,1085,5703,-1171,119,544,25
17:17:40.873 [TLM] 27630,7532,2836,1339,4984,4984,4984,1785,678,12,-403,1903,1096,6083,5766,119,544,25
17:17:40.908 [TLM] 27640,7550,2840,1323,4934,4934,4934,2075,1291,10,-140,1640,1359,-1836,2831,119,544,25
17:17:40.909 [TLM] 27650,7563,2843,1309,4894,4894,4894,1831,1039,10,-387,1887,1112,4759,2201,119,672,25
17:17:40.942 [TLM] 27660,7579,2845,1293,4850,4850,4850,1786,1273,7,-237,1737,1262,2529,1827,119,672,25
17:17:40.979 [TLM] 27670,7594,2847,1278,4814,4814,4814,1762,1289,6,-182,1682,1317,1926,2345,119,672,25
17:17:40.979 [TLM] 27680,7609,2848,1263,4783,4783,4783,1752,1273,6,-217,1717,1282,2534,1975,119,672,25
17:17:41.014 [TLM] 27690,7624,2849,1249,4752,4752,4752,1689,1351,7,-469,1969,1030,7094,-2789,119,672,25
17:17:41.017 [TLM] 27700,7639,2849,1233,4720,4720,4720,1584,1487,1,186,1313,1686,-1633,5182,119,672,25
17:17:41.047 [TLM] 27710,7655,2849,1218,4707,4707,4707,1526,1512,0,-2,1502,1497,1266,1981,119,672,25
17:17:41.085 [TLM] 27720,7670,2849,1202,4695,4695,4695,1587,1473,0,241,1258,1741,-3032,5928,119,672,25
17:17:41.085 [TLM] 27730,7685,2849,1187,4691,4691,4691,1491,1564,0,-229,1729,1270,4588,-1873,119,672,25
17:17:41.119 [TLM] 27740,7699,2849,1174,4693,4693,4693,1479,1673,0,-120,1620,1379,3417,-1662,119,672,25
17:17:41.120 [TLM] 27750,7715,2848,1158,4686,4686,4686,1667,1283,1,50,1449,1550,-1061,5212,119,672,25
17:17:41.151 [TLM] 27760,7729,2848,1143,4672,4672,4672,1553,1383,1,9,1490,1509,1142,3539,119,672,25
17:17:41.152 [TLM] 27770,7744,2847,1128,4659,4659,4659,1529,1415,1,-12,1512,1487,1706,3020,119,672,25
17:17:41.188 [TLM] 27780,7760,2846,1113,4650,4650,4650,1453,1650,-3,231,1268,1731,-1683,4321,119,672,25
17:17:41.188 [TLM] 27790,7775,2845,1097,4664,4664,4664,1315,1731,-3,56,1443,1556,2449,172,119,672,25
17:17:41.258 [TLM] 27800,7790,2845,1083,4670,4670,4670,1470,1536,0,-78,1578,1421,3068,734,119,672,25
17:17:41.259 [TLM] 27810,7805,2844,1068,4677,4677,4677,1419,1537,0,20,1479,1520,2673,1684,119,672,25
17:17:41.292 [TLM] 27820,7819,2844,1054,4677,4677,4677,1449,1524,-2,498,1001,1998,-4492,8986,119,672,25
17:17:41.293 [TLM] 27830,7834,2843,1039,4681,4681,4681,1442,1460,-2,96,1403,1596,1161,4101,119,17056,25
17:17:41.294 [TLM] 27840,7850,2843,1023,4686,4686,4686,1475,1559,-3,265,1234,1765,-2063,4949,119,17056,25
17:17:41.327 [TLM] 27850,7864,2842,1008,4687,4687,4687,1451,1521,-4,184,1315,1684,-1262,5303,119,800,25
17:17:41.328 [TLM] 27860,7880,2842,993,4698,4698,4698,1387,1546,0,-184,1684,1315,5484,-1079,119,800,25
17:17:41.363 [TLM] 27870,7895,2842,978,4702,4702,4702,1456,1540,-1,46,1453,1546,-437,2609,119,800,25
17:17:41.399 [TLM] 27880,7909,2842,964,4706,4706,4706,1488,1399,1,-57,1557,1442,3056,2402,119,800,25
17:17:41.400 [TLM] 27890,7924,2842,949,4705,4705,4705,1404,1523,1,-60,1560,1439,3719,2219,119,800,25
17:17:41.435 [TLM] 27900,7938,2841,935,4703,4703,4703,1662,1158,5,-286,1786,1213,5328,1581,119,800,25
17:17:41.435 [TLM] 27910,7953,2841,919,4682,4682,4682,1664,1370,5,-188,1688,1311,3804,502,119,800,25
17:17:41.467 [TLM] 27920,7968,2841,905,4659,4659,4659,1652,1281,6,-415,1915,1084,7466,-1669,119,800,25
17:17:41.468 [TLM] 27930,7983,2839,890,4629,4629,4629,1713,1334,2,86,1413,1586,-1044,5318,119,800,25
17:17:41.505 [TLM] 27940,7998,2838,875,4609,4609,4609,1712,1137,5,-421,1921,1078,6647,118,119,800,25
17:17:41.538 [TLM] 27950,8013,2836,860,4580,4580,4580,1715,1309,5,-210,1710,1289,4729,447,119,800,25
17:17:41.539 [TLM] 27960,8027,2834,846,4547,4547,4547,1797,1158,3,480,1019,1980,-7633,12000,119,800,25
17:17:41.573 [TLM] 27970,8045,2831,829,4517,4517,4517,1567,1822,2,-621,2121,878,9767,-10322,119,800,25
17:17:41.574 [TLM] 27980,8058,2828,816,4495,4495,4495,1806,1136,4,258,1241,1758,-4656,9596,119,800,25
17:17:41.608 [TLM] 27990,8073,2825,801,4466,4466,4466,1496,1892,2,-512,2012,987,8953,-10203,119,800,25
17:17:41.608 [TLM] 28000,8087,2821,788,4433,4433,4433,1741,1086,4,89,1410,1589,-1617,8244,119,800,25
17:17:41.643 [TLM] 28010,8105,2816,770,4401,4401,4401,1656,1910,-1,-156,1656,1343,1098,-5223,119,800,25
17:17:41.679 [TLM] 28020,8118,2812,758,4372,4372,4372,1706,1101,0,584,915,2084,-9814,12000,119,800,25
17:17:41.679 [TLM] 28030,8133,2806,744,4348,4348,4348,1423,1491,0,-284,1784,1215,5695,-1527,119,800,25
17:17:41.713 [TLM] 28040,8147,2801,731,4341,4341,4341,1570,1214,4,-358,1858,1141,6151,-153,119,800,25
17:17:41.713 [TLM] 28050,8162,2796,717,4315,4315,4315,1487,1396,3,-150,1650,1349,4460,1002,119,800,25
17:17:41.750 [TLM] 28060,8176,2790,704,4296,4296,4296,1741,1102,5,-218,1718,1281,2883,3834,119,800,25
17:17:41.751 [TLM] 28070,8191,2784,690,4273,4273,4273,1685,1272,6,-338,1838,1161,5148,-3,119,800,25
17:17:41.783 [TLM] 28080,8207,2777,677,4252,4252,4252,1682,1408,4,-248,1748,1251,3721,-6,119,800,25
17:17:41.819 [TLM] 28090,8221,2771,664,4236,4236,4236,1675,1288,7,-461,1961,1038,7620,-2141,119,800,25
17:17:41.819 [TLM] 28100,8236,2764,651,4208,4208,4208,1769,1232,6,-220,1720,1279,2917,2112,119,800,25
17:17:41.852 [TLM] 28110,8251,2756,638,4179,4179,4179,1726,1239,6,-328,1828,1171,5011,649,119,800,25
17:17:41.852 [TLM] 28120,8266,2748,624,4151,4151,4151,1684,1358,5,-234,1734,1265,4014,412,119,800,25
17:17:41.888 [TLM] 28130,8281,2740,612,4124,4124,4124,1767,1230,5,-62,1562,1437,597,4309,119,800,25
17:17:41.888 [TLM] 28140,8296,2732,600,4094,4094,4094,1640,1242,4,-267,1767,1232,4786,1500,119,800,25
17:17:41.923 [TLM] 28150,8312,2722,587,4070,4070,4070,1694,1479,3,-180,1680,1319,2328,-55,119,800,25
17:17:41.958 [TLM] 28160,8327,2713,575,4048,4048,4048,1650,1315,4,-177,1677,1322,3014,1904,119,800,25
17:17:41.958 [TLM] 28170,8342,2704,563,4024,4024,4024,1690,1375,5,-177,1677,1322,2470,948,119,800,25
17:17:41.992 [TLM] 28180,8357,2694,552,3999,3999,3999,1674,1295,1,-134,1634,1365,1185,3352,119,800,25
17:17:41.993 [TLM] 28190,8371,2685,541,3975,3975,3975,1757,1070,7,-465,1965,1034,5551,1013,119,800,25
17:17:42.028 [TLM] 28200,8388,2673,529,3942,3942,3942,1685,1515,1,206,1293,1706,-4256,5644,119,800,25
17:17:42.030 [TLM] 28210,8402,2663,519,3916,3916,3916,1707,1157,6,-547,2047,952,6906,-1263,119,800,25
17:17:42.062 [TLM] 28220,8419,2651,507,3889,3889,3889,1506,1912,2,-279,1779,1220,4686,-6635,119,800,25
17:17:42.099 [TLM] 28230,8432,2641,498,3864,3864,3864,1701,989,5,94,1405,1594,-2307,9070,119,800,25
17:17:42.100 [TLM] 28240,8449,2628,488,3838,3838,3838,1292,1871,-1,-5,1505,1494,3086,-2311,119,800,25
17:17:42.133 [TLM] 28250,8461,2619,480,3825,3825,3825,1712,784,7,-485,1985,1014,6441,3837,119,800,25
17:17:42.134 [TLM] 28260,8479,2605,469,3798,3798,3798,1562,1847,2,-531,2031,968,8084,-9809,119,800,25
17:17:42.169 [TLM] 28270,8492,2595,461,3770,3770,3770,1610,1199,2,113,1386,1613,-957,7085,119,800,25
17:17:42.169 [TLM] 28280,8509,2581,451,3745,3745,3745,1523,1814,-2,20,1479,1520,212,-1363,119,800,25
17:17:42.203 [TLM] 28290,8521,2571,445,3730,3730,3730,1498,1031,4,-162,1662,1337,4690,5304,119,800,25
17:17:42.238 [TLM] 28300,8537,2557,436,3712,3712,3712,1232,1820,1,-246,1746,1253,9494,-5554,119,800,25
17:17:42.238 [TLM] 28310,8550,2546,429,3686,3686,3686,1531,1294,2,72,1427,1572,1726,5916,119,800,25
17:17:42.272 [TLM] 28320,8565,2533,421,3662,3662,3662,1572,1455,1,-59,1559,1440,3196,2215,119,800,25
17:17:42.273 [TLM] 28330,8580,2520,414,3644,3644,3644,1636,1333,2,-102,1602,1397,3007,3168,119,800,25
17:17:42.307 [TLM] 28340,8595,2507,407,3629,3629,3629,1497,1421,0,-747,2247,752,12000,-6162,119,800,25
17:17:42.309 [TLM] 28350,8609,2494,401,3616,3616,3616,1646,1290,3,-162,1662,1337,3898,3639,119,800,25
17:17:42.343 [TLM] 28360,8624,2481,394,3603,3603,3603,1664,1169,6,-225,1725,1274,5099,3313,119,800,25
17:17:42.379 [TLM] 28370,8640,2467,387,3577,3577,3577,1711,1330,6,-223,1723,1276,4559,1437,119,800,25
17:17:42.379 [TLM] 28380,8655,2453,381,3548,3548,3548,1729,1268,6,-207,1707,1292,4071,2400,119,800,25
17:17:42.413 [TLM] 28390,8670,2439,375,3516,3516,3516,1815,1247,3,55,1444,1555,-1558,6806,119,800,25
17:17:42.415 [TLM] 28400,8685,2425,370,3499,3499,3499,1683,1239,6,-287,1787,1212,5281,1315,119,800,25
17:17:42.449 [TLM] 28410,8701,2410,364,3468,3468,3468,1751,1484,2,172,1327,1672,-3009,5716,119,800,25
17:17:42.449 [TLM] 28420,8716,2396,360,3452,3452,3452,1669,1268,4,-190,1690,1309,3391,2344,119,800,25
17:17:42.485 [TLM] 28430,8732,2381,355,3430,3430,3430,1675,1396,5,-268,1768,1231,4233,-409,119,800,25
17:17:42.518 [TLM] 28440,8746,2367,351,3407,3407,3407,1697,1300,4,647,852,2147,-8663,12000,119,800,25
17:17:42.519 [TLM] 28450,8761,2352,347,3391,3391,3391,1643,1264,4,-240,1740,1259,4357,1528,119,800,25
17:17:42.553 [TLM] 28460,8776,2338,344,3369,3369,3369,1691,1281,7,-327,1827,1172,5255,112,119,800,25
17:17:42.554 [TLM] 28470,8791,2323,341,3341,3341,3341,1730,1312,8,-546,2046,953,7941,-3457,119,800,25
17:17:42.589 [TLM] 28480,8806,2308,338,3306,3306,3306,1717,1287,7,-453,1953,1046,6551,-1615,119,800,25
17:17:42.589 [TLM] 28490,8821,2293,336,3273,3273,3273,1758,1234,5,-66,1566,1433,315,4418,119,17184,25
17:17:42.623 [TLM] 28500,8837,2278,334,3248,3248,3248,1693,1308,4,-236,1736,1263,3134,1276,119,17184,25
17:17:42.657 [TLM] 28510,8852,2263,333,3225,3225,3225,1795,1150,6,-189,1689,1310,1197,3509,119,928,25
17:17:42.658 [TLM] 28520,8868,2247,331,3198,3198,3198,1401,1824,1,-97,1597,1402,4460,-3153,119,928,25
17:17:42.694 [TLM] 28530,8882,2233,331,3184,3184,3184,1666,1234,3,-170,1670,1329,2277,2741,119,928,25
17:17:42.695 [TLM] 28540,8898,2217,330,3163,3163,3163,1576,1481,-1,446,1053,1946,-6092,8843,119,928,25
17:17:42.764 [TLM] 28550,8913,2202,330,3155,3155,3155,1525,1448,0,-62,1562,1437,1548,1923,119,928,25
17:17:42.764 [TLM] 28560,8928,2187,330,3149,3149,3149,1562,1354,1,79,1420,1579,-668,4866,119,928,25
17:17:42.765 [TLM] 28570,8943,2172,330,3145,3145,3145,1492,1498,0,121,1378,1621,-601,3934,119,928,25
17:17:42.797 [TLM] 28580,8957,2157,330,3142,3142,3142,1552,1266,2,-48,1548,1451,1572,4325,119,928,25
17:17:42.800 [TLM] 28590,8973,2142,330,3138,3138,3138,1450,1521,1,-114,1614,1385,3743,316,119,928,25
17:17:42.833 [TLM] 28600,8987,2128,330,3144,3144,3144,1552,1428,1,83,1416,1583,213,3855,119,928,25
17:17:42.834 [TLM] 28610,9003,2112,330,3153,3153,3153,1493,1544,1,-28,1528,1471,2729,431,119,928,25
17:17:42.868 [TLM] 28620,9017,2098,329,3151,3151,3151,1505,1527,1,-44,1544,1455,2982,516,119,928,25
17:17:42.869 [TLM] 28630,9032,2083,329,3142,3142,3142,1694,1241,3,7,1492,1507,204,4780,119,928,25
17:17:42.902 [TLM] 28640,9047,2068,330,3126,3126,3126,1551,1514,0,22,1477,1522,1500,1841,119,928,25
17:17:42.938 [TLM] 28650,9062,2053,330,3113,3113,3113,1601,1395,1,-211,1711,1288,5040,-262,119,928,25
17:17:42.939 [TLM] 28660,9077,2038,330,3099,3099,3099,1480,1578,0,95,1404,1595,987,2479,119,928,25
17:17:42.973 [TLM] 28670,9092,2023,331,3098,3098,3098,1496,1506,0,-104,1604,1395,3318,492,119,928,25
17:17:42.974 [TLM] 28680,9107,2008,332,3099,3099,3099,1503,1478,-2,161,1338,1661,-935,4840,119,928,25
17:17:43.008 [TLM] 28690,9122,1993,332,3106,3106,3106,1447,1388,0,136,1363,1636,805,5188,119,928,25
17:17:43.008 [TLM] 28700,9136,1979,333,3104,3104,3104,1512,1449,1,-197,1697,1302,4810,342,119,928,25
17:17:43.043 [TLM] 28710,9152,1963,333,3108,3108,3108,1394,1642,0,-98,1598,1401,4880,-797,119,928,25
17:17:43.078 [TLM] 28720,9166,1949,334,3113,3113,3113,1548,1357,-1,249,1250,1749,-2195,8198,119,928,25
17:17:43.079 [TLM] 28730,9181,1934,334,3128,3128,3128,1426,1390,1,-96,1596,1403,4754,2104,119,928,25
17:17:43.114 [TLM] 28740,9197,1918,334,3133,3133,3133,1647,1467,0,105,1394,1605,-963,4257,119,928,25
17:17:43.116 [TLM] 28750,9212,1903,334,3134,3134,3134,1583,1451,0,47,1452,1547,411,3557,119,928,25
17:17:43.149 [TLM] 28760,9227,1888,334,3134,3134,3134,1498,1580,0,2,1497,1502,2090,1315,119,928,25
17:17:43.149 [TLM] 28770,9242,1873,335,3134,3134,3134,1581,1429,1,-28,1528,1471,1814,2381,119,928,25
17:17:43.184 [TLM] 28780,9258,1857,335,3131,3131,3131,1516,1601,0,-146,1646,1353,3650,-1416,119,928,25
17:17:43.219 [TLM] 28790,9273,1842,335,3131,3131,3131,1455,1654,0,-82,1582,1417,3322,-316,119,928,25
17:17:43.220 [TLM] 28800,9287,1828,335,3129,3129,3129,1592,1248,2,-111,1611,1388,2672,2881,119,928,25
17:17:43.254 [TLM] 28810,9303,1812,335,3112,3112,3112,1425,1699,-2,173,1326,1673,-73,1955,119,928,25
17:17:43.254 [TLM] 28820,9318,1797,336,3112,3112,3112,1393,1490,-2,93,1406,1593,1329,3240,119,928,25
17:17:43.288 [TLM] 28830,9332,1783,336,3116,3116,3116,1368,1577,-3,63,1436,1563,2097,2086,119,928,25
17:17:43.288 [TLM] 28840,9347,1768,336,3127,3127,3127,1416,1583,-1,-139,1639,1360,4711,-969,119,928,25
17:17:43.322 [TLM] 28850,9361,1754,337,3135,3135,3135,1435,1237,0,47,1452,1547,2467,5982,119,928,25
17:17:43.357 [TLM] 28860,9376,1738,337,3136,3136,3136,1435,1502,0,-51,1551,1448,3974,1293,119,928,25
17:17:43.357 [TLM] 28870,9391,1724,337,3134,3134,3134,1541,1352,1,-97,1597,1402,3510,2487,119,928,25
17:17:43.392 [TLM] 28880,9407,1708,337,3124,3124,3124,1586,1470,1,-197,1697,1302,4124,-283,119,928,25
17:17:43.393 [TLM] 28890,9420,1695,337,3121,3121,3121,1522,1436,1,-219,1719,1280,5427,-333,119,928,25
17:17:43.430 [TLM] 28900,9437,1678,338,3116,3116,3116,1558,1576,-1,142,1357,1642,-801,3596,119,928,25
17:17:43.432 [TLM] 28910,9452,1663,338,3122,3122,3122,1576,1477,0,2,1497,1502,852,2578,119,928,25
17:17:43.463 [TLM] 28920,9467,1648,338,3117,3117,3117,1630,1440,0,178,1321,1678,-2342,5414,119,928,25
17:17:43.499 [TLM] 28930,9483,1632,339,3114,3114,3114,1456,1687,-2,123,1376,1623,264,1827,119,928,25
17:17:43.502 [TLM] 28941,9497,1618,339,3119,3119,3119,1460,1332,1,-247,1747,1252,5508,930,116,928,25
17:17:43.533 [TLM] 28950,9512,1603,339,3118,3118,3118,1348,1749,-1,-75,1575,1424,3937,-1406,116,928,25
17:17:43.535 [TLM] 28960,9527,1588,340,3127,3127,3127,1551,1446,-1,274,1225,1774,-3449,6967,116,928,25
17:17:43.570 [TLM] 28970,9542,1573,340,3133,3133,3133,1436,1526,1,643,856,2143,-6670,10152,116,928,25
17:17:43.571 [TLM] 28980,9558,1557,340,3136,3136,3136,1481,1506,0,0,1500,1499,2017,1591,116,928,25
17:17:43.606 [TLM] 28990,9571,1544,340,3141,3141,3141,1387,1489,0,-1,1501,1498,3555,1821,116,928,25
17:17:43.637 [TLM] 29000,9588,1527,340,3143,3143,3143,1443,1496,0,0,1499,1500,3083,1812,116,928,25
17:17:43.638 [TLM] 29010,9601,1514,340,3140,3140,3140,1401,1587,0,-66,1566,1433,4711,-75,116,928,25
17:17:43.672 [TLM] 29020,9617,1498,340,3143,3143,3143,1491,1415,0,-470,1970,1029,9672,-3874,116,928,25
17:17:43.672 [TLM] 29030,9631,1484,340,3138,3138,3138,1518,1491,0,-109,1609,1390,4116,340,116,928,25
17:17:43.708 [TLM] 29040,9646,1469,340,3135,3135,3135,1555,1390,0,287,1212,1787,-1813,7031,116,17312,25
17:17:43.708 [TLM] 29050,9661,1454,340,3126,3126,3126,1514,1523,0,35,1464,1535,1865,2050,116,17312,25
17:17:43.743 [TLM] 29060,9676,1438,340,3126,3126,3126,1395,1663,-3,238,1261,1738,-203,3584,116,1056,25
17:17:43.779 [TLM] 29070,9693,1422,340,3144,3144,3144,1475,1507,-4,322,1177,1822,-2264,5872,116,1056,25
17:17:43.779 [TLM] 29080,9709,1406,340,3166,3166,3166,1362,1755,-4,168,1331,1668,583,1216,116,1056,25
17:17:43.814 [TLM] 29090,9722,1393,340,3190,3190,3190,1297,1701,-3,-30,1530,1469,4600,-1356,116,1056,25
17:17:43.818 [TLM] 29100,9738,1377,339,3222,3222,3222,1191,1746,-6,454,1045,1954,-756,4982,116,17440,25
17:17:43.848 [TLM] 29110,9754,1361,337,3262,3262,3262,1052,2079,-8,159,1340,1659,4681,-3093,116,1184,25
17:17:43.849 [TLM] 29120,9769,1346,335,3308,3308,3308,1121,1988,-11,211,1288,1711,2346,-914,116,1184,25
17:17:43.882 [TLM] 29130,9783,1333,332,3363,3363,3363,1037,1984,-11,242,1257,1742,3257,-1147,116,1184,25
17:17:43.918 [TLM] 29140,9797,1319,329,3414,3414,3414,1299,1375,-4,-273,1773,1226,8441,-1147,116,1184,25
17:17:43.953 [TLM] 29150,9812,1305,324,3447,3447,3447,1349,1807,-4,133,1366,1633,1679,-395,116,1184,25
17:17:43.953 [TLM] 29160,9826,1291,320,3480,3480,3480,1271,1480,-1,89,1410,1589,4313,2768,116,1184,25
17:17:43.954 [TLM] 29170,9840,1278,315,3491,3491,3491,1562,1451,3,-637,2137,862,11384,-6957,116,1184,25
17:17:43.988 [TLM] 29180,9854,1265,310,3478,3478,3478,1702,1209,6,-224,1724,1275,4711,1704,116,1184,25
17:17:43.988 [TLM] 29190,9870,1250,305,3445,3445,3445,1782,1064,9,-522,2022,977,8437,-819,116,1184,25
17:17:44.023 [TLM] 29200,9885,1235,301,3397,3397,3397,2131,991,12,-537,2037,962,4580,-151,116,1184,25
17:17:44.057 [TLM] 29210,9900,1221,298,3346,3346,3346,1834,1219,9,-339,1839,1160,4791,-154,116,1184,25
17:17:44.058 [TLM] 29220,9914,1207,295,3293,3293,3293,2118,731,16,-540,2040,959,5007,3232,116,1184,25
17:17:44.092 [TLM] 29230,9929,1192,294,3221,3221,3221,2048,859,16,-690,2190,809,7768,-367,116,1184,25
17:17:44.093 [TLM] 29240,9944,1177,293,3141,3141,3141,2294,803,17,-644,2144,855,3978,1237,116,1184,25
17:17:44.129 [TLM] 29250,9960,1161,294,3061,3061,3061,1905,1195,9,329,1170,1829,-6476,10890,116,1184,25
17:17:44.129 [TLM] 29260,9977,1144,296,3010,3010,3010,1746,1452,6,-169,1669,1330,1658,471,116,17568,25
17:17:44.162 [TLM] 29270,9989,1133,298,2946,2946,2946,2076,570,14,37,1462,1537,-3230,12000,116,17568,25
17:17:44.201 [TLM] 29280,10005,1117,302,2874,2874,2874,1904,1076,12,-439,1939,1060,5249,517,116,1312,25
17:17:44.202 [TLM] 29290,10022,1101,307,2801,2801,2801,1812,1715,6,-212,1712,1287,1818,-3685,116,1312,25
17:17:44.232 [TLM] 29300,10036,1087,312,2749,2749,2749,1475,1570,0,-277,1777,1222,5849,-2161,116,1312,25
17:17:44.234 [TLM] 29310,10052,1073,318,2725,2725,2725,1415,1681,-7,343,1156,1843,-3805,6746,116,17696,25
17:17:44.343 [TLM] 29320,10067,1059,324,2732,2732,2732,1260,1781,-8,398,1101,1898,-2811,5714,116,1440,25
17:17:44.344 [TLM] 29330,10083,1045,330,2761,2761,2761,1073,2037,-10,355,1144,1855,217,1785,116,1440,25
17:17:44.344 [TLM] 29340,10097,1031,335,2805,2805,2805,1073,1840,-9,310,1189,1810,923,3333,116,1440,25
17:17:44.344 [TLM] 29350,10112,1017,340,2856,2856,2856,1146,1794,-6,9,1490,1509,2737,1126,116,1440,25
17:17:44.344 [TLM] 29360,10126,1004,343,2897,2897,2897,1306,1625,-5,254,1245,1754,593,4902,116,1440,25
17:17:44.372 [TLM] 29370,10142,988,347,2937,2937,2937,1226,1852,-6,334,1165,1834,3968,-143,116,1440,25
17:17:44.374 [TLM] 29380,10157,973,350,2981,2981,2981,1260,1768,-6,284,1215,1784,776,3217,116,1440,25
17:17:44.407 [TLM] 29390,10171,959,352,3016,3016,3016,1358,1578,-4,47,1452,1547,2391,2821,116,1440,25
17:17:44.407 [TLM] 29400,10187,944,353,3042,3042,3042,1246,1821,-5,0,1500,1499,5327,-1477,116,1440,25
17:17:44.443 [TLM] 29410,10202,929,355,3068,3068,3068,1302,1684,-5,418,1081,1918,3216,1940,116,1440,25
17:17:44.479 [TLM] 29420,10216,914,355,3090,3090,3090,1412,1561,-1,277,1222,1777,222,4785,116,1440,25
17:17:44.479 [TLM] 29430,10232,898,356,3103,3103,3103,1508,1535,-1,639,860,2139,7112,-4244,116,1440,25
17:17:44.514 [TLM] 29440,10247,883,357,3099,3099,3099,1401,1801,-4,128,1371,1628,909,3345,116,1440,25
17:17:44.514 [TLM] 29450,10261,869,357,3104,3104,3104,1333,1651,-5,94,1405,1594,2988,407,116,1440,25
17:17:44.550 [TLM] 29460,10277,853,358,3101,3101,3101,1229,1773,-5,-54,1554,1445,6342,-2678,116,1440,25
17:17:44.552 [TLM] 29470,10292,838,358,3103,3103,3103,1408,1418,-5,470,1029,1970,-3237,8440,116,1440,25
17:17:44.583 [TLM] 29480,10307,823,359,3101,3101,3101,1434,1560,-6,384,1115,1884,-2842,6477,116,1440,25
17:17:44.619 [TLM] 29490,10322,808,360,3111,3111,3111,1287,1744,-5,151,1348,1651,2448,813,116,1440,25
17:17:44.619 [TLM] 29500,10336,794,360,3123,3123,3123,1354,1497,-2,73,1426,1573,3182,2752,116,1440,25
17:17:44.654 [TLM] 29510,10351,780,360,3129,3129,3129,1355,1508,-2,21,1478,1521,4154,2573,116,1440,25
17:17:44.654 [TLM] 29520,10365,765,360,3132,3132,3132,1514,1333,0,64,1435,1564,2243,4863,116,1440,25
17:17:44.688 [TLM] 29530,10381,749,360,3132,3132,3132,1414,1779,-2,31,1468,1531,3523,-804,116,1440,25
17:17:44.688 [TLM] 29540,10396,735,360,3139,3139,3139,1400,1468,0,-71,1571,1428,5408,1409,116,17824,25
17:17:44.722 [TLM] 29550,10410,720,361,3136,3136,3136,1582,1283,0,204,1295,1704,-798,7751,116,17824,25
17:17:44.758 [TLM] 29560,10426,704,361,3130,3130,3130,1539,1613,0,79,1420,1579,1259,2119,116,1568,25
17:17:44.759 [TLM] 29570,10440,691,361,3128,3128,3128,1558,1432,3,-305,1805,1194,6532,-1292,116,1568,25
17:17:44.793 [TLM] 29580,10455,676,361,3119,3119,3119,1730,1081,5,59,1440,1559,339,7954,116,1568,25
17:17:44.829 [TLM] 29590,10468,663,362,3093,3093,3093,1955,680,15,-815,2315,684,11159,-160,116,1568,25
17:17:44.829 [TLM] 29600,10485,646,363,3023,3023,3023,2220,1017,17,-903,2403,596,9523,-5386,116,1568,25
17:17:44.830 [TLM] 29610,10499,632,365,2936,2936,2936,2332,681,22,-790,2290,709,8219,872,116,1568,25
17:17:44.862 [TLM] 29620,10514,617,369,2833,2833,2833,2099,843,19,-755,2255,744,8881,-965,116,1568,25
17:17:44.897 [TLM] 29630,10530,603,375,2734,2734,2734,2254,826,20,-1026,2526,473,11359,-5748,116,1568,25
17:17:44.900 [TLM] 29640,10544,590,382,2614,2614,2614,2551,561,25,-865,2365,634,5559,978,116,1568,25
17:17:44.935 [TLM] 29650,10559,578,390,2484,2484,2484,2548,475,25,-896,2396,603,7812,307,116,1568,25
17:17:44.936 [TLM] 29660,10573,567,400,2347,2347,2347,2416,530,25,-898,2398,601,6719,1435,116,1568,25
17:17:44.968 [TLM] 29670,10587,558,410,2223,2223,2223,2438,584,25,-871,2371,628,5881,1445,116,1568,25
17:17:44.968 [TLM] 29680,10603,550,424,2076,2076,2076,2396,550,24,-864,2364,635,5956,2444,116,1568,25
17:17:45.002 [TLM] 29690,10620,542,439,1957,1957,1957,2055,1252,19,-776,2276,723,8126,-5096,116,1568,25
17:17:45.038 [TLM] 29700,10631,539,450,1842,1842,1842,2476,-31,25,-896,2396,603,5929,9269,116,1568,25
17:17:45.039 [TLM] 29710,10649,535,467,1720,1720,1720,2214,1045,25,-895,2395,604,9262,-4601,116,1568,25
17:17:45.073 [TLM] 29720,10661,534,480,1604,1604,1604,2320,431,19,-872,2372,627,6975,4732,116,1568,25
17:17:45.073 [TLM] 29730,10676,535,494,1495,1495,1495,1993,871,24,-1379,2879,120,12000,-8283,116,1568,25
17:17:45.108 [TLM] 29740,10692,537,510,1390,1390,1390,2819,549,25,-895,2395,604,2128,2591,116,1568,25
17:17:45.109 [TLM] 29750,10706,540,523,1283,1283,1283,2145,599,20,239,1260,1739,-6170,12000,116,1568,25
17:17:45.144 [TLM] 29760,10721,545,537,1191,1191,1191,1971,1005,21,-980,2480,519,12000,-4475,116,1568,25
17:17:45.179 [TLM] 29770,10735,551,551,1107,1107,1107,2116,642,26,-1113,2613,386,12000,-3333,116,1568,25
17:17:45.179 [TLM] 29780,10748,558,562,997,997,997,2380,638,27,-874,2374,625,10588,1140,116,1568,25
17:17:45.214 [TLM] 29790,10764,567,574,880,880,880,2472,446,26,-903,2403,596,9671,2558,116,1568,25
17:17:45.217 [TLM] 29800,10780,578,586,760,760,760,2401,586,25,-894,2394,605,9224,1476,116,1568,25
17:17:45.247 [TLM] 29810,10796,591,596,648,648,648,2031,1274,18,-673,2173,826,9909,-3475,116,1568,25
17:17:45.250 [TLM] 29820,10808,600,603,536,536,536,2300,253,22,-540,2040,959,6015,10517,116,1568,25
17:17:45.283 [TLM] 29830,10826,616,611,417,417,417,2207,1085,19,-678,2178,821,8113,-1427,116,1568,25
17:17:45.320 [TLM] 29840,10841,631,616,310,310,310,2290,983,14,-325,1825,1174,949,5139,116,1568,25
17:17:45.323 [TLM] 29850,10857,646,620,219,219,219,1934,1113,12,-446,1946,1053,6072,1899,116,17952,25
17:17:45.352 [TLM] 29860,10871,660,623,145,145,145,2093,1037,10,-178,1678,1321,-193,6917,116,1696,25
17:17:45.353 [TLM] 29870,10889,678,624,71,71,71,1675,1567,6,-165,1665,1334,4001,377,116,1696,25
17:17:45.390 [TLM] 29880,10903,692,625,20,20,20,1776,1166,5,299,1200,1799,-3824,11634,116,1696,25
17:17:45.391 [TLM] 29890,10920,709,625,-22,-22,-22,1679,1602,5,-243,1743,1256,4477,-1500,116,1696,25
17:17:45.422 [TLM] 29900,10932,721,624,-64,-64,-64,1752,1181,1,485,1014,1985,-7382,12000,116,1696,25
17:17:45.459 [TLM] 29910,10951,740,623,-100,-100,-100,1592,1710,0,1,1498,1501,1268,86,116,1696,25
17:17:45.459 [TLM] 29920,10965,754,621,-120,-120,-120,1536,1421,0,16,1483,1516,1467,4931,116,1696,25
17:17:45.493 [TLM] 29930,10981,770,619,-126,-126,-126,1401,1949,-2,174,1325,1674,769,319,116,1696,25
17:17:45.494 [TLM] 29940,10996,785,617,-127,-127,-127,1474,1480,-4,189,1310,1689,-851,5939,116,1696,25
17:17:45.528 [TLM] 29950,11011,800,615,-119,-119,-119,1376,1616,-5,306,1193,1806,-1694,6017,116,1696,25
17:17:45.528 [TLM] 29960,11028,817,613,-97,-97,-97,1196,1962,-4,-34,1534,1465,5578,-4553,116,1696,25
17:17:45.567 [TLM] 29970,11041,829,612,-94,-94,-94,1272,1481,-5,99,1400,1599,3093,4235,116,1696,25
17:17:45.599 [TLM] 29980,11058,847,611,-81,-81,-81,1302,2121,-5,169,1330,1669,2314,-3761,116,1696,25
17:17:45.599 [TLM] 29990,11070,858,610,-75,-75,-75,1389,1519,-6,410,1089,1910,-2326,7472,116,1696,25
17:17:45.633 [TLM] 30000,11085,874,609,-67,-67,-67,1311,1685,-5,231,1268,1731,1434,2637,116,1696,25
17:17:45.635 [TLM] 30010,11101,890,608,-46,-46,-46,1324,1569,-5,2,1497,1502,4303,1226,116,1696,25
17:17:45.669 [TLM] 30020,11116,904,607,-30,-30,-30,1421,1495,-2,164,1335,1664,1447,4669,116,1696,25
17:17:45.670 [TLM] 30030,11131,920,607,-20,-20,-20,1461,1568,-1,-10,1510,1489,3558,1276,116,1696,25
17:17:45.704 [TLM] 30040,11146,934,607,-14,-14,-14,1466,1519,0,4,1495,1504,3527,1924,116,1696,25
17:17:45.738 [TLM] 30050,11161,949,606,-13,-13,-13,1492,1468,0,-9,1509,1490,4404,2134,116,1696,25
17:17:45.738 [TLM] 30060,11176,964,606,-16,-16,-16,1669,1280,-3,815,684,2315,-11107,12000,116,1696,25
17:17:45.773 [TLM] 30070,11191,979,606,-18,-18,-18,1559,1631,0,-172,1672,1327,3501,-1289,116,1696,25
17:17:45.773 [TLM] 30080,11207,995,606,-17,-17,-17,1407,1543,-1,71,1428,1571,1831,3497,116,1696,25
17:17:45.808 [TLM] 30090,11220,1008,605,-9,-9,-9,1536,1491,0,-167,1667,1332,3979,294,116,1696,25
17:17:45.809 [TLM] 30100,11237,1025,605,-10,-10,-10,1504,1557,0,30,1469,1530,1577,2137,116,1696,25
17:17:45.843 [TLM] 30110,11252,1040,605,-3,-3,-3,1478,1527,0,100,1399,1600,978,3166,116,1696,25
17:17:45.877 [TLM] 30120,11268,1056,605,0,0,0,1571,1589,0,-268,1768,1231,4824,-3001,116,1696,25
17:17:45.878 [TLM] 30130,11282,1071,605,0,0,0,1490,1521,0,184,1315,1684,-684,4262,116,1696,25
17:17:45.914 [TLM] 30140,11298,1086,605,0,0,0,1497,1507,-1,-206,1706,1293,4381,-739,116,1696,25
17:17:45.914 [TLM] 30150,11313,1101,605,1,1,1,1529,1497,0,123,1376,1623,-392,3813,116,1696,25
17:17:45.950 [TLM] 30160,11327,1116,605,0,0,0,1499,1480,0,-2,1502,1497,1889,2318,116,1696,25
17:17:45.953 [TLM] 30170,11342,1131,605,1,1,1,1521,1535,0,-156,1656,1343,3928,-639,116,1696,25
17:17:45.984 [TLM] 30180,11357,1146,605,2,2,2,1451,1635,0,52,1447,1552,1972,1013,116,1696,25
17:17:46.018 [TLM] 30190,11372,1160,605,6,6,6,1599,1283,0,142,1357,1642,552,4451,116,1696,25
17:17:46.020 [TLM] 30200,11387,1175,605,1,1,1,1437,1561,0,-3,1503,1496,2851,1355,116,1696,25
17:17:46.053 [TLM] 30210,11402,1191,605,3,3,3,1498,1549,0,-26,1526,1473,2397,1004,116,1696,25
17:17:46.088 [TLM] 30220,11417,1205,605,2,2,2,1533,1466,0,10,1489,1510,1467,2507,116,1696,25
17:17:46.088 [TLM] 30230,11431,1219,605,1,1,1,1504,1535,1,-129,1629,1370,4263,-624,116,1696,25
17:17:46.089 [TLM] 30240,11447,1236,605,0,0,0,1532,1495,0,-102,1602,1397,3005,446,116,1696,25
17:17:46.123 [TLM] 30250,11462,1250,605,-1,-1,-1,1507,1495,1,-61,1561,1438,2933,887,116,1696,25
17:17:46.158 [TLM] 30260,11477,1265,605,-5,-5,-5,1524,1493,0,0,1499,1500,1643,2139,116,1696,25
17:17:46.158 [TLM] 30270,11492,1281,605,-5,-5,-5,1478,1546,0,22,1477,1522,1870,1709,116,1696,25
17:17:46.194 [TLM] 30280,11507,1295,605,-6,-6,-6,1432,1507,0,-1,1501,1498,2872,1881,116,1696,25
17:17:46.194 [TLM] 30290,11522,1311,605,-7,-7,-7,1517,1526,0,-122,1622,1377,3468,22,116,1696,25
17:17:46.229 [TLM] 30300,11537,1325,605,-6,-6,-6,1487,1477,0,-38,1538,1461,2811,1647,116,1696,25
17:17:46.230 [TLM] 30310,11552,1340,605,-11,-11,-11,1626,1332,0,76,1423,1576,-823,5473,116,1696,25
17:17:46.264 [TLM] 30320,11567,1355,605,-12,-12,-12,1511,1510,0,4,1495,1504,1630,2204,116,1696,25
17:17:46.297 [TLM] 30330,11582,1370,605,-12,-12,-12,1468,1501,0,1,1498,1501,2430,1750,116,1696,25
17:17:46.299 [TLM] 30340,11597,1385,604,-11,-11,-11,1416,1513,0,-2,1502,1497,2997,1972,116,1696,25
17:17:46.334 [TLM] 30350,11612,1400,604,-10,-10,-10,1341,1649,0,55,1444,1555,3635,917,116,1696,25
17:17:46.337 [TLM] 30360,11627,1415,604,-7,-7,-7,1470,1488,0,-24,1524,1475,3275,1827,116,1696,25
17:17:46.369 [TLM] 30370,11640,1428,604,-10,-10,-10,1548,1458,0,165,1334,1665,-321,4807,116,1696,25
17:17:46.369 [TLM] 30380,11657,1445,604,-12,-12,-12,1569,1524,0,-2,1502,1497,1630,1628,116,1696,25
17:17:46.404 [TLM] 30390,11672,1460,604,-14,-14,-14,1508,1475,0,6,1493,1506,2265,2376,116,1696,25
17:17:46.438 [TLM] 30400,11687,1475,603,-17,-17,-17,1480,1475,0,-13,1513,1486,2856,2129,116,1696,25
17:17:46.439 [TLM] 30410,11702,1490,603,-21,-21,-21,1627,1279,0,116,1383,1616,-1189,6709,116,1696,25
17:17:46.473 [TLM] 30420,11718,1506,603,-9,-9,-9,1498,1512,0,-149,1649,1350,4122,-581,116,1696,25
17:17:46.475 [TLM] 30430,11732,1520,603,1,1,1,1406,1527,0,0,1499,1500,3459,1927,116,18080,25
17:17:46.509 [TLM] 30440,11747,1535,603,14,14,14,1457,1544,0,-79,1579,1420,4269,279,116,18080,25
17:17:46.510 [TLM] 30450,11762,1550,603,17,17,17,1671,1411,2,-138,1638,1361,2824,679,116,1824,25
17:17:46.544 [TLM] 30460,11776,1565,603,6,6,6,1581,1328,4,-280,1780,1219,6480,-449,116,1824,25
17:17:46.579 [TLM] 30470,11792,1581,603,-14,-14,-14,1888,1313,5,-15,1515,1484,-1359,3451,116,1824,25
17:17:46.579 [TLM] 30480,11807,1595,603,-44,-44,-44,1722,1356,4,-227,1727,1272,3264,352,116,1824,25
17:17:46.612 [TLM] 30490,11822,1610,602,-71,-71,-71,1716,1299,8,-826,2326,673,12000,-7438,116,1824,25
17:17:46.614 [TLM] 30500,11835,1623,600,-119,-119,-119,1966,886,12,-416,1916,1083,4112,3275,116,1824,25
17:17:46.648 [TLM] 30510,11851,1638,598,-181,-181,-181,1908,1000,12,-411,1911,1088,4590,2092,116,1824,25
17:17:46.650 [TLM] 30520,11866,1654,595,-242,-242,-242,1959,1164,6,436,1063,1936,-9042,12000,116,18208,25
17:17:46.683 [TLM] 30530,11882,1669,591,-280,-280,-280,1794,1224,7,-561,2061,938,6530,-2244,116,18208,25
17:17:46.719 [TLM] 30540,11897,1683,586,-322,-322,-322,1812,1291,6,-191,1691,1308,1349,3988,116,1952,25
17:17:46.720 [TLM] 30550,11913,1699,581,-354,-354,-354,1617,1658,0,49,1450,1549,-1176,1674,116,1952,25
17:17:46.754 [TLM] 30560,11928,1712,576,-365,-365,-365,1504,1451,0,274,1225,1774,-3063,7284,116,1952,25
17:17:46.755 [TLM] 30570,11944,1727,570,-360,-360,-360,1318,1818,-4,156,1343,1656,259,1311,116,1952,25
17:17:46.788 [TLM] 30580,11959,1741,565,-334,-334,-334,1097,1970,-6,89,1410,1589,3941,-1965,116,1952,25
17:17:46.789 [TLM] 30590,11974,1755,560,-291,-291,-291,1157,1885,-10,725,774,2225,-6084,8435,116,1952,25
17:17:46.824 [TLM] 30600,11989,1770,556,-237,-237,-237,1082,1824,-10,183,1316,1683,2684,1396,116,1952,25
17:17:46.858 [TLM] 30610,12004,1785,553,-188,-188,-188,985,2180,-13,524,975,2024,-3397,4281,116,18336,25
17:17:46.859 [TLM] 30620,12020,1801,551,-119,-119,-119,931,2144,-15,320,1179,1820,2035,-1085,116,18336,25
17:17:46.893 [TLM] 30630,12035,1815,550,-47,-47,-47,874,2162,-19,938,561,2438,-6434,8014,116,2080,25
17:17:46.894 [TLM] 30640,12049,1829,550,46,46,46,719,2110,-17,599,900,2099,1438,3222,116,2080,25
17:17:46.930 [TLM] 30650,12062,1842,551,129,129,129,1025,1898,-10,535,964,2035,-43,4142,116,2080,25
17:17:46.932 [TLM] 30660,12076,1856,553,206,206,206,925,1813,-10,608,891,2108,1224,6823,116,2080,25
17:17:46.963 [TLM] 30670,12090,1870,557,260,260,260,1190,1505,-7,536,963,2036,-58,9188,116,2080,25
17:17:46.998 [TLM] 30680,12106,1885,561,289,289,289,1261,1570,-5,175,1324,1675,4540,2726,116,2080,25
17:17:47.000 [TLM] 30690,12120,1899,565,311,311,311,1285,1583,-5,307,1192,1807,2416,5084,116,2080,25
17:17:47.031 [TLM] 30700,12133,1911,570,328,328,328,1503,1165,0,58,1441,1558,3992,6756,116,2080,25
17:17:47.032 [TLM] 30710,12150,1927,575,334,334,334,1675,1501,5,-888,2388,611,12000,-10924,116,2080,25
17:17:47.073 [TLM] 30720,12163,1940,579,317,317,317,1704,1251,7,-535,2035,964,10783,-2961,116,2080,25
17:17:47.073 [TLM] 30730,12179,1955,584,291,291,291,1720,1337,4,-198,1698,1301,4304,1101,116,18464,25
17:17:47.102 [TLM] 30740,12193,1968,588,255,255,255,1854,906,9,-325,1825,1174,5611,4138,116,18464,25
17:17:47.139 [TLM] 30750,12210,1985,591,203,203,203,1816,1395,6,-251,1751,1248,4084,-394,116,2208,25
17:17:47.141 [TLM] 30760,12225,1999,594,154,154,154,1810,1154,6,-158,1658,1341,2338,4115,116,2208,25
17:17:47.173 [TLM] 30770,12240,2015,596,110,110,110,1773,1292,7,-305,1805,1194,4569,312,116,2208,25
17:17:47.174 [TLM] 30780,12256,2030,597,76,76,76,1603,1511,3,-388,1888,1111,7040,-3291,116,2208,25
17:17:47.208 [TLM] 30790,12269,2043,598,51,51,51,1863,1087,3,128,1371,1628,-3891,9685,116,2208,25
17:17:47.208 [TLM] 30800,12288,2062,599,27,27,27,1516,1583,2,-211,1711,1288,4739,-2082,116,2208,25
17:17:47.243 [TLM] 30810,12302,2076,599,10,10,10,1545,1474,2,-362,1862,1137,6369,-2316,116,2208,25
17:17:47.279 [TLM] 30820,12317,2091,599,-1,-1,-1,1440,1421,0,-122,1622,1377,2985,1961,116,2208,25
17:17:47.280 [TLM] 30830,12332,2107,599,-5,-5,-5,1479,1602,0,6,1493,1506,1945,1056,116,2208,25
17:17:47.313 [TLM] 30840,12347,2121,599,-4,-4,-4,1489,1578,0,-136,1636,1363,4144,-659,116,2208,25
17:17:47.313 [TLM] 30850,12360,2134,599,-5,-5,-5,1506,1322,1,109,1390,1609,1026,5758,116,2208,25
17:17:47.348 [TLM] 30860,12376,2150,599,-14,-14,-14,1524,1589,0,290,1209,1790,-1963,5004,116,2208,25
17:17:47.420 [TLM] 30870,12391,2166,599,-18,-18,-18,1498,1420,1,-77,1577,1422,3576,1893,116,2208,25
17:17:47.421 [TLM] 30880,12407,2181,598,-24,-24,-24,1510,1521,0,-13,1513,1486,2290,1702,116,18592,25
17:17:47.421 [TLM] 30890,12421,2195,598,-24,-24,-24,1516,1512,0,52,1447,1552,1102,2650,116,2336,25
17:17:47.421 [TLM] 30900,12437,2211,597,-20,-20,-20,1470,1426,0,140,1359,1640,787,4697,116,2336,25
17:17:47.453 [TLM] 30910,12452,2227,597,-16,-16,-16,1505,1549,0,0,1499,1500,2339,1182,116,2336,25
17:17:47.453 [TLM] 30920,12467,2241,597,-14,-14,-14,1536,1493,0,2,1497,1502,1851,1917,116,2336,25
17:17:47.488 [TLM] 30930,12481,2255,597,-14,-14,-14,1446,1580,-2,266,1233,1766,-1092,4820,116,2336,25
17:17:47.489 [TLM] 30940,12498,2272,597,-3,-3,-3,1392,1730,-4,258,1241,1758,-690,2568,119,2336,25
17:17:47.523 [TLM] 30950,12512,2286,597,13,13,13,1372,1637,-5,289,1210,1789,-1165,4214,119,2336,25
17:17:47.558 [TLM] 30960,12528,2302,597,36,36,36,1274,1766,-6,376,1123,1876,-1273,4538,119,2336,25
17:17:47.559 [TLM] 30970,12542,2316,598,66,66,66,1244,1707,-5,229,1270,1729,1166,2683,119,2336,25
17:17:47.596 [TLM] 30980,12558,2332,599,100,100,100,1256,1742,-6,194,1305,1694,1520,1678,119,2336,25
17:17:47.596 [TLM] 30990,12574,2348,601,134,134,134,1157,2017,-11,841,658,2341,-6965,7905,119,2336,25
17:17:47.628 [TLM] 31000,12588,2362,603,181,181,181,1098,1818,-10,391,1108,1891,416,3511,119,2336,25
17:17:47.663 [TLM] 31010,12604,2377,607,226,226,226,1131,2076,-9,650,849,2150,-3152,3766,119,2336,25
17:17:47.664 [TLM] 31020,12617,2390,610,268,268,268,1155,1758,-11,422,1077,1922,-858,4669,119,2336,25
17:17:47.701 [TLM] 31030,12633,2406,615,313,313,313,1130,1750,-11,538,961,2038,-2819,7735,119,2336,25
17:17:47.701 [TLM] 31040,12646,2418,619,350,350,350,1135,1686,-8,556,943,2056,-1696,7369,119,2336,25
17:17:47.734 [TLM] 31050,12663,2433,625,393,393,393,1185,1843,-8,277,1222,1777,1807,1611,119,2336,25
17:17:47.735 [TLM] 31060,12678,2447,631,438,438,438,1075,1904,-10,403,1096,1903,1329,2714,119,2336,25
17:17:47.769 [TLM] 31070,12692,2460,638,487,487,487,1069,1886,-9,290,1209,1790,3241,1379,119,2336,25
17:17:47.769 [TLM] 31080,12707,2473,645,532,532,532,1216,1702,-7,271,1228,1771,2301,3189,119,2336,25
17:17:47.804 [TLM] 31090,12722,2485,652,566,566,566,1337,1551,-6,294,1205,1794,688,5517,119,2336,25
17:17:47.838 [TLM] 31100,12738,2499,662,603,603,603,1328,1785,-7,76,1423,1576,3077,-424,119,2336,25
17:17:47.839 [TLM] 31110,12754,2511,671,648,648,648,940,2279,-11,403,1096,1903,2813,-1913,119,2336,25
17:17:47.873 [TLM] 31120,12766,2521,679,697,697,697,1217,1428,-7,1103,396,2603,-9053,12000,119,2336,25
17:17:47.873 [TLM] 31130,12780,2532,688,724,724,724,1162,1982,-9,-8,1508,1491,6734,-3445,119,2336,25
17:17:47.908 [TLM] 31140,12797,2544,699,762,762,762,1209,1749,-9,208,1291,1708,2931,2039,119,2336,25
17:17:47.909 [TLM] 31150,12811,2554,709,794,794,794,1315,1781,-11,593,906,2093,-4492,7658,119,2336,25
17:17:47.944 [TLM] 31160,12829,2566,722,840,840,840,1088,1975,-11,293,1206,1793,2451,88,119,2336,25
17:17:47.977 [TLM] 31170,12843,2575,733,881,881,881,1248,1625,-10,520,979,2020,-2989,7832,119,2336,25
17:17:47.979 [TLM] 31180,12858,2585,745,925,925,925,1004,2030,-9,282,1217,1782,3531,-508,119,2336,25
17:17:48.015 [TLM] 31190,12873,2593,757,980,980,980,1111,1807,-9,368,1131,1868,1176,3182,119,2336,25
17:17:48.019 [TLM] 31200,12887,2601,769,1028,1028,1028,1179,1688,-6,252,1247,1752,2913,3103,119,2336,25
17:17:48.047 [TLM] 31210,12901,2608,781,1064,1064,1064,1190,1752,-6,218,1281,1718,3403,1760,119,2336,25
17:17:48.049 [TLM] 31220,12917,2615,795,1103,1103,1103,1243,1746,-6,240,1259,1740,2600,2192,119,2336,25
17:17:48.084 [TLM] 31230,12932,2622,809,1136,1136,1136,1289,1765,-6,205,1294,1705,2576,1472,119,2336,25
17:17:48.118 [TLM] 31240,12947,2628,822,1164,1164,1164,1266,1681,-6,-4,1504,1495,5758,-83,119,2336,25
17:17:48.119 [TLM] 31250,12961,2633,835,1190,1190,1190,1359,1681,-8,355,1144,1855,-1250,5398,119,2336,25
17:17:48.154 [TLM] 31260,12977,2639,851,1227,1227,1227,913,2237,-12,401,1098,1901,3143,-1343,119,2336,25
17:17:48.154 [TLM] 31270,12991,2643,864,1273,1273,1273,1153,1817,-8,118,1381,1618,4717,-301,119,2336,25
17:17:48.187 [TLM] 31280,13006,2647,878,1306,1306,1306,1109,1745,-9,146,1353,1646,4391,2045,119,18720,25
17:17:48.188 [TLM] 31290,13021,2651,893,1350,1350,1350,1125,1982,-10,271,1228,1771,2604,761,119,18720,25
17:17:48.261 [TLM] 31300,13036,2654,907,1400,1400,1400,1199,1553,-6,225,1274,1725,3180,4635,119,2464,25
17:17:48.261 [TLM] 31310,13053,2656,924,1440,1440,1440,1295,1839,-6,224,1275,1724,1958,912,119,2464,25
17:17:48.262 [TLM] 31320,13068,2658,939,1471,1471,1471,1291,1668,-5,270,1229,1770,1572,3565,119,2464,25
17:17:48.295 [TLM] 31330,13083,2659,954,1491,1491,1491,1530,1469,-4,127,1372,1627,228,4557,119,2464,25
17:17:48.296 [TLM] 31340,13098,2660,969,1511,1511,1511,1332,1764,-5,387,1112,1887,-1316,4394,119,2464,25
17:17:48.331 [TLM] 31350,13112,2661,983,1532,1532,1532,1284,1729,-2,-106,1606,1393,6239,-2207,119,2464,25
17:17:48.334 [TLM] 31360,13126,2661,997,1542,1542,1542,1718,1175,0,258,1241,1758,-3656,9616,119,2464,25
17:17:48.363 [TLM] 31370,13143,2662,1014,1541,1541,1541,1322,2011,-2,201,1298,1701,1336,-1830,119,2464,25
17:17:48.398 [TLM] 31380,13158,2662,1029,1550,1550,1550,1427,1607,-3,272,1227,1772,-767,4471,119,2464,25
17:17:48.399 [TLM] 31390,13171,2662,1042,1562,1562,1562,1360,1313,1,-245,1745,1254,8633,-283,119,2464,25
17:17:48.435 [TLM] 31400,13185,2662,1056,1557,1557,1557,1557,1453,1,-99,1599,1400,4154,704,119,2464,25
17:17:48.435 [TLM] 31410,13200,2663,1071,1551,1551,1551,1432,1581,-1,105,1394,1605,2550,2356,119,2464,25
17:17:48.466 [TLM] 31420,13215,2663,1086,1553,1553,1553,1490,1471,-1,55,1444,1555,2576,3029,119,2464,25
17:17:48.467 [TLM] 31430,13230,2663,1101,1554,1554,1554,1492,1454,0,-4,1504,1495,3541,2509,119,2464,25
17:17:48.503 [TLM] 31440,13245,2663,1116,1554,1554,1554,1443,1658,0,-4,1504,1495,4187,-157,119,2464,25
17:17:48.538 [TLM] 31450,13262,2664,1133,1564,1564,1564,1598,1425,1,-442,1942,1057,8485,-3597,119,2464,25
17:17:48.539 [TLM] 31460,13277,2664,1148,1560,1560,1560,1512,1530,0,0,1499,1500,2927,1748,119,2464,25
17:17:48.574 [TLM] 31470,13292,2664,1163,1558,1558,1558,1489,1526,0,3,1496,1503,2975,1819,119,2464,25
17:17:48.574 [TLM] 31480,13307,2664,1178,1555,1555,1555,1507,1507,0,-1,1501,1498,2582,1951,119,18848,25
17:17:48.609 [TLM] 31490,13321,2664,1192,1553,1553,1553,1529,1527,-3,507,992,2007,-4952,8850,119,18848,25
17:17:48.609 [TLM] 31500,13339,2665,1210,1556,1556,1556,1481,1763,-4,332,1167,1832,-2991,3288,119,2592,25
17:17:48.644 [TLM] 31510,13354,2665,1225,1567,1567,1567,1368,1704,-5,589,910,2089,-5762,7762,119,2592,25
17:17:48.679 [TLM] 31520,13369,2665,1240,1592,1592,1592,1235,1755,-5,332,1167,1832,-217,3174,119,2592,25
17:17:48.680 [TLM] 31530,13383,2664,1253,1622,1622,1622,1061,1896,-12,511,988,2011,-2038,5301,119,2592,25
17:17:48.714 [TLM] 31540,13398,2663,1269,1681,1681,1681,955,2030,-14,594,905,2094,-1856,4208,119,2592,25
17:17:48.717 [TLM] 31550,13413,2661,1284,1756,1756,1756,825,2197,-16,585,914,2085,48,1949,119,2592,25
17:17:48.750 [TLM] 31560,13427,2657,1298,1845,1845,1845,741,2149,-18,715,784,2215,-600,4673,119,2592,25
17:17:48.751 [TLM] 31570,13442,2652,1312,1948,1948,1948,776,2183,-18,679,820,2179,-98,3307,119,2592,25
17:17:48.783 [TLM] 31580,13457,2646,1325,2052,2052,2052,680,2293,-21,851,648,2351,-1149,4482,119,2592,25
17:17:48.820 [TLM] 31590,13473,2638,1338,2176,2176,2176,872,1938,-19,550,949,2050,1264,4675,119,2592,25
17:17:48.823 [TLM] 31600,13488,2629,1350,2278,2278,2278,895,2060,-18,739,760,2239,-1897,6034,119,2592,25
17:17:48.853 [TLM] 31610,13503,2618,1362,2379,2379,2379,537,2545,-23,463,1036,1963,5732,-2863,119,2592,25
17:17:48.854 [TLM] 31620,13515,2609,1369,2481,2481,2481,606,1973,-19,283,1216,1783,9103,605,119,2592,25
17:17:48.888 [TLM] 31630,13529,2597,1377,2582,2582,2582,671,2129,-18,484,1015,1984,6238,1999,119,2592,25
17:17:48.889 [TLM] 31640,13545,2583,1385,2698,2698,2698,295,2613,-25,894,605,2394,4751,2582,119,2592,25
17:17:48.924 [TLM] 31650,13562,2568,1391,2825,2825,2825,770,2305,-25,867,632,2367,-640,4995,119,2592,25
17:17:48.960 [TLM] 31660,13576,2554,1394,2949,2949,2949,401,2365,-25,895,604,2395,3792,4791,119,2592,25
17:17:48.960 [TLM] 31670,13589,2541,1396,3081,3081,3081,552,2214,-18,366,1133,1866,11736,-1697,119,2592,25
17:17:48.993 [TLM] 31680,13605,2525,1396,3192,3192,3192,1054,1829,-15,596,903,2096,1819,6547,119,2592,25
17:17:48.993 [TLM] 31690,13620,2510,1394,3293,3293,3293,638,2470,-21,719,780,2219,5015,1038,119,2592,25
17:17:49.030 [TLM] 31700,13634,2496,1391,3391,3391,3391,591,2116,-21,760,739,2260,5982,4492,119,2592,25
17:17:49.034 [TLM] 31710,13648,2483,1387,3468,3468,3468,732,1909,-18,781,718,2281,4644,7900,119,2592,25
17:17:49.063 [TLM] 31720,13664,2468,1381,3540,3540,3540,645,2531,-25,895,604,2395,2413,3431,119,2592,25
17:17:49.102 [TLM] 31730,13680,2454,1375,3621,3621,3621,708,2268,-25,896,603,2396,2365,4030,119,2592,25
17:17:49.104 [TLM] 31740,13694,2441,1367,3699,3699,3699,880,2098,-22,1546,-46,3046,-9161,12000,119,2592,25
17:17:49.135 [TLM] 31750,13707,2431,1360,3766,3766,3766,793,2015,-16,-55,1555,1444,12000,-3876,119,2592,25
17:17:49.137 [TLM] 31760,13722,2419,1351,3860,3860,3860,366,2364,-32,1120,380,2620,808,12000,119,2592,25
17:17:49.171 [TLM] 31770,13740,2407,1339,3964,3964,3964,594,2883,-31,1042,457,2542,-1205,2325,119,2592,25
17:17:49.173 [TLM] 31780,13754,2398,1327,4100,4100,4100,465,2464,-19,351,1148,1851,12000,-3901,119,2592,25
17:17:49.204 [TLM] 31790,13767,2391,1316,4222,4222,4222,405,2303,-18,382,1117,1882,12000,-1190,119,2592,25
17:17:49.239 [TLM] 31800,13785,2384,1300,4344,4344,4344,646,2766,-24,729,770,2229,4639,-2035,119,2592,25
17:17:49.240 [TLM] 31810,13798,2380,1287,4461,4461,4461,990,1738,-18,519,980,2019,4048,7412,119,2592,25
17:17:49.345 [TLM] 31820,13814,2377,1271,4566,4566,4566,1128,2064,-13,352,1147,1852,4955,407,119,2592,25
17:17:49.347 [TLM] 31830,13829,2375,1257,4647,4647,4647,1002,1982,-13,534,965,2034,3867,4084,119,2592,25
17:17:49.348 [TLM] 31840,13842,2375,1243,4723,4723,4723,1216,1568,-6,117,1382,1617,8432,2900,119,2592,25
17:17:49.348 [TLM] 31850,13858,2376,1227,4784,4784,4784,1408,1624,0,-420,1920,1079,12000,-6184,119,2592,25
17:17:49.350 [TLM] 31860,13873,2377,1213,4815,4815,4815,1633,1477,0,-2,1502,1497,6198,1652,119,2592,25
17:17:49.351 [TLM] 31870,13888,2379,1197,4829,4829,4829,1540,1475,0,1,1498,1501,5222,1969,119,2592,25
17:17:49.377 [TLM] 31880,13903,2381,1183,4830,4830,4830,1587,1440,0,0,1500,1499,5754,2455,119,2592,25
17:17:49.414 [TLM] 31890,13919,2383,1167,4822,4822,4822,1658,1479,-1,207,1292,1707,885,5126,119,2592,25
17:17:49.415 [TLM] 31900,13932,2384,1154,4813,4813,4813,1616,1412,0,-78,1578,1421,5110,2439,119,2592,25
17:17:49.448 [TLM] 31910,13949,2386,1137,4805,4805,4805,1730,1441,0,-2,1502,1497,1732,2841,119,2592,25
17:17:49.449 [TLM] 31920,13966,2387,1120,4788,4788,4788,1621,1442,0,-71,1571,1428,3453,1979,119,2592,25
17:17:49.483 [TLM] 31930,13981,2388,1105,4776,4776,4776,1634,1460,1,-29,1529,1470,2421,2329,119,2592,25
17:17:49.519 [TLM] 31940,13997,2389,1089,4766,4766,4766,1597,1527,0,-259,1759,1240,5460,-1660,119,2592,25
17:17:49.520 [TLM] 31950,14012,2390,1074,4760,4760,4760,1343,1665,0,-45,1545,1454,5662,-642,119,2592,25
17:17:49.553 [TLM] 31960,14025,2390,1061,4754,4754,4754,1780,863,6,-200,1700,1299,3431,6943,119,18976,25
17:17:49.554 [TLM] 31970,14042,2391,1044,4735,4735,4735,1715,1539,4,-159,1659,1340,3190,-776,119,2720,25
17:17:49.588 [TLM] 31980,14057,2391,1029,4712,4712,4712,1760,1335,5,-240,1740,1259,3778,403,119,2720,25
17:17:49.589 [TLM] 31990,14072,2391,1014,4680,4680,4680,1865,1274,4,68,1431,1568,-2202,5583,119,2720,25
17:17:49.623 [TLM] 32000,14088,2390,999,4651,4651,4651,1669,1403,4,-213,1713,1286,3764,-110,119,2720,25
17:17:49.658 [TLM] 32010,14102,2389,985,4618,4618,4618,1964,876,10,-566,2066,933,5586,1481,119,2720,25
17:17:49.658 [TLM] 32020,14117,2387,970,4570,4570,4570,1868,903,16,-1358,2858,141,12000,-10661,119,2720,25
17:17:49.694 [TLM] 32030,14130,2384,956,4493,4493,4493,2204,715,21,-845,2345,654,8739,-1089,119,2720,25
17:17:49.694 [TLM] 32040,14145,2381,942,4397,4397,4397,2376,549,22,-784,2284,715,5762,2105,119,2720,25
17:17:49.729 [TLM] 32050,14160,2375,928,4287,4287,4287,2388,616,22,-922,2422,577,7150,-348,119,2720,25
17:17:49.730 [TLM] 32060,14175,2368,915,4170,4170,4170,2415,605,23,-899,2399,600,6532,29,119,2720,25
17:17:49.763 [TLM] 32070,14190,2359,903,4047,4047,4047,2372,585,24,-820,2320,679,5852,1686,119,2720,25
17:17:49.798 [TLM] 32080,14205,2349,892,3924,3924,3924,2341,669,21,-735,2235,764,3834,1838,119,2720,25
17:17:49.800 [TLM] 32090,14220,2338,882,3811,3811,3811,2179,798,23,-1659,3159,-159,12000,-12000,119,2720,25
17:17:49.833 [TLM] 32100,14234,2327,874,3692,3692,3692,2323,509,23,-642,2142,857,3618,5772,119,2720,25
17:17:49.833 [TLM] 32110,14249,2313,867,3580,3580,3580,1902,997,8,-62,1562,1437,-1807,10358,119,2720,25
17:17:49.869 [TLM] 32120,14269,2295,859,3499,3499,3499,1766,1789,13,-626,2126,873,8816,-10847,119,19104,25
17:17:49.870 [TLM] 32130,14279,2286,856,3420,3420,3420,1961,503,17,-808,2308,691,10124,3876,119,19104,25
17:17:49.903 [TLM] 32140,14294,2271,853,3328,3328,3328,2118,728,19,-630,2130,869,6214,3665,119,2848,25
17:17:49.938 [TLM] 32150,14309,2255,851,3244,3244,3244,1948,1136,14,-389,1889,1110,4796,3220,119,2848,25
17:17:49.938 [TLM] 32160,14327,2238,850,3170,3170,3170,2092,1282,11,-274,1774,1225,343,1519,119,2848,25
17:17:49.973 [TLM] 32170,14341,2224,850,3108,3108,3108,1697,1206,6,-52,1552,1447,1377,6379,119,2848,25
17:17:49.973 [TLM] 32180,14357,2208,851,3072,3072,3072,1590,1585,3,-19,1519,1480,2038,2044,119,2848,25
17:17:50.010 [TLM] 32190,14370,2195,852,3041,3041,3041,1723,1005,4,232,1267,1732,-2654,12000,119,2848,25
17:17:50.010 [TLM] 32200,14386,2179,854,3029,3029,3029,1460,1469,2,-205,1705,1294,6539,735,119,2848,25
17:17:50.044 [TLM] 32210,14402,2163,856,3032,3032,3032,1782,1514,3,-287,1787,1212,3414,-904,119,2848,25
17:17:50.079 [TLM] 32220,14417,2148,857,3032,3032,3032,1544,1329,1,234,1265,1734,-1593,8781,119,2848,25
17:17:50.080 [TLM] 32230,14433,2132,859,3033,3033,3033,1583,1607,1,90,1409,1590,-143,3110,119,2848,25
17:17:50.115 [TLM] 32240,14448,2118,861,3035,3035,3035,1518,1589,0,9,1490,1509,1781,2283,119,2848,25
17:17:50.117 [TLM] 32250,14463,2102,862,3039,3039,3039,1536,1563,0,-10,1510,1489,1802,1966,119,2848,25
17:17:50.148 [TLM] 32260,14478,2088,864,3045,3045,3045,1477,1485,1,-100,1600,1399,4310,1107,119,2848,25
17:17:50.149 [TLM] 32270,14490,2075,865,3050,3050,3050,1350,1527,0,67,1432,1567,3946,2992,119,2848,25
17:17:50.183 [TLM] 32280,14507,2058,866,3052,3052,3052,1503,1539,0,161,1338,1661,709,4184,119,2848,25
17:17:50.219 [TLM] 32290,14523,2043,868,3049,3049,3049,1535,1552,0,0,1500,1499,2991,1771,119,2848,25
17:17:50.220 [TLM] 32300,14538,2028,869,3052,3052,3052,1523,1590,0,-85,1585,1414,3607,-102,119,2848,25
17:17:50.254 [TLM] 32310,14553,2012,870,3052,3052,3052,1544,1600,-2,292,1207,1792,-2354,5113,119,2848,25
17:17:50.254 [TLM] 32320,14569,1997,872,3060,3060,3060,1426,1724,-4,-282,1782,1217,6358,-3919,119,2848,25
17:17:50.290 [TLM] 32330,14582,1984,873,3074,3074,3074,1526,1344,0,-83,1583,1416,2995,2832,119,2848,25
17:17:50.291 [TLM] 32340,14598,1967,874,3080,3080,3080,1434,1645,-3,140,1359,1640,47,3254,119,2848,25
17:17:50.323 [TLM] 32350,14613,1953,875,3099,3099,3099,1456,1387,0,-73,1573,1426,3274,2910,119,2848,25
17:17:50.360 [TLM] 32360,14628,1938,875,3109,3109,3109,1569,1352,0,411,1088,1911,-4411,9893,119,2848,25
17:17:50.360 [TLM] 32370,14643,1923,876,3110,3110,3110,1480,1467,1,-77,1577,1422,3670,1730,119,2848,25
17:17:50.394 [TLM] 32380,14658,1907,876,3109,3109,3109,1569,1430,0,-118,1618,1381,2942,1537,119,2848,25
17:17:50.395 [TLM] 32390,14675,1891,877,3111,3111,3111,1524,1735,0,62,1437,1562,679,-122,119,2848,25
17:17:50.428 [TLM] 32400,14689,1876,877,3111,3111,3111,1503,1474,0,-67,1567,1432,2826,1167,119,2848,25
17:17:50.429 [TLM] 32410,14704,1862,877,3111,3111,3111,1458,1480,0,217,1282,1717,-232,4577,119,2848,25
17:17:50.465 [TLM] 32420,14719,1847,878,3102,3102,3102,1418,1563,-3,578,921,2078,-5748,9869,119,2848,25
17:17:50.500 [TLM] 32430,14735,1831,879,3106,3106,3106,1456,1496,-3,27,1472,1527,1216,2931,119,2848,25
17:17:50.533 [TLM] 32440,14750,1816,879,3110,3110,3110,1422,1612,-2,-60,1560,1439,2959,355,119,2848,25
17:17:50.534 [TLM] 32450,14764,1802,879,3118,3118,3118,1469,1465,0,34,1465,1534,1734,2986,119,2848,25
17:17:50.537 [TLM] 32460,14779,1787,880,3122,3122,3122,1422,1486,0,181,1318,1681,338,4918,119,2848,25
17:17:50.569 [TLM] 32470,14792,1774,880,3127,3127,3127,1530,1328,1,-127,1627,1372,3751,2454,119,2848,25
17:17:50.569 [TLM] 32480,14809,1757,880,3133,3133,3133,1446,1639,0,-84,1584,1415,4113,-787,119,2848,25
17:17:50.604 [TLM] 32490,14823,1743,880,3137,3137,3137,1530,1515,0,-7,1507,1492,2172,1703,119,2848,25
17:17:50.639 [TLM] 32500,14839,1727,880,3137,3137,3137,1499,1470,0,-2,1502,1497,2520,2347,119,2848,25
17:17:50.639 [TLM] 32510,14854,1712,880,3132,3132,3132,1649,1272,0,91,1408,1591,-1045,6711,119,2848,25
17:17:50.673 [TLM] 32520,14869,1697,880,3134,3134,3134,1572,1494,1,-380,1880,1119,6542,-2995,119,2848,25
17:17:50.673 [TLM] 32530,14884,1682,881,3132,3132,3132,1492,1586,0,14,1485,1514,1989,1252,119,2848,25
17:17:50.710 [TLM] 32540,14899,1667,881,3132,3132,3132,1539,1332,0,164,1335,1664,-539,6255,119,2848,25
17:17:50.712 [TLM] 32550,14914,1652,881,3120,3120,3120,1642,1373,0,163,1336,1663,-2088,6155,119,2848,25
17:17:50.744 [TLM] 32560,14929,1637,881,3114,3114,3114,1543,1507,0,0,1500,1499,1199,2364,119,2848,25
17:17:50.779 [TLM] 32570,14945,1621,882,3115,3115,3115,1519,1634,0,-128,1628,1371,3061,-985,119,2848,25
17:17:50.815 [TLM] 32580,14960,1606,882,3118,3118,3118,1467,1562,0,-53,1553,1446,2874,432,119,2848,25
17:17:50.820 [TLM] 32590,14974,1591,882,3121,3121,3121,1478,1490,0,-47,1547,1452,2871,1401,119,2848,25
17:17:50.821 [TLM] 32600,14989,1577,883,3117,3117,3117,1526,1464,1,-318,1818,1181,6170,-2052,119,2848,25
17:17:50.848 [TLM] 32610,15003,1563,883,3109,3109,3109,1530,1473,0,-3,1503,1496,1544,2423,119,2848,25
17:17:50.850 [TLM] 32620,15019,1547,884,3106,3106,3106,1527,1485,0,-3,1503,1496,1580,2271,119,2848,25
17:17:50.886 [TLM] 32630,15035,1531,884,3106,3106,3106,1550,1474,-1,305,1194,1805,-3281,6623,119,2848,25
17:17:50.921 [TLM] 32640,15049,1516,885,3104,3104,3104,1544,1427,1,-105,1605,1394,2814,1284,119,2848,25
17:17:50.922 [TLM] 32650,15064,1502,885,3098,3098,3098,1559,1427,0,171,1328,1671,-1442,5326,119,2848,25
17:17:50.955 [TLM] 32660,15080,1486,886,3097,3097,3097,1424,1662,-1,142,1357,1642,365,2111,119,2848,25
17:17:50.956 [TLM] 32670,15094,1472,887,3091,3091,3091,1458,1497,-1,-9,1509,1490,1758,2679,119,2848,25
17:17:50.988 [TLM] 32680,15110,1456,888,3101,3101,3101,1362,1788,0,-310,1810,1189,7641,-6045,119,2848,25
17:17:51.023 [TLM] 32690,15125,1441,888,3109,3109,3109,1472,1664,-1,244,1255,1744,-1410,2948,119,2848,25
17:17:51.024 [TLM] 32700,15139,1427,888,3110,3110,3110,1571,1188,1,39,1460,1539,823,5945,119,19232,25
17:17:51.058 [TLM] 32710,15155,1411,889,3107,3107,3107,1231,1889,-5,114,1385,1614,2724,-587,119,2976,25
17:17:51.059 [TLM] 32720,15169,1397,889,3119,3119,3119,1351,1681,-4,194,1305,1694,170,2343,119,2976,25
17:17:51.130 [TLM] 32730,15184,1382,890,3135,3135,3135,1357,1671,-6,223,1276,1723,-705,3319,119,2976,25
17:17:51.130 [TLM] 32740,15200,1366,889,3159,3159,3159,1227,1756,-4,-115,1615,1384,6094,-2707,119,2976,25
17:17:51.130 [TLM] 32750,15213,1353,889,3180,3180,3180,1324,1676,-6,79,1420,1579,1972,1561,119,2976,25
17:17:51.132 [TLM] 32760,15230,1336,888,3219,3219,3219,1107,1939,-8,211,1288,1711,2327,401,119,19360,25
17:17:51.200 [TLM] 32770,15244,1323,887,3265,3265,3265,1139,1913,-10,202,1297,1702,2046,338,119,3104,25
17:17:51.201 [TLM] 32780,15260,1306,884,3331,3331,3331,913,2126,-12,451,1048,1951,1295,1192,119,3104,25
17:17:51.201 [TLM] 32790,15274,1293,881,3402,3402,3402,1137,1700,-6,-29,1529,1470,6915,-1565,119,3104,25
17:17:51.235 [TLM] 32800,15288,1280,877,3434,3434,3434,1186,1513,-4,245,1254,1745,3557,4496,119,3104,25
17:17:51.236 [TLM] 32810,15303,1265,872,3457,3457,3457,1209,1772,-5,351,1148,1851,1886,3158,119,3104,25
17:17:51.270 [TLM] 32820,15316,1253,868,3476,3476,3476,1451,1133,0,-1,1501,1498,5286,5527,119,3104,25
17:17:51.273 [TLM] 32830,15331,1239,863,3474,3474,3474,1539,1339,2,-263,1763,1236,8257,-529,119,3104,25
17:17:51.304 [TLM] 32840,15343,1227,859,3457,3457,3457,1839,990,7,-182,1682,1317,4233,4793,119,3104,25
17:17:51.338 [TLM] 32850,15361,1210,854,3415,3415,3415,1839,1219,7,-270,1770,1229,4910,899,119,3104,25
17:17:51.339 [TLM] 32860,15376,1196,850,3376,3376,3376,1829,1081,9,-404,1904,1095,7213,563,119,3104,25
17:17:51.410 [TLM] 32870,15390,1182,847,3332,3332,3332,2229,980,12,-687,2187,812,6022,-2012,119,3104,25
17:17:51.411 [TLM] 32880,15405,1167,845,3277,3277,3277,1820,1100,12,-254,1754,1245,4147,3123,119,3104,25
17:17:51.411 [TLM] 32890,15419,1153,844,3221,3221,3221,2303,570,19,-687,2187,812,5618,2853,119,3104,25
17:17:51.412 [TLM] 32900,15436,1136,843,3129,3129,3129,2240,872,18,-649,2149,850,5141,-220,119,3104,25
17:17:51.479 [TLM] 32910,15450,1122,844,3046,3046,3046,2141,853,15,-306,1806,1193,1467,5189,119,3104,25
17:17:51.515 [TLM] 32920,15469,1103,847,2954,2954,2954,1849,1433,9,-336,1836,1163,3552,-4782,119,19488,25
17:17:51.517 [TLM] 32930,15481,1091,850,2888,2888,2888,1845,1159,9,-215,1715,1284,1597,3593,119,19488,25
17:17:51.519 [TLM] 32941,15499,1074,855,2817,2817,2817,1777,1288,6,-223,1723,1276,1755,2109,116,3232,25
17:17:51.521 [TLM] 32950,15514,1061,860,2768,2768,2768,1639,1331,2,223,1276,1723,-3357,8499,116,3232,25
17:17:51.621 [TLM] 32960,15530,1045,866,2740,2740,2740,1388,1840,0,149,1350,1649,554,422,116,19616,25
17:17:51.623 [TLM] 32970,15544,1033,872,2727,2727,2727,1301,1741,-5,24,1475,1524,2235,564,116,19616,25
17:17:51.626 [TLM] 32980,15560,1018,878,2746,2746,2746,1371,1677,-4,86,1413,1586,735,2180,116,3360,25
17:17:51.627 [TLM] 32990,15576,1003,884,2769,2769,2769,1203,1886,-8,573,926,2073,-4281,6299,116,3360,25
17:17:51.627 [TLM] 33000,15590,990,889,2810,2810,2810,1181,1716,-9,282,1217,1782,117,4357,116,3360,25
17:17:51.655 [TLM] 33010,15605,975,893,2854,2854,2854,1141,1848,-6,117,1382,1617,3665,86,116,3360,25
17:17:51.656 [TLM] 33020,15620,961,897,2897,2897,2897,1142,1881,-6,-200,1700,1299,8380,-4835,116,3360,25
17:17:51.687 [TLM] 33030,15635,947,900,2946,2946,2946,1207,1717,-6,223,1276,1723,2202,2454,116,3360,25
17:17:51.689 [TLM] 33040,15650,932,903,2983,2983,2983,1287,1743,-5,237,1262,1737,1222,2235,116,3360,25
17:17:51.761 [TLM] 33050,15665,917,905,3007,3007,3007,1375,1637,-4,162,1337,1662,1350,2618,116,3360,25
17:17:51.762 [TLM] 33060,15678,904,907,3025,3025,3025,1327,1632,-5,224,1275,1724,812,3662,116,3360,25
17:17:51.762 [TLM] 33070,15693,889,908,3050,3050,3050,1363,1555,-4,230,1269,1730,628,4412,116,3360,25
17:17:51.794 [TLM] 33080,15709,873,909,3084,3084,3084,1232,1810,-4,-189,1689,1310,8034,-4194,116,3360,25
17:17:51.795 [TLM] 33090,15723,859,910,3107,3107,3107,1507,1403,0,-2,1502,1497,3043,3156,116,3360,25
17:17:51.828 [TLM] 33100,15738,845,910,3116,3116,3116,1737,1244,0,65,1434,1565,-1676,6128,116,3360,25
17:17:51.829 [TLM] 33110,15754,828,911,3132,3132,3132,1509,1383,0,-82,1582,1417,3858,1293,116,3360,25
17:17:51.863 [TLM] 33120,15770,812,911,3145,3145,3145,1446,1627,0,127,1372,1627,978,2306,116,3360,25
17:17:51.898 [TLM] 33130,15784,798,911,3154,3154,3154,1450,1456,0,-57,1557,1442,3767,1502,116,3360,25
17:17:51.899 [TLM] 33140,15798,784,910,3154,3154,3154,1534,1401,1,-93,1593,1406,3656,1537,116,3360,25
17:17:51.933 [TLM] 33150,15813,769,910,3149,3149,3149,1468,1546,1,-4,1504,1495,3350,836,116,3360,25
17:17:51.933 [TLM] 33160,15830,752,910,3145,3145,3145,1504,1539,0,-217,1717,1282,5633,-1940,116,3360,25
17:17:51.969 [TLM] 33170,15843,739,910,3140,3140,3140,1515,1555,0,84,1415,1584,1129,2125,116,19744,25
17:17:51.969 [TLM] 33180,15860,722,910,3135,3135,3135,1489,1473,0,-75,1575,1424,3701,949,116,19744,25
17:17:52.003 [TLM] 33190,15874,708,910,3126,3126,3126,1520,1346,1,30,1469,1530,2171,3741,116,3488,25
17:17:52.040 [TLM] 33200,15889,693,911,3119,3119,3119,1503,1352,3,-378,1878,1121,8162,-2064,116,3488,25
17:17:52.041 [TLM] 33210,15905,677,911,3103,3103,3103,1899,1250,6,-341,1841,1158,3136,-281,116,3488,25
17:17:52.074 [TLM] 33220,15920,662,912,3083,3083,3083,1601,1434,5,-457,1957,1042,7559,-3923,116,3488,25
17:17:52.075 [TLM] 33230,15934,648,913,3069,3069,3069,1593,1188,8,-630,2130,869,10956,-3729,116,3488,25
17:17:52.108 [TLM] 33240,15948,634,914,3031,3031,3031,1761,1116,9,102,1397,1602,-555,7671,116,3488,25
17:17:52.109 [TLM] 33250,15962,620,916,2985,2985,2985,1799,1084,12,-695,2195,804,10239,-2750,116,3488,25
17:17:52.143 [TLM] 33260,15979,604,919,2911,2911,2911,2089,1041,12,-49,1549,1450,-2314,6714,116,3488,25
17:17:52.179 [TLM] 33270,15996,588,924,2842,2842,2842,1773,1483,8,-1286,2786,213,12000,-12000,116,3488,25
17:17:52.179 [TLM] 33280,16008,576,928,2780,2780,2780,1962,807,12,-409,1909,1090,3961,4988,116,3488,25
17:17:52.213 [TLM] 33290,16026,559,935,2709,2709,2709,1940,1426,10,-361,1861,1138,2799,-2588,116,3488,25
17:17:52.215 [TLM] 33300,16040,547,941,2638,2638,2638,1914,1069,9,-81,1581,1418,-983,6244,116,3488,25
17:17:52.249 [TLM] 33310,16056,534,949,2579,2579,2579,1762,1721,4,-495,1995,1004,5722,-7740,116,3488,25
17:17:52.251 [TLM] 33320,16070,522,957,2515,2515,2515,1738,911,8,-536,2036,963,7255,1345,116,3488,25
17:17:52.284 [TLM] 33330,16084,511,966,2448,2448,2448,2044,803,12,-433,1933,1066,2772,4502,116,3488,25
17:17:52.318 [TLM] 33340,16099,499,976,2381,2381,2381,1834,1181,10,-489,1989,1010,5769,-694,116,3488,25
17:17:52.319 [TLM] 33350,16112,490,985,2330,2330,2330,1975,965,12,-476,1976,1023,4284,2320,116,3488,25
17:17:52.392 [TLM] 33360,16128,480,998,2272,2272,2272,1629,1260,9,-369,1869,1130,6562,729,116,3488,25
17:17:52.392 [TLM] 33370,16143,471,1009,2237,2237,2237,1893,894,16,-925,2425,574,12000,-3678,116,3488,25
17:17:52.393 [TLM] 33380,16158,462,1021,2168,2168,2168,2034,994,14,-239,1739,1260,1279,5187,116,3488,25
17:17:52.394 [TLM] 33390,16172,454,1033,2100,2100,2100,2003,777,15,-577,2077,922,6877,2983,116,3488,25
17:17:52.423 [TLM] 33400,16189,446,1048,2031,2031,2031,2178,1115,14,-423,1923,1076,1363,1244,116,3488,25
17:17:52.458 [TLM] 33410,16204,440,1061,1969,1969,1969,1887,1222,10,-334,1834,1165,3179,1614,116,3488,25
17:17:52.458 [TLM] 33420,16217,435,1074,1908,1908,1908,2167,455,19,-571,2071,928,4743,6426,116,3488,25
17:17:52.492 [TLM] 33430,16234,431,1090,1826,1826,1826,2026,1221,14,-463,1963,1036,3766,-389,116,3488,25
17:17:52.492 [TLM] 33440,16248,428,1103,1758,1758,1758,2051,795,14,-476,1976,1023,3877,4395,116,3488,25
17:17:52.531 [TLM] 33450,16263,425,1119,1700,1700,1700,1754,1553,15,-1147,2647,352,12000,-12000,116,3488,25
17:17:52.531 [TLM] 33460,16276,424,1131,1628,1628,1628,1991,619,18,-520,2020,979,6403,5415,116,3488,25
17:17:52.564 [TLM] 33470,16293,424,1149,1549,1549,1549,2088,1100,15,-550,2050,949,4955,-1114,116,3488,25
17:17:52.675 [TLM] 33480,16307,425,1163,1472,1472,1472,2040,958,13,-396,1896,1103,3324,3485,116,3488,25
17:17:52.675 [TLM] 33490,16323,427,1178,1402,1402,1402,1935,1142,12,-450,1950,1049,4859,420,116,3488,25
17:17:52.676 [TLM] 33500,16338,430,1193,1339,1339,1339,1842,1204,9,-475,1975,1024,5734,-79,116,3488,25
17:17:52.741 [TLM] 33510,16352,434,1206,1283,1283,1283,1933,825,14,-774,2274,725,9981,-360,116,3488,25
17:17:52.742 [TLM] 33520,16367,439,1221,1212,1212,1212,2078,949,14,-461,1961,1038,3819,2876,116,3488,25
17:17:52.774 [TLM] 33530,16382,444,1235,1144,1144,1144,2054,1034,13,-344,1844,1155,2283,3510,116,3488,25
17:17:52.776 [TLM] 33540,16397,451,1248,1081,1081,1081,1784,1194,9,-335,1835,1164,4571,2290,116,3488,25
17:17:52.809 [TLM] 33550,16412,458,1261,1039,1039,1039,1889,966,16,-1226,2726,273,12000,-8334,116,3488,25
17:17:52.812 [TLM] 33560,16427,467,1273,967,967,967,2110,1052,14,-193,1693,1306,-82,5747,116,3488,25
17:17:52.812 [TLM] 33570,16441,475,1285,901,901,901,2022,686,16,-592,2092,907,7191,4150,116,3488,25
17:17:52.814 [TLM] 33580,16458,486,1298,834,834,834,2177,1198,11,-231,1731,1268,-1605,3956,116,3488,25
17:17:52.814 [TLM] 33590,16471,495,1307,787,787,787,1996,744,15,-909,2409,590,10842,-409,116,3488,25
17:17:52.815 [TLM] 33600,16487,507,1318,723,723,723,2356,834,19,-1028,2528,471,8344,-3666,116,3488,25
17:17:52.842 [TLM] 33610,16502,518,1328,641,641,641,2064,864,18,-602,2102,897,5751,1873,116,3488,25
17:17:52.881 [TLM] 33620,16518,532,1336,560,560,560,2058,1064,14,-396,1896,1103,2291,2636,116,3488,25
17:17:52.884 [TLM] 33630,16533,545,1344,490,490,490,1928,1083,13,-447,1947,1052,4409,1556,116,3488,25
17:17:52.913 [TLM] 33640,16549,559,1351,424,424,424,1903,1316,9,-269,1769,1230,1508,1549,116,3488,25
17:17:52.951 [TLM] 33650,16563,572,1356,361,361,361,1971,908,13,-440,1940,1059,3730,3444,116,3488,25
17:17:52.951 [TLM] 33660,16580,588,1361,287,287,287,1908,1456,9,-275,1775,1224,1247,-484,116,3488,25
17:17:52.953 [TLM] 33670,16594,602,1365,222,222,222,1843,1001,10,-456,1956,1043,4546,2136,116,3488,25
17:17:52.983 [TLM] 33680,16610,618,1368,156,156,156,1784,1296,12,-1164,2664,335,12000,-11843,116,3488,25
17:17:53.019 [TLM] 33690,16623,630,1369,86,86,86,1905,913,13,-433,1933,1066,4783,4802,116,3488,25
17:17:53.020 [TLM] 33700,16638,645,1370,14,14,14,1893,958,12,-456,1956,1043,4908,2617,116,3488,25
17:17:53.055 [TLM] 33710,16653,661,1370,-51,-51,-51,1983,1062,12,-447,1947,1052,3623,1729,116,3488,25
17:17:53.056 [TLM] 33720,16669,676,1368,-110,-110,-110,1784,1347,8,-59,1559,1440,246,3962,116,3488,25
17:17:53.201 [TLM] 33730,16681,688,1367,-158,-158,-158,1932,792,13,-436,1936,1063,4613,4538,116,3488,25
17:17:53.202 [TLM] 33740,16698,705,1363,-238,-238,-238,1969,1016,11,-339,1839,1160,2462,3797,116,3488,25
17:17:53.203 [TLM] 33750,16713,719,1359,-298,-298,-298,1833,1189,11,-527,2027,972,7038,-1172,116,3488,25
17:17:53.203 [TLM] 33760,16728,734,1354,-354,-354,-354,1831,1204,10,-428,1928,1071,4986,568,116,3488,25
17:17:53.204 [TLM] 33770,16743,748,1349,-398,-398,-398,1800,1255,12,-689,2189,810,9651,-4109,116,3488,25
17:17:53.204 [TLM] 33780,16758,761,1343,-451,-451,-451,1958,986,12,-586,2086,913,6467,725,116,3488,25
17:17:53.205 [TLM] 33790,16772,774,1336,-511,-511,-511,1936,999,13,-454,1954,1045,5093,2195,116,19872,25
17:17:53.302 [TLM] 33800,16788,787,1328,-574,-574,-574,1958,1119,12,-447,1947,1052,4478,670,116,19872,25
17:17:53.303 [TLM] 33810,16804,800,1319,-629,-629,-629,1738,1423,7,-558,2058,941,7596,-3816,116,3616,25
17:17:53.303 [TLM] 33820,16819,812,1310,-662,-662,-662,1679,1343,2,283,1216,1783,-4023,9055,116,3616,25
17:17:53.303 [TLM] 33830,16835,824,1300,-681,-681,-681,1429,1649,0,230,1269,1730,-480,4202,116,3616,25
17:17:53.303 [TLM] 33840,16851,837,1290,-676,-676,-676,1373,1849,-6,285,1214,1785,-1910,3023,116,3616,25
17:17:53.445 [TLM] 33850,16866,849,1280,-648,-648,-648,1050,2092,-10,360,1139,1860,341,1276,116,3616,25
17:17:53.446 [TLM] 33860,16880,860,1272,-609,-609,-609,876,2029,-14,824,675,2324,-3170,8292,116,3616,25
17:17:53.446 [TLM] 33870,16898,875,1262,-556,-556,-556,944,2504,-21,894,605,2394,-7194,4182,116,3616,25
17:17:53.447 [TLM] 33880,16912,887,1255,-472,-472,-472,804,1954,-20,1632,-132,3132,-12000,12000,116,3616,25
17:17:53.549 [TLM] 33890,16927,901,1249,-381,-381,-381,741,2239,-19,831,668,2331,-3831,6118,116,3616,25
17:17:53.551 [TLM] 33900,16944,917,1244,-268,-268,-268,504,2769,-25,892,607,2392,-2638,347,116,3616,25
17:17:53.552 [TLM] 33910,16957,930,1241,-137,-137,-137,527,2364,-18,153,1346,1653,9778,-6446,116,3616,25
17:17:53.552 [TLM] 33920,16970,943,1241,-15,-15,-15,415,2282,-24,822,677,2322,1883,5216,116,3616,25
17:17:53.553 [TLM] 33930,16984,957,1241,108,108,108,656,2384,-21,750,749,2250,1377,1871,116,3616,25
17:17:53.553 [TLM] 33940,16999,972,1244,245,245,245,639,2160,-20,783,716,2283,1669,5089,116,3616,25
17:17:53.553 [TLM] 33950,17012,984,1248,364,364,364,501,2121,-18,595,904,2095,7720,2816,116,3616,25
17:17:53.554 [TLM] 33960,17026,996,1254,470,470,470,863,1717,-13,590,909,2090,4764,7251,116,3616,25
17:17:53.555 [TLM] 33970,17040,1009,1261,559,559,559,890,2099,-15,167,1332,1667,11231,-1523,116,3616,25
17:17:53.577 [TLM] 33980,17058,1024,1271,646,646,646,863,2518,-19,693,806,2193,1923,-290,116,3616,25
17:17:53.614 [TLM] 33990,17070,1033,1279,727,727,727,870,1667,-14,461,1038,1961,6257,6562,116,3616,25
17:17:53.615 [TLM] 34000,17088,1046,1291,795,795,795,814,2422,-21,1292,207,2792,-6067,9808,116,3616,25
17:17:53.648 [TLM] 34010,17100,1054,1301,883,883,883,596,2361,-21,627,872,2127,6455,841,116,3616,25
17:17:53.683 [TLM] 34020,17117,1064,1314,994,994,994,1007,2101,-18,606,893,2106,1702,3663,116,3616,25
17:17:53.684 [TLM] 34030,17130,1070,1325,1073,1073,1073,702,2049,-17,588,911,2088,6068,3982,116,3616,25
17:17:53.718 [TLM] 34040,17144,1076,1338,1162,1162,1162,1026,1571,-10,322,1177,1822,7546,5799,116,3616,25
17:17:53.718 [TLM] 34050,17159,1082,1352,1218,1218,1218,1225,1830,-12,485,1014,1985,2479,5394,116,3616,25
17:17:53.754 [TLM] 34060,17176,1087,1368,1280,1280,1280,1122,1736,-7,67,1432,1567,10168,-503,116,3616,25
17:17:53.756 [TLM] 34070,17190,1091,1382,1307,1307,1307,1643,1557,-6,257,1242,1757,654,4890,116,3616,25
17:17:53.788 [TLM] 34080,17206,1095,1397,1328,1328,1328,1388,1508,2,-370,1870,1129,12000,-4299,116,3616,25
17:17:53.789 [TLM] 34090,17220,1098,1411,1323,1323,1323,1487,1699,1,-338,1838,1161,11432,-5803,116,3616,25
17:17:53.824 [TLM] 34100,17236,1102,1426,1301,1301,1301,1955,918,6,-265,1765,1234,4596,4792,116,3616,25
17:17:53.859 [TLM] 34110,17250,1106,1440,1261,1261,1261,1814,1000,10,-550,2050,949,10862,0,116,3616,25
17:17:53.859 [TLM] 34120,17266,1112,1455,1212,1212,1212,2381,900,14,-689,2189,810,5555,-770,116,3616,25
17:17:53.929 [TLM] 34130,17284,1119,1471,1153,1153,1153,2504,917,13,-522,2022,977,-1198,1801,116,3616,25
17:17:53.930 [TLM] 34140,17296,1124,1482,1088,1088,1088,2121,474,22,-788,2288,711,9192,3000,116,3616,25
17:17:53.930 [TLM] 34150,17310,1131,1494,1008,1008,1008,2388,659,24,-925,2425,574,7941,-814,116,3616,25
17:17:53.964 [TLM] 34160,17326,1140,1507,899,899,899,2392,550,25,-898,2398,601,7942,1123,116,3616,25
17:17:53.966 [TLM] 34170,17341,1150,1518,790,790,790,2433,638,21,-522,2022,977,1488,6169,116,3616,25
17:17:54.034 [TLM] 34180,17356,1161,1528,692,692,692,2174,784,25,-901,2401,598,10865,-2090,116,3616,25
17:17:54.034 [TLM] 34190,17370,1173,1536,588,588,588,2554,389,27,-1011,2511,488,8173,1780,116,3616,25
17:17:54.037 [TLM] 34200,17385,1186,1544,471,471,471,2572,502,27,-965,2465,534,6991,1016,116,3616,25
17:17:54.037 [TLM] 34210,17401,1201,1550,348,348,348,2605,551,17,-72,1572,1427,-8521,12000,116,3616,25
17:17:54.069 [TLM] 34220,17415,1214,1554,233,233,233,2303,512,28,-1005,2505,494,9822,657,116,3616,25
17:17:54.070 [TLM] 34230,17431,1229,1557,117,117,117,2644,791,27,-960,2460,539,4846,-1276,116,3616,25
17:17:54.103 [TLM] 34240,17445,1243,1557,-3,-3,-3,2444,439,27,-934,2434,565,6918,2938,116,3616,25
17:17:54.139 [TLM] 34250,17460,1259,1556,-130,-130,-130,2364,701,25,-895,2395,604,7563,460,116,3616,25
17:17:54.140 [TLM] 34260,17474,1273,1553,-259,-259,-259,2339,567,23,-212,1712,1287,-2012,11955,116,3616,25
17:17:54.172 [TLM] 34270,17493,1291,1547,-375,-375,-375,1813,1922,12,-789,2289,710,10012,-12000,116,20000,25
17:17:54.173 [TLM] 34280,17506,1302,1542,-485,-485,-485,2039,858,8,-14,1514,1485,-4093,12000,116,20000,25
17:17:54.353 [TLM] 34290,17524,1318,1532,-597,-597,-597,1760,1777,6,-224,1724,1275,1517,-3116,116,3744,25
17:17:54.353 [TLM] 34300,17537,1327,1525,-682,-682,-682,1562,1304,0,1,1498,1501,-356,7976,116,3744,25
17:17:54.353 [TLM] 34310,17554,1341,1513,-733,-733,-733,1128,2207,-4,286,1213,1786,580,-111,116,3744,25
17:17:54.354 [TLM] 34320,17567,1350,1504,-760,-760,-760,1050,1639,-8,469,1030,1969,-348,9243,116,3744,25
17:17:54.355 [TLM] 34330,17584,1362,1493,-752,-752,-752,949,2349,-12,453,1046,1953,917,320,116,3744,25
17:17:54.355 [TLM] 34340,17597,1372,1484,-724,-724,-724,1050,1560,-9,628,871,2128,-1750,11770,116,3744,25
17:17:54.356 [TLM] 34350,17613,1384,1473,-689,-689,-689,933,2159,-14,729,770,2229,-1783,6160,116,3744,25
17:17:54.357 [TLM] 34360,17627,1396,1465,-629,-629,-629,875,1983,-14,475,1024,1975,3286,4085,116,3744,25
17:17:54.384 [TLM] 34370,17643,1408,1456,-569,-569,-569,889,2199,-13,305,1194,1805,5984,-1073,116,3744,25
17:17:54.389 [TLM] 34380,17656,1420,1449,-513,-513,-513,988,1780,-14,-183,1683,1316,11511,-2255,116,3744,25
17:17:54.416 [TLM] 34390,17673,1434,1442,-454,-454,-454,950,2271,-18,681,818,2181,-461,5190,116,3744,25
17:17:54.417 [TLM] 34400,17688,1448,1436,-376,-376,-376,845,2069,-19,648,851,2148,899,5384,116,3744,25
17:17:54.453 [TLM] 34410,17704,1464,1430,-294,-294,-294,855,2394,-18,665,834,2165,490,1225,116,3744,25
17:17:54.454 [TLM] 34420,17717,1477,1427,-212,-212,-212,993,1748,-17,1673,-173,3173,-12000,12000,116,3744,25
17:17:54.489 [TLM] 34430,17731,1490,1425,-154,-154,-154,1026,1981,-15,726,773,2226,-1890,7000,116,3744,25
17:17:54.490 [TLM] 34440,17748,1507,1423,-76,-76,-76,854,2094,-19,1071,428,2571,-5344,10560,116,3744,25
17:17:54.526 [TLM] 34450,17764,1523,1422,11,11,11,794,2270,-17,517,982,2017,3374,156,116,3744,25
17:17:54.560 [TLM] 34460,17779,1538,1423,100,100,100,955,2059,-14,570,929,2070,1499,2899,116,3744,25
17:17:54.561 [TLM] 34470,17793,1552,1425,179,179,179,945,2066,-17,940,559,2440,-3754,8420,116,3744,25
17:17:54.593 [TLM] 34480,17809,1567,1429,264,264,264,729,2233,-18,543,956,2043,4503,693,116,3744,25
17:17:54.594 [TLM] 34490,17823,1580,1433,352,352,352,1073,1784,-13,476,1023,1976,1881,5290,116,3744,25
17:17:54.629 [TLM] 34500,17838,1595,1439,428,428,428,968,2088,-13,424,1075,1924,3923,681,116,3744,25
17:17:54.629 [TLM] 34510,17852,1607,1446,501,501,501,1066,1895,-9,83,1416,1583,8322,-2194,116,3744,25
17:17:54.662 [TLM] 34520,17867,1620,1453,572,572,572,945,2016,-11,341,1158,1841,6832,-232,116,3744,25
17:17:54.698 [TLM] 34530,17881,1632,1461,631,631,631,1120,1867,-16,1099,400,2599,-6503,12000,116,3744,25
17:17:54.699 [TLM] 34540,17899,1646,1473,698,698,698,977,2465,-16,427,1072,1927,4049,-4991,116,3744,25
17:17:54.731 [TLM] 34550,17913,1656,1482,751,751,751,1036,1981,-16,577,922,2077,745,3638,116,3744,25
17:17:54.732 [TLM] 34560,17928,1667,1492,806,806,806,1125,1836,-15,395,1104,1895,1697,3474,116,3744,25
17:17:54.767 [TLM] 34570,17944,1677,1504,873,873,873,829,2314,-18,628,871,2128,1600,1334,116,3744,25
17:17:54.768 [TLM] 34580,17958,1686,1515,947,947,947,1005,1876,-14,443,1056,1943,2453,3393,116,3744,25
17:17:54.802 [TLM] 34590,17973,1694,1528,1010,1010,1010,924,2097,-14,484,1015,1984,3136,1324,116,3744,25
17:17:54.839 [TLM] 34600,17988,1701,1540,1073,1073,1073,1053,1852,-9,-120,1620,1379,10522,-4618,116,3744,25
17:17:54.839 [TLM] 34610,18002,1707,1553,1121,1121,1121,1070,1749,-15,956,543,2456,-5640,12000,116,3744,25
17:17:54.875 [TLM] 34620,18018,1714,1568,1187,1187,1187,1076,2087,-15,394,1105,1894,1791,1685,116,3744,25
17:17:54.876 [TLM] 34630,18032,1719,1581,1257,1257,1257,1118,1627,-9,261,1238,1761,4469,4430,116,3744,25
17:17:54.908 [TLM] 34640,18047,1723,1595,1311,1311,1311,1050,1825,-16,1086,413,2586,-7164,12000,116,3744,25
17:17:54.909 [TLM] 34650,18062,1726,1611,1371,1371,1371,1001,2098,-17,551,948,2051,652,4282,116,3744,25
17:17:54.943 [TLM] 34660,18078,1729,1626,1449,1449,1449,862,2179,-16,330,1169,1830,5453,-524,116,3744,25
17:17:54.977 [TLM] 34670,18093,1730,1641,1527,1527,1527,1010,2039,-13,441,1058,1941,2466,2489,116,3744,25
17:17:54.978 [TLM] 34680,18108,1730,1656,1599,1599,1599,992,2033,-13,455,1044,1955,2770,2432,116,3744,25
17:17:55.013 [TLM] 34690,18122,1729,1670,1664,1664,1664,1176,1488,-9,660,839,2160,-1603,11350,116,3744,25
17:17:55.048 [TLM] 34700,18138,1727,1686,1723,1723,1723,1130,2125,-13,545,954,2045,-353,2878,116,3744,25
17:17:55.048 [TLM] 34710,18152,1724,1700,1789,1789,1789,760,2336,-17,558,941,2058,3681,8,116,3744,25
17:17:55.049 [TLM] 34720,18168,1720,1715,1873,1873,1873,1082,1884,-11,358,1141,1858,3718,1969,116,3744,25
17:17:55.085 [TLM] 34730,18183,1715,1729,1929,1929,1929,994,2045,-13,394,1105,1894,3726,818,116,3744,25
17:17:55.118 [TLM] 34740,18199,1709,1743,1990,1990,1990,1026,2089,-14,573,926,2073,615,2891,116,3744,25
17:17:55.119 [TLM] 34750,18213,1703,1757,2055,2055,2055,1036,1902,-14,3,1496,1503,7843,-2234,116,3744,25
17:17:55.153 [TLM] 34760,18230,1694,1771,2133,2133,2133,686,2645,-19,658,841,2158,2642,-2698,116,3744,25
17:17:55.188 [TLM] 34770,18242,1687,1781,2219,2219,2219,1067,1523,-16,983,516,2483,-5796,12000,116,3744,25
17:17:55.191 [TLM] 34780,18259,1677,1794,2289,2289,2289,1158,1979,-16,1076,423,2576,-9161,11513,116,3744,25
17:17:55.191 [TLM] 34790,18273,1667,1804,2371,2371,2371,715,2097,-16,189,1310,1689,8989,-2611,116,3744,25
17:17:55.261 [TLM] 34800,18286,1657,1813,2448,2448,2448,1297,1391,-9,300,1199,1800,1881,8231,116,3744,25
17:17:55.262 [TLM] 34810,18302,1644,1823,2514,2514,2514,1025,1993,-12,805,694,2305,-2427,7905,116,3744,25
17:17:55.262 [TLM] 34820,18316,1633,1830,2592,2592,2592,991,1845,-9,171,1328,1671,8038,286,116,3744,25
17:17:55.293 [TLM] 34830,18331,1620,1837,2654,2654,2654,1354,1721,-7,256,1243,1756,2210,2845,116,3744,25
17:17:55.294 [TLM] 34840,18346,1606,1844,2713,2713,2713,1094,1824,-9,358,1141,1858,4122,3222,116,3744,25
17:17:55.329 [TLM] 34850,18360,1594,1849,2761,2761,2761,1135,1795,-9,259,1240,1759,5233,2178,116,3744,25
17:17:55.329 [TLM] 34860,18377,1577,1855,2813,2813,2813,1203,1892,-9,356,1143,1856,2768,2353,116,3744,25
17:17:55.361 [TLM] 34870,18391,1564,1859,2856,2856,2856,1135,1946,-10,175,1324,1675,5601,-745,116,3744,25
17:17:55.400 [TLM] 34880,18408,1548,1864,2907,2907,2907,1318,1799,-9,291,1208,1791,2172,2761,116,20128,25
17:17:55.400 [TLM] 34890,18422,1534,1867,2943,2943,2943,1205,2004,-13,605,894,2105,-2552,4983,116,20128,25
17:17:55.434 [TLM] 34900,18440,1516,1870,3008,3008,3008,1083,2233,-13,294,1205,1794,2800,-3061,116,3872,25
17:17:55.435 [TLM] 34910,18453,1503,1871,3057,3057,3057,1182,1560,-10,618,881,2118,-2328,10020,116,3872,25
17:17:55.466 [TLM] 34920,18468,1488,1872,3102,3102,3102,1143,1776,-9,360,1139,1860,1710,3539,116,3872,25
17:17:55.467 [TLM] 34930,18483,1473,1872,3150,3150,3150,1060,1962,-7,84,1415,1584,7057,-2756,116,3872,25
17:17:55.503 [TLM] 34941,18499,1457,1871,3200,3200,3200,1136,1925,-11,501,998,2001,-486,3894,117,3872,25
17:17:55.541 [TLM] 34950,18513,1443,1870,3250,3250,3250,1227,1551,-5,-26,1526,1473,6761,-1999,117,3872,25
17:17:55.541 [TLM] 34960,18527,1429,1868,3285,3285,3285,1199,1659,-5,202,1297,1702,4532,2671,117,3872,25
17:17:55.575 [TLM] 34970,18541,1416,1866,3310,3310,3310,1298,1610,-5,209,1290,1709,3194,3712,117,3872,25
17:17:55.576 [TLM] 34980,18557,1400,1863,3343,3343,3343,1294,1574,-1,-175,1675,1324,9391,-1780,117,3872,25
17:17:55.608 [TLM] 34990,18571,1387,1860,3353,3353,3353,1576,1469,0,-2,1502,1497,3372,2068,117,3872,25
17:17:55.610 [TLM] 35000,18588,1370,1857,3357,3357,3357,1445,1716,0,-185,1685,1314,7647,-3753,117,3872,25
17:17:55.643 [TLM] 35010,18601,1357,1854,3354,3354,3354,1519,1502,-1,86,1413,1586,2439,2732,117,3872,25
17:17:55.679 [TLM] 35020,18617,1341,1850,3351,3351,3351,1559,1374,1,-29,1529,1470,4013,2282,117,3872,25
17:17:55.679 [TLM] 35030,18632,1327,1848,3346,3346,3346,1626,1442,0,-22,1522,1477,2391,1823,117,3872,25
17:17:55.713 [TLM] 35040,18648,1311,1844,3338,3338,3338,1560,1455,0,2,1497,1502,2469,2252,117,3872,25
17:17:55.714 [TLM] 35050,18662,1297,1842,3333,3333,3333,1505,1557,0,36,1463,1536,2349,1677,117,3872,25
17:17:55.748 [TLM] 35060,18677,1282,1839,3332,3332,3332,1497,1508,0,12,1487,1512,2626,1847,117,3872,25
17:17:55.748 [TLM] 35070,18692,1267,1836,3328,3328,3328,1545,1357,-1,279,1220,1779,-2029,7575,117,3872,25
17:17:55.783 [TLM] 35080,18709,1250,1833,3330,3330,3330,1548,1503,0,55,1444,1555,1091,2146,117,3872,25
17:17:55.819 [TLM] 35090,18724,1236,1830,3324,3324,3324,1613,1443,0,158,1341,1658,-1237,4480,117,3872,25
17:17:55.819 [TLM] 35100,18740,1220,1827,3321,3321,3321,1527,1610,-1,7,1492,1507,1259,812,117,3872,25
17:17:55.854 [TLM] 35110,18753,1208,1825,3326,3326,3326,1481,1493,0,-59,1559,1440,3043,1151,117,3872,25
17:17:55.854 [TLM] 35120,18770,1191,1822,3327,3327,3327,1611,1529,0,-290,1790,1209,4120,-2225,117,3872,25
17:17:55.888 [TLM] 35130,18784,1177,1819,3332,3332,3332,1484,1532,2,-370,1870,1129,7427,-4155,117,3872,25
17:17:55.888 [TLM] 35140,18800,1162,1816,3333,3333,3333,1510,1504,0,243,1256,1743,-1516,5045,117,3872,25
17:17:55.923 [TLM] 35150,18813,1149,1813,3336,3336,3336,1471,1464,1,318,1181,1818,-1991,6311,117,3872,25
17:17:55.959 [TLM] 35160,18829,1133,1810,3334,3334,3334,1447,1469,0,131,1368,1631,1135,3845,117,3872,25
17:17:55.959 [TLM] 35170,18843,1119,1808,3333,3333,3333,1608,1343,0,-320,1820,1179,5457,-946,117,3872,25
17:17:55.993 [TLM] 35180,18860,1103,1805,3330,3330,3330,1548,1592,0,-99,1599,1400,2741,-328,117,3872,25
17:17:55.994 [TLM] 35190,18873,1090,1802,3334,3334,3334,1550,1527,0,-5,1505,1494,1163,1859,117,3872,25
17:17:56.030 [TLM] 35200,18890,1073,1799,3339,3339,3339,1461,1591,0,21,1478,1521,1913,1202,117,3872,25
17:17:56.030 [TLM] 35210,18903,1060,1796,3343,3343,3343,1467,1543,0,79,1420,1579,1187,2382,117,3872,25
17:17:56.063 [TLM] 35220,18919,1044,1793,3344,3344,3344,1500,1466,0,94,1405,1594,712,3443,117,3872,25
17:17:56.098 [TLM] 35230,18934,1030,1790,3338,3338,3338,1505,1506,1,-211,1711,1288,5139,-1191,117,3872,25
17:17:56.098 [TLM] 35240,18949,1015,1787,3334,3334,3334,1524,1483,-1,256,1243,1756,-2209,6271,117,3872,25
17:17:56.133 [TLM] 35250,18963,1002,1784,3333,3333,3333,1540,1522,0,-636,2136,863,10146,-6700,117,3872,25
17:17:56.133 [TLM] 35260,18980,985,1781,3328,3328,3328,1548,1617,0,-1,1501,1498,593,1310,117,3872,25
17:17:56.168 [TLM] 35270,18994,971,1779,3326,3326,3326,1545,1478,2,76,1423,1576,-201,3521,117,3872,25
17:17:56.169 [TLM] 35280,19010,955,1776,3321,3321,3321,1482,1534,1,44,1455,1544,1182,2129,117,3872,25
17:17:56.203 [TLM] 35290,19024,942,1773,3317,3317,3317,1691,1424,0,361,1138,1861,-6318,8169,117,3872,25
17:17:56.237 [TLM] 35300,19040,925,1770,3319,3319,3319,1403,1411,2,-288,1788,1211,6684,-1416,117,3872,25
17:17:56.238 [TLM] 35310,19054,912,1768,3312,3312,3312,1403,1600,1,-72,1572,1427,3595,-468,117,3872,25
17:17:56.275 [TLM] 35320,19070,896,1765,3309,3309,3309,1480,1403,1,-14,1514,1485,2709,2241,117,3872,25
17:17:56.277 [TLM] 35330,19083,883,1763,3296,3296,3296,1602,1297,1,-13,1513,1486,1115,4082,117,3872,25
17:17:56.307 [TLM] 35340,19099,867,1761,3280,3280,3280,1599,1388,1,-79,1579,1420,2114,2354,117,3872,25
17:17:56.309 [TLM] 35350,19114,853,1759,3272,3272,3272,1485,1711,-1,172,1327,1672,-711,2054,117,3872,25
17:17:56.345 [TLM] 35360,19128,839,1757,3279,3279,3279,1370,1305,-1,417,1082,1917,-3119,10885,117,3872,25
17:17:56.379 [TLM] 35370,19144,823,1755,3290,3290,3290,1447,1468,0,107,1392,1607,1084,4248,117,3872,25
17:17:56.381 [TLM] 35380,19159,808,1752,3301,3301,3301,1426,1513,0,56,1443,1556,2373,2735,117,3872,25
17:17:56.412 [TLM] 35390,19172,795,1750,3306,3306,3306,1496,1452,1,-324,1824,1175,7227,-1962,117,3872,25
17:17:56.412 [TLM] 35400,19189,779,1748,3296,3296,3296,1582,1471,0,-4,1504,1495,1496,2588,117,3872,25
17:17:56.448 [TLM] 35410,19203,764,1745,3291,3291,3291,1451,1756,-1,411,1088,1911,-2949,4658,117,3872,25
17:17:56.448 [TLM] 35420,19220,748,1743,3297,3297,3297,1470,1464,0,-118,1618,1381,4457,269,117,3872,25
17:17:56.482 [TLM] 35430,19233,735,1741,3289,3289,3289,1544,1558,-3,560,939,2060,-6895,9567,117,3872,25
17:17:56.518 [TLM] 35440,19250,718,1738,3295,3295,3295,1445,1538,-1,-362,1862,1137,7260,-3549,117,3872,25
17:17:56.558 [TLM] 35450,19264,705,1736,3294,3294,3294,1443,1560,-3,196,1303,1696,-763,4335,117,3872,25
17:17:56.559 [TLM] 35460,19279,689,1734,3302,3302,3302,1435,1617,-2,-62,1562,1437,3033,-400,117,3872,25
17:17:56.560 [TLM] 35470,19293,676,1732,3308,3308,3308,1468,1433,0,24,1475,1524,1766,3200,117,3872,25
17:17:56.587 [TLM] 35480,19310,659,1729,3316,3316,3316,1411,1516,0,-174,1674,1325,5513,-571,117,3872,25
17:17:56.589 [TLM] 35490,19323,646,1726,3323,3323,3323,1494,1511,0,53,1446,1553,1383,2501,117,3872,25
17:17:56.625 [TLM] 35500,19340,630,1723,3330,3330,3330,1487,1520,1,-117,1617,1382,4337,-366,117,3872,25
17:17:56.658 [TLM] 35510,19354,615,1721,3330,3330,3330,1474,1539,0,1,1498,1501,2900,1210,117,20256,25
17:17:56.660 [TLM] 35520,19369,601,1718,3330,3330,3330,1517,1450,0,0,1500,1499,2522,2290,117,20256,25
17:17:56.693 [TLM] 35530,19384,586,1715,3328,3328,3328,1513,1525,0,-23,1523,1476,2682,1153,117,4000,25
17:17:56.694 [TLM] 35540,19400,571,1712,3325,3325,3325,1515,1514,0,-179,1679,1320,4724,-852,117,4000,25
17:17:56.728 [TLM] 35550,19411,559,1710,3319,3319,3319,1642,1096,4,71,1428,1571,579,7390,117,4000,25
17:17:56.729 [TLM] 35560,19427,544,1707,3307,3307,3307,1642,1250,9,-1155,2655,344,12000,-11743,117,4000,25
17:17:56.762 [TLM] 35570,19441,530,1705,3273,3273,3273,1977,1046,14,-694,2194,805,9381,-2752,117,4000,25
17:17:56.798 [TLM] 35580,19455,516,1704,3216,3216,3216,2155,634,19,-802,2302,697,9335,600,117,4000,25
17:17:56.798 [TLM] 35590,19471,500,1703,3138,3138,3138,2222,924,15,-29,1529,1470,-3231,8237,117,4000,25
17:17:56.834 [TLM] 35600,19486,485,1704,3056,3056,3056,2187,701,19,-429,1929,1070,3236,4939,117,4000,25
17:17:56.834 [TLM] 35610,19502,470,1706,2956,2956,2956,2332,808,19,-233,1733,1266,-1747,6762,117,4000,25
17:17:56.869 [TLM] 35620,19517,455,1710,2859,2859,2859,2088,966,14,-188,1688,1311,-309,6078,117,4000,25
17:17:56.869 [TLM] 35630,19533,440,1715,2773,2773,2773,2040,1201,14,-672,2172,827,6747,-3716,117,4000,25
17:17:56.903 [TLM] 35640,19547,427,1721,2674,2674,2674,2251,773,19,-523,2023,976,2780,3400,117,4000,25
17:17:56.937 [TLM] 35650,19562,415,1728,2561,2561,2561,2187,654,18,-407,1907,1092,1628,6669,117,4000,25
17:17:56.940 [TLM] 35660,19578,401,1738,2460,2460,2460,2005,1251,12,-381,1881,1118,1675,1237,117,4000,25
17:17:56.974 [TLM] 35670,19593,390,1748,2377,2377,2377,2012,974,9,157,1342,1657,-6018,11459,117,4000,25
17:17:56.975 [TLM] 35680,19608,379,1759,2305,2305,2305,1903,1160,12,-728,2228,771,7880,-3606,117,4000,25
17:17:57.007 [TLM] 35690,19623,370,1770,2235,2235,2235,1862,1215,8,-195,1695,1304,-49,4953,117,4000,25
17:17:57.009 [TLM] 35700,19637,362,1782,2194,2194,2194,1737,1189,9,-327,1827,1172,3970,2782,117,4128,25
17:17:57.044 [TLM] 35710,19654,352,1796,2161,2161,2161,1892,1331,7,-490,1990,1009,3681,-1208,117,4256,25
17:17:57.079 [TLM] 35720,19668,345,1807,2148,2148,2148,1513,1402,5,-650,2150,849,10563,-4184,117,4256,25
17:17:57.080 [TLM] 35730,19683,337,1820,2146,2146,2146,1595,1390,6,-219,1719,1280,4657,1218,117,4256,25
17:17:57.114 [TLM] 35740,19697,329,1832,2134,2134,2134,1594,1325,6,-97,1597,1402,3538,3452,117,4256,25
17:17:57.115 [TLM] 35750,19713,320,1845,2123,2123,2123,1380,1814,0,1,1498,1501,4253,-802,117,4256,25
17:17:57.148 [TLM] 35760,19729,312,1859,2121,2121,2121,1460,1628,-5,536,963,2036,-5379,9027,117,4256,25
17:17:57.148 [TLM] 35770,19744,304,1872,2131,2131,2131,1247,1670,-5,212,1287,1712,1766,3730,117,4256,25
17:17:57.183 [TLM] 35780,19762,294,1887,2159,2159,2159,1068,2473,-8,59,1440,1559,5736,-9155,117,4256,25
17:17:57.219 [TLM] 35790,19775,287,1898,2198,2198,2198,873,2042,-14,192,1307,1692,5460,-1198,117,4256,25
17:17:57.219 [TLM] 35800,19791,277,1910,2258,2258,2258,790,2148,-19,756,743,2256,-2113,5551,117,4256,25
17:17:57.254 [TLM] 35810,19806,267,1922,2339,2339,2339,895,2127,-15,273,1226,1773,3978,-2014,117,4256,25
17:17:57.255 [TLM] 35820,19820,257,1931,2416,2416,2416,806,2075,-15,-67,1567,1432,10472,-5505,117,4256,25
17:17:57.288 [TLM] 35830,19834,246,1939,2501,2501,2501,839,2034,-13,458,1041,1958,4264,1512,117,4256,25
17:17:57.289 [TLM] 35840,19848,234,1948,2574,2574,2574,906,2007,-16,947,552,2447,-3396,9055,117,4256,25
17:17:57.325 [TLM] 35850,19864,221,1955,2646,2646,2646,858,2267,-19,867,632,2367,-2320,5324,117,20640,25
17:17:57.360 [TLM] 35860,19877,208,1961,2719,2719,2719,1040,1745,-14,791,708,2291,-2707,10317,117,20640,25
17:17:57.360 [TLM] 35870,19894,193,1968,2784,2784,2784,1004,2135,-13,317,1182,1817,4090,-1367,117,4384,25
17:17:57.393 [TLM] 35880,19907,181,1972,2848,2848,2848,1038,2026,-15,233,1266,1733,5095,-1315,117,4384,25
17:17:57.394 [TLM] 35890,19922,166,1975,2921,2921,2921,1092,1803,-10,-325,1825,1174,12000,-6185,117,4384,25
17:17:57.428 [TLM] 35900,19936,153,1978,2972,2972,2972,1083,1983,-12,450,1049,1950,1789,2713,117,4384,25
17:17:57.429 [TLM] 35910,19952,137,1980,3032,3032,3032,1177,1675,-8,105,1394,1605,6250,949,117,4384,25
17:17:57.463 [TLM] 35920,19966,123,1981,3065,3065,3065,1261,1699,-6,224,1275,1724,3962,2784,117,4384,25
17:17:57.499 [TLM] 35930,19981,108,1982,3094,3094,3094,1387,1684,-5,319,1180,1819,1067,4427,117,4384,25
17:17:57.499 [TLM] 35940,19996,92,1983,3117,3117,3117,1445,1597,-6,443,1056,1943,-2062,7571,117,4384,25
17:17:57.533 [TLM] 35950,20011,77,1983,3141,3141,3141,1340,1651,-1,-295,1795,1204,10201,-4089,117,4384,25
17:17:57.533 [TLM] 35960,20024,64,1983,3149,3149,3149,1551,1465,0,-258,1758,1241,7520,-1307,117,4384,25
17:17:57.569 [TLM] 35970,20039,49,1983,3141,3141,3141,1512,1472,0,518,981,2018,-3267,9626,117,4384,25
17:17:57.569 [TLM] 35980,20056,33,1983,3134,3134,3134,1567,1322,0,176,1323,1676,1032,6671,117,4384,25
17:17:57.603 [TLM] 35990,20070,18,1983,3127,3127,3127,1520,1677,-1,258,1241,1758,-121,3653,117,4384,25
17:17:57.641 [TLM] 36000,20087,1,1983,3128,3128,3128,1554,1550,0,-34,1534,1465,3220,797,117,4384,25
17:17:57.641 [TLM] 36010,20102,-13,1983,3124,3124,3124,1620,1402,2,-148,1648,1351,4033,690,117,4384,25
17:17:57.675 [TLM] 36020,20118,-28,1984,3116,3116,3116,1370,1744,-1,-132,1632,1367,6237,-2823,117,4384,25
17:17:57.677 [TLM] 36030,20133,-43,1984,3110,3110,3110,1698,1347,2,-551,2051,948,8223,-3928,117,4384,25
17:17:57.707 [TLM] 36040,20146,-57,1985,3098,3098,3098,1449,1594,-4,115,1384,1615,896,3114,117,4384,25
17:17:57.710 [TLM] 36050,20162,-73,1985,3103,3103,3103,1473,1579,0,369,1130,1869,-2788,6189,117,4384,25
17:17:57.744 [TLM] 36060,20178,-89,1986,3107,3107,3107,1475,1535,0,-116,1616,1383,4248,-146,117,4384,25
17:17:57.778 [TLM] 36070,20193,-104,1986,3107,3107,3107,1555,1394,0,-46,1546,1453,2321,2614,117,4384,25
17:17:57.779 [TLM] 36080,20208,-119,1987,3100,3100,3100,1355,1593,0,-139,1639,1360,5828,-709,117,4384,25
17:17:57.813 [TLM] 36090,20222,-132,1988,3103,3103,3103,1494,1440,0,154,1345,1654,599,4674,117,4384,25
17:17:57.814 [TLM] 36100,20238,-149,1988,3102,3102,3102,1461,1557,0,-37,1537,1462,4009,464,117,4384,25
17:17:57.847 [TLM] 36110,20252,-162,1989,3105,3105,3105,1543,1473,0,-145,1645,1354,4422,232,117,4384,25
17:17:57.848 [TLM] 36120,20268,-179,1989,3106,3106,3106,1486,1517,0,237,1262,1737,-607,5090,117,4384,25
17:17:57.883 [TLM] 36130,20283,-194,1990,3107,3107,3107,1492,1502,0,-260,1760,1239,6422,-1603,117,4384,25
17:17:57.919 [TLM] 36140,20298,-209,1990,3105,3105,3105,1505,1541,0,1,1498,1501,2471,1582,117,4384,25
17:17:57.919 [TLM] 36150,20314,-224,1991,3103,3103,3103,1559,1467,0,-3,1503,1496,1744,2373,117,4384,25
17:17:57.954 [TLM] 36160,20328,-238,1992,3097,3097,3097,1555,1307,2,-207,1707,1292,5015,1360,117,4384,25
17:17:57.955 [TLM] 36170,20345,-255,1992,3086,3086,3086,1554,1678,0,-93,1593,1406,2589,-1311,117,4384,25
17:17:57.989 [TLM] 36180,20359,-270,1993,3086,3086,3086,1518,1495,0,-28,1528,1471,2053,1813,117,4384,25
17:17:57.989 [TLM] 36190,20374,-284,1994,3080,3080,3080,1561,1408,0,178,1321,1678,-1366,5700,117,4384,25
17:17:58.022 [TLM] 36200,20390,-300,1995,3080,3080,3080,1313,1823,-2,-24,1524,1475,4208,-2213,117,4384,25
17:17:58.060 [TLM] 36210,20404,-314,1996,3084,3084,3084,1497,1406,1,-366,1866,1133,7414,-2533,117,4384,25
17:17:58.062 [TLM] 36220,20419,-330,1997,3078,3078,3078,1520,1569,-2,29,1470,1529,1103,1458,117,4384,25
17:17:58.093 [TLM] 36230,20435,-345,1998,3076,3076,3076,1475,1695,-4,185,1314,1685,-1257,2831,117,4384,25
17:17:58.094 [TLM] 36240,20449,-359,1999,3081,3081,3081,1484,1461,-1,130,1369,1630,-186,4282,117,4384,25
17:17:58.128 [TLM] 36250,20464,-375,2000,3083,3083,3083,1313,1666,-3,321,1178,1821,-996,4370,117,4384,25
17:17:58.130 [TLM] 36260,20479,-389,2000,3086,3086,3086,1503,1363,0,172,1327,1672,-726,6079,117,4384,25
17:17:58.162 [TLM] 36270,20495,-405,2001,3090,3090,3090,1384,1681,0,-238,1738,1261,6589,-4132,117,4384,25
17:17:58.199 [TLM] 36280,20508,-418,2002,3092,3092,3092,1408,1374,0,-55,1555,1444,4108,2382,117,4384,25
17:17:58.199 [TLM] 36290,20523,-433,2003,3090,3090,3090,1465,1740,-1,-24,1524,1475,2781,-1480,117,4384,25
17:17:58.233 [TLM] 36300,20539,-449,2003,3090,3090,3090,1423,1572,-1,-379,1879,1120,8069,-4325,117,4384,25
17:17:58.271 [TLM] 36310,20553,-463,2004,3092,3092,3092,1446,1476,0,92,1407,1592,1447,3373,117,20768,25
17:17:58.274 [TLM] 36320,20568,-478,2005,3097,3097,3097,1351,1657,-1,-179,1679,1320,6389,-2372,117,20768,25
17:17:58.275 [TLM] 36330,20582,-492,2005,3113,3113,3113,1291,1681,-1,-336,1836,1163,9801,-5527,117,4512,25
17:17:58.301 [TLM] 36340,20598,-508,2006,3120,3120,3120,1402,1538,-3,371,1128,1871,-1493,6789,117,4512,25
17:17:58.338 [TLM] 36350,20615,-525,2006,3131,3131,3131,1322,2003,-6,227,1272,1727,899,-1251,117,4512,25
17:17:58.340 [TLM] 36360,20629,-539,2006,3140,3140,3140,1431,1530,-6,887,612,2387,-9861,12000,117,4512,25
17:17:58.375 [TLM] 36370,20645,-555,2006,3150,3150,3150,995,2082,-11,392,1107,1892,1555,504,117,20896,25
17:17:58.377 [TLM] 36380,20659,-569,2006,3171,3171,3171,1082,1831,-16,1025,474,2525,-9403,12000,117,4640,25
17:17:58.409 [TLM] 36390,20675,-585,2005,3209,3209,3209,1033,2533,-19,673,826,2173,-4595,-161,117,4640,25
17:17:58.410 [TLM] 36400,20689,-599,2003,3274,3274,3274,700,2038,-19,671,828,2171,308,5042,117,4640,25
17:17:58.443 [TLM] 36410,20701,-611,2001,3330,3330,3330,1085,1504,-12,1115,384,2615,-9279,12000,117,4640,25
17:17:58.478 [TLM] 36420,20717,-626,1998,3388,3388,3388,1063,1819,-5,-355,1855,1144,12000,-6986,117,4640,25
17:17:58.478 [TLM] 36430,20732,-640,1994,3425,3425,3425,1359,1617,-6,226,1273,1726,1652,3825,117,4640,25
17:17:58.513 [TLM] 36440,20745,-653,1990,3448,3448,3448,1354,1176,0,-148,1648,1351,8400,3306,117,4640,25
17:17:58.513 [TLM] 36450,20762,-669,1985,3444,3444,3444,1465,1697,0,160,1339,1660,2666,960,117,4640,25
17:17:58.550 [TLM] 36460,20775,-682,1981,3433,3433,3433,1590,1220,5,-417,1917,1082,10148,-1364,117,4640,25
17:17:58.551 [TLM] 36470,20788,-695,1977,3405,3405,3405,1800,1214,5,4,1495,1504,1653,5083,117,4640,25
17:17:58.583 [TLM] 36480,20804,-710,1974,3364,3364,3364,1844,1067,8,-380,1880,1119,6943,1490,117,4640,25
17:17:58.618 [TLM] 36490,20820,-726,1971,3319,3319,3319,1941,1118,9,-238,1738,1261,3159,2989,117,4640,25
17:17:58.619 [TLM] 36500,20834,-739,1968,3268,3268,3268,1963,808,16,-562,2062,937,8637,1443,117,4640,25
17:17:58.655 [TLM] 36510,20849,-755,1967,3191,3191,3191,2263,838,18,-830,2330,669,8788,-2209,117,4640,25
17:17:58.655 [TLM] 36520,20864,-769,1967,3102,3102,3102,2136,786,18,-610,2110,889,6637,1986,117,4640,25
17:17:58.688 [TLM] 36530,20878,-783,1968,3023,3023,3023,2300,868,17,-604,2104,895,3997,1160,117,4640,25
17:17:58.689 [TLM] 36540,20895,-800,1971,2928,2928,2928,2059,1066,13,-256,1756,1243,1074,4129,117,21024,25
17:17:58.723 [TLM] 36550,20911,-815,1975,2862,2862,2862,1721,1341,10,-465,1965,1034,7463,-2393,117,21024,25
17:17:58.758 [TLM] 36560,20925,-829,1980,2795,2795,2795,1977,1140,10,115,1384,1615,-3866,8720,117,4768,25
17:17:58.758 [TLM] 36570,20940,-842,1985,2729,2729,2729,1966,835,13,-644,2144,855,7084,1530,117,4768,25
17:17:58.793 [TLM] 36580,20957,-858,1993,2658,2658,2658,1804,1442,5,316,1183,1816,-5982,8155,117,21152,25
17:17:58.794 [TLM] 36590,20971,-870,2000,2608,2608,2608,1806,1066,6,-218,1718,1281,1600,5126,117,21152,25
17:17:58.828 [TLM] 36600,20987,-883,2008,2562,2562,2562,1671,1409,6,-223,1723,1276,3327,654,117,4896,25
17:17:58.829 [TLM] 36610,21001,-896,2016,2522,2522,2522,1691,1273,5,-127,1627,1372,1389,4088,117,4896,25
17:17:58.863 [TLM] 36620,21017,-908,2026,2492,2492,2492,1602,1543,1,256,1243,1756,-3202,6075,117,4896,25
17:17:58.899 [TLM] 36630,21033,-921,2036,2471,2471,2471,1565,1590,0,-205,1705,1294,3171,-1945,117,4896,25
17:17:58.901 [TLM] 36640,21048,-932,2045,2455,2455,2455,1523,1490,0,-4,1504,1495,1325,2272,117,4896,25
17:17:58.933 [TLM] 36650,21063,-944,2054,2446,2446,2446,1437,1536,0,114,1385,1614,739,3289,117,4896,25
17:17:58.934 [TLM] 36660,21077,-955,2064,2444,2444,2444,1400,1540,-1,85,1414,1585,1391,3198,117,4896,25
17:17:58.969 [TLM] 36670,21092,-966,2073,2450,2450,2450,1433,1540,0,-34,1534,1465,2968,1374,117,4896,25
17:17:58.969 [TLM] 36680,21107,-978,2082,2454,2454,2454,1483,1436,-2,392,1107,1892,-3561,8960,117,4896,25
17:17:59.003 [TLM] 36690,21122,-990,2092,2457,2457,2457,1468,1676,-2,93,1406,1593,764,2009,117,4896,25
17:17:59.038 [TLM] 36700,21137,-1001,2101,2465,2465,2465,1540,1433,0,223,1276,1723,-1578,6359,117,4896,25
17:17:59.041 [TLM] 36710,21152,-1013,2111,2471,2471,2471,1368,1646,-2,112,1387,1612,1739,2484,117,4896,25
17:17:59.072 [TLM] 36720,21168,-1025,2120,2487,2487,2487,1443,1561,-1,-7,1507,1492,2709,1273,117,4896,25
17:17:59.074 [TLM] 36730,21182,-1037,2129,2495,2495,2495,1430,1565,-1,33,1466,1533,2367,1747,117,4896,25
17:17:59.108 [TLM] 36740,21196,-1048,2138,2499,2499,2499,1524,1285,0,288,1211,1788,-1764,8701,117,4896,25
17:17:59.110 [TLM] 36750,21214,-1062,2148,2502,2502,2502,1518,1798,-3,15,1484,1515,1574,-1107,117,4896,25
17:17:59.142 [TLM] 36760,21227,-1073,2156,2513,2513,2513,1419,1352,0,-2,1502,1497,3126,3809,117,4896,25
17:17:59.215 [TLM] 36770,21242,-1085,2165,2519,2519,2519,1442,1527,0,2,1497,1502,3002,1987,117,4896,25
17:17:59.215 [TLM] 36780,21257,-1097,2174,2525,2525,2525,1453,1525,0,-1,1501,1498,3021,1611,117,4896,25
17:17:59.215 [TLM] 36790,21272,-1110,2182,2527,2527,2527,1490,1504,-1,187,1312,1687,-287,4784,117,4896,25
17:17:59.216 [TLM] 36800,21288,-1122,2191,2534,2534,2534,1495,1504,0,4,1495,1504,2597,1647,117,4896,25
17:17:59.248 [TLM] 36810,21302,-1134,2199,2537,2537,2537,1554,1533,0,-63,1563,1436,2586,477,117,4896,25
17:17:59.251 [TLM] 36820,21318,-1147,2208,2539,2539,2539,1514,1513,0,-52,1552,1447,2851,850,117,4896,25
17:17:59.282 [TLM] 36830,21333,-1159,2217,2540,2540,2540,1467,1409,-1,186,1313,1686,-126,5829,117,4896,25
17:17:59.355 [TLM] 36840,21348,-1172,2225,2536,2536,2536,1491,1554,0,-90,1590,1409,3627,349,117,4896,25
17:17:59.355 [TLM] 36850,21361,-1183,2233,2535,2535,2535,1380,1657,0,-19,1519,1480,4039,-194,117,4896,25
17:17:59.355 [TLM] 36860,21377,-1196,2242,2542,2542,2542,1719,1154,5,-399,1899,1100,6443,-129,117,4896,25
17:17:59.355 [TLM] 36870,21393,-1209,2251,2536,2536,2536,1642,1418,3,-254,1754,1245,4634,-824,117,4896,25
17:17:59.387 [TLM] 36880,21407,-1221,2259,2528,2528,2528,1623,1387,3,-41,1541,1458,2189,2409,117,4896,25
17:17:59.390 [TLM] 36890,21423,-1233,2268,2516,2516,2516,1642,1441,2,-34,1534,1465,1458,1936,117,4896,25
17:17:59.423 [TLM] 36900,21437,-1245,2277,2507,2507,2507,1573,1408,1,-25,1525,1474,2147,2630,117,4896,25
17:17:59.458 [TLM] 36910,21452,-1257,2286,2499,2499,2499,1526,1448,0,7,1492,1507,2573,2310,117,4896,25
17:17:59.460 [TLM] 36920,21467,-1269,2295,2493,2493,2493,1449,1507,0,-111,1611,1388,4609,470,117,4896,25
17:17:59.529 [TLM] 36930,21482,-1280,2303,2494,2494,2494,1532,1600,0,-168,1668,1331,4162,-1623,117,4896,25
17:17:59.530 [TLM] 36941,21497,-1293,2313,2494,2494,2494,1520,1470,0,-2,1502,1497,1920,2475,118,4896,25
17:17:59.530 [TLM] 36950,21511,-1304,2321,2497,2497,2497,1484,1542,0,113,1386,1613,854,3020,118,4896,25
17:17:59.530 [TLM] 36960,21528,-1317,2331,2498,2498,2498,1550,1444,1,9,1490,1509,1730,2398,118,4896,25
17:17:59.562 [TLM] 36970,21542,-1329,2340,2490,2490,2490,1553,1370,0,449,1050,1949,-4742,9803,118,4896,25
17:17:59.599 [TLM] 36980,21558,-1341,2349,2481,2481,2481,1556,1498,0,-350,1850,1149,6274,-2837,118,4896,25
17:17:59.600 [TLM] 36990,21573,-1353,2358,2478,2478,2478,1487,1456,1,-183,1683,1316,4987,-227,118,4896,25
17:17:59.633 [TLM] 37000,21587,-1364,2367,2471,2471,2471,1583,1451,0,131,1368,1631,-555,4381,118,4896,25
17:17:59.634 [TLM] 37010,21602,-1376,2377,2462,2462,2462,1527,1470,0,-2,1502,1497,1811,2643,118,4896,25
17:17:59.667 [TLM] 37020,21617,-1388,2386,2459,2459,2459,1520,1473,0,6,1493,1506,1822,2462,118,21280,25
17:17:59.705 [TLM] 37030,21631,-1398,2395,2458,2458,2458,1452,1557,-2,169,1330,1669,175,3873,118,5024,25
17:17:59.705 [TLM] 37040,21649,-1412,2406,2468,2468,2468,1322,1984,-6,59,1440,1559,2165,-2801,118,5024,25
17:17:59.775 [TLM] 37050,21662,-1423,2414,2494,2494,2494,1287,1379,-1,302,1197,1802,102,7290,118,5024,25
17:17:59.775 [TLM] 37060,21678,-1435,2423,2517,2517,2517,1333,1634,-3,227,1272,1727,372,2848,118,5024,25
17:17:59.775 [TLM] 37070,21693,-1447,2432,2545,2545,2545,1363,1574,-3,165,1334,1665,1079,3366,118,5024,25
17:17:59.777 [TLM] 37080,21708,-1460,2440,2572,2572,2572,1317,1630,-5,-60,1560,1439,4238,-70,118,5024,25
17:17:59.809 [TLM] 37090,21721,-1471,2447,2597,2597,2597,1254,1664,-3,-22,1522,1477,4994,-67,118,5024,25
17:17:59.810 [TLM] 37100,21738,-1486,2456,2623,2623,2623,1286,1745,-3,-270,1770,1229,8080,-4375,118,5024,25
17:17:59.843 [TLM] 37110,21753,-1499,2463,2652,2652,2652,1314,1696,-5,400,1099,1900,-1581,5370,118,5024,25
17:17:59.878 [TLM] 37120,21769,-1513,2470,2682,2682,2682,1250,1826,-4,-215,1715,1284,7978,-5305,118,5024,25
17:17:59.879 [TLM] 37130,21783,-1526,2476,2701,2701,2701,1349,1677,-4,-216,1716,1283,6652,-3062,118,5024,25
17:17:59.915 [TLM] 37140,21799,-1540,2483,2725,2725,2725,1175,1992,-8,338,1161,1838,404,1236,118,5024,25
17:17:59.918 [TLM] 37150,21812,-1553,2488,2756,2756,2756,1228,1749,-8,304,1195,1804,393,3279,118,5024,25
17:17:59.949 [TLM] 37160,21828,-1568,2494,2796,2796,2796,1179,1778,-7,211,1288,1711,2408,1714,118,5024,25
17:17:59.950 [TLM] 37170,21843,-1582,2499,2833,2833,2833,1214,1817,-5,-21,1521,1478,5617,-2313,118,5024,25
17:17:59.984 [TLM] 37180,21858,-1596,2503,2867,2867,2867,1320,1674,-5,-324,1824,1175,8611,-4531,118,5024,25
17:18:00.017 [TLM] 37190,21873,-1611,2506,2893,2893,2893,1342,1542,-6,371,1128,1871,-2057,5972,118,5024,25
17:18:00.018 [TLM] 37200,21888,-1626,2510,2918,2918,2918,1257,1824,-5,-18,1518,1481,5022,-1975,118,5024,25
17:18:00.051 [TLM] 37210,21901,-1638,2513,2944,2944,2944,1365,1638,-4,11,1488,1511,3521,550,118,5024,25
17:18:00.054 [TLM] 37220,21918,-1654,2516,2970,2970,2970,1292,1727,-5,300,1199,1800,395,3605,118,5024,25
17:18:00.089 [TLM] 37230,21931,-1667,2518,2988,2988,2988,1515,1366,0,249,1250,1749,-881,6913,118,5024,25
17:18:00.093 [TLM] 37240,21949,-1685,2521,2990,2990,2990,1447,1833,-2,135,1364,1635,1013,-586,118,21408,25
17:18:00.123 [TLM] 37250,21963,-1700,2523,3000,3000,3000,1303,1812,-5,17,1482,1517,3817,-1435,118,5152,25
17:18:00.158 [TLM] 37260,21977,-1713,2524,3018,3018,3018,1511,1135,0,114,1385,1614,1037,7555,118,5152,25
17:18:00.160 [TLM] 37270,21993,-1729,2526,3022,3022,3022,1343,1852,-5,334,1165,1834,-921,2895,118,5152,25
17:18:00.194 [TLM] 37280,22007,-1743,2528,3040,3040,3040,1455,1398,-1,26,1473,1526,2727,3450,118,5152,25
17:18:00.229 [TLM] 37290,22022,-1758,2529,3046,3046,3046,1330,1607,-2,88,1411,1588,3273,1973,118,5152,25
17:18:00.229 [TLM] 37300,22037,-1773,2531,3057,3057,3057,1493,1496,-2,44,1455,1544,1808,2875,118,5152,25
17:18:00.230 [TLM] 37310,22052,-1788,2532,3069,3069,3069,1503,1473,1,-286,1786,1213,6676,-2127,118,5152,25
17:18:00.299 [TLM] 37320,22067,-1803,2533,3068,3068,3068,1504,1432,0,240,1259,1740,-611,5861,118,5152,25
17:18:00.300 [TLM] 37330,22083,-1818,2534,3067,3067,3067,1443,1680,-1,93,1406,1593,1678,1495,118,5152,25
17:18:00.300 [TLM] 37340,22097,-1833,2535,3066,3066,3066,1568,1363,-1,-14,1514,1485,1730,3568,118,5152,25
17:18:00.332 [TLM] 37350,22112,-1848,2536,3067,3067,3067,1447,1495,0,-335,1835,1164,7564,-2424,118,5152,25
17:18:00.333 [TLM] 37360,22127,-1863,2537,3072,3072,3072,1440,1460,-1,435,1064,1935,-2847,8518,118,5152,25
17:18:00.368 [TLM] 37370,22143,-1879,2538,3083,3083,3083,1387,1734,0,-254,1754,1245,7274,-4494,118,5152,25
17:18:00.368 [TLM] 37380,22157,-1892,2539,3090,3090,3090,1601,1209,1,255,1244,1755,-1918,9262,118,5152,25
17:18:00.440 [TLM] 37390,22173,-1908,2540,3084,3084,3084,1577,1511,1,-136,1636,1363,3437,-54,118,5152,25
17:18:00.440 [TLM] 37400,22188,-1923,2541,3081,3081,3081,1568,1472,1,-31,1531,1468,2090,1749,118,5152,25
17:18:00.441 [TLM] 37410,22203,-1939,2542,3075,3075,3075,1507,1601,-3,201,1298,1701,-1385,4293,118,5152,25
17:18:00.508 [TLM] 37420,22220,-1955,2543,3085,3085,3085,1378,1746,-2,-200,1700,1299,6007,-4566,118,5152,25
17:18:00.509 [TLM] 37430,22234,-1969,2544,3085,3085,3085,1350,1687,-2,236,1263,1736,277,2633,118,5152,25
17:18:00.510 [TLM] 37440,22247,-1982,2544,3087,3087,3087,1517,1094,1,-86,1586,1413,3552,5481,118,5152,25
17:18:00.511 [TLM] 37450,22264,-1999,2545,3081,3081,3081,1429,1783,-2,-31,1531,1468,3120,-1623,118,5152,25
17:18:00.544 [TLM] 37460,22278,-2013,2546,3091,3091,3091,1454,1365,0,-12,1512,1487,3095,2936,118,5152,25
17:18:00.578 [TLM] 37470,22292,-2027,2547,3084,3084,3084,1474,1407,1,-56,1556,1443,4777,1608,118,5152,25
17:18:00.578 [TLM] 37480,22308,-2044,2548,3078,3078,3078,1356,1916,-4,135,1364,1635,1729,-775,118,5152,25
17:18:00.613 [TLM] 37490,22321,-2056,2549,3081,3081,3081,1563,1055,0,-13,1513,1486,2073,6888,118,5152,25
17:18:00.613 [TLM] 37500,22340,-2075,2550,3077,3077,3077,1423,2033,-3,-162,1662,1337,4895,-7038,118,5152,25
17:18:00.647 [TLM] 37510,22353,-2089,2551,3080,3080,3080,1408,1426,-1,56,1443,1556,2610,3088,118,5152,25
17:18:00.684 [TLM] 37520,22369,-2104,2552,3079,3079,3079,1359,1727,-3,65,1434,1565,2704,18,118,5152,25
17:18:00.685 [TLM] 37530,22382,-2117,2552,3081,3081,3081,1367,1423,-2,121,1378,1621,2202,4716,118,5152,25
17:18:00.719 [TLM] 37540,22398,-2133,2553,3084,3084,3084,1387,1475,-2,-76,1576,1423,4512,1690,118,5152,25
17:18:00.720 [TLM] 37550,22413,-2148,2554,3085,3085,3085,1411,1676,-3,162,1337,1662,742,3153,118,5152,25
17:18:00.754 [TLM] 37560,22427,-2162,2555,3095,3095,3095,1552,1271,0,187,1312,1687,-732,7765,118,5152,25
17:18:00.754 [TLM] 37570,22443,-2178,2556,3098,3098,3098,1465,1635,0,155,1344,1655,752,2619,118,5152,25
17:18:00.787 [TLM] 37580,22457,-2192,2556,3096,3096,3096,1501,1451,0,-62,1562,1437,3692,1924,118,5152,25
17:18:00.789 [TLM] 37590,22473,-2208,2557,3093,3093,3093,1421,1652,0,-56,1556,1443,4264,-301,118,5152,25
17:18:00.822 [TLM] 37600,22488,-2223,2558,3094,3094,3094,1557,1389,0,-57,1557,1442,2551,3018,118,5152,25
17:18:00.861 [TLM] 37610,22503,-2238,2558,3097,3097,3097,1481,1502,0,-391,1891,1108,9115,-4349,118,5152,25
17:18:00.861 [TLM] 37620,22518,-2253,2559,3098,3098,3098,1449,1692,1,-34,1534,1465,4208,-760,118,5152,25
17:18:00.893 [TLM] 37630,22533,-2268,2560,3103,3103,3103,1524,1447,0,44,1455,1544,2075,3191,118,5152,25
17:18:00.894 [TLM] 37640,22548,-2282,2560,3103,3103,3103,1503,1483,0,21,1478,1521,2769,2477,118,5152,25
17:18:00.929 [TLM] 37650,22562,-2297,2561,3103,3103,3103,1432,1545,0,8,1491,1508,3927,1520,118,5152,25
17:18:00.930 [TLM] 37660,22578,-2313,2561,3103,3103,3103,1525,1504,0,0,1499,1500,2721,1917,118,5152,25
17:18:00.962 [TLM] 37670,22593,-2328,2562,3100,3100,3100,1466,1629,0,8,1491,1508,3296,469,118,5152,25
17:18:00.998 [TLM] 37680,22608,-2343,2563,3099,3099,3099,1578,1481,0,-1,1501,1498,1910,2195,118,5152,25
17:18:00.999 [TLM] 37690,22623,-2358,2563,3096,3096,3096,1553,1512,0,4,1495,1504,1906,1778,118,5152,25
17:18:01.033 [TLM] 37700,22639,-2373,2564,3094,3094,3094,1553,1494,0,13,1486,1513,1525,2191,118,5152,25
17:18:01.033 [TLM] 37710,22654,-2388,2565,3093,3093,3093,1509,1516,0,-1,1501,1498,2347,1625,118,5152,25
17:18:01.069 [TLM] 37720,22669,-2404,2566,3089,3089,3089,1521,1665,0,25,1474,1525,1511,115,118,5152,25
17:18:01.069 [TLM] 37730,22684,-2418,2566,3085,3085,3085,1507,1396,1,-49,1549,1450,2885,2289,118,5152,25
17:18:01.104 [TLM] 37740,22699,-2434,2567,3078,3078,3078,1519,1448,0,8,1491,1508,1341,2802,118,5152,25
17:18:01.138 [TLM] 37750,22714,-2449,2568,3077,3077,3077,1479,1468,0,172,1327,1672,-1112,4047,118,5152,25
17:18:01.139 [TLM] 37760,22729,-2464,2569,3079,3079,3079,1490,1549,0,-3,1503,1496,1735,1480,118,5152,25
17:18:01.174 [TLM] 37770,22744,-2479,2570,3080,3080,3080,1498,1503,0,115,1384,1615,70,3695,118,5152,25
17:18:01.175 [TLM] 37780,22759,-2494,2571,3083,3083,3083,1473,1547,0,-33,1533,1466,2775,976,118,5152,25
17:18:01.208 [TLM] 37790,22774,-2508,2572,3089,3089,3089,1463,1496,0,12,1487,1512,2375,2162,118,5152,25
17:18:01.210 [TLM] 37800,22789,-2523,2573,3093,3093,3093,1474,1430,0,-548,2048,951,10111,-4737,118,5152,25
17:18:01.244 [TLM] 37810,22803,-2538,2573,3098,3098,3098,1519,1383,0,160,1339,1660,-162,5502,118,5152,25
17:18:01.279 [TLM] 37820,22819,-2553,2574,3091,3091,3091,1505,1470,0,-2,1502,1497,2146,2553,118,5152,25
17:18:01.279 [TLM] 37830,22834,-2568,2575,3090,3090,3090,1513,1509,0,-165,1665,1334,4480,-369,118,5152,25
17:18:01.350 [TLM] 37840,22849,-2584,2575,3089,3089,3089,1521,1505,0,101,1398,1601,473,3190,118,21536,25
17:18:01.354 [TLM] 37850,22865,-2599,2576,3096,3096,3096,1454,1655,0,-124,1624,1375,4725,-2305,118,21536,25
17:18:01.354 [TLM] 37860,22879,-2613,2577,3097,3097,3097,1524,1396,0,-298,1798,1201,6449,-1233,118,5280,25
17:18:01.355 [TLM] 37870,22894,-2629,2578,3091,3091,3091,1439,1588,-3,322,1177,1822,-2079,5714,118,5280,25
17:18:01.383 [TLM] 37880,22910,-2645,2578,3103,3103,3103,1358,1781,-6,403,1096,1903,-3063,4441,118,5280,25
17:18:01.492 [TLM] 37890,22926,-2660,2579,3132,3132,3132,1058,2080,-12,647,852,2147,-4097,6483,118,5280,25
17:18:01.493 [TLM] 37900,22940,-2674,2578,3180,3180,3180,1153,1518,-11,1132,367,2632,-11205,12000,118,5280,25
17:18:01.494 [TLM] 37910,22957,-2691,2577,3228,3228,3228,847,2513,-21,1296,203,2796,-11016,9195,118,5280,25
17:18:01.494 [TLM] 37920,22972,-2706,2575,3315,3315,3315,571,2338,-23,849,650,2349,-1805,4320,118,5280,25
17:18:01.496 [TLM] 37930,22987,-2721,2572,3420,3420,3420,557,2426,-21,725,774,2225,879,856,118,5280,25
17:18:01.496 [TLM] 37940,23000,-2733,2568,3522,3522,3522,494,2220,-20,-491,1991,1008,12000,-12000,118,5280,25
17:18:01.522 [TLM] 37950,23015,-2746,2561,3633,3633,3633,588,2420,-21,781,718,2281,1346,1921,118,5280,25
17:18:01.561 [TLM] 37960,23028,-2758,2554,3739,3739,3739,752,1976,-26,214,1285,1714,6076,1265,118,5280,25
17:18:01.561 [TLM] 37970,23042,-2769,2545,3854,3854,3854,502,2479,-24,807,692,2307,1611,3616,118,5280,25
17:18:01.594 [TLM] 37980,23058,-2780,2535,3994,3994,3994,136,2870,-27,839,660,2339,6184,-1358,118,5280,25
17:18:01.594 [TLM] 37990,23069,-2787,2525,4131,4131,4131,571,2189,-25,825,674,2325,1953,6813,118,5280,25
17:18:01.628 [TLM] 38000,23084,-2794,2512,4288,4288,4288,566,2112,-18,500,999,2000,8996,2195,118,5280,25
17:18:01.628 [TLM] 38010,23101,-2799,2496,4414,4414,4414,1490,1578,-12,448,1051,1948,-2282,7953,118,5280,25
17:18:01.662 [TLM] 38020,23113,-2802,2484,4517,4517,4517,873,1718,-5,476,1023,1976,7122,5661,118,5280,25
17:18:01.700 [TLM] 38030,23129,-2805,2469,4595,4595,4595,1364,1637,-5,496,1003,1996,22,7467,118,5280,25
17:18:01.701 [TLM] 38040,23143,-2806,2455,4648,4648,4648,1458,1451,-2,-130,1630,1369,9490,529,118,5280,25
17:18:01.733 [TLM] 38050,23159,-2806,2439,4680,4680,4680,1473,1624,0,-99,1599,1400,8774,-1042,118,5280,25
17:18:01.734 [TLM] 38060,23172,-2807,2426,4708,4708,4708,1275,1485,-1,-48,1548,1451,11197,990,118,5280,25
17:18:01.768 [TLM] 38070,23188,-2807,2410,4723,4723,4723,1523,1534,-2,105,1394,1605,5408,3040,118,5280,25
17:18:01.768 [TLM] 38080,23203,-2806,2395,4731,4731,4731,1582,1539,-1,58,1441,1558,5119,2531,118,5280,25
17:18:01.803 [TLM] 38090,23220,-2806,2378,4736,4736,4736,1723,1537,-1,41,1458,1541,2305,2270,118,5280,25
17:18:01.838 [TLM] 38100,23235,-2806,2363,4735,4735,4735,1595,1482,0,-9,1509,1490,4398,2170,118,5280,25
17:18:01.838 [TLM] 38110,23251,-2805,2347,4728,4728,4728,1613,1697,0,-122,1622,1377,5109,-2006,118,5280,25
17:18:01.874 [TLM] 38120,23266,-2805,2332,4724,4724,4724,1573,1479,1,-161,1661,1338,6171,-530,118,5280,25
17:18:01.875 [TLM] 38130,23281,-2805,2317,4713,4713,4713,1476,1596,0,57,1442,1557,3780,1485,118,5280,25
17:18:01.910 [TLM] 38140,23297,-2805,2301,4707,4707,4707,1637,1473,0,0,1499,1500,2094,2088,118,5280,25
17:18:01.911 [TLM] 38150,23312,-2805,2286,4698,4698,4698,1610,1426,0,156,1343,1656,-188,4813,118,5280,25
17:18:01.945 [TLM] 38160,23328,-2806,2270,4688,4688,4688,1595,1561,0,130,1369,1630,6,2669,118,5280,25
17:18:01.977 [TLM] 38170,23343,-2806,2255,4678,4678,4678,1611,1450,-2,412,1087,1912,-4147,7360,118,5280,25
17:18:01.978 [TLM] 38180,23359,-2807,2239,4676,4676,4676,1492,1588,-1,43,1456,1543,1289,1544,118,5280,25
17:18:02.013 [TLM] 38190,23374,-2807,2224,4681,4681,4681,1473,1542,0,-11,1511,1488,2334,1303,118,5280,25
17:18:02.051 [TLM] 38200,23388,-2807,2209,4683,4683,4683,1521,1491,1,-142,1642,1357,3974,-257,118,5280,25
17:18:02.051 [TLM] 38210,23402,-2808,2196,4688,4688,4688,1414,1514,0,48,1451,1548,2580,2145,118,5280,25
17:18:02.052 [TLM] 38220,23418,-2808,2180,4694,4694,4694,1475,1473,2,-411,1911,1088,8478,-3672,118,5280,25
17:18:02.084 [TLM] 38230,23433,-2808,2165,4692,4692,4692,1566,1396,1,97,1402,1597,462,4188,118,5280,25
17:18:02.119 [TLM] 38240,23448,-2809,2150,4680,4680,4680,1581,1423,1,-239,1739,1260,4776,-542,118,5280,25
17:18:02.119 [TLM] 38250,23463,-2809,2135,4672,4672,4672,1504,1479,0,106,1393,1606,981,3507,118,5280,25
17:18:02.155 [TLM] 38260,23478,-2810,2120,4665,4665,4665,1574,1454,0,432,1067,1932,-4748,8522,118,5280,25
17:18:02.159 [TLM] 38270,23493,-2811,2105,4671,4671,4671,1442,1443,0,-231,1731,1268,6377,-696,118,5280,25
17:18:02.190 [TLM] 38280,23507,-2811,2091,4677,4677,4677,1492,1672,0,146,1353,1646,449,1632,118,5280,25
17:18:02.192 [TLM] 38290,23522,-2812,2076,4675,4675,4675,1620,1097,2,64,1435,1564,229,7685,118,5280,25
17:18:02.222 [TLM] 38300,23539,-2813,2059,4659,4659,4659,1527,1682,0,-3,1503,1496,1846,-604,118,5280,25
17:18:02.258 [TLM] 38310,23554,-2813,2044,4648,4648,4648,1556,1453,0,0,1500,1499,1704,2626,118,5280,25
17:18:02.260 [TLM] 38320,23568,-2814,2030,4640,4640,4640,1535,1416,0,-341,1841,1158,6034,-1629,118,5280,25
17:18:02.293 [TLM] 38330,23582,-2815,2016,4636,4636,4636,1575,1370,0,-31,1531,1468,1054,3516,118,5280,25
17:18:02.294 [TLM] 38340,23599,-2817,1999,4634,4634,4634,1488,1611,-2,508,991,2008,-5720,7985,118,5280,25
17:18:02.328 [TLM] 38350,23612,-2818,1986,4646,4646,4646,1301,1672,0,-150,1650,1349,6247,-2384,118,5280,25
17:18:02.328 [TLM] 38360,23628,-2819,1970,4657,4657,4657,1463,1433,0,0,1500,1499,2345,3126,118,5280,25
17:18:02.363 [TLM] 38370,23643,-2819,1955,4665,4665,4665,1446,1531,0,90,1409,1590,1514,3052,118,5280,25
17:18:02.398 [TLM] 38380,23658,-2820,1940,4671,4671,4671,1467,1565,0,-46,1546,1453,3274,580,118,5280,25
17:18:02.398 [TLM] 38390,23673,-2821,1925,4675,4675,4675,1521,1462,0,158,1341,1658,-145,4677,118,5280,25
17:18:02.433 [TLM] 38400,23688,-2821,1911,4673,4673,4673,1544,1444,1,-42,1542,1457,2792,1925,118,5280,25
17:18:02.434 [TLM] 38410,23702,-2822,1896,4670,4670,4670,1513,1431,1,-130,1630,1369,4663,714,118,5280,25
17:18:02.469 [TLM] 38420,23718,-2822,1881,4664,4664,4664,1495,1525,0,11,1488,1511,2838,1643,118,5280,25
17:18:02.469 [TLM] 38430,23733,-2823,1866,4662,4662,4662,1556,1464,1,-117,1617,1382,3810,496,118,5280,25
17:18:02.503 [TLM] 38440,23748,-2824,1850,4656,4656,4656,1507,1657,0,-271,1771,1228,6074,-3633,118,5280,25
17:18:02.541 [TLM] 38450,23762,-2825,1836,4657,4657,4657,1495,1246,0,63,1436,1563,1553,6318,118,5280,25
17:18:02.543 [TLM] 38460,23778,-2826,1820,4650,4650,4650,1508,1547,1,-520,2020,979,9870,-6084,118,5280,25
17:18:02.573 [TLM] 38470,23793,-2827,1805,4648,4648,4648,1528,1588,0,0,1500,1499,2198,486,118,5280,25
17:18:02.575 [TLM] 38480,23808,-2828,1791,4644,4644,4644,1516,1460,0,1,1498,1501,2339,2230,118,5280,25
17:18:02.609 [TLM] 38490,23821,-2829,1777,4641,4641,4641,1503,1500,0,0,1499,1500,2375,1727,118,5280,25
17:18:02.610 [TLM] 38500,23838,-2830,1761,4641,4641,4641,1496,1493,0,-104,1604,1395,3855,366,118,5280,25
17:18:02.644 [TLM] 38510,23852,-2831,1747,4640,4640,4640,1565,1492,0,-67,1567,1432,2289,700,118,5280,25
17:18:02.678 [TLM] 38520,23868,-2832,1730,4639,4639,4639,1405,1619,0,-115,1615,1384,4884,-1518,118,5280,25
17:18:02.679 [TLM] 38530,23883,-2833,1716,4643,4643,4643,1502,1424,0,0,1499,1500,2447,2307,118,5280,25
17:18:02.712 [TLM] 38540,23898,-2834,1701,4640,4640,4640,1496,1489,0,-132,1632,1367,4211,-39,118,5280,25
17:18:02.713 [TLM] 38550,23913,-2835,1686,4644,4644,4644,1480,1581,-1,233,1266,1733,-516,3703,118,5280,25
17:18:02.748 [TLM] 38560,23928,-2836,1671,4640,4640,4640,1492,1498,0,-27,1527,1472,2869,1313,118,5280,25
17:18:02.749 [TLM] 38570,23943,-2837,1656,4636,4636,4636,1426,1569,-7,1242,257,2742,-12000,12000,118,5280,25
17:18:02.784 [TLM] 38580,23957,-2838,1642,4637,4637,4637,1499,1387,0,-4,1504,1495,2378,3629,118,54432,25
17:18:02.819 [TLM] 38590,23973,-2839,1626,4638,4638,4638,1521,1651,0,5,1494,1505,2309,-79,118,38048,25
17:18:02.819 [TLM] 38600,23987,-2841,1612,4637,4637,4637,1501,1398,-1,184,1315,1684,-106,5778,118,5281,25
17:18:02.856 [TLM] 38610,24004,-2842,1595,4637,4637,4637,1447,1919,-6,242,1257,1742,-1741,880,118,5281,25
17:18:02.859 [TLM] 38620,24017,-2843,1582,4659,4659,4659,1344,1215,0,-34,1534,1465,4706,4745,118,5281,25
17:18:02.889 [TLM] 38630,24032,-2843,1567,4666,4666,4666,1415,1682,0,-474,1974,1025,9668,-6873,118,5281,25
17:18:02.890 [TLM] 38640,24047,-2844,1552,4669,4669,4669,1475,1451,0,143,1356,1643,841,4273,118,5281,25
17:18:02.923 [TLM] 38650,24062,-2845,1537,4665,4665,4665,1469,1510,0,3,1496,1503,2874,1788,118,5281,25
17:18:02.958 [TLM] 38660,24077,-2845,1522,4664,4664,4664,1477,1483,0,8,1491,1508,2742,2333,118,5281,25
17:18:02.958 [TLM] 38670,24092,-2846,1507,4665,4665,4665,1515,1506,0,-2,1502,1497,2483,1812,118,5281,25
17:18:02.993 [TLM] 38680,24107,-2847,1492,4666,4666,4666,1490,1482,0,99,1400,1599,1366,3575,118,5281,25
17:18:02.994 [TLM] 38690,24122,-2848,1477,4666,4666,4666,1444,1556,-1,228,1271,1728,-85,4564,118,5281,25
17:18:03.028 [TLM] 38700,24137,-2848,1462,4667,4667,4667,1468,1502,0,0,1500,1499,2904,2002,118,5281,25
17:18:03.029 [TLM] 38710,24152,-2849,1447,4667,4667,4667,1481,1499,0,0,1500,1499,2703,1980,118,5281,25
17:18:03.062 [TLM] 38720,24167,-2850,1432,4667,4667,4667,1492,1538,0,-1,1501,1498,2712,1514,118,5281,25
17:18:03.097 [TLM] 38730,24182,-2850,1417,4661,4661,4661,1588,1334,0,-67,1567,1432,1537,3952,118,54433,25
17:18:03.134 [TLM] 38740,24198,-2851,1401,4656,4656,4656,1585,1638,0,96,1403,1596,-259,1640,118,54433,25
17:18:03.134 [TLM] 38750,24213,-2852,1387,4654,4654,4654,1517,1458,0,-2,1502,1497,1882,2221,118,5282,25
17:18:03.135 [TLM] 38760,24227,-2853,1372,4649,4649,4649,1524,1395,0,146,1353,1646,-174,5019,118,5282,25
17:18:03.168 [TLM] 38770,24241,-2854,1359,4640,4640,4640,1495,1406,1,-147,1647,1352,4296,1032,118,5282,25
17:18:03.169 [TLM] 38780,24257,-2855,1342,4628,4628,4628,1622,1350,1,-29,1529,1470,1027,3581,118,5282,25
17:18:03.202 [TLM] 38790,24273,-2856,1326,4621,4621,4621,1376,1690,-3,174,1325,1674,-1,2980,118,5282,25
17:18:03.238 [TLM] 38800,24287,-2858,1313,4630,4630,4630,1614,1195,1,-87,1587,1412,1667,4775,118,5282,25
17:18:03.238 [TLM] 38810,24303,-2859,1297,4625,4625,4625,1539,1557,0,273,1226,1773,-2846,5324,118,5282,25
17:18:03.276 [TLM] 38820,24318,-2860,1282,4630,4630,4630,1494,1545,0,-355,1855,1144,6420,-3178,118,5282,25
17:18:03.279 [TLM] 38830,24331,-2861,1268,4633,4633,4633,1411,1349,0,259,1240,1759,-645,7941,118,5282,25
17:18:03.308 [TLM] 38840,24347,-2862,1253,4641,4641,4641,1408,1578,0,37,1462,1537,2560,1910,118,5282,25
17:18:03.309 [TLM] 38850,24362,-2864,1238,4642,4642,4642,1555,1519,0,88,1411,1588,371,3174,118,5282,25
17:18:03.344 [TLM] 38860,24377,-2865,1223,4640,4640,4640,1452,1658,0,306,1193,1806,-1618,4462,118,5282,25
17:18:03.378 [TLM] 38870,24392,-2866,1208,4645,4645,4645,1494,1451,0,37,1462,1537,1558,1901,118,5282,25
17:18:03.379 [TLM] 38880,24407,-2867,1193,4644,4644,4644,1457,1583,0,44,1455,1544,2416,1570,118,5282,25
17:18:03.413 [TLM] 38890,24422,-2868,1178,4646,4646,4646,1433,1479,0,36,1463,1536,2828,2899,118,5282,25
17:18:03.413 [TLM] 38900,24437,-2869,1163,4647,4647,4647,1465,1539,0,1,1498,1501,2905,1622,118,5282,25
17:18:03.447 [TLM] 38910,24451,-2870,1149,4647,4647,4647,1518,1537,-1,458,1041,1958,-4379,7979,118,5282,25
17:18:03.448 [TLM] 38920,24467,-2871,1133,4650,4650,4650,1515,1368,0,-313,1813,1186,6549,-443,118,5282,25
17:18:03.483 [TLM] 38930,24482,-2871,1118,4651,4651,4651,1572,1457,0,13,1486,1513,1327,2964,118,5282,25
17:18:03.519 [TLM] 38941,24497,-2872,1103,4647,4647,4647,1584,1436,1,-61,1561,1438,2439,1847,118,5282,25
17:18:03.519 [TLM] 38950,24511,-2873,1089,4640,4640,4640,1539,1491,0,184,1315,1684,-804,4841,118,5282,25
17:18:03.554 [TLM] 38960,24528,-2875,1072,4638,4638,4638,1521,1601,0,-167,1667,1332,4423,-1871,118,5282,25
17:18:03.555 [TLM] 38970,24544,-2876,1056,4637,4637,4637,1418,1985,-5,226,1273,1726,-1499,2656,118,5282,25
17:18:03.588 [TLM] 38980,24556,-2877,1044,4644,4644,4644,1573,1078,2,53,1446,1553,741,6847,118,5282,25
17:18:03.625 [TLM] 38990,24573,-2878,1027,4640,4640,4640,1370,2030,0,-2148,3648,-648,12000,-12000,118,5282,25
17:18:03.625 [TLM] 39000,24588,-2879,1013,4654,4654,4654,1441,1249,2,-511,2011,988,10692,-3403,118,38050,25
17:18:03.660 [TLM] 39010,24602,-2880,998,4641,4641,4641,1443,1481,-2,225,1274,1725,-524,6728,118,38050,25
17:18:03.661 [TLM] 39020,24618,-2881,983,4644,4644,4644,1388,1507,0,-30,1530,1469,4827,623,118,5283,25
17:18:03.693 [TLM] 39030,24632,-2882,969,4639,4639,4639,1339,1878,-5,203,1296,1703,1098,210,118,5283,25
17:18:03.695 [TLM] 39040,24646,-2883,954,4640,4640,4640,1439,1330,-2,387,1112,1887,-1995,9196,118,5283,25
17:18:03.728 [TLM] 39050,24661,-2884,939,4641,4641,4641,1341,1758,-5,288,1211,1788,7,2663,118,5283,25
17:18:03.729 [TLM] 39060,24676,-2885,924,4646,4646,4646,1469,1439,-2,78,1421,1578,1843,3685,118,5283,25
17:18:03.762 [TLM] 39070,24691,-2886,909,4650,4650,4650,1350,1634,-2,30,1469,1530,3999,751,118,5283,25
17:18:03.798 [TLM] 39080,24706,-2887,894,4656,4656,4656,1549,1485,0,-43,1543,1456,2667,1432,118,5283,25
17:18:03.799 [TLM] 39090,24721,-2888,880,4657,4657,4657,1540,1365,-1,589,910,2089,-6163,11972,118,5283,25
17:18:03.833 [TLM] 39100,24735,-2888,866,4653,4653,4653,1403,1530,0,-144,1644,1355,6048,-324,118,5283,25
17:18:03.833 [TLM] 39110,24751,-2889,850,4645,4645,4645,1558,1395,0,174,1325,1674,-533,6126,118,5283,25
17:18:03.870 [TLM] 39120,24767,-2890,833,4647,4647,4647,1473,1754,-1,0,1499,1500,2491,-824,118,5283,25
17:18:03.871 [TLM] 39130,24781,-2891,820,4655,4655,4655,1407,1525,0,-8,1508,1491,3662,1917,118,5283,25
17:18:03.904 [TLM] 39140,24796,-2892,804,4660,4660,4660,1459,1502,1,-364,1864,1135,8431,-3183,118,5283,25
17:18:03.939 [TLM] 39150,24812,-2893,789,4661,4661,4661,1349,1809,-1,3,1496,1503,3804,-780,118,21667,25
17:18:03.940 [TLM] 39160,24825,-2894,775,4664,4664,4664,1518,1223,1,51,1448,1551,2313,5906,118,21667,25
17:18:03.975 [TLM] 39170,24841,-2894,760,4654,4654,4654,1597,1383,1,125,1374,1625,220,5170,118,5411,25
17:18:04.009 [TLM] 39180,24857,-2895,744,4650,4650,4650,1344,1825,-6,417,1082,1917,-2209,4742,118,5411,25
17:18:04.010 [TLM] 39190,24872,-2896,728,4668,4668,4668,1299,1752,-6,276,1223,1776,42,3274,118,5411,25
17:18:04.011 [TLM] 39200,24887,-2897,713,4690,4690,4690,1375,1609,-4,220,1279,1720,165,4014,118,5411,25
17:18:04.045 [TLM] 39210,24904,-2897,697,4718,4718,4718,1263,2158,-10,196,1303,1696,636,-2662,118,5411,25
17:18:04.077 [TLM] 39220,24919,-2896,682,4767,4767,4767,993,2053,-11,950,549,2450,-6438,8406,118,5411,25
17:18:04.078 [TLM] 39230,24933,-2895,668,4827,4827,4827,962,1950,-10,300,1199,1800,3653,504,118,5411,25
17:18:04.112 [TLM] 39240,24948,-2893,653,4893,4893,4893,1071,1955,-11,630,869,2130,-2042,4676,118,5411,25
17:18:04.112 [TLM] 39250,24963,-2889,639,4960,4960,4960,896,2117,-15,613,886,2113,-129,3062,118,5411,25
17:18:04.147 [TLM] 39260,24978,-2885,624,5038,5038,5038,910,2118,-16,611,888,2111,-149,2998,118,5411,25
17:18:04.148 [TLM] 39270,24992,-2880,611,5120,5120,5120,843,2032,-16,591,908,2091,1148,3841,118,5411,25
17:18:04.184 [TLM] 39280,25007,-2873,597,5206,5206,5206,976,1974,-14,522,977,2022,1089,3120,118,5411,25
17:18:04.219 [TLM] 39290,25021,-2866,585,5281,5281,5281,1005,1808,-13,488,1011,1988,925,3986,118,5411,25
17:18:04.219 [TLM] 39300,25037,-2857,572,5354,5354,5354,953,2208,-18,544,955,2044,478,1799,118,5411,25
17:18:04.255 [TLM] 39310,25053,-2847,560,5448,5448,5448,630,2484,-22,782,717,2282,671,1550,118,5411,25
17:18:04.287 [TLM] 39320,25067,-2837,550,5556,5556,5556,829,2128,-18,132,1367,1632,7880,-3515,118,5411,25
17:18:04.289 [TLM] 39330,25079,-2827,543,5639,5639,5639,953,1802,-18,1434,65,2934,-11221,12000,118,5411,25
17:18:04.292 [TLM] 39340,25095,-2814,534,5727,5727,5727,1015,1738,-15,757,742,2257,-2639,10897,118,5411,25
17:18:04.322 [TLM] 39350,25112,-2799,525,5814,5814,5814,599,2737,-21,671,828,2171,3264,-2760,118,5411,25
17:18:04.358 [TLM] 39360,25126,-2787,520,5916,5916,5916,776,2053,-18,185,1314,1685,8769,-1663,118,5411,25
17:18:04.358 [TLM] 39370,25139,-2774,516,6001,6001,6001,877,1839,-14,457,1042,1957,4706,4854,118,5411,25
17:18:04.394 [TLM] 39380,25155,-2759,512,6081,6081,6081,1011,2009,-14,514,985,2014,2123,3576,118,5411,25
17:18:04.395 [TLM] 39390,25171,-2743,510,6160,6160,6160,861,2318,-17,618,881,2118,1980,1451,118,5411,25
17:18:04.428 [TLM] 39400,25186,-2728,509,6250,6250,6250,811,2175,-16,241,1258,1741,8180,-2798,118,5411,25
17:18:04.428 [TLM] 39410,25200,-2714,509,6338,6338,6338,917,2093,-18,1276,223,2776,-7150,12000,118,5411,25
17:18:04.462 [TLM] 39420,25215,-2699,510,6412,6412,6412,1058,1939,-16,816,683,2316,-2462,8265,118,5411,25
17:18:04.498 [TLM] 39430,25231,-2683,513,6491,6491,6491,557,2655,-22,789,710,2289,4053,-1662,118,5411,25
17:18:04.498 [TLM] 39440,25245,-2670,517,6581,6581,6581,771,2127,-20,718,781,2218,1981,4855,118,5411,25
17:18:04.533 [TLM] 39450,25260,-2655,522,6668,6668,6668,829,2232,-20,683,816,2183,1572,2899,118,5411,25
17:18:04.571 [TLM] 39460,25274,-2643,528,6757,6757,6757,833,1939,-14,548,951,2048,4539,3808,118,5411,25
17:18:04.572 [TLM] 39470,25288,-2631,535,6825,6825,6825,808,2107,-15,861,638,2361,643,6201,118,5411,25
17:18:04.577 [TLM] 39480,25304,-2617,543,6908,6908,6908,869,2109,-19,939,560,2439,-2049,8208,118,5411,25
17:18:04.602 [TLM] 39490,25322,-2603,555,6994,6994,6994,646,2991,-21,467,1032,1967,7014,-10428,118,5411,25
17:18:04.640 [TLM] 39500,25334,-2595,563,7067,7067,7067,884,1823,-19,623,876,2123,2062,6604,118,5411,25
17:18:04.641 [TLM] 39510,25348,-2585,573,7127,7127,7127,869,2128,-24,1422,77,2922,-9877,12000,118,5411,25
17:18:04.675 [TLM] 39520,25364,-2575,586,7222,7222,7222,754,2179,-25,765,734,2265,379,5688,118,5411,25
17:18:04.675 [TLM] 39530,25379,-2567,599,7323,7323,7323,631,2295,-22,547,952,2047,4819,1031,118,5411,25
17:18:04.708 [TLM] 39540,25393,-2560,611,7426,7426,7426,760,2080,-19,671,828,2171,2206,5283,118,21795,25
17:18:04.709 [TLM] 39550,25406,-2556,623,7521,7521,7521,799,1631,-10,416,1083,1916,7813,6037,118,5539,25
17:18:04.742 [TLM] 39560,25423,-2551,639,7585,7585,7585,1119,2021,-12,682,817,2182,-44,5005,118,5539,25
17:18:04.779 [TLM] 39570,25439,-2547,654,7643,7643,7643,1097,1806,-12,427,1072,1927,2705,2297,118,5539,25
17:18:04.779 [TLM] 39580,25453,-2544,669,7688,7688,7688,1109,1915,-11,404,1095,1904,3656,2495,118,5539,25
17:18:04.814 [TLM] 39590,25469,-2542,684,7732,7732,7732,1330,1669,-7,-176,1676,1323,9064,-2966,118,5539,25
17:18:04.814 [TLM] 39600,25483,-2541,698,7759,7759,7759,1191,1593,-4,-19,1519,1480,9175,280,118,5539,25
17:18:04.848 [TLM] 39610,25498,-2540,713,7781,7781,7781,1384,1650,-6,224,1275,1724,2852,3838,118,5539,25
17:18:04.848 [TLM] 39620,25514,-2539,729,7806,7806,7806,1322,1760,-6,223,1276,1723,3301,2142,118,5539,25
17:18:04.883 [TLM] 39630,25529,-2538,744,7829,7829,7829,1371,1628,-4,60,1439,1560,4827,1515,118,5539,25
17:18:04.919 [TLM] 39640,25543,-2538,758,7841,7841,7841,1534,1389,1,-510,2010,989,11691,-4048,118,5539,25
17:18:04.920 [TLM] 39650,25559,-2538,774,7831,7831,7831,1507,1673,-1,46,1453,1546,3341,696,118,5539,25
17:18:04.953 [TLM] 39660,25574,-2537,789,7824,7824,7824,1576,1438,0,-136,1636,1363,4634,971,118,5539,25
17:18:04.954 [TLM] 39670,25591,-2537,806,7817,7817,7817,1589,1653,-3,101,1398,1601,-32,2161,118,5539,25
17:18:04.989 [TLM] 39680,25605,-2536,820,7819,7819,7819,1500,1506,-3,-195,1695,1304,4763,-496,118,5539,25
17:18:04.990 [TLM] 39690,25621,-2536,836,7815,7815,7815,1458,1420,-1,-73,1573,1426,3409,2579,118,5539,25
17:18:05.023 [TLM] 39700,25636,-2535,851,7809,7809,7809,1600,1322,0,0,1500,1499,586,4825,118,54691,25
17:18:05.058 [TLM] 39710,25652,-2534,866,7805,7805,7805,1547,1451,-5,1122,377,2622,-12000,12000,118,54691,25
17:18:05.059 [TLM] 39720,25668,-2533,883,7815,7815,7815,1338,1817,-2,-164,1664,1335,5113,-3321,118,5540,25
17:18:05.093 [TLM] 39730,25680,-2533,895,7832,7832,7832,1546,1244,1,-36,1536,1463,1695,5768,118,5540,25
17:18:05.094 [TLM] 39740,25697,-2533,912,7845,7845,7845,1490,1635,0,-1,1501,1498,1780,1001,118,5540,25
17:18:05.128 [TLM] 39750,25711,-2533,926,7857,7857,7857,1409,1476,1,-133,1633,1366,5382,609,118,5540,25
17:18:05.128 [TLM] 39760,25726,-2533,941,7855,7855,7855,1592,1340,4,-212,1712,1287,4922,740,118,5540,25
17:18:05.163 [TLM] 39770,25742,-2533,957,7846,7846,7846,1450,1661,0,88,1411,1588,1987,1087,118,5540,25
17:18:05.198 [TLM] 39780,25756,-2533,971,7837,7837,7837,1646,1327,4,-39,1539,1460,2197,2614,118,5540,25
17:18:05.199 [TLM] 39790,25772,-2532,987,7822,7822,7822,1521,1691,0,101,1398,1601,867,558,118,5540,25
17:18:05.233 [TLM] 39800,25787,-2532,1002,7812,7812,7812,1587,1473,0,-28,1528,1471,1396,1871,118,5540,25
17:18:05.234 [TLM] 39810,25801,-2531,1016,7804,7804,7804,1562,1442,1,-295,1795,1204,5642,-1650,118,5540,25
17:18:05.269 [TLM] 39820,25816,-2530,1031,7793,7793,7793,1541,1409,0,398,1101,1898,-3860,8761,118,5540,25
17:18:05.270 [TLM] 39830,25830,-2529,1045,7786,7786,7786,1538,1501,0,8,1491,1508,1394,2084,118,5540,25
17:18:05.303 [TLM] 39840,25846,-2528,1061,7779,7779,7779,1534,1368,1,-72,1572,1427,2598,2648,118,5540,25
17:18:05.340 [TLM] 39850,25862,-2527,1077,7773,7773,7773,1443,1757,0,-221,1721,1278,5341,-2985,118,5540,25
17:18:05.341 [TLM] 39860,25876,-2526,1091,7764,7764,7764,1506,1378,1,-434,1934,1065,8007,-2883,118,5540,25
17:18:05.374 [TLM] 39870,25891,-2524,1106,7748,7748,7748,1462,1450,-4,420,1079,1920,-4492,9320,118,5540,25
17:18:05.375 [TLM] 39880,25908,-2523,1122,7755,7755,7755,1363,1619,0,-322,1822,1177,7597,-4676,118,5540,25
17:18:05.409 [TLM] 39890,25923,-2521,1137,7750,7750,7750,1338,1890,-4,126,1373,1626,1094,-672,118,5540,25
17:18:05.409 [TLM] 39900,25936,-2520,1150,7755,7755,7755,1340,1144,-1,110,1389,1610,1935,7348,118,5540,25
17:18:05.445 [TLM] 39910,25953,-2518,1167,7751,7751,7751,1164,2101,-5,109,1390,1609,3765,-4108,118,5540,25
17:18:05.478 [TLM] 39920,25965,-2517,1180,7755,7755,7755,1335,1402,-2,-45,1545,1454,4895,1956,118,5540,25
17:18:05.479 [TLM] 39930,25982,-2515,1196,7752,7752,7752,1157,2077,-6,172,1327,1672,3676,-3036,118,5540,25
17:18:05.513 [TLM] 39940,25995,-2514,1209,7754,7754,7754,1413,1317,-2,374,1125,1874,-1553,8407,118,5540,25
17:18:05.513 [TLM] 39950,26010,-2512,1224,7741,7741,7741,1310,1860,-5,-127,1627,1372,6206,-4873,118,5540,25
17:18:05.547 [TLM] 39960,26023,-2511,1237,7739,7739,7739,1342,1371,-5,420,1079,1920,-1631,8991,118,5540,25
17:18:05.548 [TLM] 39970,26040,-2509,1254,7745,7745,7745,1274,1773,-2,-1929,3429,-429,12000,-12000,118,5540,25
17:18:05.583 [TLM] 39980,26053,-2508,1266,7755,7755,7755,1377,1259,0,17,1482,1517,4985,5078,118,54692,25
17:18:05.619 [TLM] 39990,26067,-2506,1280,7761,7761,7761,1048,1811,-5,-157,1657,1342,10730,45,118,54692,25
17:18:05.620 [TLM] 40000,26081,-2505,1295,7780,7780,7780,1416,1202,0,-25,1525,1474,6159,4789,118,5541,25
17:18:05.653 [TLM] 40010,26094,-2504,1308,7776,7776,7776,1354,1491,-2,175,1324,1675,3879,5355,118,5541,25
17:18:05.654 [TLM] 40020,26111,-2503,1325,7782,7782,7782,1644,1416,1,-194,1694,1305,6088,366,118,5541,25
17:18:05.689 [TLM] 40030,26125,-2502,1338,7774,7774,7774,1553,1592,-5,692,807,2192,-6655,11820,118,5541,25
17:18:05.692 [TLM] 40040,26142,-2500,1356,7785,7785,7785,1585,1373,0,211,1288,1711,50,6557,118,5541,25
17:18:05.722 [TLM] 40050,26158,-2499,1371,7777,7777,7777,1544,1580,-1,140,1359,1640,769,3888,118,5541,25
17:18:05.758 [TLM] 40060,26174,-2498,1387,7776,7776,7776,1456,1548,-1,62,1437,1562,2705,2435,118,5541,25
17:18:05.759 [TLM] 40070,26189,-2497,1402,7774,7774,7774,1444,1546,-2,86,1413,1586,2306,3185,118,5541,25
17:18:05.794 [TLM] 40080,26205,-2496,1418,7777,7777,7777,1587,1524,1,-267,1767,1232,5872,-2284,118,5541,25
17:18:05.794 [TLM] 40090,26219,-2494,1433,7779,7779,7779,1470,1547,0,25,1474,1525,2849,1850,118,5541,25
17:18:05.827 [TLM] 40100,26234,-2493,1447,7782,7782,7782,1439,1557,0,-4,1504,1495,3868,1359,118,5541,25
17:18:05.828 [TLM] 40110,26249,-2492,1462,7786,7786,7786,1468,1485,0,0,1499,1500,3414,2218,118,5541,25
17:18:05.864 [TLM] 40120,26264,-2491,1477,7785,7785,7785,1527,1480,0,0,1500,1499,2680,2276,118,5541,25
17:18:05.900 [TLM] 40130,26279,-2490,1492,7784,7784,7784,1538,1522,-2,1611,-111,3111,-12000,12000,118,5541,25
17:18:05.901 [TLM] 40140,26293,-2489,1506,7787,7787,7787,1512,1478,0,7,1492,1507,2970,2858,118,54693,25
17:18:05.936 [TLM] 40150,26308,-2488,1521,7788,7788,7788,1535,1585,0,-219,1719,1280,5859,-2063,118,38309,25
17:18:05.937 [TLM] 40160,26324,-2487,1537,7787,7787,7787,1518,1473,2,-378,1878,1121,8446,-3095,118,5542,25
17:18:05.968 [TLM] 40170,26340,-2486,1553,7780,7780,7780,1571,1494,2,-137,1637,1362,4278,-225,118,5542,25
17:18:05.968 [TLM] 40180,26355,-2485,1568,7770,7770,7770,1564,1530,0,88,1411,1588,370,2916,118,5542,25
17:18:06.004 [TLM] 40190,26371,-2484,1584,7771,7771,7771,1519,1677,0,-93,1593,1406,3213,-1714,118,5542,25
17:18:06.038 [TLM] 40200,26387,-2482,1600,7776,7776,7776,1505,1769,-2,56,1443,1556,493,-714,118,5542,25
17:18:06.039 [TLM] 40210,26400,-2481,1613,7788,7788,7788,1493,1307,0,3,1496,1503,1720,4400,118,5542,25
17:18:06.073 [TLM] 40220,26416,-2481,1628,7791,7791,7791,1562,1477,0,228,1271,1728,-2013,5187,118,5542,25
17:18:06.074 [TLM] 40230,26431,-2480,1643,7795,7795,7795,1399,1657,-1,186,1313,1686,579,2270,118,5542,25
17:18:06.110 [TLM] 40240,26444,-2479,1657,7800,7800,7800,1480,1524,0,-32,1532,1467,2639,632,118,5542,25
17:18:06.111 [TLM] 40250,26461,-2478,1673,7799,7799,7799,1510,1455,0,52,1447,1552,1306,2476,118,5542,25
17:18:06.143 [TLM] 40260,26476,-2477,1688,7795,7795,7795,1540,1481,0,-189,1689,1310,4296,-1009,118,5542,25
17:18:06.178 [TLM] 40270,26490,-2476,1703,7792,7792,7792,1448,1552,0,-40,1540,1459,2262,1441,118,5542,25
17:18:06.179 [TLM] 40280,26505,-2475,1717,7795,7795,7795,1538,1341,1,-317,1817,1182,6291,-767,118,21926,25
17:18:06.213 [TLM] 40290,26520,-2474,1733,7789,7789,7789,1592,1502,0,-1,1501,1498,640,2037,118,5670,25
17:18:06.213 [TLM] 40300,26535,-2474,1747,7789,7789,7789,1496,1453,1,-157,1657,1342,4244,291,118,5670,25
17:18:06.250 [TLM] 40310,26549,-2473,1762,7784,7784,7784,1749,1140,7,-305,1805,1194,4199,1465,118,5670,25
17:18:06.251 [TLM] 40320,26564,-2471,1776,7760,7760,7760,1610,1302,4,-184,1684,1315,3909,1659,118,5670,25
17:18:06.285 [TLM] 40330,26579,-2470,1791,7734,7734,7734,1868,1053,11,-682,2182,817,8830,-2986,118,5670,25
17:18:06.320 [TLM] 40340,26593,-2468,1805,7679,7679,7679,1901,1005,11,-413,1913,1086,4841,1550,118,5670,25
17:18:06.320 [TLM] 40350,26608,-2464,1820,7615,7615,7615,1943,1015,10,-400,1900,1099,3765,2152,118,5670,25
17:18:06.353 [TLM] 40360,26623,-2461,1834,7563,7563,7563,1821,1093,10,-472,1972,1027,6226,-571,118,5670,25
17:18:06.354 [TLM] 40370,26638,-2456,1849,7505,7505,7505,2001,980,14,-875,2375,624,10161,-4414,118,5670,25
17:18:06.389 [TLM] 40380,26652,-2450,1862,7420,7420,7420,2153,693,18,-631,2131,868,5361,2493,118,5670,25
17:18:06.390 [TLM] 40390,26667,-2443,1875,7325,7325,7325,2159,770,18,-643,2143,856,5297,1584,118,5670,25
17:18:06.423 [TLM] 40400,26683,-2435,1888,7229,7229,7229,2281,818,18,-640,2140,859,3503,1335,118,5670,25
17:18:06.459 [TLM] 40410,26697,-2426,1899,7134,7134,7134,2089,818,17,-559,2059,940,3815,2948,118,5670,25
17:18:06.459 [TLM] 40420,26713,-2415,1911,7048,7048,7048,1895,1200,14,-592,2092,907,6809,-2293,118,5670,25
17:18:06.493 [TLM] 40430,26726,-2405,1919,6958,6958,6958,2226,503,17,-252,1752,1247,-1440,11523,118,5670,25
17:18:06.494 [TLM] 40440,26743,-2391,1929,6864,6864,6864,1945,1202,16,-714,2214,785,7947,-3650,118,5670,25
17:18:06.527 [TLM] 40450,26755,-2381,1935,6786,6786,6786,2107,727,15,-749,2249,750,6306,2586,118,5670,25
17:18:06.566 [TLM] 40460,26772,-2365,1943,6707,6707,6707,2054,781,22,-794,2294,705,9195,-635,118,5670,25
17:18:06.568 [TLM] 40470,26787,-2351,1948,6625,6625,6625,2508,669,24,-887,2387,612,5053,12,118,5670,25
17:18:06.597 [TLM] 40480,26801,-2338,1952,6529,6529,6529,2263,618,24,-821,2321,678,7457,1406,118,5670,25
17:18:06.598 [TLM] 40490,26817,-2323,1955,6426,6426,6426,2096,921,14,-141,1641,1358,-1372,8583,118,5670,25
17:18:06.633 [TLM] 40500,26832,-2307,1956,6339,6339,6339,2174,851,22,-797,2297,702,8286,-1588,118,5670,25
17:18:06.633 [TLM] 40510,26848,-2292,1956,6228,6228,6228,2174,1050,19,-676,2176,823,6268,-2077,118,5670,25
17:18:06.669 [TLM] 40520,26862,-2278,1955,6114,6114,6114,2163,715,17,-490,1990,1009,3290,5027,118,5670,25
17:18:06.669 [TLM] 40530,26878,-2262,1951,6013,6013,6013,2013,1114,13,-344,1844,1155,2391,2699,118,5670,25
17:18:06.703 [TLM] 40540,26893,-2248,1946,5927,5927,5927,2002,938,12,3,1496,1503,-2600,9653,118,5670,25
17:18:06.737 [TLM] 40550,26907,-2235,1941,5850,5850,5850,1830,1081,12,-737,2237,762,10863,-4263,118,5670,25
17:18:06.738 [TLM] 40560,26921,-2222,1934,5779,5779,5779,1957,1019,12,-441,1941,1058,4230,3550,118,5670,25
17:18:06.774 [TLM] 40570,26937,-2209,1926,5719,5719,5719,1906,1144,13,-500,2000,999,5974,616,118,5670,25
17:18:06.775 [TLM] 40580,26952,-2197,1918,5659,5659,5659,1905,1092,11,-602,2102,897,7050,102,118,5670,25
17:18:06.811 [TLM] 40590,26964,-2187,1910,5605,5605,5605,1989,776,19,-871,2371,628,11578,-783,118,5670,25
17:18:06.811 [TLM] 40600,26982,-2173,1898,5521,5521,5521,2333,924,19,-674,2174,825,3749,521,118,5670,25
17:18:06.843 [TLM] 40610,26996,-2164,1888,5446,5446,5446,2110,879,19,-732,2232,767,7884,68,118,5670,25
17:18:06.878 [TLM] 40620,27012,-2153,1876,5371,5371,5371,1993,1140,14,-328,1828,1171,2731,2864,118,5670,25
17:18:06.879 [TLM] 40630,27026,-2145,1864,5307,5307,5307,1980,978,18,-886,2386,613,11698,-3684,118,5670,25
17:18:06.914 [TLM] 40640,27040,-2138,1853,5226,5226,5226,2296,569,22,-779,2279,720,7044,3082,118,5670,25
17:18:06.914 [TLM] 40650,27055,-2131,1839,5137,5137,5137,2282,805,19,-453,1953,1046,2358,4861,118,5670,25
17:18:06.950 [TLM] 40660,27070,-2126,1826,5066,5066,5066,1841,1094,14,-420,1920,1079,6627,1682,118,5670,25
17:18:06.951 [TLM] 40670,27087,-2121,1809,4993,4993,4993,1799,1442,4,-85,1585,1414,330,3826,118,5670,25
17:18:06.982 [TLM] 40680,27102,-2117,1795,4955,4955,4955,1729,1093,25,-951,2451,548,12000,-9066,118,22054,25
17:18:07.022 [TLM] 40690,27114,-2114,1783,4886,4886,4886,2133,677,25,-871,2371,628,12000,-1923,118,5798,25
17:18:07.026 [TLM] 40700,27132,-2112,1765,4796,4796,4796,2393,1023,14,-456,1956,1043,1557,991,118,5798,25
17:18:07.052 [TLM] 40710,27145,-2112,1752,4713,4713,4713,2104,627,14,40,1459,1540,-1733,12000,118,5798,25
17:18:07.053 [TLM] 40720,27162,-2112,1735,4622,4622,4622,1914,1222,9,-92,1592,1407,1098,4400,118,5798,25
17:18:07.087 [TLM] 40730,27177,-2114,1720,4554,4554,4554,1705,1318,4,-14,1514,1485,1422,4856,118,5798,25
17:18:07.089 [TLM] 40740,27193,-2117,1704,4513,4513,4513,1576,1540,1,31,1468,1531,1592,3053,118,5798,25
17:18:07.123 [TLM] 40750,27209,-2121,1689,4491,4491,4491,1486,1590,0,118,1381,1618,1001,3353,118,5798,25
17:18:07.157 [TLM] 40760,27223,-2124,1675,4481,4481,4481,1521,1455,-3,1671,-171,3171,-12000,12000,118,5798,25
17:18:07.158 [TLM] 40770,27239,-2128,1660,4470,4470,4470,1424,1717,-5,430,1069,1930,-3841,7556,118,5798,25
17:18:07.194 [TLM] 40780,27256,-2132,1643,4473,4473,4473,1380,1979,-5,302,1197,1802,-2136,1983,118,5798,25
17:18:07.194 [TLM] 40790,27270,-2135,1629,4488,4488,4488,1286,1708,-6,266,1233,1766,-746,4789,118,5798,25
17:18:07.228 [TLM] 40800,27285,-2138,1615,4514,4514,4514,1231,1680,-10,1326,173,2826,-12000,12000,118,5798,25
17:18:07.228 [TLM] 40810,27301,-2141,1599,4547,4547,4547,1222,2117,0,-2,1502,1497,5567,-6832,118,22182,25
17:18:07.263 [TLM] 40820,27312,-2143,1588,4556,4556,4556,1411,789,-4,2048,-548,3548,-12000,12000,118,54950,25
17:18:07.297 [TLM] 40830,27328,-2145,1572,4552,4552,4552,1312,1805,-5,262,1237,1762,1546,1202,118,38566,25
17:18:07.298 [TLM] 40840,27343,-2147,1558,4567,4567,4567,1328,1712,-6,226,1273,1726,1337,3932,118,5799,25
17:18:07.335 [TLM] 40850,27359,-2149,1542,4589,4589,4589,1312,1856,-6,153,1346,1653,2459,713,118,5799,25
17:18:07.336 [TLM] 40860,27373,-2151,1528,4614,4614,4614,1269,1641,-4,68,1431,1568,4485,1999,118,5799,25
17:18:07.367 [TLM] 40870,27386,-2152,1515,4630,4630,4630,1560,1366,0,31,1468,1531,2250,4181,118,5799,25
17:18:07.368 [TLM] 40880,27404,-2154,1497,4633,4633,4633,1437,1629,0,-284,1784,1215,7552,-3386,118,5799,25
17:18:07.403 [TLM] 40890,27418,-2155,1483,4639,4639,4639,1455,1549,-1,71,1428,1571,2439,2645,118,5799,25
17:18:07.438 [TLM] 40900,27434,-2156,1467,4644,4644,4644,1496,1542,-1,19,1480,1519,2529,1834,118,5799,25
17:18:07.474 [TLM] 40910,27448,-2157,1453,4647,4647,4647,1531,1491,0,7,1492,1507,2391,2243,118,5799,25
17:18:07.475 [TLM] 40920,27463,-2158,1438,4648,4648,4648,1521,1528,0,-29,1529,1470,3039,1285,118,5799,25
17:18:07.475 [TLM] 40930,27478,-2159,1423,4647,4647,4647,1563,1403,1,-55,1555,1444,3074,2191,118,5799,25
17:18:07.509 [TLM] 40941,27494,-2160,1407,4643,4643,4643,1567,1568,0,-344,1844,1155,6491,-3656,118,5799,25
17:18:07.511 [TLM] 40950,27509,-2161,1392,4639,4639,4639,1576,1420,1,-73,1573,1426,2026,1334,118,5799,25
17:18:07.543 [TLM] 40960,27524,-2162,1377,4632,4632,4632,1596,1489,-10,2071,-571,3571,-12000,12000,118,5799,25
17:18:07.578 [TLM] 40970,27539,-2163,1363,4624,4624,4624,1477,1307,0,-1,1501,1498,1198,5080,118,54951,25
17:18:07.580 [TLM] 40980,27554,-2165,1347,4626,4626,4626,1261,1860,-5,482,1017,1982,-2570,5221,118,38567,25
17:18:07.613 [TLM] 40990,27566,-2165,1335,4642,4642,4642,1463,1178,0,108,1391,1608,1326,7464,118,5800,25
17:18:07.614 [TLM] 41000,27584,-2167,1318,4647,4647,4647,1440,1596,0,35,1464,1535,2586,1581,118,5800,25
17:18:07.648 [TLM] 41010,27598,-2167,1304,4656,4656,4656,1514,1614,-1,257,1242,1757,-1543,4046,118,5800,25
17:18:07.648 [TLM] 41020,27614,-2168,1288,4661,4661,4661,1497,1478,0,13,1486,1513,2183,1760,118,5800,25
17:18:07.683 [TLM] 41030,27629,-2169,1273,4661,4661,4661,1527,1498,0,54,1445,1554,1297,2632,118,5800,25
17:18:07.727 [TLM] 41040,27644,-2170,1257,4662,4662,4662,1520,1542,0,1,1498,1501,2221,966,118,5800,25
17:18:07.729 [TLM] 41050,27659,-2171,1242,4660,4660,4660,1550,1492,0,0,1500,1499,1653,1852,118,5800,25
17:18:07.751 [TLM] 41060,27674,-2171,1228,4660,4660,4660,1528,1466,0,-105,1605,1394,3311,896,118,5800,25
17:18:07.752 [TLM] 41070,27689,-2172,1213,4658,4658,4658,1465,1517,0,-67,1567,1432,3460,733,118,5800,25
17:18:07.789 [TLM] 41080,27703,-2173,1198,4653,4653,4653,1580,1309,1,-23,1523,1476,1840,3825,118,5800,25
17:18:07.789 [TLM] 41090,27719,-2174,1183,4644,4644,4644,1531,1553,0,-1,1501,1498,1798,1415,118,5800,25
17:18:07.822 [TLM] 41100,27734,-2175,1168,4641,4641,4641,1518,1521,0,0,1500,1499,2316,1621,118,5800,25
17:18:07.860 [TLM] 41110,27749,-2176,1153,4639,4639,4639,1493,1499,0,0,1499,1500,1427,2010,118,5800,25
17:18:07.861 [TLM] 41120,27764,-2177,1138,4636,4636,4636,1459,1579,0,-150,1650,1349,4414,-662,118,5800,25
17:18:07.893 [TLM] 41130,27779,-2178,1123,4636,4636,4636,1521,1480,1,-156,1656,1343,4075,-171,118,5800,25
17:18:07.895 [TLM] 41140,27794,-2180,1108,4628,4628,4628,1467,1475,0,144,1355,1644,314,4017,118,5800,25
17:18:07.929 [TLM] 41150,27808,-2181,1094,4626,4626,4626,1521,1479,0,69,1430,1569,694,3168,118,5800,25
17:18:07.930 [TLM] 41160,27824,-2182,1078,4625,4625,4625,1498,1473,0,243,1256,1743,-1761,5472,118,5800,25
17:18:07.962 [TLM] 41170,27839,-2183,1063,4626,4626,4626,1475,1465,0,-5,1505,1494,2525,2272,118,5800,25
17:18:07.999 [TLM] 41180,27854,-2185,1048,4628,4628,4628,1478,1501,-1,96,1403,1596,628,2777,118,5800,25
17:18:07.999 [TLM] 41190,27869,-2186,1033,4631,4631,4631,1472,1551,0,101,1398,1601,874,2726,118,5800,25
17:18:08.033 [TLM] 41200,27884,-2187,1018,4636,4636,4636,1456,1563,-1,245,1254,1745,-533,4131,118,5800,25
17:18:08.034 [TLM] 41210,27899,-2188,1003,4641,4641,4641,1496,1417,0,0,1500,1499,2100,2914,118,5800,25
17:18:08.070 [TLM] 41220,27914,-2189,988,4643,4643,4643,1535,1442,0,130,1369,1630,-28,4282,118,5800,25
17:18:08.073 [TLM] 41230,27929,-2190,973,4640,4640,4640,1505,1371,0,1,1498,1501,1801,4040,118,54952,25
17:18:08.103 [TLM] 41240,27944,-2191,958,4643,4643,4643,1463,1543,1,-455,1955,1044,9063,-4541,118,54952,25
17:18:08.142 [TLM] 41250,27959,-2192,943,4643,4643,4643,1454,1533,0,-2,1502,1497,1884,2042,118,5801,25
17:18:08.142 [TLM] 41260,27974,-2193,928,4648,4648,4648,1471,1475,1,-73,1573,1426,3779,1762,118,5801,25
17:18:08.173 [TLM] 41270,27989,-2194,914,4646,4646,4646,1563,1410,2,-10,1510,1489,1962,3087,118,5801,25
17:18:08.174 [TLM] 41280,28004,-2195,899,4641,4641,4641,1510,1384,1,17,1482,1517,1910,2225,118,5801,25
17:18:08.209 [TLM] 41290,28019,-2196,884,4640,4640,4640,1508,1697,0,3,1496,1503,2040,-392,118,5801,25
17:18:08.210 [TLM] 41300,28034,-2198,868,4639,4639,4639,1529,1367,1,-88,1588,1411,3270,2365,118,5801,25
17:18:08.244 [TLM] 41310,28050,-2199,853,4629,4629,4629,1582,1452,0,123,1376,1623,-406,4045,118,5801,25
17:18:08.277 [TLM] 41320,28065,-2200,838,4624,4624,4624,1533,1467,0,-151,1651,1348,3294,-77,118,5801,25
17:18:08.278 [TLM] 41330,28080,-2201,823,4620,4620,4620,1560,1458,0,29,1470,1529,928,2881,118,5801,25
17:18:08.314 [TLM] 41340,28095,-2203,808,4618,4618,4618,1519,1527,0,-67,1567,1432,2595,934,118,5801,25
17:18:08.314 [TLM] 41350,28109,-2204,793,4624,4624,4624,1425,1493,0,32,1467,1532,2283,2473,118,5801,25
17:18:08.348 [TLM] 41360,28124,-2205,778,4626,4626,4626,1477,1514,0,18,1481,1518,1947,2138,118,5801,25
17:18:08.348 [TLM] 41370,28139,-2207,764,4627,4627,4627,1456,1527,-2,458,1041,1958,-4261,8391,118,5801,25
17:18:08.382 [TLM] 41380,28154,-2208,749,4631,4631,4631,1511,1379,0,125,1374,1625,237,4552,118,22185,25
17:18:08.419 [TLM] 41390,28170,-2209,733,4634,4634,4634,1505,1548,0,-1,1501,1498,1933,1407,118,22185,25
17:18:08.419 [TLM] 41400,28183,-2210,720,4638,4638,4638,1472,1508,1,-248,1748,1251,6160,-1623,118,5929,25
17:18:08.453 [TLM] 41410,28199,-2211,704,4640,4640,4640,1450,1501,0,1,1498,1501,2872,2058,118,5929,25
17:18:08.454 [TLM] 41420,28215,-2212,688,4645,4645,4645,1310,1753,-3,34,1465,1534,3531,-340,118,5929,25
17:18:08.487 [TLM] 41430,28229,-2213,675,4657,4657,4657,1459,1508,-3,118,1381,1618,326,3637,118,5929,25
17:18:08.488 [TLM] 41440,28246,-2214,657,4673,4673,4673,1109,2081,-11,293,1206,1793,793,93,118,5929,25
17:18:08.522 [TLM] 41450,28262,-2214,641,4712,4712,4712,1045,2052,-14,688,811,2188,-4453,5300,118,5929,25
17:18:08.559 [TLM] 41460,28277,-2214,627,4766,4766,4766,1041,1896,-13,517,982,2017,-1751,3731,118,5929,25
17:18:08.561 [TLM] 41470,28293,-2212,610,4825,4825,4825,909,2466,-17,508,991,2008,-865,-1939,118,5929,25
17:18:08.593 [TLM] 41480,28307,-2210,597,4914,4914,4914,646,2016,-17,437,1062,1937,3759,2163,118,5929,25
17:18:08.594 [TLM] 41490,28320,-2207,584,5002,5002,5002,780,2101,-16,773,726,2273,-1854,5680,118,5929,25
17:18:08.627 [TLM] 41500,28335,-2202,569,5107,5107,5107,882,1857,-14,417,1082,1917,4474,1584,118,5929,25
17:18:08.630 [TLM] 41510,28350,-2196,556,5189,5189,5189,829,2081,-17,853,646,2353,-2126,7062,118,5929,25
17:18:08.662 [TLM] 41520,28365,-2188,543,5273,5273,5273,1101,1863,-14,531,968,2031,-678,5055,118,5929,25
17:18:08.698 [TLM] 41530,28381,-2179,531,5345,5345,5345,834,2345,-19,803,696,2303,-2360,4900,118,5929,25
17:18:08.698 [TLM] 41540,28395,-2170,519,5427,5427,5427,742,2064,-18,705,794,2205,986,4971,118,5929,25
17:18:08.733 [TLM] 41550,28409,-2160,509,5507,5507,5507,815,2118,-18,822,677,2322,-1225,6319,118,5929,25
17:18:08.734 [TLM] 41560,28425,-2149,499,5596,5596,5596,674,2208,-22,786,713,2286,348,4968,118,5929,25
17:18:08.767 [TLM] 41570,28439,-2137,490,5686,5686,5686,736,2476,-22,770,729,2270,-216,1218,118,5929,25
17:18:08.768 [TLM] 41580,28454,-2124,483,5801,5801,5801,726,2067,-19,651,848,2151,2337,4499,118,5929,25
17:18:08.802 [TLM] 41590,28466,-2113,478,5896,5896,5896,917,1479,-13,326,1173,1826,6148,7441,118,5929,25
17:18:08.844 [TLM] 41600,28483,-2097,472,5986,5986,5986,1094,2081,-18,1251,248,2751,-9714,12000,118,5929,25
17:18:08.844 [TLM] 41610,28498,-2082,468,6083,6083,6083,802,2231,-16,467,1032,1967,5120,314,118,5929,25
17:18:08.873 [TLM] 41620,28513,-2068,466,6177,6177,6177,916,2041,-13,-283,1783,1216,12000,-7895,118,5929,25
17:18:08.873 [TLM] 41630,28526,-2055,465,6247,6247,6247,1045,1934,-12,517,982,2017,2284,4292,118,5929,25
17:18:08.910 [TLM] 41640,28544,-2037,466,6330,6330,6330,921,2267,-15,270,1229,1770,6769,-3205,118,5929,25
17:18:08.911 [TLM] 41650,28558,-2023,467,6400,6400,6400,1011,1884,-16,821,678,2321,-2230,9435,118,5929,25
17:18:08.944 [TLM] 41660,28576,-2005,470,6477,6477,6477,730,2646,-21,704,795,2204,1884,-1971,118,5929,25
17:18:08.978 [TLM] 41670,28590,-1992,473,6563,6563,6563,909,1972,-19,510,989,2010,3516,2325,118,5929,25
17:18:08.979 [TLM] 41680,28606,-1977,478,6642,6642,6642,855,2218,-18,745,754,2245,-304,3711,118,5929,25
17:18:09.013 [TLM] 41690,28620,-1963,484,6726,6726,6726,605,2425,-22,805,694,2305,1269,2715,118,5929,25
17:18:09.013 [TLM] 41700,28635,-1950,491,6817,6817,6817,707,2098,-21,767,732,2267,1256,5144,118,5929,25
17:18:09.048 [TLM] 41710,28648,-1940,498,6894,6894,6894,781,2023,-21,922,577,2422,-1834,9046,118,5929,25
17:18:09.048 [TLM] 41720,28665,-1926,509,6995,6995,6995,785,2165,-18,629,870,2129,2787,2607,118,5929,25
17:18:09.082 [TLM] 41730,28680,-1916,519,7088,7088,7088,857,2211,-19,649,850,2149,1584,2979,118,5929,25
17:18:09.118 [TLM] 41740,28694,-1906,530,7181,7181,7181,807,2125,-18,653,846,2153,2196,3805,118,5929,25
17:18:09.119 [TLM] 41750,28709,-1898,542,7272,7272,7272,827,2122,-17,493,1006,1993,4676,1528,118,22313,25
17:18:09.153 [TLM] 41760,28723,-1891,554,7351,7351,7351,1108,1825,-13,1284,215,2784,-8591,12000,118,22313,25
17:18:09.154 [TLM] 41770,28737,-1884,567,7410,7410,7410,967,2229,-17,609,890,2109,1571,2019,118,6057,25
17:18:09.192 [TLM] 41780,28754,-1878,582,7489,7489,7489,1013,1960,-15,439,1060,1939,3476,2642,118,6057,25
17:18:09.193 [TLM] 41790,28767,-1873,594,7545,7545,7545,1073,1914,-9,-102,1602,1397,11331,-5105,118,6057,25
17:18:09.223 [TLM] 41800,28783,-1869,609,7586,7586,7586,1219,1807,-13,1175,324,2675,-9282,12000,118,6057,25
17:18:09.258 [TLM] 41810,28801,-1865,627,7638,7638,7638,1010,2513,-14,304,1195,1804,4507,-6149,118,6057,25
17:18:09.260 [TLM] 41820,28814,-1862,640,7696,7696,7696,1158,1765,-12,447,1052,1947,716,5634,118,6057,25
17:18:09.293 [TLM] 41830,28829,-1860,655,7752,7752,7752,989,1979,-10,-65,1565,1434,10295,-4690,118,6057,25
17:18:09.293 [TLM] 41840,28841,-1860,667,7797,7797,7797,1425,1234,-4,287,1212,1787,1183,9730,118,6057,25
17:18:09.327 [TLM] 41850,28857,-1859,683,7827,7827,7827,1303,1988,-4,185,1314,1685,3689,-1350,118,6057,25
17:18:09.328 [TLM] 41860,28873,-1859,699,7856,7856,7856,1453,1478,-2,47,1452,1547,4081,2481,118,6057,25
17:18:09.362 [TLM] 41870,28887,-1859,713,7866,7866,7866,1451,1355,1,-296,1796,1203,9915,-821,118,6057,25
17:18:09.398 [TLM] 41880,28902,-1859,728,7866,7866,7866,1534,1484,0,-2,1502,1497,4468,1972,118,6057,25
17:18:09.398 [TLM] 41890,28916,-1859,742,7863,7863,7863,1521,1480,0,46,1453,1546,3656,2843,118,6057,25
17:18:09.435 [TLM] 41900,28933,-1859,759,7859,7859,7859,1600,1518,0,3,1496,1503,2906,1828,118,6057,25
17:18:09.437 [TLM] 41910,28948,-1859,774,7852,7852,7852,1604,1470,0,-160,1660,1339,5008,64,118,6057,25
17:18:09.468 [TLM] 41920,28963,-1859,789,7835,7835,7835,1694,1292,6,-1443,2943,56,12000,-12000,118,6057,25
17:18:09.468 [TLM] 41930,28978,-1859,804,7808,7808,7808,1581,1525,0,-3,1503,1496,2024,2672,118,55209,25
17:18:09.502 [TLM] 41940,28994,-1858,820,7797,7797,7797,1513,1658,-5,158,1341,1658,-878,3733,118,55209,25
17:18:09.540 [TLM] 41950,29010,-1857,836,7803,7803,7803,1518,1577,-2,16,1483,1516,1200,1648,118,6058,25
17:18:09.543 [TLM] 41960,29025,-1856,851,7810,7810,7810,1420,1513,0,-6,1506,1493,2924,2276,118,6058,25
17:18:09.573 [TLM] 41970,29040,-1856,866,7810,7810,7810,1449,1545,0,41,1458,1541,1958,2545,118,6058,25
17:18:09.574 [TLM] 41980,29055,-1855,881,7810,7810,7810,1489,1571,1,-561,2061,938,10019,-6573,118,6058,25
17:18:09.608 [TLM] 41990,29069,-1854,895,7808,7808,7808,1517,1593,0,0,1500,1499,1679,901,118,6058,25
17:18:09.608 [TLM] 42000,29086,-1854,912,7807,7807,7807,1525,1529,0,-2,1502,1497,1481,1545,118,6058,25
17:18:09.644 [TLM] 42010,29101,-1853,926,7807,7807,7807,1503,1482,0,0,1500,1499,1813,2182,118,6058,25
17:18:09.678 [TLM] 42020,29115,-1852,941,7806,7806,7806,1494,1509,1,-63,1563,1436,3069,842,118,6058,25
17:18:09.679 [TLM] 42030,29129,-1852,954,7808,7808,7808,1411,1575,0,-21,1521,1478,3609,497,118,6058,25
17:18:09.712 [TLM] 42040,29145,-1851,971,7809,7809,7809,1442,1500,0,33,1466,1533,2585,2139,118,6058,25
17:18:09.713 [TLM] 42050,29160,-1850,986,7813,7813,7813,1475,1475,0,33,1466,1533,2382,2372,118,6058,25
17:18:09.748 [TLM] 42060,29175,-1850,1000,7812,7812,7812,1495,1400,2,-111,1611,1388,4667,929,118,6058,25
17:18:09.748 [TLM] 42070,29190,-1849,1015,7798,7798,7798,1612,1405,1,-2,1502,1497,1548,2717,118,6058,25
17:18:09.782 [TLM] 42080,29205,-1848,1030,7786,7786,7786,1514,1496,0,1,1498,1501,2480,1869,118,6058,25
17:18:09.818 [TLM] 42090,29220,-1847,1045,7777,7777,7777,1583,1520,0,181,1318,1681,-1799,6469,118,6058,25
17:18:09.818 [TLM] 42100,29234,-1846,1060,7775,7775,7775,1537,1280,0,278,1221,1778,-1979,8168,118,6058,25
17:18:09.854 [TLM] 42110,29250,-1844,1075,7768,7768,7768,1505,1495,0,0,1499,1500,1955,2128,118,6058,25
17:18:09.855 [TLM] 42120,29265,-1843,1090,7769,7769,7769,1436,1500,0,0,1499,1500,2820,2041,118,6058,25
17:18:09.888 [TLM] 42130,29278,-1842,1104,7769,7769,7769,1507,1504,0,-1,1501,1498,2043,1982,118,6058,25
17:18:09.890 [TLM] 42140,29295,-1841,1120,7770,7770,7770,1503,1464,0,46,1453,1546,1522,3109,118,6058,25
17:18:09.924 [TLM] 42150,29310,-1839,1135,7771,7771,7771,1524,1529,0,-16,1516,1483,2216,1302,118,6058,25
17:18:09.958 [TLM] 42160,29325,-1838,1150,7772,7772,7772,1536,1503,0,4,1495,1504,1930,1688,118,6058,25
17:18:09.993 [TLM] 42170,29340,-1837,1165,7772,7772,7772,1447,1562,0,-75,1575,1424,4084,-121,118,6058,25
17:18:09.994 [TLM] 42180,29355,-1836,1180,7768,7768,7768,1484,1476,0,3,1496,1503,2522,2181,118,6058,25
17:18:09.995 [TLM] 42190,29370,-1834,1195,7771,7771,7771,1195,1968,0,-6,1506,1493,6582,-4695,118,22442,25
17:18:10.029 [TLM] 42200,29384,-1833,1209,7782,7782,7782,1537,1417,7,-1520,3020,-20,12000,-12000,118,55210,25
17:18:10.030 [TLM] 42210,29398,-1832,1223,7787,7787,7787,1450,1504,0,52,1447,1552,3055,1792,118,6059,25
17:18:10.062 [TLM] 42220,29414,-1831,1239,7788,7788,7788,1447,1439,0,-354,1854,1145,8874,-2675,118,6059,25
17:18:10.098 [TLM] 42230,29429,-1830,1254,7786,7786,7786,1600,1519,0,-37,1537,1462,3343,859,118,6059,25
17:18:10.098 [TLM] 42240,29444,-1829,1269,7781,7781,7781,1489,1483,0,-5,1505,1494,3357,1783,118,6059,25
17:18:10.132 [TLM] 42250,29459,-1828,1284,7775,7775,7775,1512,1470,0,15,1484,1515,2590,2431,118,6059,25
17:18:10.133 [TLM] 42260,29474,-1827,1299,7770,7770,7770,1573,1538,1,-295,1795,1204,6217,-2962,118,6059,25
17:18:10.168 [TLM] 42270,29490,-1826,1314,7761,7761,7761,1572,1581,0,40,1459,1540,1040,1323,118,6059,25
17:18:10.169 [TLM] 42280,29504,-1824,1329,7753,7753,7753,1572,1458,-3,282,1217,1782,-3306,7100,118,6059,25
17:18:10.204 [TLM] 42290,29521,-1823,1345,7759,7759,7759,1521,1731,-2,-20,1520,1479,1130,-967,118,6059,25
17:18:10.240 [TLM] 42300,29535,-1821,1359,7762,7762,7762,1571,1433,-1,708,791,2208,-9228,12000,118,6059,25
17:18:10.241 [TLM] 42310,29551,-1820,1375,7768,7768,7768,1322,1864,-1,-264,1764,1235,7410,-6474,118,6059,25
17:18:10.273 [TLM] 42320,29564,-1819,1389,7775,7775,7775,1414,1442,0,66,1433,1566,2077,3300,118,6059,25
17:18:10.273 [TLM] 42330,29579,-1818,1404,7779,7779,7779,1441,1484,0,-15,1515,1484,3160,1731,118,6059,25
17:18:10.307 [TLM] 42340,29594,-1817,1418,7779,7779,7779,1496,1399,0,133,1366,1633,587,5263,118,6059,25
17:18:10.307 [TLM] 42350,29609,-1815,1433,7780,7780,7780,1512,1438,0,-1,1501,1498,2250,2581,118,55211,25
17:18:10.344 [TLM] 42360,29623,-1814,1447,7768,7768,7768,1378,1393,-1,158,1341,1658,1769,6098,118,55211,25
17:18:10.379 [TLM] 42370,29639,-1813,1463,7768,7768,7768,1377,1678,-2,-14,1514,1485,4283,-1835,118,6060,25
17:18:10.379 [TLM] 42380,29654,-1812,1478,7768,7768,7768,1435,1544,0,186,1313,1686,776,4156,118,6060,25
17:18:10.413 [TLM] 42390,29668,-1811,1492,7774,7774,7774,1451,1367,0,-65,1565,1434,4462,2920,118,6060,25
17:18:10.413 [TLM] 42400,29684,-1809,1508,7772,7772,7772,1488,1636,-1,78,1421,1578,1393,2009,118,6060,25
17:18:10.448 [TLM] 42410,29698,-1808,1522,7775,7775,7775,1442,1565,-1,16,1483,1516,3062,1389,118,6060,25
17:18:10.449 [TLM] 42420,29714,-1807,1538,7774,7774,7774,1436,1591,-1,73,1426,1573,2270,2081,118,6060,25
17:18:10.482 [TLM] 42430,29729,-1806,1553,7775,7775,7775,1414,1551,-1,47,1452,1547,2849,2080,118,6060,25
17:18:10.519 [TLM] 42440,29744,-1805,1567,7777,7777,7777,1500,1417,-1,1010,489,2510,-11212,12000,118,6060,25
17:18:10.519 [TLM] 42450,29759,-1803,1583,7776,7776,7776,1470,1657,-1,120,1379,1620,1414,1807,118,6060,25
17:18:10.554 [TLM] 42460,29773,-1802,1597,7773,7773,7773,1498,1324,1,6,1493,1506,3222,4061,118,6060,25
17:18:10.555 [TLM] 42470,29790,-1801,1614,7764,7764,7764,1362,1945,-3,43,1456,1543,3304,-2642,118,6060,25
17:18:10.588 [TLM] 42480,29804,-1800,1627,7769,7769,7769,1374,1361,-1,-66,1566,1433,5523,2175,118,6060,25
17:18:10.588 [TLM] 42490,29818,-1798,1642,7759,7759,7759,1388,1798,-4,71,1428,1571,2626,-352,118,6060,25
17:18:10.623 [TLM] 42500,29835,-1797,1659,7763,7763,7763,1398,1462,-3,80,1419,1580,2145,3286,118,22444,25
17:18:10.658 [TLM] 42510,29851,-1795,1674,7770,7770,7770,1329,1689,-2,-142,1642,1357,5838,-4095,118,6188,25
17:18:10.659 [TLM] 42520,29865,-1794,1689,7770,7770,7770,1471,1564,0,44,1455,1544,2033,1621,118,6188,25
17:18:10.692 [TLM] 42530,29879,-1793,1702,7764,7764,7764,1416,1305,0,-36,1536,1463,4359,3933,118,6188,25
17:18:10.693 [TLM] 42540,29894,-1792,1717,7756,7756,7756,1426,1455,4,-559,2059,940,12000,-5718,118,6188,25
17:18:10.729 [TLM] 42550,29908,-1790,1731,7742,7742,7742,1706,1191,7,-294,1794,1205,5810,1835,118,6188,25
17:18:10.729 [TLM] 42560,29921,-1788,1744,7718,7718,7718,1896,796,12,-514,2014,985,8206,2084,118,6188,25
17:18:10.764 [TLM] 42570,29939,-1786,1762,7680,7680,7680,1942,1423,10,-724,2224,775,8709,-7290,118,6188,25
17:18:10.797 [TLM] 42580,29952,-1783,1774,7621,7621,7621,2083,713,19,-578,2078,921,7018,2437,118,6188,25
17:18:10.798 [TLM] 42590,29969,-1778,1791,7536,7536,7536,2571,703,19,-694,2194,805,1758,1009,118,6188,25
17:18:10.832 [TLM] 42600,29983,-1773,1804,7443,7443,7443,2120,761,18,-666,2166,833,6134,1285,118,6188,25
17:18:10.833 [TLM] 42610,29999,-1766,1818,7356,7356,7356,2066,1091,14,-343,1843,1156,1491,2579,118,6188,25
17:18:10.868 [TLM] 42620,30012,-1759,1829,7282,7282,7282,2032,921,14,-524,2024,975,4404,1947,118,6188,25
17:18:10.868 [TLM] 42630,30026,-1751,1841,7178,7178,7178,2139,586,19,-689,2189,810,6422,4043,118,6188,25
17:18:10.904 [TLM] 42640,30042,-1740,1852,7082,7082,7082,2172,909,18,-647,2147,852,5452,848,118,6188,25
17:18:10.939 [TLM] 42650,30058,-1729,1863,6991,6991,6991,2150,1041,13,91,1408,1591,-6253,11110,118,6188,25
17:18:10.939 [TLM] 42660,30072,-1718,1872,6923,6923,6923,1955,878,20,-1329,2829,170,12000,-8601,118,6188,25
17:18:10.973 [TLM] 42670,30086,-1706,1880,6845,6845,6845,2423,588,22,-832,2332,667,5442,2156,118,6188,25
17:18:10.973 [TLM] 42680,30100,-1693,1887,6755,6755,6755,2234,627,23,-807,2307,692,7560,1823,118,6188,25
17:18:11.008 [TLM] 42690,30116,-1679,1893,6662,6662,6662,2249,919,13,397,1102,1897,-11105,12000,118,6188,25
17:18:11.011 [TLM] 42700,30132,-1664,1898,6585,6585,6585,1890,1032,4,-136,1636,1363,-1489,9355,118,6188,25
17:18:11.042 [TLM] 42710,30145,-1651,1902,6529,6529,6529,1642,1026,24,-1084,2584,415,12000,-7855,118,22572,25
17:18:11.079 [TLM] 42720,30155,-1641,1904,6463,6463,6463,2077,821,20,-311,1811,1188,4965,6824,118,6316,25
17:18:11.079 [TLM] 42730,30174,-1623,1907,6382,6382,6382,2234,913,16,-189,1689,1310,845,6743,118,6316,25
17:18:11.114 [TLM] 42740,30190,-1607,1908,6310,6310,6310,2117,996,10,-241,1741,1258,1098,6298,118,6316,25
17:18:11.116 [TLM] 42750,30205,-1592,1907,6249,6249,6249,2126,878,12,-397,1897,1102,2970,5563,118,6316,25
17:18:11.147 [TLM] 42760,30222,-1575,1906,6186,6186,6186,2006,1223,9,-19,1519,1480,-2072,6727,118,6316,25
17:18:11.149 [TLM] 42770,30238,-1560,1904,6144,6144,6144,1788,1390,6,-190,1690,1309,2438,2309,118,6316,25
17:18:11.182 [TLM] 42780,30254,-1544,1902,6110,6110,6110,1743,1405,5,-143,1643,1356,2129,2118,118,6316,25
17:18:11.216 [TLM] 42790,30268,-1529,1899,6087,6087,6087,1571,1753,0,127,1372,1627,-752,1956,118,6316,25
17:18:11.217 [TLM] 42800,30284,-1514,1896,6070,6070,6070,1586,1362,0,0,1500,1499,552,5117,118,6316,25
17:18:11.256 [TLM] 42810,30300,-1499,1892,6054,6054,6054,1608,1495,0,234,1265,1734,-3033,6314,118,6316,25
17:18:11.256 [TLM] 42820,30315,-1484,1889,6063,6063,6063,1320,1763,-3,-172,1672,1327,5798,-2450,118,6316,25
17:18:11.286 [TLM] 42830,30327,-1472,1886,6085,6085,6085,1433,1424,0,-70,1570,1429,3678,3190,118,6316,25
17:18:11.287 [TLM] 42840,30343,-1456,1883,6105,6105,6105,1575,1444,-1,213,1286,1713,-2145,6490,118,6316,25
17:18:11.325 [TLM] 42850,30360,-1439,1881,6130,6130,6130,1355,1585,1,-357,1857,1142,9136,-3928,118,6316,25
17:18:11.359 [TLM] 42860,30375,-1424,1879,6148,6148,6148,1438,1627,0,13,1486,1513,2618,1163,118,6316,25
17:18:11.361 [TLM] 42870,30390,-1410,1877,6157,6157,6157,1505,1390,1,-91,1591,1408,4326,1836,118,6316,25
17:18:11.395 [TLM] 42880,30405,-1395,1875,6154,6154,6154,1496,1570,0,4,1495,1504,2968,802,118,6316,25
17:18:11.396 [TLM] 42890,30420,-1380,1873,6152,6152,6152,1486,1492,1,-346,1846,1153,8123,-3184,118,6316,25
17:18:11.427 [TLM] 42900,30436,-1364,1871,6151,6151,6151,1511,1550,-1,97,1402,1597,793,2606,118,22828,25
17:18:11.427 [TLM] 42910,30451,-1349,1869,6155,6155,6155,1478,1558,0,-263,1763,1236,6030,-2630,118,6572,25
17:18:11.463 [TLM] 42920,30466,-1335,1867,6163,6163,6163,1450,1511,0,282,1217,1782,-898,5106,118,6572,25
17:18:11.500 [TLM] 42930,30480,-1320,1865,6158,6158,6158,1557,1407,1,-120,1620,1379,3507,2156,118,6572,25
17:18:11.501 [TLM] 42941,30495,-1305,1863,6155,6155,6155,1571,1421,0,-1,1501,1498,1582,2639,113,6572,25
17:18:11.532 [TLM] 42950,30510,-1291,1861,6147,6147,6147,1548,1446,3,-266,1766,1233,6514,-1730,113,6572,25
17:18:11.533 [TLM] 42960,30523,-1278,1860,6127,6127,6127,1630,1286,6,-259,1759,1240,5603,188,113,6572,25
17:18:11.568 [TLM] 42970,30538,-1263,1857,6094,6094,6094,1735,1287,7,-581,2081,918,8658,-4124,113,6572,25
17:18:11.568 [TLM] 42980,30554,-1248,1853,6043,6043,6043,1852,1085,9,-387,1887,1112,4929,1064,113,6572,25
17:18:11.603 [TLM] 42990,30569,-1233,1850,5984,5984,5984,1936,952,12,-436,1936,1063,4968,1933,113,6572,25
17:18:11.640 [TLM] 43000,30584,-1219,1844,5916,5916,5916,1953,1059,12,-476,1976,1023,5106,374,113,6572,25
17:18:11.640 [TLM] 43010,30599,-1205,1838,5851,5851,5851,1930,1187,8,-244,1744,1255,1273,2783,113,6572,25
17:18:11.673 [TLM] 43020,30614,-1192,1832,5797,5797,5797,1883,1042,14,-746,2246,753,9816,-3260,113,6572,25
17:18:11.673 [TLM] 43030,30628,-1180,1825,5714,5714,5714,2116,772,17,-575,2075,924,3130,3440,113,6572,25
17:18:11.708 [TLM] 43040,30641,-1169,1817,5638,5638,5638,2146,781,18,-684,2184,815,6183,1223,113,6572,25
17:18:11.708 [TLM] 43050,30658,-1156,1806,5540,5540,5540,2211,916,14,-129,1629,1370,-3129,7875,113,6572,25
17:18:11.744 [TLM] 43060,30674,-1145,1795,5459,5459,5459,2029,925,13,-616,2116,883,5330,1002,113,6572,25
17:18:11.778 [TLM] 43070,30688,-1135,1784,5376,5376,5376,2193,763,17,-582,2082,917,4004,2626,113,6572,25
17:18:11.779 [TLM] 43080,30703,-1127,1772,5284,5284,5284,2098,935,19,-672,2172,827,5996,-127,113,6572,25
17:18:11.812 [TLM] 43090,30719,-1119,1758,5193,5193,5193,2216,866,14,26,1473,1526,-6032,10871,113,6572,25
17:18:11.813 [TLM] 43100,30734,-1113,1744,5116,5116,5116,1957,1053,17,-897,2397,602,10384,-5041,113,6572,25
17:18:11.848 [TLM] 43110,30749,-1108,1730,5033,5033,5033,2280,814,18,-624,2124,875,2651,2310,113,6572,25
17:18:11.849 [TLM] 43120,30763,-1104,1717,4949,4949,4949,2064,828,17,-558,2058,941,4402,3116,113,6572,25
17:18:11.884 [TLM] 43130,30779,-1101,1701,4870,4870,4870,2072,1005,15,-376,1876,1123,1364,3463,113,6572,25
17:18:11.917 [TLM] 43140,30794,-1099,1686,4798,4798,4798,1862,1144,11,-510,2010,989,5046,686,113,6572,25
17:18:11.918 [TLM] 43150,30808,-1098,1673,4725,4725,4725,2095,702,16,-524,2024,975,3444,6581,113,6572,25
17:18:11.953 [TLM] 43160,30824,-1099,1656,4650,4650,4650,1996,1081,15,-629,2129,870,5768,-739,113,6572,25
17:18:11.953 [TLM] 43170,30838,-1100,1642,4581,4581,4581,2078,1005,15,-461,1961,1038,2562,3733,113,6572,25
17:18:11.988 [TLM] 43180,30854,-1103,1627,4516,4516,4516,1908,1088,11,-129,1629,1370,-550,6249,113,6572,25
17:18:11.988 [TLM] 43190,30870,-1107,1611,4456,4456,4456,1848,1336,13,-727,2227,772,8434,-5429,113,6572,25
17:18:12.022 [TLM] 43200,30883,-1110,1599,4384,4384,4384,2155,710,18,-598,2098,901,4003,3970,113,6572,25
17:18:12.058 [TLM] 43210,30897,-1116,1585,4310,4310,4310,1990,845,17,-630,2130,869,6485,1474,113,6572,25
17:18:12.060 [TLM] 43220,30914,-1123,1570,4240,4240,4240,2200,1037,14,-4,1504,1495,-5068,8151,113,6572,25
17:18:12.092 [TLM] 43230,30928,-1129,1558,4181,4181,4181,1922,874,13,-523,2023,976,6549,4207,113,6572,25
17:18:12.093 [TLM] 43240,30943,-1138,1545,4122,4122,4122,2207,744,19,-776,2276,723,6560,278,113,6572,25
17:18:12.129 [TLM] 43250,30957,-1146,1534,4046,4046,4046,2041,749,19,-631,2131,868,7042,2506,113,6572,25
17:18:12.130 [TLM] 43260,30973,-1156,1522,3970,3970,3970,1957,1162,14,-520,2020,979,5759,-441,113,6572,25
17:18:12.163 [TLM] 43270,30986,-1166,1513,3897,3897,3897,2092,703,19,-921,2421,578,10650,-1117,113,6572,25
17:18:12.198 [TLM] 43280,31002,-1177,1503,3799,3799,3799,2135,828,19,-628,2128,871,6055,1631,113,6572,25
17:18:12.198 [TLM] 43290,31017,-1190,1494,3703,3703,3703,1974,1101,14,-377,1877,1122,3691,2299,113,6572,25
17:18:12.234 [TLM] 43300,31032,-1203,1487,3623,3623,3623,1978,1021,12,-352,1852,1147,2854,3802,113,6572,25
17:18:12.234 [TLM] 43310,31048,-1217,1480,3561,3561,3561,1744,1337,10,-318,1818,1181,4603,-93,113,6572,25
17:18:12.270 [TLM] 43320,31061,-1230,1475,3504,3504,3504,1984,729,17,-781,2281,718,9615,681,113,6572,25
17:18:12.271 [TLM] 43330,31077,-1245,1470,3418,3418,3418,2020,1178,13,-418,1918,1081,3426,1431,113,6572,25
17:18:12.303 [TLM] 43340,31092,-1259,1466,3348,3348,3348,2028,860,13,-419,1919,1080,3392,4835,113,6572,25
17:18:12.342 [TLM] 43350,31108,-1275,1464,3283,3283,3283,1953,1178,9,116,1383,1616,-5917,9990,113,22956,25
17:18:12.343 [TLM] 43360,31123,-1290,1462,3242,3242,3242,1843,1133,12,-519,2019,980,6461,4,113,22956,25
17:18:12.372 [TLM] 43370,31139,-1306,1461,3192,3192,3192,2132,1061,12,-454,1954,1045,1247,2169,113,6700,25
17:18:12.374 [TLM] 43380,31153,-1320,1461,3136,3136,3136,1841,1033,12,-447,1947,1052,5483,2031,113,6700,25
17:18:12.409 [TLM] 43390,31167,-1334,1461,3086,3086,3086,1836,1379,7,3,1496,1503,-1565,4646,113,6700,25
17:18:12.409 [TLM] 43400,31184,-1351,1462,3037,3037,3037,1673,1271,7,-471,1971,1028,7311,-1725,113,6700,25
17:18:12.444 [TLM] 43410,31200,-1367,1464,2989,2989,2989,1486,1628,0,166,1333,1666,-728,3999,113,6700,25
17:18:12.478 [TLM] 43420,31215,-1381,1467,2961,2961,2961,1521,1453,0,0,1499,1500,1708,3009,113,6700,25
17:18:12.478 [TLM] 43430,31230,-1396,1470,2941,2941,2941,1457,1553,-3,266,1233,1766,-2144,6398,113,6700,25
17:18:12.512 [TLM] 43440,31246,-1412,1473,2944,2944,2944,1226,1921,-4,310,1189,1810,205,1385,113,6700,25
17:18:12.513 [TLM] 43450,31261,-1426,1476,2949,2949,2949,1363,1683,-6,671,828,2171,-6487,9643,113,6700,25
17:18:12.547 [TLM] 43460,31276,-1441,1479,2961,2961,2961,1322,1730,-5,94,1405,1594,1900,891,113,6700,25
17:18:12.547 [TLM] 43470,31290,-1456,1481,2979,2979,2979,1346,1600,-2,-39,1539,1460,3865,496,113,6700,25
17:18:12.583 [TLM] 43480,31304,-1469,1483,2987,2987,2987,1397,1426,-1,350,1149,1850,-1770,8215,113,6700,25
17:18:12.621 [TLM] 43490,31321,-1486,1486,2994,2994,2994,1406,1963,-5,473,1026,1973,-4534,5891,113,6700,25
17:18:12.628 [TLM] 43500,31335,-1500,1488,3007,3007,3007,1387,1355,0,-10,1510,1489,3867,2800,113,6700,25
17:18:12.651 [TLM] 43510,31351,-1516,1490,3007,3007,3007,1296,1994,-7,418,1081,1918,-2005,1493,113,6700,25
17:18:12.653 [TLM] 43520,31365,-1530,1492,3018,3018,3018,1463,1261,-1,-49,1549,1450,3204,3357,113,6700,25
17:18:12.688 [TLM] 43530,31381,-1546,1494,3014,3014,3014,1316,1936,-4,91,1408,1591,2531,-2225,113,6700,25
17:18:12.689 [TLM] 43540,31396,-1560,1496,3021,3021,3021,1365,1529,-4,55,1444,1555,2341,1949,113,6700,25
17:18:12.723 [TLM] 43550,31410,-1575,1497,3025,3025,3025,1284,1677,-4,169,1330,1669,1211,3320,113,6700,25
17:18:12.759 [TLM] 43560,31425,-1589,1499,3034,3034,3034,1356,1467,-2,60,1439,1560,2887,2870,113,6700,25
17:18:12.761 [TLM] 43570,31439,-1603,1500,3039,3039,3039,1387,1531,-3,283,1216,1783,-521,5602,113,6700,25
17:18:12.794 [TLM] 43580,31454,-1618,1502,3045,3045,3045,1380,1609,-1,-246,1746,1253,7509,-2518,113,6700,25
17:18:12.794 [TLM] 43590,31468,-1632,1503,3057,3057,3057,1413,1391,1,-182,1682,1317,7157,545,113,6700,25
17:18:12.827 [TLM] 43600,31483,-1647,1504,3050,3050,3050,1561,1468,1,-81,1581,1418,3693,1265,113,6700,25
17:18:12.829 [TLM] 43610,31499,-1662,1506,3047,3047,3047,1573,1397,0,87,1412,1587,819,4390,113,6700,25
17:18:12.862 [TLM] 43620,31513,-1677,1507,3036,3036,3036,1523,1404,-2,305,1194,1805,-2265,8303,113,6700,25
17:18:12.899 [TLM] 43630,31531,-1694,1509,3040,3040,3040,1275,2031,-3,53,1446,1553,4848,-6375,113,6700,25
17:18:12.900 [TLM] 43640,31545,-1708,1510,3044,3044,3044,1442,1524,-1,-5,1505,1494,3195,1362,113,6700,25
17:18:12.932 [TLM] 43650,31559,-1722,1512,3053,3053,3053,1398,1395,0,14,1485,1514,4614,1667,113,6700,25
17:18:12.970 [TLM] 43660,31574,-1738,1513,3055,3055,3055,1433,1606,0,-11,1511,1488,3866,414,113,6700,25
17:18:12.975 [TLM] 43670,31589,-1752,1514,3061,3061,3061,1457,1505,0,1,1498,1501,3465,1665,113,55852,25
17:18:12.976 [TLM] 43680,31604,-1768,1516,3059,3059,3059,1551,1480,0,-138,1638,1361,4067,171,113,55852,25
17:18:13.004 [TLM] 43690,31619,-1783,1517,3055,3055,3055,1545,1510,0,-153,1653,1346,4445,-404,113,6701,25
17:18:13.037 [TLM] 43700,31635,-1798,1518,3047,3047,3047,1630,1505,-1,300,1199,1800,-3877,6175,113,6701,25
17:18:13.039 [TLM] 43710,31650,-1813,1520,3042,3042,3042,1570,1483,0,30,1469,1530,439,2988,113,6701,25
17:18:13.073 [TLM] 43720,31665,-1828,1521,3043,3043,3043,1514,1443,0,56,1443,1556,963,3412,113,6701,25
17:18:13.073 [TLM] 43730,31680,-1843,1523,3038,3038,3038,1519,1495,0,135,1364,1635,-418,4143,113,6701,25
17:18:13.110 [TLM] 43740,31695,-1858,1524,3039,3039,3039,1465,1493,0,37,1462,1537,1541,2796,113,6701,25
17:18:13.112 [TLM] 43750,31710,-1873,1526,3039,3039,3039,1451,1650,0,-147,1647,1352,4223,-1667,113,6701,25
17:18:13.143 [TLM] 43760,31724,-1887,1527,3036,3036,3036,1458,1479,-2,-12,1512,1487,1851,2997,113,6701,25
17:18:13.178 [TLM] 43770,31738,-1901,1529,3048,3048,3048,1473,1371,1,-280,1780,1219,6468,1297,113,6701,25
17:18:13.178 [TLM] 43780,31755,-1917,1530,3052,3052,3052,1616,1539,0,-1,1501,1498,49,2272,113,6701,25
17:18:13.212 [TLM] 43790,31770,-1932,1531,3063,3063,3063,1444,1597,0,-2,1502,1497,2315,1081,113,6701,25
17:18:13.213 [TLM] 43800,31784,-1947,1532,3071,3071,3071,1403,1548,1,-351,1851,1148,8195,-3534,113,6701,25
17:18:13.247 [TLM] 43810,31800,-1962,1533,3072,3072,3072,1431,1557,0,-44,1544,1455,2906,120,113,6701,25
17:18:13.248 [TLM] 43820,31815,-1977,1534,3072,3072,3072,1532,1482,0,-97,1597,1402,3016,886,113,6701,25
17:18:13.282 [TLM] 43830,31830,-1992,1536,3070,3070,3070,1544,1454,2,-232,1732,1267,5185,-1255,113,6701,25
17:18:13.318 [TLM] 43840,31845,-2007,1537,3063,3063,3063,1563,1520,0,-43,1543,1456,1707,1310,113,6701,25
17:18:13.319 [TLM] 43850,31860,-2023,1538,3063,3063,3063,1426,1626,-1,93,1406,1593,1268,535,113,6701,25
17:18:13.352 [TLM] 43860,31874,-2036,1539,3059,3059,3059,1460,1361,0,163,1336,1663,667,5691,113,6701,25
17:18:13.354 [TLM] 43870,31890,-2052,1540,3054,3054,3054,1421,1587,1,-165,1665,1334,6076,-2272,113,6701,25
17:18:13.390 [TLM] 43880,31905,-2067,1542,3049,3049,3049,1614,1423,0,52,1447,1552,365,3133,113,6701,25
17:18:13.390 [TLM] 43890,31919,-2081,1543,3047,3047,3047,1309,1533,0,-940,2440,559,12000,-9779,113,6701,25
17:18:13.423 [TLM] 43900,31933,-2095,1544,3051,3051,3051,1543,1500,0,-15,1515,1484,3150,1873,113,55853,25
17:18:13.459 [TLM] 43910,31948,-2110,1546,3049,3049,3049,1498,1420,1,-10,1510,1489,4293,2753,113,39469,25
17:18:13.462 [TLM] 43920,31962,-2124,1547,3044,3044,3044,1612,1358,2,-19,1519,1480,3071,3392,113,6702,25
17:18:13.493 [TLM] 43930,31978,-2140,1549,3034,3034,3034,1583,1574,0,40,1459,1540,2042,1610,113,6702,25
17:18:13.494 [TLM] 43940,31994,-2155,1550,3027,3027,3027,1535,1458,1,-454,1954,1045,9188,-4012,113,6702,25
17:18:13.528 [TLM] 43950,32009,-2170,1552,3016,3016,3016,1516,1485,0,94,1405,1594,1460,3508,113,6702,25
17:18:13.529 [TLM] 43960,32024,-2185,1554,3003,3003,3003,1575,1472,0,-6,1506,1493,1821,2305,113,6702,25
17:18:13.562 [TLM] 43970,32040,-2201,1556,2999,2999,2999,1488,1701,-2,67,1432,1567,1105,655,113,6702,25
17:18:13.599 [TLM] 43980,32054,-2215,1558,3005,3005,3005,1408,1498,-1,28,1471,1528,2873,2498,113,6702,25
17:18:13.599 [TLM] 43990,32069,-2230,1560,3009,3009,3009,1493,1548,0,-154,1654,1345,4468,-739,113,6702,25
17:18:13.632 [TLM] 44000,32084,-2245,1562,3015,3015,3015,1455,1502,0,-144,1644,1355,5077,-212,113,6702,25
17:18:13.633 [TLM] 44010,32099,-2260,1564,3014,3014,3014,1440,1608,-2,87,1412,1587,1473,2218,113,6702,25
17:18:13.668 [TLM] 44020,32114,-2275,1566,3024,3024,3024,1487,1446,0,-16,1516,1483,2688,1972,113,6702,25
17:18:13.703 [TLM] 44030,32129,-2290,1568,3027,3027,3027,1532,1523,0,0,1500,1499,1901,1747,113,6702,25
17:18:13.703 [TLM] 44040,32144,-2304,1569,3033,3033,3033,1500,1493,0,-3,1503,1496,2486,1996,113,6702,25
17:18:13.739 [TLM] 44050,32159,-2320,1571,3034,3034,3034,1637,1455,0,-151,1651,1348,2507,1213,113,6702,25
17:18:13.739 [TLM] 44060,32175,-2335,1573,3030,3030,3030,1636,1390,0,30,1469,1530,-79,3619,113,6702,25
17:18:13.774 [TLM] 44070,32190,-2351,1574,3029,3029,3029,1416,1746,-1,18,1481,1518,2611,-948,113,6702,25
17:18:13.774 [TLM] 44080,32205,-2365,1576,3034,3034,3034,1435,1510,0,18,1481,1518,2415,1991,113,6702,25
17:18:13.808 [TLM] 44090,32219,-2379,1577,3037,3037,3037,1481,1535,0,11,1488,1511,1936,1459,113,6702,25
17:18:13.810 [TLM] 44100,32235,-2395,1579,3040,3040,3040,1515,1505,0,-32,1532,1467,2311,1274,113,6702,25
17:18:13.843 [TLM] 44110,32249,-2409,1581,3040,3040,3040,1537,1358,0,100,1399,1600,-35,5177,113,6702,25
17:18:13.879 [TLM] 44120,32263,-2423,1582,3056,3056,3056,1440,1367,0,0,1500,1499,3270,3550,113,55854,25
17:18:13.880 [TLM] 44130,32277,-2437,1583,3069,3069,3069,1578,1535,0,-128,1628,1371,3384,-307,113,55854,25
17:18:13.913 [TLM] 44140,32293,-2453,1584,3075,3075,3075,1480,1438,2,-87,1587,1412,4349,1193,113,6703,25
17:18:13.913 [TLM] 44150,32308,-2468,1585,3072,3072,3072,1499,1501,1,-127,1627,1372,4603,-103,113,6703,25
17:18:13.946 [TLM] 44160,32324,-2483,1586,3070,3070,3070,1485,1586,0,29,1470,1529,2504,988,113,6703,25
17:18:13.947 [TLM] 44170,32338,-2498,1587,3069,3069,3069,1524,1387,0,419,1080,1919,-3342,8851,113,6703,25
17:18:13.982 [TLM] 44180,32354,-2513,1588,3060,3060,3060,1552,1465,0,19,1480,1519,1520,2664,113,6703,25
17:18:14.018 [TLM] 44190,32369,-2529,1590,3058,3058,3058,1440,1547,0,-115,1615,1384,4714,-1328,113,6703,25
17:18:14.018 [TLM] 44200,32384,-2543,1591,3059,3059,3059,1587,1445,1,-65,1565,1434,2411,1811,113,6703,25
17:18:14.052 [TLM] 44210,32398,-2558,1592,3056,3056,3056,1472,1486,0,24,1475,1524,2512,2581,113,6703,25
17:18:14.053 [TLM] 44220,32414,-2574,1593,3056,3056,3056,1600,1541,0,-253,1753,1246,4674,-2327,113,6703,25
17:18:14.090 [TLM] 44230,32428,-2588,1595,3054,3054,3054,1547,1576,0,47,1452,1547,828,1193,113,6703,25
17:18:14.090 [TLM] 44240,32445,-2604,1596,3052,3052,3052,1531,1535,0,-14,1514,1485,1922,650,113,6703,25
17:18:14.121 [TLM] 44250,32459,-2619,1597,3049,3049,3049,1557,1446,0,-2,1502,1497,1324,2102,113,6703,25
17:18:14.155 [TLM] 44260,32475,-2634,1599,3045,3045,3045,1517,1527,0,0,1499,1500,1762,1216,113,6703,25
17:18:14.156 [TLM] 44270,32489,-2648,1600,3041,3041,3041,1512,1485,0,0,1500,1499,1800,1848,113,6703,25
17:18:14.192 [TLM] 44280,32504,-2663,1602,3037,3037,3037,1579,1428,1,75,1424,1575,157,3335,113,6703,25
17:18:14.192 [TLM] 44290,32520,-2679,1604,3037,3037,3037,1393,1785,0,116,1383,1616,1417,-483,113,6703,25
17:18:14.226 [TLM] 44300,32534,-2693,1605,3033,3033,3033,1541,1356,1,-45,1545,1454,2202,2809,113,6703,25
17:18:14.226 [TLM] 44310,32549,-2708,1607,3023,3023,3023,1543,1476,1,-124,1624,1375,3135,68,113,6703,25
17:18:14.261 [TLM] 44320,32564,-2723,1609,3017,3017,3017,1509,1517,0,1,1498,1501,1709,1449,113,6703,25
17:18:14.297 [TLM] 44330,32579,-2737,1610,3015,3015,3015,1481,1492,0,2,1497,1502,2242,2067,113,6703,25
17:18:14.297 [TLM] 44340,32594,-2752,1612,3011,3011,3011,1606,1313,0,-18,1518,1481,273,4581,113,55855,25
17:18:14.331 [TLM] 44350,32608,-2767,1614,3000,3000,3000,1635,1257,-5,2238,-738,3738,-12000,12000,113,55855,25
17:18:14.332 [TLM] 44360,32623,-2781,1616,2998,2998,2998,1267,1860,-6,224,1275,1724,-443,3684,113,6704,25
17:18:14.366 [TLM] 44370,32639,-2797,1619,3023,3023,3023,1235,1727,-3,-57,1557,1442,4322,-87,113,6704,25
17:18:14.367 [TLM] 44380,32654,-2812,1620,3044,3044,3044,1416,1581,0,-84,1584,1415,3345,872,113,6704,25
17:18:14.401 [TLM] 44390,32668,-2826,1621,3055,3055,3055,1397,1565,0,-171,1671,1328,5341,-309,113,6704,25
17:18:14.437 [TLM] 44400,32683,-2841,1623,3064,3064,3064,1389,1569,0,-97,1597,1402,4768,444,113,6704,25
17:18:14.437 [TLM] 44410,32698,-2856,1624,3073,3073,3073,1447,1507,0,-173,1673,1326,5461,-284,113,6704,25
17:18:14.471 [TLM] 44420,32713,-2871,1625,3074,3074,3074,1516,1525,0,-110,1610,1389,3603,389,113,6704,25
17:18:14.472 [TLM] 44430,32728,-2886,1626,3074,3074,3074,1549,1501,0,-34,1534,1465,2203,1579,113,6704,25
17:18:14.509 [TLM] 44440,32744,-2901,1627,3069,3069,3069,1553,1470,0,-15,1515,1484,1959,2167,113,6704,25
17:18:14.509 [TLM] 44450,32758,-2916,1628,3064,3064,3064,1523,1473,0,0,1499,1500,1968,2521,113,6704,25
17:18:14.542 [TLM] 44460,32773,-2931,1629,3059,3059,3059,1680,1275,-1,492,1007,1992,-7195,12000,113,6704,25
17:18:14.579 [TLM] 44470,32789,-2947,1630,3056,3056,3056,1564,1545,1,-283,1783,1216,5262,-2627,113,6704,25
17:18:14.580 [TLM] 44480,32804,-2961,1632,3048,3048,3048,1532,1515,0,0,1500,1499,1121,2183,113,6704,25
17:18:14.611 [TLM] 44490,32819,-2976,1633,3043,3043,3043,1496,1473,0,-37,1537,1462,2170,1762,113,6704,25
17:18:14.612 [TLM] 44500,32834,-2991,1635,3032,3032,3032,1533,1454,1,137,1362,1637,-653,4425,113,6704,25
17:18:14.647 [TLM] 44510,32849,-3007,1636,3025,3025,3025,1458,1624,-2,355,1144,1855,-3197,5730,113,6704,25
17:18:14.647 [TLM] 44520,32864,-3021,1638,3027,3027,3027,1470,1437,-1,89,1410,1589,437,4112,113,6704,25
17:18:14.682 [TLM] 44530,32880,-3037,1640,3029,3029,3029,1446,1634,-4,225,1274,1725,-1804,4043,113,6704,25
17:18:14.718 [TLM] 44540,32894,-3051,1641,3046,3046,3046,1370,1346,0,-101,1601,1398,4650,2150,113,6704,25
17:18:14.718 [TLM] 44550,32910,-3066,1643,3053,3053,3053,1469,1611,0,0,1499,1500,2144,458,113,6704,25
17:18:14.752 [TLM] 44560,32924,-3081,1644,3059,3059,3059,1444,1483,0,0,1499,1500,2733,2004,113,6704,25
17:18:14.752 [TLM] 44570,32939,-3095,1645,3062,3062,3062,1494,1515,0,0,1500,1499,2387,1593,113,6704,25
17:18:14.787 [TLM] 44580,32954,-3110,1646,3061,3061,3061,1585,1430,0,-68,1568,1431,2122,1818,113,6704,25
17:18:14.787 [TLM] 44590,32969,-3125,1648,3061,3061,3061,1508,1445,0,-23,1523,1476,2398,2286,113,6704,25
17:18:14.822 [TLM] 44600,32984,-3140,1649,3061,3061,3061,1527,1450,0,634,865,2134,-6705,11041,113,6704,25
17:18:14.857 [TLM] 44610,32999,-3156,1650,3059,3059,3059,1439,1568,0,-7,1507,1492,3013,602,113,55856,25
17:18:14.857 [TLM] 44620,33014,-3171,1651,3049,3049,3049,1577,1461,0,-1,1501,1498,1048,2236,113,39472,25
17:18:14.894 [TLM] 44630,33029,-3186,1653,3039,3039,3039,1549,1519,0,-1,1501,1498,1267,1573,113,6705,25
17:18:14.894 [TLM] 44640,33044,-3201,1654,3031,3031,3031,1625,1403,0,253,1246,1753,-3267,6410,113,6705,25
17:18:14.927 [TLM] 44650,33058,-3214,1656,3023,3023,3023,1535,1498,0,-216,1716,1283,4174,-1095,113,6705,25
17:18:14.927 [TLM] 44660,33074,-3230,1658,3018,3018,3018,1534,1398,0,78,1421,1578,-21,4484,113,6705,25
17:18:14.962 [TLM] 44670,33089,-3245,1660,3018,3018,3018,1504,1522,0,83,1416,1583,428,2794,113,6705,25
17:18:14.996 [TLM] 44680,33105,-3261,1662,3019,3019,3019,1383,1664,0,42,1457,1542,2501,430,113,6705,25
17:18:14.997 [TLM] 44690,33119,-3275,1663,3023,3023,3023,1522,1456,0,0,1500,1499,1530,2346,113,6705,25
17:18:15.032 [TLM] 44700,33134,-3290,1665,3022,3022,3022,1438,1640,0,19,1480,1519,2502,232,113,6705,25
17:18:15.033 [TLM] 44710,33147,-3302,1667,3028,3028,3028,1397,1448,-1,227,1272,1727,250,5788,113,6705,25
17:18:15.067 [TLM] 44720,33163,-3319,1668,3039,3039,3039,1461,1480,0,0,1499,1500,3064,2055,113,6705,25
17:18:15.068 [TLM] 44730,33178,-3334,1670,3047,3047,3047,1481,1576,0,0,1500,1499,3028,1108,113,6705,25
17:18:15.103 [TLM] 44740,33193,-3348,1671,3052,3052,3052,1410,1522,-1,92,1407,1592,2419,3184,113,6705,25
17:18:15.137 [TLM] 44750,33208,-3363,1672,3057,3057,3057,1624,1194,0,-243,1743,1256,5082,730,113,6705,25
17:18:15.138 [TLM] 44760,33224,-3379,1674,3053,3053,3053,1648,1552,0,119,1380,1619,-1501,3501,113,6705,25
17:18:15.174 [TLM] 44770,33239,-3394,1675,3062,3062,3062,1496,1469,0,-88,1588,1411,3302,1381,113,23089,25
17:18:15.174 [TLM] 44780,33254,-3409,1676,3063,3063,3063,1587,1562,0,0,1500,1499,695,1515,113,23089,25
17:18:15.207 [TLM] 44790,33269,-3424,1677,3063,3063,3063,1525,1493,0,51,1448,1551,747,2813,113,6833,25
17:18:15.207 [TLM] 44800,33284,-3439,1679,3062,3062,3062,1472,1479,-1,212,1287,1712,-855,5293,113,6833,25
17:18:15.243 [TLM] 44810,33300,-3455,1680,3067,3067,3067,1158,2011,-6,319,1180,1819,935,299,113,6833,25
17:18:15.277 [TLM] 44820,33315,-3470,1681,3086,3086,3086,1204,1834,-9,37,1462,1537,3456,-1137,113,6833,25
17:18:15.277 [TLM] 44830,33331,-3486,1681,3126,3126,3126,910,2325,-15,836,663,2336,-4941,4364,113,6833,25
17:18:15.312 [TLM] 44840,33347,-3502,1681,3191,3191,3191,734,2300,-20,1163,336,2663,-7061,8206,113,6833,25
17:18:15.312 [TLM] 44850,33361,-3516,1680,3261,3261,3261,868,2041,-20,697,802,2197,-2572,5685,113,6833,25
17:18:15.348 [TLM] 44860,33375,-3530,1677,3340,3340,3340,640,2526,-28,585,914,2085,1118,-1643,113,6833,25
17:18:15.349 [TLM] 44870,33392,-3546,1673,3463,3463,3463,318,2660,-29,1057,442,2557,-2025,3389,113,6833,25
17:18:15.382 [TLM] 44880,33403,-3556,1669,3592,3592,3592,651,1619,-23,646,853,2146,1317,10771,113,6833,25
17:18:15.417 [TLM] 44890,33417,-3568,1662,3725,3725,3725,468,2192,-16,1067,432,2567,1589,9658,113,6833,25
17:18:15.417 [TLM] 44900,33433,-3581,1652,3859,3859,3859,562,2647,-30,1688,-188,3188,-12000,12000,113,6833,25
17:18:15.462 [TLM] 44910,33448,-3592,1641,3991,3991,3991,301,2791,-28,995,504,2495,2050,92,113,6833,25
17:18:15.462 [TLM] 44920,33459,-3598,1632,4117,4117,4117,488,1683,-19,606,893,2106,7625,8768,113,6833,25
17:18:15.488 [TLM] 44930,33474,-3606,1620,4215,4215,4215,765,2209,-28,2076,-576,3576,-12000,12000,113,6833,25
17:18:15.488 [TLM] 44941,33490,-3613,1605,4348,4348,4348,506,2507,-27,911,588,2411,2194,4497,115,6833,25
17:18:15.520 [TLM] 44950,33505,-3617,1591,4461,4461,4461,620,2488,-26,883,616,2383,1102,3682,115,6833,25
17:18:15.556 [TLM] 44960,33521,-3620,1575,4595,4595,4595,559,2393,-25,900,599,2400,1840,5104,115,6833,25
17:18:15.557 [TLM] 44970,33537,-3620,1559,4717,4717,4717,575,2637,-25,892,607,2392,1947,1192,115,6833,25
17:18:15.591 [TLM] 44980,33552,-3619,1544,4836,4836,4836,576,2294,-19,-1038,2538,461,12000,-12000,115,6833,25
17:18:15.592 [TLM] 44990,33563,-3617,1533,4929,4929,4929,615,2151,-19,779,720,2279,5292,4691,115,6833,25
17:18:15.626 [TLM] 45000,33584,-3612,1513,5044,5044,5044,962,2581,-25,1148,351,2648,-6430,5175,115,6833,25
17:18:15.627 [TLM] 45010,33596,-3607,1502,5157,5157,5157,482,2183,-25,895,604,2395,3446,7054,115,6833,25
17:18:15.662 [TLM] 45020,33614,-3598,1487,5271,5271,5271,727,2556,-25,847,652,2347,763,756,115,6833,25
17:18:15.697 [TLM] 45030,33625,-3592,1478,5379,5379,5379,532,1865,-18,431,1068,1931,10863,2106,115,6833,25
17:18:15.697 [TLM] 45040,33638,-3583,1468,5481,5481,5481,724,2059,-16,706,793,2206,6886,4815,115,6833,25
17:18:15.731 [TLM] 45050,33653,-3572,1458,5571,5571,5571,755,1965,-19,1110,389,2610,87,12000,115,6833,25
17:18:15.732 [TLM] 45060,33669,-3559,1448,5664,5664,5664,928,2325,-18,603,896,2103,5589,904,115,6833,25
17:18:15.766 [TLM] 45070,33683,-3548,1441,5739,5739,5739,1037,2014,-17,613,886,2113,3128,4919,115,6833,25
17:18:15.767 [TLM] 45080,33700,-3533,1432,5822,5822,5822,1030,2114,-17,580,919,2080,3302,3283,115,6833,25
17:18:15.801 [TLM] 45090,33714,-3520,1427,5898,5898,5898,1015,1823,-13,758,741,2258,1415,8750,115,6833,25
17:18:15.837 [TLM] 45100,33730,-3504,1421,5948,5948,5948,1154,2177,-14,367,1132,1867,4518,-391,115,6833,25
17:18:15.837 [TLM] 45110,33747,-3488,1416,5995,5995,5995,1064,2030,-15,520,979,2020,2913,2117,115,6833,25
17:18:15.872 [TLM] 45120,33762,-3474,1412,6034,6034,6034,1078,2082,-16,1017,482,2517,-4863,9317,115,6833,25
17:18:15.872 [TLM] 45130,33777,-3459,1409,6079,6079,6079,1090,1906,-13,340,1159,1840,4506,1426,115,6833,25
17:18:15.909 [TLM] 45140,33792,-3445,1406,6116,6116,6116,1071,1827,-12,446,1053,1946,3170,4514,115,6833,25
17:18:15.909 [TLM] 45150,33807,-3429,1404,6160,6160,6160,1196,1893,-11,297,1202,1797,3321,1589,115,6833,25
17:18:15.942 [TLM] 45160,33821,-3415,1402,6199,6199,6199,1257,1589,-6,215,1284,1715,4497,3782,115,6833,25
17:18:15.976 [TLM] 45170,33837,-3400,1401,6221,6221,6221,1489,1496,-4,164,1335,1664,1953,4485,115,6833,25
17:18:15.977 [TLM] 45180,33852,-3385,1401,6239,6239,6239,1358,1635,-6,356,1143,1856,395,6063,115,6833,25
17:18:16.013 [TLM] 45190,33866,-3370,1400,6260,6260,6260,1530,1381,-1,-45,1545,1454,4530,3190,115,6833,25
17:18:16.013 [TLM] 45200,33882,-3355,1400,6265,6265,6265,1550,1549,0,0,1500,1499,3404,1769,115,6833,25
17:18:16.047 [TLM] 45210,33896,-3341,1400,6268,6268,6268,1558,1518,0,0,1500,1499,3422,1958,115,6833,25
17:18:16.047 [TLM] 45220,33913,-3324,1399,6266,6266,6266,1583,1434,0,113,1386,1613,1309,4325,115,6833,25
17:18:16.081 [TLM] 45230,33928,-3309,1399,6261,6261,6261,1478,1605,0,-80,1580,1419,4967,-467,115,6833,25
17:18:16.116 [TLM] 45240,33941,-3296,1399,6253,6253,6253,1369,1379,0,-2,1502,1497,5525,4229,115,55985,25
17:18:16.118 [TLM] 45250,33958,-3278,1398,6257,6257,6257,1382,2093,5,-560,2060,939,12000,-12000,115,55985,25
17:18:16.151 [TLM] 45260,33972,-3265,1398,6250,6250,6250,1783,1232,6,-234,1734,1265,4960,920,115,6834,25
17:18:16.152 [TLM] 45270,33988,-3249,1397,6224,6224,6224,1656,1363,1,-16,1516,1483,2164,3094,115,6834,25
17:18:16.186 [TLM] 45280,34003,-3234,1396,6212,6212,6212,1702,1369,0,179,1320,1679,-2066,6047,115,6834,25
17:18:16.187 [TLM] 45290,34019,-3218,1395,6198,6198,6198,1590,1539,0,-148,1648,1351,3684,-621,115,6834,25
17:18:16.222 [TLM] 45300,34034,-3203,1393,6189,6189,6189,1534,1490,0,0,1500,1499,1929,2069,115,6834,25
17:18:16.258 [TLM] 45310,34049,-3188,1392,6184,6184,6184,1550,1472,0,-2,1502,1497,1118,1851,115,6834,25
17:18:16.258 [TLM] 45320,34064,-3173,1390,6181,6181,6181,1522,1524,0,0,1499,1500,1832,1684,115,6834,25
17:18:16.292 [TLM] 45330,34079,-3158,1389,6180,6180,6180,1566,1406,0,236,1263,1736,-2063,6280,115,6834,25
17:18:16.292 [TLM] 45340,34095,-3142,1387,6182,6182,6182,1447,1668,0,-68,1568,1431,3739,-1539,115,6834,25
17:18:16.327 [TLM] 45350,34109,-3129,1386,6184,6184,6184,1476,1555,0,-58,1558,1441,3162,-25,115,6834,25
17:18:16.327 [TLM] 45360,34125,-3113,1384,6181,6181,6181,1467,1492,0,-1,1501,1498,2568,1713,115,6834,25
17:18:16.362 [TLM] 45370,34140,-3098,1383,6177,6177,6177,1481,1434,0,0,1500,1499,2329,2470,115,6834,25
17:18:16.397 [TLM] 45380,34154,-3083,1381,6174,6174,6174,1549,1409,-1,122,1377,1622,-452,4885,115,6834,25
17:18:16.398 [TLM] 45390,34170,-3068,1380,6176,6176,6176,1449,1614,-1,116,1383,1616,805,2200,115,6834,25
17:18:16.432 [TLM] 45400,34185,-3053,1378,6185,6185,6185,1501,1579,-1,52,1447,1552,1019,1723,115,6834,25
17:18:16.432 [TLM] 45410,34199,-3038,1377,6193,6193,6193,1380,1542,0,-93,1593,1406,4819,44,115,6834,25
17:18:16.467 [TLM] 45420,34214,-3024,1375,6194,6194,6194,1469,1370,1,-181,1681,1318,5389,801,115,6834,25
17:18:16.468 [TLM] 45430,34229,-3009,1374,6188,6188,6188,1371,1632,0,-81,1581,1418,5343,-994,115,6834,25
17:18:16.503 [TLM] 45440,34244,-2995,1373,6186,6186,6186,1570,1386,1,-28,1528,1471,2624,2698,115,6834,25
17:18:16.538 [TLM] 45450,34259,-2979,1371,6177,6177,6177,1564,1472,0,131,1368,1631,-13,4069,115,6834,25
17:18:16.572 [TLM] 45460,34274,-2964,1369,6171,6171,6171,1561,1533,0,48,1451,1548,912,2438,115,6834,25
17:18:16.606 [TLM] 45470,34289,-2949,1368,6168,6168,6168,1602,1398,2,-240,1740,1259,4663,-382,115,6834,25
17:18:16.607 [TLM] 45480,34305,-2934,1366,6165,6165,6165,1506,1546,0,1,1498,1501,2174,1296,115,6834,25
17:18:16.608 [TLM] 45490,34318,-2921,1364,6164,6164,6164,1483,1506,0,-1,1501,1498,2507,1812,115,6834,25
17:18:16.610 [TLM] 45500,34335,-2904,1362,6166,6166,6166,1460,1558,0,0,1500,1499,2836,950,115,55986,25
17:18:16.642 [TLM] 45510,34350,-2889,1361,6167,6167,6167,1523,1468,0,1559,-59,3059,-12000,12000,115,55986,25
17:18:16.679 [TLM] 45520,34365,-2874,1359,6160,6160,6160,1508,1562,1,-483,1983,1016,9208,-5542,115,6835,25
17:18:16.679 [TLM] 45530,34380,-2859,1357,6162,6162,6162,1543,1547,0,-7,1507,1492,1802,1088,115,6835,25
17:18:16.711 [TLM] 45540,34395,-2844,1355,6156,6156,6156,1508,1555,-1,89,1410,1589,353,2697,115,6835,25
17:18:16.713 [TLM] 45550,34410,-2829,1353,6160,6160,6160,1418,1518,-1,17,1482,1517,2513,2137,115,6835,25
17:18:16.747 [TLM] 45560,34425,-2814,1351,6164,6164,6164,1501,1482,0,-2,1502,1497,1842,2117,115,6835,25
17:18:16.747 [TLM] 45570,34440,-2799,1350,6164,6164,6164,1568,1395,0,-20,1520,1479,1107,3121,115,6835,25
17:18:16.782 [TLM] 45580,34455,-2785,1348,6161,6161,6161,1494,1340,0,5,1494,1505,1794,4268,115,6835,25
17:18:16.817 [TLM] 45590,34471,-2769,1346,6161,6161,6161,1393,1767,-2,13,1486,1513,621,757,115,6835,25
17:18:16.817 [TLM] 45600,34484,-2756,1345,6181,6181,6181,1545,1184,0,-2,1502,1497,1251,6651,115,6835,25
17:18:16.854 [TLM] 45610,34500,-2739,1343,6201,6201,6201,1582,1589,0,-1,1501,1498,412,1506,115,6835,25
17:18:16.855 [TLM] 45620,34515,-2725,1342,6219,6219,6219,1490,1431,5,-585,2085,914,10895,-5913,115,6835,25
17:18:16.887 [TLM] 45630,34528,-2712,1341,6212,6212,6212,1577,1415,0,277,1222,1777,-2743,7230,115,6835,25
17:18:16.887 [TLM] 45640,34545,-2695,1340,6210,6210,6210,1573,1221,5,-645,2145,854,11286,-4527,115,6835,25
17:18:16.922 [TLM] 45650,34561,-2679,1339,6188,6188,6188,1609,1707,0,100,1399,1600,-483,395,115,6835,25
17:18:16.957 [TLM] 45660,34576,-2665,1337,6172,6172,6172,1511,1431,0,0,1500,1499,1824,2575,115,6835,25
17:18:16.957 [TLM] 45670,34590,-2650,1335,6160,6160,6160,1502,1451,0,0,1500,1499,1967,2605,115,6835,25
17:18:16.991 [TLM] 45680,34605,-2635,1333,6152,6152,6152,1577,1442,-1,311,1188,1811,-3786,7315,115,6835,25
17:18:16.992 [TLM] 45690,34619,-2622,1332,6154,6154,6154,1474,1420,0,-49,1549,1450,2879,2342,115,6835,25
17:18:17.027 [TLM] 45700,34635,-2605,1329,6150,6150,6150,1590,1402,0,244,1255,1744,-2969,6970,115,6835,25
17:18:17.027 [TLM] 45710,34652,-2589,1327,6151,6151,6151,1273,1918,-2,-91,1591,1408,5389,-4419,115,6835,25
17:18:17.064 [TLM] 45720,34665,-2576,1326,6156,6156,6156,1525,1162,0,2,1497,1502,1264,6656,115,6835,25
17:18:17.096 [TLM] 45730,34680,-2561,1324,6149,6149,6149,1446,1654,9,-15,1515,1484,2297,1365,115,55987,25
17:18:17.098 [TLM] 45740,34696,-2545,1321,6153,6153,6153,1321,1752,-1,-249,1749,1250,7298,-4591,115,6836,25
17:18:17.132 [TLM] 45750,34711,-2530,1320,6158,6158,6158,1285,1740,-2,-187,1687,1312,6851,-3431,115,6836,25
17:18:17.132 [TLM] 45760,34725,-2516,1318,6172,6172,6172,1314,1575,0,44,1455,1544,4330,1578,115,6836,25
17:18:17.167 [TLM] 45770,34740,-2502,1316,6179,6179,6179,1542,1357,0,49,1450,1549,1843,4060,115,6836,25
17:18:17.167 [TLM] 45780,34755,-2487,1315,6176,6176,6176,1536,1479,0,1,1498,1501,2605,2135,115,6836,25
17:18:17.202 [TLM] 45790,34770,-2472,1313,6173,6173,6173,1516,1474,0,0,1499,1500,2887,2209,115,6836,25
17:18:17.237 [TLM] 45800,34785,-2457,1312,6169,6169,6169,1562,1478,0,0,1500,1499,2028,2163,115,6836,25
17:18:17.239 [TLM] 45810,34800,-2442,1310,6166,6166,6166,1564,1438,0,32,1467,1532,1389,3247,115,6836,25
17:18:17.273 [TLM] 45820,34815,-2427,1308,6163,6163,6163,1517,1355,0,-48,1548,1451,3270,3007,115,6836,25
17:18:17.273 [TLM] 45830,34830,-2412,1306,6162,6162,6162,1523,1432,0,123,1376,1623,496,4583,115,6836,25
17:18:17.307 [TLM] 45840,34845,-2397,1304,6164,6164,6164,1425,1575,0,-20,1520,1479,3564,810,115,6836,25
17:18:17.308 [TLM] 45850,34861,-2382,1303,6170,6170,6170,1478,1564,0,-33,1533,1466,3207,528,115,6836,25
17:18:17.342 [TLM] 45860,34875,-2367,1301,6173,6173,6173,1482,1497,0,-189,1689,1310,5449,-937,115,6836,25
17:18:17.377 [TLM] 45870,34891,-2352,1299,6175,6175,6175,1502,1451,0,148,1351,1648,241,2221,115,6836,25
17:18:17.378 [TLM] 45880,34906,-2337,1298,6173,6173,6173,1530,1546,0,-179,1679,1320,4459,-1263,115,6836,25
17:18:17.412 [TLM] 45890,34921,-2322,1296,6171,6171,6171,1487,1479,0,37,1462,1537,1899,2642,115,6836,25
17:18:17.413 [TLM] 45900,34936,-2307,1294,6170,6170,6170,1469,1498,0,12,1487,1512,2288,2122,115,6836,25
17:18:17.449 [TLM] 45910,34950,-2293,1293,6172,6172,6172,1559,1533,0,-5,1505,1494,1450,1300,115,6836,25
17:18:17.449 [TLM] 45920,34966,-2277,1291,6170,6170,6170,1564,1435,0,-3,1503,1496,1215,2718,115,6836,25
17:18:17.482 [TLM] 45930,34981,-2262,1289,6171,6171,6171,1465,1489,0,-52,1552,1447,3400,1210,115,6836,25
17:18:17.517 [TLM] 45940,34996,-2247,1288,6168,6168,6168,1572,1343,1,-229,1729,1270,4543,629,115,6836,25
17:18:17.518 [TLM] 45950,35010,-2233,1286,6167,6167,6167,1484,1460,0,3,1496,1503,2426,2853,115,55988,25
17:18:17.552 [TLM] 45960,35026,-2218,1284,6166,6166,6166,1442,1555,0,-302,1802,1197,7332,-2730,115,55988,25
17:18:17.553 [TLM] 45970,35040,-2203,1283,6169,6169,6169,1575,1441,1,-228,1728,1271,5088,-711,115,6837,25
17:18:17.587 [TLM] 45980,35055,-2188,1281,6162,6162,6162,1519,1575,0,133,1366,1633,-108,4505,115,6837,25
17:18:17.587 [TLM] 45990,35070,-2173,1279,6158,6158,6158,1557,1383,1,-35,1535,1464,2561,2595,115,6837,25
17:18:17.622 [TLM] 46000,35086,-2158,1277,6144,6144,6144,1516,1569,-3,693,806,2193,-8139,11435,115,6837,25
17:18:17.656 [TLM] 46010,35102,-2142,1275,6150,6150,6150,1472,1627,-2,-2,1502,1497,1874,476,115,6837,25
17:18:17.657 [TLM] 46020,35116,-2128,1273,6154,6154,6154,1394,1643,-2,67,1432,1567,1949,1339,115,6837,25
17:18:17.691 [TLM] 46030,35131,-2113,1271,6161,6161,6161,1445,1482,0,-41,1541,1458,3057,1599,115,6837,25
17:18:17.693 [TLM] 46040,35146,-2098,1269,6162,6162,6162,1471,1508,0,209,1290,1709,-416,4593,115,6837,25
17:18:17.727 [TLM] 46050,35160,-2084,1267,6163,6163,6163,1350,1755,0,-59,1559,1440,4897,-2593,115,6837,25
17:18:17.727 [TLM] 46060,35176,-2069,1266,6164,6164,6164,1467,1460,-2,264,1235,1764,-1135,5746,115,6837,25
17:18:17.763 [TLM] 46070,35191,-2053,1264,6163,6163,6163,1426,1687,-3,116,1383,1616,1216,1029,115,6837,25
17:18:17.797 [TLM] 46080,35205,-2039,1262,6168,6168,6168,1402,1474,-1,31,1468,1531,2945,2509,115,6837,25
17:18:17.798 [TLM] 46090,35220,-2024,1260,6173,6173,6173,1360,1533,-1,29,1470,1529,3794,1575,115,6837,25
17:18:17.834 [TLM] 46100,35235,-2009,1259,6176,6176,6176,1438,1565,0,179,1320,1679,942,3360,115,6837,25
17:18:17.835 [TLM] 46110,35250,-1995,1257,6179,6179,6179,1493,1438,0,-39,1539,1460,3424,2029,115,6837,25
17:18:17.867 [TLM] 46120,35265,-1980,1256,6172,6172,6172,1596,1399,1,4,1495,1504,1913,2855,115,6837,25
17:18:17.868 [TLM] 46130,35281,-1964,1254,6160,6160,6160,1302,1959,-5,373,1126,1873,-1069,1992,115,6837,25
17:18:17.902 [TLM] 46140,35296,-1949,1252,6164,6164,6164,1400,1496,-3,133,1366,1633,1378,3458,115,6837,25
17:18:17.937 [TLM] 46150,35312,-1934,1250,6162,6162,6162,1387,1753,-5,237,1262,1737,-721,2877,115,6837,25
17:18:17.938 [TLM] 46160,35326,-1919,1248,6172,6172,6172,1228,1706,-4,132,1367,1632,3055,1148,115,6837,25
17:18:17.973 [TLM] 46170,35337,-1908,1247,6185,6185,6185,1469,828,0,-2,1502,1497,3323,11028,115,6837,25
17:18:17.975 [TLM] 46180,35354,-1891,1246,6196,6196,6196,1519,1635,1,-247,1747,1252,6334,-2413,115,55989,25
17:18:18.007 [TLM] 46190,35367,-1879,1245,6210,6210,6210,1339,1481,0,-43,1543,1456,6392,2158,115,6838,25
17:18:18.007 [TLM] 46200,35384,-1862,1244,6220,6220,6220,1477,1515,1,-354,1854,1145,9390,-2875,115,6838,25
17:18:18.042 [TLM] 46210,35399,-1847,1243,6216,6216,6216,1660,1373,0,22,1477,1522,1615,4462,115,6838,25
17:18:18.078 [TLM] 46220,35416,-1830,1242,6211,6211,6211,1657,1569,2,-266,1766,1233,5509,-3109,115,6838,25
17:18:18.078 [TLM] 46230,35431,-1815,1240,6201,6201,6201,1596,1535,0,-14,1514,1485,2187,1073,115,6838,25
17:18:18.113 [TLM] 46240,35446,-1800,1239,6196,6196,6196,1536,1542,0,107,1392,1607,949,2638,115,6838,25
17:18:18.115 [TLM] 46250,35461,-1785,1238,6195,6195,6195,1539,1494,1,-146,1646,1353,4820,-746,115,6838,25
17:18:18.147 [TLM] 46260,35476,-1770,1236,6185,6185,6185,1561,1416,0,97,1402,1597,818,4068,115,6838,25
17:18:18.148 [TLM] 46270,35490,-1756,1235,6181,6181,6181,1622,1487,0,146,1353,1646,-888,3631,115,6838,25
17:18:18.183 [TLM] 46280,35506,-1740,1233,6176,6176,6176,1516,1434,0,209,1290,1709,-922,5868,115,6838,25
17:18:18.225 [TLM] 46290,35521,-1725,1232,6175,6175,6175,1533,1494,0,-25,1525,1474,1753,2013,115,6838,25
17:18:18.228 [TLM] 46300,35536,-1710,1230,6170,6170,6170,1502,1460,1,168,1331,1668,-52,4569,115,6838,25
17:18:18.251 [TLM] 46310,35552,-1695,1228,6163,6163,6163,1576,1420,1,-173,1673,1326,3621,553,115,6838,25
17:18:18.252 [TLM] 46320,35566,-1680,1226,6155,6155,6155,1598,1361,0,172,1327,1672,-1415,6146,115,6838,25
17:18:18.289 [TLM] 46330,35580,-1667,1225,6148,6148,6148,1537,1407,1,-175,1675,1324,4209,566,115,6838,25
17:18:18.289 [TLM] 46340,35597,-1650,1222,6138,6138,6138,1513,1585,0,-153,1653,1346,3740,-1002,115,6838,25
17:18:18.323 [TLM] 46350,35611,-1636,1220,6137,6137,6137,1490,1438,0,11,1488,1511,1981,2988,115,6838,25
17:18:18.358 [TLM] 46360,35626,-1621,1218,6132,6132,6132,1465,1490,0,28,1471,1528,1848,2889,115,6838,25
17:18:18.358 [TLM] 46370,35642,-1606,1216,6137,6137,6137,1463,1573,0,-91,1591,1408,3714,-82,115,6838,25
17:18:18.393 [TLM] 46380,35656,-1591,1214,6140,6140,6140,1581,1416,0,341,1158,1841,-3465,7675,115,6838,25
17:18:18.393 [TLM] 46390,35672,-1575,1211,6141,6141,6141,1474,1588,-1,-291,1791,1208,6223,-3007,115,6838,25
17:18:18.427 [TLM] 46400,35686,-1561,1209,6149,6149,6149,1461,1401,0,-31,1531,1468,3359,2517,115,6838,25
17:18:18.427 [TLM] 46410,35702,-1546,1207,6152,6152,6152,1519,1509,-1,93,1406,1593,472,3204,115,6838,25
17:18:18.462 [TLM] 46420,35717,-1531,1205,6162,6162,6162,1406,1517,0,1,1498,1501,3657,1188,115,6838,25
17:18:18.497 [TLM] 46430,35732,-1516,1204,6165,6165,6165,1452,1517,0,0,1500,1499,2697,1335,115,6838,25
17:18:18.498 [TLM] 46440,35747,-1502,1202,6164,6164,6164,1500,1469,0,-1,1501,1498,2514,1904,115,6838,25
17:18:18.533 [TLM] 46450,35761,-1487,1200,6160,6160,6160,1498,1441,0,129,1370,1629,608,4421,115,6838,25
17:18:18.533 [TLM] 46460,35777,-1471,1198,6160,6160,6160,1482,1531,0,96,1403,1596,1251,2702,115,6838,25
17:18:18.571 [TLM] 46470,35790,-1459,1197,6158,6158,6158,1544,1418,0,205,1294,1705,-822,5823,115,6838,25
17:18:18.574 [TLM] 46480,35807,-1442,1194,6151,6151,6151,1462,1655,-2,144,1355,1644,340,2677,115,6838,25
17:18:18.602 [TLM] 46490,35822,-1427,1193,6155,6155,6155,1446,1521,-1,18,1481,1518,2413,2114,115,6838,25
17:18:18.637 [TLM] 46500,35837,-1412,1191,6155,6155,6155,1460,1540,0,-264,1764,1235,6216,-2119,115,6838,25
17:18:18.641 [TLM] 46510,35851,-1398,1189,6155,6155,6155,1321,1644,-3,218,1281,1718,613,3970,115,6838,25
17:18:18.675 [TLM] 46520,35865,-1384,1187,6176,6176,6176,1382,1321,1,-167,1667,1332,6986,1743,115,6838,25
17:18:18.677 [TLM] 46530,35881,-1368,1186,6185,6185,6185,1519,1518,0,0,1500,1499,2704,1798,115,6838,25
17:18:18.707 [TLM] 46540,35897,-1353,1184,6193,6193,6193,1565,1499,0,-41,1541,1458,2660,1292,115,6838,25
17:18:18.708 [TLM] 46550,35912,-1337,1183,6195,6195,6195,1487,1533,0,47,1452,1547,2313,1983,115,6838,25
17:18:18.743 [TLM] 46560,35927,-1323,1182,6193,6193,6193,1588,1336,0,353,1146,1853,-3270,8736,115,6838,25
17:18:18.776 [TLM] 46570,35943,-1307,1180,6193,6193,6193,1572,1553,0,31,1468,1531,1156,1588,115,6838,25
17:18:18.777 [TLM] 46580,35958,-1292,1179,6194,6194,6194,1554,1479,0,269,1230,1769,-2040,5563,115,6838,25
17:18:18.814 [TLM] 46590,35973,-1276,1177,6194,6194,6194,1512,1604,0,-275,1775,1224,5773,-3498,115,6838,25
17:18:18.815 [TLM] 46600,35988,-1262,1176,6193,6193,6193,1550,1406,0,19,1480,1519,1449,2875,115,6838,25
17:18:18.847 [TLM] 46610,36001,-1248,1175,6188,6188,6188,1518,1511,0,-88,1588,1411,3057,341,115,6838,25
17:18:18.847 [TLM] 46620,36018,-1232,1173,6185,6185,6185,1519,1469,0,119,1380,1619,93,3702,115,6838,25
17:18:18.883 [TLM] 46630,36033,-1217,1172,6178,6178,6178,1520,1519,0,55,1444,1555,573,2521,115,6838,25
17:18:18.918 [TLM] 46640,36048,-1202,1170,6175,6175,6175,1507,1372,1,-257,1757,1242,5418,-99,115,6838,25
17:18:18.918 [TLM] 46650,36063,-1187,1168,6167,6167,6167,1577,1431,0,61,1438,1561,117,3713,115,6838,25
17:18:18.954 [TLM] 46660,36078,-1172,1167,6158,6158,6158,1572,1407,0,233,1266,1733,-2415,6629,115,6838,25
17:18:18.954 [TLM] 46670,36093,-1157,1165,6152,6152,6152,1530,1489,0,0,1500,1499,1144,2415,115,6838,25
17:18:18.987 [TLM] 46680,36108,-1142,1163,6151,6151,6151,1512,1520,0,-147,1647,1352,3498,-177,115,6838,25
17:18:18.988 [TLM] 46690,36124,-1127,1161,6149,6149,6149,1525,1611,0,-56,1556,1443,1798,-112,115,6838,25
17:18:19.023 [TLM] 46700,36138,-1112,1159,6145,6145,6145,1478,1449,0,139,1360,1639,-136,4416,115,6838,25
17:18:19.057 [TLM] 46710,36153,-1097,1157,6143,6143,6143,1473,1520,0,0,1499,1500,993,2373,115,6838,25
17:18:19.058 [TLM] 46720,36168,-1083,1155,6145,6145,6145,1469,1508,0,-4,1504,1495,2050,1616,115,6838,25
17:18:19.092 [TLM] 46730,36183,-1068,1153,6145,6145,6145,1504,1397,0,359,1140,1859,-3153,8021,115,6838,25
17:18:19.093 [TLM] 46740,36198,-1053,1150,6143,6143,6143,1474,1586,0,-393,1893,1106,7330,-4401,115,6838,25
17:18:19.126 [TLM] 46750,36212,-1039,1149,6147,6147,6147,1478,1587,-1,57,1442,1557,897,1660,115,6838,25
17:18:19.127 [TLM] 46760,36229,-1023,1146,6154,6154,6154,1488,1542,0,-117,1617,1382,3536,-631,115,6838,25
17:18:19.163 [TLM] 46770,36243,-1008,1144,6154,6154,6154,1391,1529,0,111,1388,1611,1526,2977,115,6838,25
17:18:19.196 [TLM] 46780,36258,-994,1143,6160,6160,6160,1419,1518,0,-400,1900,1099,8296,-3850,115,6838,25
17:18:19.197 [TLM] 46790,36273,-979,1141,6163,6163,6163,1460,1480,0,0,1500,1499,2563,2034,115,6838,25
17:18:19.232 [TLM] 46800,36288,-964,1139,6164,6164,6164,1469,1519,0,-33,1533,1466,2932,1215,115,6838,25
17:18:19.232 [TLM] 46810,36304,-948,1137,6166,6166,6166,1472,1582,-1,-75,1575,1424,3155,-89,115,6838,25
17:18:19.267 [TLM] 46820,36318,-934,1136,6172,6172,6172,1440,1507,0,-178,1678,1321,5288,-919,115,6838,25
17:18:19.267 [TLM] 46830,36332,-920,1134,6171,6171,6171,1579,1257,0,-26,1526,1473,1623,4587,115,23222,25
17:18:19.303 [TLM] 46840,36348,-904,1132,6170,6170,6170,1481,1607,0,0,1499,1500,2530,668,115,23222,25
17:18:19.338 [TLM] 46850,36363,-889,1131,6172,6172,6172,1506,1551,-1,100,1399,1600,1152,2759,115,6966,25
17:18:19.341 [TLM] 46860,36379,-874,1129,6178,6178,6178,1436,1624,-6,741,758,2241,-8456,10840,115,6966,25
17:18:19.374 [TLM] 46870,36394,-859,1127,6202,6202,6202,1388,1617,-5,161,1338,1661,51,3202,115,6966,25
17:18:19.374 [TLM] 46880,36409,-843,1126,6227,6227,6227,1253,1782,-6,226,1273,1726,611,2071,115,6966,25
17:18:19.408 [TLM] 46890,36425,-828,1126,6264,6264,6264,1115,1941,-10,578,921,2078,-3230,5197,115,6966,25
17:18:19.408 [TLM] 46900,36440,-813,1126,6321,6321,6321,1033,1925,-12,422,1077,1922,9,2913,115,6966,25
17:18:19.441 [TLM] 46910,36454,-798,1127,6382,6382,6382,949,2000,-10,235,1264,1735,4273,-981,115,23350,25
17:18:19.477 [TLM] 46920,36468,-785,1129,6445,6445,6445,916,1801,-10,475,1024,1975,2046,4939,115,23350,25
17:18:19.478 [TLM] 46930,36482,-771,1132,6515,6515,6515,976,1853,-9,140,1359,1640,7125,-612,115,7094,25
17:18:19.512 [TLM] 46941,36498,-756,1136,6581,6581,6581,1127,1978,-10,178,1321,1678,4645,-1362,112,7094,25
17:18:19.513 [TLM] 46950,36512,-743,1141,6639,6639,6639,1184,1724,-7,127,1372,1627,5929,893,112,7094,25
17:18:19.547 [TLM] 46960,36525,-731,1145,6680,6680,6680,1295,1483,-5,-515,2015,984,12000,-4894,112,7094,25
17:18:19.547 [TLM] 46970,36540,-716,1152,6708,6708,6708,1376,1807,-6,837,662,2337,-7207,10232,112,7094,25
17:18:19.582 [TLM] 46980,36556,-702,1158,6730,6730,6730,1466,1268,0,-27,1527,1472,4676,4309,112,7094,25
17:18:19.618 [TLM] 46990,36571,-688,1165,6728,6728,6728,1566,1454,2,-215,1715,1284,6759,-1135,112,7094,25
17:18:19.618 [TLM] 47000,36586,-675,1171,6716,6716,6716,1819,1118,6,-224,1724,1275,3557,3296,112,7094,25
17:18:19.653 [TLM] 47010,36601,-661,1177,6691,6691,6691,1695,1330,4,-160,1660,1339,3784,1781,112,7094,25
17:18:19.653 [TLM] 47020,36616,-648,1183,6660,6660,6660,1920,1080,9,-528,2028,971,6772,-540,112,7094,25
17:18:19.688 [TLM] 47030,36629,-635,1188,6613,6613,6613,2272,640,17,-741,2241,758,5965,1300,112,7094,25
17:18:19.689 [TLM] 47040,36646,-619,1192,6527,6527,6527,2164,877,18,-694,2194,805,6727,-883,112,7094,25
17:18:19.723 [TLM] 47050,36661,-604,1195,6444,6444,6444,2242,896,15,-488,1988,1011,1985,2558,112,7094,25
17:18:19.758 [TLM] 47060,36675,-590,1197,6359,6359,6359,1931,857,19,-1007,2507,492,12000,-7729,112,7094,25
17:18:19.759 [TLM] 47070,36690,-575,1197,6265,6265,6265,2354,744,19,-672,2172,827,3659,2386,112,7094,25
17:18:19.792 [TLM] 47080,36705,-561,1196,6168,6168,6168,2246,707,20,-688,2188,811,5220,2527,112,7094,25
17:18:19.792 [TLM] 47090,36721,-545,1193,6071,6071,6071,2189,850,19,-605,2105,894,4209,2012,112,7094,25
17:18:19.827 [TLM] 47100,36737,-529,1189,5988,5988,5988,1988,1171,17,-1699,3199,-199,12000,-12000,112,7094,25
17:18:19.827 [TLM] 47110,36749,-518,1185,5905,5905,5905,2361,305,21,-669,2169,830,3589,8285,112,7094,25
17:18:19.864 [TLM] 47120,36766,-503,1178,5818,5818,5818,2196,760,10,-87,1587,1412,-5187,12000,112,7094,25
17:18:19.899 [TLM] 47130,36781,-489,1171,5755,5755,5755,1272,1794,15,-1781,3281,-281,12000,-12000,112,23478,25
17:18:19.899 [TLM] 47140,36791,-480,1165,5713,5713,5713,1869,489,19,-920,2420,579,12000,2594,112,23478,25
17:18:19.932 [TLM] 47150,36809,-466,1155,5661,5661,5661,1981,1254,19,-1187,2687,312,12000,-11256,112,7222,25
17:18:19.933 [TLM] 47160,36822,-455,1147,5599,5599,5599,2196,763,17,-265,1765,1234,2056,8310,112,7222,25
17:18:19.969 [TLM] 47170,36840,-442,1136,5540,5540,5540,1947,1260,9,71,1428,1571,-1525,6951,112,7222,25
17:18:19.969 [TLM] 47180,36856,-431,1125,5496,5496,5496,1655,1584,0,463,1036,1963,-4644,8680,112,7222,25
17:18:20.004 [TLM] 47190,36872,-420,1113,5481,5481,5481,1463,1703,-5,599,900,2099,-5683,9788,112,23606,25
17:18:20.037 [TLM] 47200,36889,-408,1101,5487,5487,5487,861,2388,-12,668,831,2168,-363,1876,112,7350,25
17:18:20.040 [TLM] 47210,36904,-397,1090,5521,5521,5521,1058,2077,-17,756,743,2256,-4543,6771,112,7350,25
17:18:20.073 [TLM] 47220,36921,-384,1079,5579,5579,5579,704,2574,-20,782,717,2282,-1533,1085,112,7350,25
17:18:20.073 [TLM] 47230,36934,-374,1071,5651,5651,5651,563,2001,-17,394,1105,1894,7579,1128,112,7350,25
17:18:20.107 [TLM] 47240,36948,-362,1063,5716,5716,5716,1003,1873,-17,747,752,2247,-3065,8437,112,7350,25
17:18:20.108 [TLM] 47250,36965,-348,1055,5784,5784,5784,801,2414,-21,631,868,2131,-410,923,112,7350,25
17:18:20.142 [TLM] 47260,36979,-335,1049,5866,5866,5866,802,2225,-15,27,1472,1527,9198,-5770,112,7350,25
17:18:20.177 [TLM] 47270,36993,-322,1043,5944,5944,5944,893,2032,-10,-159,1659,1340,10265,-5878,112,7350,25
17:18:20.177 [TLM] 47280,37007,-308,1039,6011,6011,6011,1263,1703,-10,759,740,2259,-5644,12000,112,7350,25
17:18:20.211 [TLM] 47290,37023,-293,1035,6076,6076,6076,964,2036,-10,-20,1520,1479,9215,-4981,112,7350,25
17:18:20.212 [TLM] 47300,37037,-279,1033,6126,6126,6126,1341,1635,-6,223,1276,1723,1884,3369,112,7350,25
17:18:20.247 [TLM] 47310,37051,-265,1031,6160,6160,6160,1234,1779,-6,223,1276,1723,3448,1365,112,7350,25
17:18:20.248 [TLM] 47320,37066,-250,1030,6194,6194,6194,1297,1617,-3,-580,2080,919,12000,-7652,112,7350,25
17:18:20.284 [TLM] 47330,37081,-235,1028,6209,6209,6209,1414,1618,-2,139,1360,1639,3455,1984,112,7350,25
17:18:20.318 [TLM] 47340,37096,-221,1027,6211,6211,6211,1655,1409,0,-153,1653,1346,4655,823,112,7350,25
17:18:20.318 [TLM] 47350,37111,-205,1026,6208,6208,6208,1407,1636,-3,172,1327,1672,2257,3169,112,7350,25
17:18:20.354 [TLM] 47360,37125,-192,1025,6213,6213,6213,1467,1383,0,1,1498,1501,4453,3732,112,7350,25
17:18:20.355 [TLM] 47370,37141,-176,1024,6213,6213,6213,1609,1536,0,0,1500,1499,2424,1664,112,7350,25
17:18:20.387 [TLM] 47380,37156,-161,1023,6209,6209,6209,1609,1385,1,-74,1574,1425,3597,2425,112,7350,25
17:18:20.388 [TLM] 47390,37173,-144,1022,6199,6199,6199,1559,1864,0,-92,1592,1407,3366,-3341,112,7350,25
17:18:20.422 [TLM] 47400,37187,-130,1021,6199,6199,6199,1542,1473,1,-308,1808,1191,6770,-2070,112,7350,25
17:18:20.457 [TLM] 47410,37202,-115,1019,6196,6196,6196,1549,1529,1,-228,1728,1271,6167,-1882,112,7350,25
17:18:20.457 [TLM] 47420,37217,-100,1018,6187,6187,6187,1609,1391,1,-118,1618,1381,3267,1396,112,7350,25
17:18:20.492 [TLM] 47430,37233,-84,1016,6185,6185,6185,1485,1648,0,-153,1653,1346,5165,-2575,112,7350,25
17:18:20.492 [TLM] 47440,37248,-70,1015,6179,6179,6179,1567,1481,1,-6,1506,1493,2247,1373,112,23734,25
17:18:20.527 [TLM] 47450,37262,-55,1013,6173,6173,6173,1533,1581,0,217,1282,1717,-1177,3458,112,7478,25
17:18:20.527 [TLM] 47460,37278,-39,1012,6176,6176,6176,1524,1540,0,-19,1519,1480,2403,460,112,7478,25
17:18:20.563 [TLM] 47470,37292,-25,1010,6171,6171,6171,1592,1280,0,31,1468,1531,770,4703,112,7478,25
17:18:20.597 [TLM] 47480,37307,-10,1008,6161,6161,6161,1538,1354,4,-469,1969,1030,8960,-3472,112,7478,25
17:18:20.598 [TLM] 47490,37322,3,1006,6137,6137,6137,1718,1351,6,-223,1723,1276,3713,59,112,7478,25
17:18:20.632 [TLM] 47500,37337,18,1004,6105,6105,6105,1714,1220,4,326,1173,1826,-4185,9420,112,7478,25
17:18:20.633 [TLM] 47
510,37352,33,1001,6076,6076,6076,1688,1271,5,-44,1544,1455,1181,3552,112,7478,25
17:18:20.667 [TLM] 47520,37364,45,998,6040,6040,6040,1808,1038,9,-418,1918,1081,5850,1227,112,7478,25
17:18:20.668 [TLM] 47530,37381,61,994,5980,5980,5980,1893,1045,12,-424,1924,1075,5222,696,112,7478,25
17:18:20.706 [TLM] 47540,37396,75,989,5909,5909,5909,1996,998,12,-435,1935,1064,3804,1762,112,7478,25
17:18:20.736 [TLM] 47550,37411,89,983,5841,5841,5841,1969,988,12,-447,1947,1052,4141,1980,112,7478,25
17:18:20.737 [TLM] 47560,37425,102,976,5771,5771,5771,1982,889,12,-235,1735,1264,874,6406,112,7478,25
17:18:20.775 [TLM] 47570,37439,113,969,5706,5706,5706,1982,983,13,-404,1904,1095,3141,3159,112,7478,25
17:18:20.776 [TLM] 47580,37456,127,959,5630,5630,5630,1986,1033,13,-504,2004,995,4394,1075,112,7478,25
17:18:20.809 [TLM] 47590,37469,137,951,5569,5569,5569,2037,950,10,299,1200,1799,-7869,12000,112,7478,25
17:18:20.810 [TLM] 47600,37486,149,939,5502,5502,5502,1918,958,13,-340,1840,1159,3058,4200,112,7478,25
17:18:20.842 [TLM] 47610,37499,158,930,5441,5441,5441,1931,1042,16,-855,2355,644,10835,-4091,112,7478,25
17:18:20.877 [TLM] 47620,37515,168,917,5352,5352,5352,2132,779,19,-671,2171,828,6536,1597,112,7478,25
17:18:20.877 [TLM] 47630,37530,177,905,5264,5264,5264,2206,913,18,-563,2063,936,3987,1483,112,7478,25
17:18:20.912 [TLM] 47640,37546,185,890,5180,5180,5180,1922,1398,8,-281,1781,1218,1567,567,112,7478,25
17:18:20.913 [TLM] 47650,37558,190,879,5120,5120,5120,2070,514,19,-630,2130,869,6527,4949,112,7478,25
17:18:20.947 [TLM] 47660,37578,196,861,5013,5013,5013,2011,1659,14,-544,2044,955,5380,-7619,112,7478,25
17:18:20.948 [TLM] 47670,37592,200,847,4908,4908,4908,2033,782,13,-308,1808,1191,1447,6152,112,7478,25
17:18:20.983 [TLM] 47680,37609,202,830,4804,4804,4804,1799,1628,6,-165,1665,1334,964,-1558,112,7478,25
17:18:21.017 [TLM] 47690,37621,202,818,4713,4713,4713,1686,968,5,-491,1991,1008,7729,3053,112,7478,25
17:18:21.018 [TLM] 47700,37637,202,803,4636,4636,4636,1793,1174,3,-129,1629,1370,53,5819,112,7478,25
17:18:21.053 [TLM] 47710,37653,200,787,4585,4585,4585,1660,1533,3,-197,1697,1302,2535,-302,112,7478,25
17:18:21.054 [TLM] 47720,37666,198,774,4545,4545,4545,1619,1160,6,-236,1736,1263,4324,3995,112,7478,25
17:18:21.089 [TLM] 47730,37679,196,761,4514,4514,4514,1673,1244,7,-288,1788,1211,4905,2134,112,7478,25
17:18:21.090 [TLM] 47740,37695,192,746,4477,4477,4477,1722,1107,9,-92,1592,1407,2550,6393,112,7478,25
17:18:21.121 [TLM] 47750,37710,188,731,4433,4433,4433,1984,852,13,-445,1945,1054,4950,4043,112,7478,25
17:18:21.159 [TLM] 47760,37724,184,717,4370,4370,4370,1896,1019,13,-511,2011,988,7255,1263,112,7478,25
17:18:21.159 [TLM] 47770,37740,178,703,4308,4308,4308,2096,993,14,-493,1993,1006,4593,1846,112,7478,25
17:18:21.191 [TLM] 47780,37755,172,689,4243,4243,4243,2007,967,16,-882,2382,617,11003,-3576,112,7478,25
17:18:21.192 [TLM] 47790,37771,164,675,4171,4171,4171,1979,1124,17,-1169,2669,330,12000,-10023,112,7478,25
17:18:21.226 [TLM] 47800,37785,156,663,4084,4084,4084,2293,744,18,-609,2109,890,3933,2509,112,7478,25
17:18:21.227 [TLM] 47810,37800,147,652,3991,3991,3991,2091,807,17,-557,2057,942,5344,2915,112,7478,25
17:18:21.261 [TLM] 47820,37816,135,640,3904,3904,3904,2178,958,15,-481,1981,1018,2611,2162,112,7478,25
17:18:21.297 [TLM] 47830,37831,124,631,3824,3824,3824,1972,1101,9,-94,1594,1405,-1794,7057,112,7478,25
17:18:21.298 [TLM] 47840,37846,112,622,3766,3766,3766,1811,1070,18,-1201,2701,298,12000,-10251,112,7478,25
17:18:21.333 [TLM] 47850,37860,100,614,3701,3701,3701,2198,1008,14,-286,1786,1213,-165,5038,112,7478,25
17:18:21.334 [TLM] 47860,37873,89,607,3646,3646,3646,2116,420,21,-982,2482,517,12000,1364,112,7478,25
17:18:21.368 [TLM] 47870,37888,76,600,3590,3590,3590,2385,835,23,-1936,3436,-436,12000,-12000,112,7478,25
17:18:21.368 [TLM] 47880,37903,62,595,3505,3505,3505,2322,626,24,-739,2239,760,6447,2427,112,7478,25
17:18:21.402 [TLM] 47890,37920,46,590,3414,3414,3414,2131,1101,19,-666,2166,833,6985,-2435,112,7478,25
17:18:21.439 [TLM] 47900,37934,32,586,3324,3324,3324,2217,713,19,-669,2169,830,5581,2732,112,7478,25
17:18:21.439 [TLM] 47910,37950,16,584,3237,3237,3237,1938,1350,11,-255,1755,1244,2212,1451,112,7478,25
17:18:21.472 [TLM] 47920,37965,1,583,3161,3161,3161,2115,822,13,-477,1977,1022,3158,3813,112,23862,25
17:18:21.473 [TLM] 47930,37984,-17,584,3069,3069,3069,1764,2042,7,-569,2069,930,6975,-12000,112,7606,25
17:18:21.507 [TLM] 47940,37996,-29,586,2992,2992,2992,1536,1284,0,73,1426,1573,-619,6826,112,7606,25
17:18:21.508 [TLM] 47950,38014,-46,589,2936,2936,2936,1495,1872,-4,490,1009,1990,-6519,4907,112,7606,25
17:18:21.542 [TLM] 47960,38025,-57,591,2907,2907,2907,1311,1578,-5,321,1178,1821,-1912,7019,112,7606,25
17:18:21.577 [TLM] 47970,38041,-73,595,2897,2897,2897,1094,1626,-5,160,1339,1660,3599,2876,112,7606,25
17:18:21.578 [TLM] 47980,38056,-87,599,2907,2907,2907,1230,1615,-4,122,1377,1622,2920,3721,112,7606,25
17:18:21.612 [TLM] 47990,38069,-99,601,2925,2925,2925,1267,1658,-3,90,1409,1590,3651,2466,112,7606,25
17:18:21.613 [TLM] 48000,38085,-115,605,2948,2948,2948,1262,1558,-2,66,1433,1566,4773,3070,112,7606,25
17:18:21.647 [TLM] 48010,38099,-130,607,2966,2966,2966,1353,1619,0,-336,1836,1163,9917,-3516,112,7606,25
17:18:21.647 [TLM] 48020,38115,-145,610,2988,2988,2988,1319,1815,-4,213,1286,1713,2476,1458,112,7606,25
17:18:21.682 [TLM] 48030,38130,-160,612,3013,3013,3013,1314,1721,-4,233,1266,1733,2047,2903,112,7606,25
17:18:21.718 [TLM] 48040,38145,-175,614,3036,3036,3036,1301,1740,-6,128,1371,1628,3208,1537,112,7606,25
17:18:21.719 [TLM] 48050,38162,-191,615,3069,3069,3069,1187,2010,-11,591,908,2091,-3003,4960,112,7606,25
17:18:21.752 [TLM] 48060,38177,-207,616,3121,3121,3121,1118,1926,-12,429,1070,1929,160,2956,112,7606,25
17:18:21.752 [TLM] 48070,38192,-221,616,3172,3172,3172,1191,1731,-13,716,783,2216,-5164,9936,112,23990,25
17:18:21.787 [TLM] 48080,38207,-236,615,3229,3229,3229,850,2050,-15,613,886,2113,463,4659,112,7734,25
17:18:21.790 [TLM] 48090,38222,-251,613,3293,3293,3293,1001,2211,-17,564,935,2064,-1295,1834,112,7734,25
17:18:21.823 [TLM] 48100,38238,-267,610,3384,3384,3384,959,1979,-15,737,762,2237,-2857,6566,112,7734,25
17:18:21.858 [TLM] 48110,38250,-279,606,3457,3457,3457,932,1688,-9,21,1478,1521,9143,636,112,7734,25
17:18:21.858 [TLM] 48120,38266,-294,601,3527,3527,3527,922,2076,-12,297,1202,1797,4824,-661,112,7734,25
17:18:21.891 [TLM] 48130,38277,-304,596,3601,3601,3601,1144,1055,-4,26,1473,1526,8231,8305,112,7734,25
17:18:21.929 [TLM] 48140,38294,-319,588,3655,3655,3655,1560,1415,0,-113,1613,1386,5333,1466,112,7734,25
17:18:21.931 [TLM] 48150,38305,-328,583,3681,3681,3681,1431,1085,4,385,1114,1885,2260,11704,112,7734,25
17:18:21.931 [TLM] 48160,38322,-342,574,3691,3691,3691,1704,1314,12,-859,2359,640,12000,-9258,112,7734,25
17:18:21.962 [TLM] 48170,38334,-353,568,3677,3677,3677,1843,861,16,-613,2113,886,12000,337,112,7734,25
17:18:21.998 [TLM] 48180,38349,-366,560,3628,3628,3628,2271,758,19,-720,2220,779,11577,-267,112,7734,25
17:18:21.998 [TLM] 48190,38368,-384,552,3561,3561,3561,2357,1523,13,-537,2037,962,5365,-7385,112,7734,25
17:18:22.032 [TLM] 48200,38381,-395,547,3467,3467,3467,2221,518,19,-441,1941,1058,6624,5494,112,7734,25
17:18:22.033 [TLM] 48210,38400,-414,543,3349,3349,3349,2229,1616,13,-565,2065,934,6397,-9463,112,7734,25
17:18:22.068 [TLM] 48220,38414,-427,541,3221,3221,3221,2228,746,11,-319,1819,1180,1415,5134,112,7734,25
17:18:22.068 [TLM] 48230,38431,-444,541,3092,3092,3092,2029,1370,7,-210,1710,1289,573,-191,112,7734,25
17:18:22.103 [TLM] 48240,38445,-458,542,2984,2984,2984,1790,1047,5,-169,1669,1330,2273,4718,112,7734,25
17:18:22.137 [TLM] 48250,38459,-472,545,2902,2902,2902,1753,1208,5,-177,1677,1322,2359,4150,112,7734,25
17:18:22.139 [TLM] 48260,38475,-487,549,2839,2839,2839,1649,1436,5,-260,1760,1239,4631,-412,112,7734,25
17:18:22.172 [TLM] 48270,38489,-500,554,2780,2780,2780,1911,931,8,-402,1902,1097,3481,4330,112,7734,25
17:18:22.172 [TLM] 48280,38503,-514,560,2721,2721,2721,1803,1036,11,-524,2024,975,7220,1218,112,7734,25
17:18:22.207 [TLM] 48290,38516,-525,565,2673,2673,2673,1866,1052,13,-680,2180,819,9235,-1185,112,7734,25
17:18:22.208 [TLM] 48300,38532,-539,573,2614,2614,2614,1876,1053,12,-445,1945,1054,6206,2165,112,24118,25
17:18:22.242 [TLM] 48310,38546,-551,580,2568,2568,2568,1842,1229,9,-106,1606,1393,1444,4919,112,24118,25
17:18:22.279 [TLM] 48320,38561,-564,589,2522,2522,2522,2139,927,12,-447,1947,1052,2884,3653,112,7862,25
17:18:22.311 [TLM] 48330,38579,-578,599,2465,2465,2465,1902,1130,11,-227,1727,1272,1817,4211,112,7862,25
17:18:22.312 [TLM] 48340,38595,-590,610,2424,2424,2424,1721,1483,6,-198,1698,1301,3038,507,112,7862,25
17:18:22.313 [TLM] 48350,38610,-601,620,2393,2393,2393,1634,1415,5,-352,1852,1147,6003,-1219,112,7862,25
17:18:22.347 [TLM] 48360,38625,-612,630,2366,2366,2366,1624,1399,6,-432,1932,1067,7549,-2394,112,7862,25
17:18:22.347 [TLM] 48370,38638,-621,640,2337,2337,2337,1734,1215,5,-217,1717,1282,3044,3425,112,7862,25
17:18:22.382 [TLM] 48380,38657,-634,654,2313,2313,2313,1578,1803,0,-1,1501,1498,676,-984,112,7862,25
17:18:22.419 [TLM] 48390,38672,-644,664,2306,2306,2306,1539,1491,0,-26,1526,1473,1536,2268,112,7862,25
17:18:22.419 [TLM] 48400,38687,-654,676,2304,2304,2304,1447,1619,1,218,1281,1718,-447,3551,112,7862,25
17:18:22.452 [TLM] 48410,38703,-665,688,2316,2316,2316,1284,1891,-4,574,925,2074,-4222,5428,112,7862,25
17:18:22.452 [TLM] 48420,38718,-675,698,2340,2340,2340,1210,1728,-6,510,989,2010,-2571,6417,112,7862,25
17:18:22.488 [TLM] 48430,38731,-685,708,2365,2365,2365,1259,1708,-6,219,1280,1719,798,2914,112,7862,25
17:18:22.492 [TLM] 48440,38748,-697,719,2404,2404,2404,1300,1669,-6,209,1290,1709,722,2868,112,7862,25
17:18:22.522 [TLM] 48450,38763,-708,729,2437,2437,2437,1222,1755,-6,223,1276,1723,1727,2033,112,7862,25
17:18:22.558 [TLM] 48460,38778,-720,739,2471,2471,2471,1301,1645,-3,-50,1550,1449,5131,-1021,112,7862,25
17:18:22.591 [TLM] 48470,38793,-732,748,2494,2494,2494,1328,1881,-4,76,1423,1576,2849,-1996,112,7862,25
17:18:22.592 [TLM] 48480,38807,-743,756,2519,2519,2519,1279,1662,-5,164,1335,1664,2102,2207,112,7862,25
17:18:22.593 [TLM] 48490,38821,-754,764,2544,2544,2544,1322,1681,-4,163,1336,1663,1739,1863,112,7862,25
17:18:22.629 [TLM] 48500,38837,-768,773,2568,2568,2568,1289,1749,-7,377,1122,1877,-1394,4559,112,7862,25
17:18:22.629 [TLM] 48510,38853,-781,781,2603,2603,2603,1182,1844,-7,185,1314,1685,2597,317,112,7862,25
17:18:22.662 [TLM] 48520,38867,-794,788,2634,2634,2634,1177,1765,-7,325,1174,1825,770,3418,112,7862,25
17:18:22.696 [TLM] 48530,38883,-808,796,2668,2668,2668,1269,1774,-7,203,1296,1703,1622,801,112,7862,25
17:18:22.697 [TLM] 48540,38897,-820,802,2695,2695,2695,1268,1677,-4,252,1247,1752,1513,2886,112,7862,25
17:18:22.732 [TLM] 48550,38913,-835,808,2720,2720,2720,1309,1773,-8,462,1037,1962,-2636,5220,112,7862,25
17:18:22.733 [TLM] 48560,38928,-848,814,2749,2749,2749,1199,1710,-7,119,1380,1619,3568,891,112,7862,25
17:18:22.768 [TLM] 48570,38941,-861,819,2772,2772,2772,1348,1724,-6,236,1263,1736,4,2459,112,7862,25
17:18:22.768 [TLM] 48580,38958,-877,825,2808,2808,2808,1217,1792,-6,104,1395,1604,3624,-564,112,7862,25
17:18:22.808 [TLM] 48590,38972,-890,829,2835,2835,2835,1187,1640,-7,161,1338,1661,3388,2710,112,7862,25
17:18:22.840 [TLM] 48600,38988,-905,834,2869,2869,2869,1269,1894,-8,229,1270,1729,1221,312,112,7862,25
17:18:22.840 [TLM] 48610,39003,-920,838,2914,2914,2914,1055,2005,-11,664,835,2164,-2304,4803,112,7862,25
17:18:22.874 [TLM] 48620,39017,-933,840,2957,2957,2957,1174,1628,-5,-384,1884,1115,11767,-5386,112,7862,25
17:18:22.874 [TLM] 48630,39032,-949,843,2984,2984,2984,1476,1633,-7,353,1146,1853,-3038,5544,112,7862,25
17:18:22.907 [TLM] 48640,39048,-964,845,3018,3018,3018,1195,1833,-8,269,1230,1769,1346,1803,112,7862,25
17:18:22.908 [TLM] 48650,39061,-977,847,3046,3046,3046,1276,1550,-5,388,1111,1888,-729,7475,112,7862,25
17:18:22.942 [TLM] 48660,39078,-994,848,3082,3082,3082,1167,1973,-9,258,1241,1758,1737,605,112,7862,25
17:18:22.976 [TLM] 48670,39092,-1008,848,3124,3124,3124,1173,1816,-9,348,1151,1848,149,3707,112,7862,25
17:18:22.977 [TLM] 48680,39107,-1023,848,3166,3166,3166,1283,1554,-6,446,1053,1946,-1700,7608,112,7862,25
17:18:23.013 [TLM] 48690,39123,-1039,848,3196,3196,3196,1229,1869,-8,862,637,2362,-6790,9638,112,7862,25
17:18:23.015 [TLM] 48700,39138,-1054,846,3237,3237,3237,1183,1903,-9,72,1427,1572,4169,-1605,112,7862,25
17:18:23.046 [TLM] 48710,39151,-1067,845,3276,3276,3276,1288,1603,-5,76,1423,1576,3405,2397,112,7862,25
17:18:23.047 [TLM] 48720,39167,-1083,842,3315,3315,3315,1273,1637,-4,328,1171,1828,303,5177,112,7862,25
17:18:23.082 [TLM] 48730,39183,-1099,839,3341,3341,3341,1288,1807,-6,560,939,2060,-3494,6526,112,7862,25
17:18:23.118 [TLM] 48740,39198,-1114,836,3367,3367,3367,1433,1642,-6,866,633,2366,-9684,12000,112,7862,25
17:18:23.118 [TLM] 48750,39214,-1129,832,3396,3396,3396,1356,1865,-7,374,1125,1874,-2553,2991,112,7862,25
17:18:23.156 [TLM] 48760,39229,-1143,828,3434,3434,3434,1244,1724,-6,203,1296,1703,1516,2160,112,7862,25
17:18:23.156 [TLM] 48770,39244,-1158,824,3475,3475,3475,1202,1794,-6,361,1138,1861,-26,2900,112,7862,25
17:18:23.188 [TLM] 48780,39259,-1171,819,3508,3508,3508,1251,1674,-6,468,1031,1968,-1984,6138,112,7862,25
17:18:23.189 [TLM] 48790,39274,-1185,813,3539,3539,3539,1239,1812,-6,245,1254,1745,1412,1257,112,7862,25
17:18:23.222 [TLM] 48800,39288,-1198,807,3571,3571,3571,1223,1692,-6,221,1278,1721,2143,2531,112,7862,25
17:18:23.257 [TLM] 48810,39303,-1212,800,3601,3601,3601,1315,1702,-4,15,1484,1515,4814,-1428,112,7862,25
17:18:23.257 [TLM] 48820,39318,-1225,794,3627,3627,3627,1336,1728,-4,223,1276,1723,984,2205,112,7862,25
17:18:23.293 [TLM] 48830,39333,-1238,787,3652,3652,3652,1320,1688,-5,382,1117,1882,-1124,5068,112,7862,25
17:18:23.293 [TLM] 48840,39348,-1251,779,3675,3675,3675,1286,1648,-5,-14,1514,1485,4844,153,112,7862,25
17:18:23.327 [TLM] 48850,39362,-1263,772,3695,3695,3695,1340,1659,-5,199,1300,1699,1129,2733,112,7862,25
17:18:23.327 [TLM] 48860,39378,-1277,763,3721,3721,3721,1342,1645,-2,-179,1679,1320,6784,-2574,112,24246,25
17:18:23.361 [TLM] 48870,39392,-1288,755,3729,3729,3729,1473,1461,0,37,1462,1537,3001,2442,112,24246,25
17:18:23.397 [TLM] 48880,39408,-1302,746,3731,3731,3731,1376,1872,-2,2,1497,1502,4800,-3328,112,7990,25
17:18:23.397 [TLM] 48890,39423,-1314,738,3729,3729,3729,1544,1436,0,116,1383,1616,643,3459,112,7990,25
17:18:23.433 [TLM] 48900,39438,-1326,730,3715,3715,3715,1594,1331,0,0,1499,1500,1416,3567,112,7990,25
17:18:23.433 [TLM] 48910,39453,-1339,722,3702,3702,3702,1545,1447,0,-124,1624,1375,3632,523,112,7990,25
17:18:23.468 [TLM] 48920,39467,-1351,714,3688,3688,3688,1621,1272,4,-298,1798,1201,5843,-27,112,7990,25
17:18:23.468 [TLM] 48930,39482,-1364,707,3660,3660,3660,1723,1117,6,-262,1762,1237,4472,2420,112,7990,25
17:18:23.503 [TLM] 48941,39497,-1377,700,3627,3627,3627,1568,1413,8,-829,2329,670,12000,-9158,101,7990,25
17:18:23.539 [TLM] 48950,39511,-1390,693,3601,3601,3601,1909,1076,9,-270,1770,1229,4207,4393,101,7990,25
17:18:23.539 [TLM] 48960,39525,-1403,687,3558,3558,3558,2196,460,19,-897,2397,602,8604,-259,101,7990,25
17:18:23.573 [TLM] 48970,39541,-1417,682,3484,3484,3484,2010,1089,18,-808,2308,691,10802,-5366,101,7990,25
17:18:23.573 [TLM] 48980,39554,-1430,678,3401,3401,3401,2585,476,17,222,1277,1722,-10901,12000,101,7990,25
17:18:23.607 [TLM] 48990,39570,-1445,674,3329,3329,3329,2114,939,22,-1759,3259,-259,12000,-12000,101,7990,25
17:18:23.608 [TLM] 49000,39584,-1460,673,3222,3222,3222,2294,694,16,129,1370,1629,-7030,12000,101,7990,25
17:18:23.641 [TLM] 49010,39601,-1476,672,3114,3114,3114,2165,809,19,-662,2162,837,6067,-26,101,7990,25
17:18:23.677 [TLM] 49020,39617,-1492,674,2985,2985,2985,2122,1086,13,-261,1761,1238,-129,3239,101,7990,25
17:18:23.678 [TLM] 49030,39630,-1505,677,2871,2871,2871,1990,719,13,-464,1964,1035,4204,5073,101,7990,25
17:18:23.713 [TLM] 49040,39646,-1520,682,2773,2773,2773,1783,1306,5,-314,1814,1185,2859,2065,101,7990,25
17:18:23.714 [TLM] 49050,39661,-1533,688,2697,2697,2697,1958,896,9,-409,1909,1090,2565,5017,101,7990,25
17:18:23.748 [TLM] 49060,39675,-1546,694,2635,2635,2635,1885,1156,11,-490,1990,1009,4388,1012,101,7990,25
17:18:23.749 [TLM] 49070,39691,-1560,703,2574,2574,2574,1888,1167,9,-328,1828,1171,2041,3137,101,24374,25
17:18:23.784 [TLM] 49080,39705,-1572,711,2525,2525,2525,1876,914,12,-357,1857,1142,3620,4963,101,24374,25
17:18:23.818 [TLM] 49090,39722,-1585,721,2473,2473,2473,1689,1548,7,-149,1649,1350,911,2622,101,8118,25
17:18:23.818 [TLM] 49100,39737,-1596,730,2432,2432,2432,1672,1244,5,-163,1663,1336,2782,3272,101,8118,25
17:18:23.852 [TLM] 49110,39752,-1608,740,2400,2400,2400,1524,1541,0,219,1280,1719,-1480,5576,101,8118,25
17:18:23.852 [TLM] 49120,39767,-1619,751,2385,2385,2385,1459,1559,0,103,1396,1603,1171,3028,101,8118,25
17:18:23.887 [TLM] 49130,39783,-1630,761,2385,2385,2385,1304,1792,-4,137,1362,1637,2139,903,101,8118,25
17:18:23.889 [TLM] 49140,39798,-1641,772,2399,2399,2399,880,2185,-10,549,950,2049,748,2606,101,8118,25
17:18:23.922 [TLM] 49150,39813,-1653,782,2435,2435,2435,994,2076,-14,580,919,2080,-646,3510,101,8118,25
17:18:23.957 [TLM] 49160,39829,-1665,792,2484,2484,2484,1081,2067,-14,561,938,2061,-890,3277,101,8118,25
17:18:23.957 [TLM] 49170,39844,-1677,800,2538,2538,2538,980,1969,-14,657,842,2157,-1871,5451,101,8118,25
17:18:23.992 [TLM] 49180,39859,-1690,809,2596,2596,2596,984,2159,-20,1421,78,2921,-12000,12000,101,8118,25
17:18:24.026 [TLM] 49190,39874,-1703,816,2676,2676,2676,833,2237,-18,595,904,2095,49,2025,101,8118,25
17:18:24.027 [TLM] 49200,39888,-1716,822,2762,2762,2762,855,2021,-13,55,1444,1555,8210,-3755,101,8118,25
17:18:24.028 [TLM] 49210,39901,-1728,826,2825,2825,2825,1137,1684,-10,857,642,2357,-5375,11274,101,8118,25
17:18:24.062 [TLM] 49220,39917,-1744,830,2894,2894,2894,880,2121,-10,-20,1520,1479,10610,-6609,101,8118,25
17:18:24.097 [TLM] 49230,39931,-1757,833,2942,2942,2942,1313,1597,-6,213,1286,1713,4139,4627,101,8118,25
17:18:24.097 [TLM] 49240,39947,-1772,836,2974,2974,2974,1319,1718,-6,224,1275,1724,2458,1376,101,8118,25
17:18:24.136 [TLM] 49250,39959,-1785,838,2995,2995,2995,1216,1622,-4,299,1200,1799,3326,3709,101,8118,25
17:18:24.136 [TLM] 49260,39974,-1800,840,3010,3010,3010,1363,1732,-4,-99,1599,1400,6792,-2683,101,8118,25
17:18:24.168 [TLM] 49270,39990,-1815,842,3021,3021,3021,1455,1584,-4,309,1190,1809,-612,4777,101,8118,25
17:18:24.168 [TLM] 49280,40007,-1832,844,3033,3033,3033,1408,1671,-6,341,1158,1841,-1330,4815,101,8118,25
17:18:24.203 [TLM] 49290,40022,-1847,845,3055,3055,3055,1377,1881,-5,262,1237,1762,411,31,101,8118,25
17:18:24.238 [TLM] 49300,40035,-1860,846,3059,3059,3059,1473,1249,-2,63,1436,1563,2627,5773,101,8118,25
17:18:24.239 [TLM] 49310,40048,-1873,848,3051,3051,3051,1471,1407,0,-4,1504,1495,4095,2661,101,57270,25
17:18:24.271 [TLM] 49320,40065,-1890,849,3047,3047,3047,1281,1660,-6,223,1276,1723,1960,4041,101,57270,25
17:18:24.272 [TLM] 49330,40079,-1904,850,3061,3061,3061,1417,1554,-2,-166,1666,1333,6178,-1026,101,8119,25
17:18:24.309 [TLM] 49340,40095,-1920,852,3068,3068,3068,1497,1403,0,-46,1546,1453,3685,2729,101,8119,25
17:18:24.310 [TLM] 49350,40108,-1933,852,3072,3072,3072,1552,1382,0,143,1356,1643,539,5561,101,8119,25
17:18:24.342 [TLM] 49360,40126,-1950,854,3071,3071,3071,1541,1534,0,0,1499,1500,2469,1603,101,8119,25
17:18:24.376 [TLM] 49370,40141,-1965,855,3070,3070,3070,1476,1535,0,0,1500,1499,3432,1442,101,8119,25
17:18:24.376 [TLM] 49380,40156,-1980,856,3066,3066,3066,1523,1479,0,0,1499,1500,2315,2179,101,8119,25
17:18:24.414 [TLM] 49390,40170,-1994,857,3061,3061,3061,1542,1541,0,-1,1501,1498,1867,1461,101,8119,25
17:18:24.414 [TLM] 49400,40186,-2011,858,3060,3060,3060,1537,1495,-1,170,1329,1670,-914,4550,101,8119,25
17:18:24.446 [TLM] 49410,40200,-2024,859,3063,3063,3063,1588,1319,0,5,1494,1505,993,4098,101,8119,25
17:18:24.447 [TLM] 49420,40217,-2041,861,3061,3061,3061,1548,1523,0,1,1498,1501,1354,1593,101,8119,25
17:18:24.482 [TLM] 49430,40232,-2056,862,3058,3058,3058,1537,1492,0,-33,1533,1466,1967,1439,101,8119,25
17:18:24.521 [TLM] 49440,40246,-2071,863,3053,3053,3053,1506,1482,0,-4,1504,1495,1920,1945,101,8119,25
17:18:24.522 [TLM] 49450,40260,-2084,864,3051,3051,3051,1527,1492,1,-203,1703,1296,4554,-1169,101,8119,25
17:18:24.552 [TLM] 49460,40277,-2101,866,3048,3048,3048,1460,1595,0,6,1493,1506,1948,671,101,8119,25
17:18:24.553 [TLM] 49470,40290,-2115,867,3051,3051,3051,1629,1289,3,-75,1575,1424,1645,2799,101,8119,25
17:18:24.588 [TLM] 49480,40307,-2131,869,3033,3033,3033,1573,1456,0,142,1357,1642,-1346,4369,101,8119,25
17:18:24.589 [TLM] 49490,40321,-2145,870,3027,3027,3027,1548,1514,0,-1,1501,1498,976,1436,101,8119,25
17:18:24.623 [TLM] 49500,40337,-2161,872,3019,3019,3019,1567,1433,0,46,1453,1546,66,3178,101,8119,25
17:18:24.657 [TLM] 49510,40352,-2176,874,3018,3018,3018,1451,1571,0,-30,1530,1469,3022,-726,101,8119,25
17:18:24.658 [TLM] 49520,40367,-2191,876,3018,3018,3018,1472,1566,0,72,1427,1572,1041,1556,101,8119,25
17:18:24.691 [TLM] 49530,40380,-2204,878,3022,3022,3022,1443,1415,0,-2,1502,1497,2497,2548,101,57271,25
17:18:24.692 [TLM] 49540,40395,-2219,879,3024,3024,3024,1503,1503,0,1,1498,1501,1785,1426,101,57271,25
17:18:24.726 [TLM] 49550,40410,-2234,881,3023,3023,3023,1514,1500,0,0,1500,1499,1628,1517,101,8120,25
17:18:24.727 [TLM] 49560,40426,-2250,883,3023,3023,3023,1480,1524,0,0,1500,1499,1969,1515,101,8120,25
17:18:24.761 [TLM] 49570,40441,-2265,885,3022,3022,3022,1527,1464,0,-1,1501,1498,1642,2006,101,8120,25
17:18:24.797 [TLM] 49580,40456,-2279,887,3022,3022,3022,1482,1501,0,-67,1567,1432,3138,631,101,8120,25
17:18:24.797 [TLM] 49590,40471,-2294,888,3020,3020,3020,1520,1523,0,-6,1506,1493,1733,1247,101,8120,25
17:18:24.833 [TLM] 49600,40486,-2309,890,3017,3017,3017,1510,1408,0,-34,1534,1465,2132,2420,101,8120,25
17:18:24.833 [TLM] 49610,40502,-2325,892,3009,3009,3009,1686,1482,-1,346,1153,1846,-6073,7220,101,8120,25
17:18:24.867 [TLM] 49620,40517,-2340,894,3021,3021,3021,1431,1595,0,-56,1556,1443,2623,-219,101,8120,25
17:18:24.867 [TLM] 49630,40533,-2355,896,3041,3041,3041,1630,1667,0,-109,1609,1390,122,-1352,101,8120,25
17:18:24.902 [TLM] 49640,40547,-2370,897,3060,3060,3060,1457,1409,2,-13,1513,1486,1860,2044,101,8120,25
17:18:24.939 [TLM] 49650,40562,-2384,898,3061,3061,3061,1404,1482,1,-6,1506,1493,3360,933,101,8120,25
17:18:24.939 [TLM] 49660,40576,-2398,899,3055,3055,3055,1485,1371,1,78,1421,1578,361,5478,101,8120,25
17:18:24.972 [TLM] 49670,40590,-2412,901,3047,3047,3047,1499,1305,1,4,1495,1504,2437,3882,101,8120,25
17:18:24.973 [TLM] 49680,40606,-2428,902,3037,3037,3037,1596,1545,0,-72,1572,1427,1705,540,101,8120,25
17:18:25.007 [TLM] 49690,40618,-2441,904,3033,3033,3033,1570,1225,0,98,1401,1598,-295,6738,101,8120,25
17:18:25.007 [TLM] 49700,40637,-2459,906,3025,3025,3025,1476,1648,0,-313,1813,1186,6544,-4862,101,8120,25
17:18:25.041 [TLM] 49710,40652,-2474,908,3012,3012,3012,1503,1683,0,1,1498,1501,1717,-972,101,8120,25
17:18:25.077 [TLM] 49720,40666,-2488,909,3004,3004,3004,1435,1532,-2,132,1367,1632,403,3186,101,8120,25
17:18:25.077 [TLM] 49730,40681,-2502,911,3006,3006,3006,1371,1511,-1,64,1435,1564,2214,2635,101,8120,25
17:18:25.112 [TLM] 49740,40695,-2517,913,3013,3013,3013,1463,1427,0,112,1387,1612,795,4215,101,8120,25
17:18:25.112 [TLM] 49750,40710,-2532,915,3016,3016,3016,1484,1514,0,111,1388,1611,563,3321,101,8120,25
17:18:25.149 [TLM] 49760,40725,-2547,917,3019,3019,3019,1618,1357,0,2,1497,1502,122,4938,101,57272,25
17:18:25.151 [TLM] 49770,40739,-2560,919,3012,3012,3012,1741,919,-3,222,1277,1722,-5418,12000,101,57272,25
17:18:25.183 [TLM] 49780,40756,-2577,921,3005,3005,3005,1156,2188,-6,222,1277,1722,1502,-1528,101,8121,25
17:18:25.220 [TLM] 49790,40770,-2591,923,3016,3016,3016,1272,1589,-3,119,1380,1619,1219,3266,101,8121,25
17:18:25.252 [TLM] 49800,40785,-2606,925,3024,3024,3024,1300,1707,-1,-293,1793,1206,7942,-3931,101,8121,25
17:18:25.253 [TLM] 49810,40800,-2620,926,3033,3033,3033,1520,1427,0,-8,1508,1491,1522,3100,101,8121,25
17:18:25.255 [TLM] 49820,40814,-2635,928,3037,3037,3037,1489,1415,1,-296,1796,1203,6478,-967,101,8121,25
17:18:25.289 [TLM] 49830,40828,-2649,929,3035,3035,3035,1488,1611,0,114,1385,1614,561,2657,101,8121,25
17:18:25.290 [TLM] 49840,40845,-2665,931,3034,3034,3034,1628,1263,0,284,1215,1784,-3390,8904,101,8121,25
17:18:25.323 [TLM] 49850,40860,-2680,933,3031,3031,3031,1526,1486,0,22,1477,1522,1407,2707,101,8121,25
17:18:25.358 [TLM] 49860,40875,-2695,934,3031,3031,3031,1413,1646,-2,390,1109,1890,-4073,8319,101,8121,25
17:18:25.359 [TLM] 49870,40889,-2709,936,3035,3035,3035,1477,1174,0,95,1404,1595,1751,6974,101,8121,25
17:18:25.391 [TLM] 49880,40907,-2727,938,3021,3021,3021,1522,1828,-4,545,954,2045,-6124,5339,101,8121,25
17:18:25.392 [TLM] 49890,40921,-2741,940,3021,3021,3021,1326,1550,-2,-176,1676,1323,6409,-1698,101,8121,25
17:18:25.427 [TLM] 49900,40934,-2753,941,3019,3019,3019,1204,1625,-5,263,1236,1763,1583,4472,101,8121,25
17:18:25.427 [TLM] 49910,40949,-2769,943,3033,3033,3033,1393,1073,0,0,1499,1500,3975,6978,101,8121,25
17:18:25.461 [TLM] 49920,40965,-2785,945,3035,3035,3035,1404,1614,0,-90,1590,1409,5410,-594,101,8121,25
17:18:25.497 [TLM] 49930,40980,-2800,946,3040,3040,3040,1523,1533,0,0,1500,1499,3160,1433,101,8121,25
17:18:25.498 [TLM] 49940,40995,-2814,948,3041,3041,3041,1455,1479,0,0,1500,1499,3601,2191,101,8121,25
17:18:25.535 [TLM] 49950,41009,-2829,949,3040,3040,3040,1560,1598,0,128,1371,1628,145,2086,101,8121,25
17:18:25.535 [TLM] 49960,41024,-2843,951,3035,3035,3035,1702,1337,0,-122,1622,1377,1468,2227,101,8121,25
17:18:25.567 [TLM] 49970,41039,-2859,952,3024,3024,3024,1538,1471,0,-3,1503,1496,1551,2354,101,8121,25
17:18:25.567 [TLM] 49980,41056,-2875,954,3026,3026,3026,1413,1661,-1,-744,2244,755,12000,-9937,101,8121,25
17:18:25.603 [TLM] 49990,41068,-2887,956,3031,3031,3031,1545,1279,0,0,1499,1500,1285,5494,101,57273,25
17:18:25.637 [TLM] 50000,41085,-2904,957,3040,3040,3040,1536,1368,0,-228,1728,1271,4442,1430,101,57273,25
17:18:25.638 [TLM] 50010,41101,-2920,959,3051,3051,3051,1345,1772,0,-148,1648,1351,6083,-3285,101,8122,25
17:18:25.673 [TLM] 50020,41116,-2934,960,3053,3053,3053,1582,1470,1,-139,1639,1360,3168,620,101,8122,25
17:18:25.674 [TLM] 50030,41131,-2950,962,3052,3052,3052,1558,1496,0,116,1383,1616,-451,3784,101,8122,25
17:18:25.706 [TLM] 50040,41146,-2964,963,3054,3054,3054,1514,1434,0,182,1317,1682,-554,5293,101,8122,25
17:18:25.741 [TLM] 50050,41161,-2980,964,3061,3061,3061,1546,1448,0,1,1498,1501,1428,2417,101,8122,25
17:18:25.742 [TLM] 50060,41176,-2995,965,3060,3060,3060,1598,1501,1,-197,1697,1302,3926,84,101,8122,25
17:18:25.777 [TLM] 50070,41192,-3010,967,3057,3057,3057,1612,1461,1,-87,1587,1412,2962,-266,101,8122,25
17:18:25.777 [TLM] 50080,41206,-3025,968,3050,3050,3050,1504,1507,0,4,1495,1504,1776,1387,101,8122,25
17:18:25.811 [TLM] 50090,41221,-3040,969,3046,3046,3046,1489,1474,0,38,1461,1538,1216,2493,101,8122,25
17:18:25.812 [TLM] 50100,41236,-3055,971,3044,3044,3044,1491,1571,0,2,1497,1502,1721,897,101,8122,25
17:18:25.847 [TLM] 50110,41249,-3067,972,3043,3043,3043,1575,1146,1,211,1288,1711,-1699,8415,101,8122,25
17:18:25.847 [TLM] 50120,41268,-3086,974,3020,3020,3020,1571,1643,-1,251,1248,1751,-3105,3343,101,8122,25
17:18:25.882 [TLM] 50130,41282,-3100,976,3013,3013,3013,1632,1207,0,0,1500,1499,-511,5049,101,8122,25
17:18:25.921 [TLM] 50140,41297,-3115,978,2999,2999,2999,1585,1427,0,107,1392,1607,-1780,4226,101,8122,25
17:18:25.922 [TLM] 50150,41311,-3129,980,3001,3001,3001,1410,1402,0,125,1374,1625,775,4709,101,8122,25
17:18:25.952 [TLM] 50160,41327,-3145,982,3001,3001,3001,1395,1641,1,-266,1766,1233,6321,-3714,101,8122,25
17:18:25.952 [TLM] 50170,41341,-3159,984,2999,2999,2999,1477,1510,-1,178,1321,1678,-545,3972,101,24506,25
17:18:25.988 [TLM] 50180,41355,-3172,986,3002,3002,3002,1416,1152,1,8,1491,1508,3609,5674,101,8250,25
17:18:26.022 [TLM] 50190,41371,-3188,988,3001,3001,3001,1560,1588,2,-69,1569,1430,2852,-612,101,8250,25
17:18:26.023 [TLM] 50200,41385,-3202,990,3000,3000,3000,1465,1505,2,-471,1971,1028,9676,-4920,101,8250,25
17:18:26.057 [TLM] 50210,41399,-3216,992,2986,2986,2986,1705,1202,7,-223,1723,1276,4324,4204,101,8250,25
17:18:26.057 [TLM] 50220,41414,-3230,995,2958,2958,2958,1799,972,10,-558,2058,941,8173,-32,101,8250,25
17:18:26.093 [TLM] 50230,41429,-3245,998,2912,2912,2912,1896,1071,12,-405,1905,1094,5342,547,101,8250,25
17:18:26.093 [TLM] 50240,41443,-3259,1002,2833,2833,2833,2335,536,22,-802,2302,697,6805,987,101,8250,25
17:18:26.128 [TLM] 50250,41458,-3273,1007,2727,2727,2727,2275,635,22,-810,2310,689,7481,168,101,8250,25
17:18:26.129 [TLM] 50260,41473,-3286,1014,2614,2614,2614,2360,624,22,-785,2285,714,5662,670,101,8250,25
17:18:26.162 [TLM] 50270,41488,-3299,1023,2497,2497,2497,2289,757,21,-800,2300,699,6074,-361,101,8250,25
17:18:26.197 [TLM] 50280,41502,-3310,1032,2375,2375,2375,2387,656,22,-789,2289,710,4794,1429,101,8250,25
17:18:26.198 [TLM] 50290,41517,-3319,1043,2249,2249,2249,2359,523,23,-834,2334,665,5568,2555,101,8250,25
17:18:26.232 [TLM] 50300,41533,-3328,1056,2125,2125,2125,2320,725,22,-715,2215,784,3942,2082,101,8250,25
17:18:26.233 [TLM] 50310,41548,-3335,1069,2013,2013,2013,2105,999,17,-498,1998,1001,2686,2219,101,8250,25
17:18:26.266 [TLM] 50320,41562,-3341,1082,1913,1913,1913,2214,733,20,-1236,2736,263,12000,-4673,101,24634,25
17:18:26.267 [TLM] 50330,41577,-3345,1096,1813,1813,1813,2316,666,20,-574,2074,925,1952,5276,101,24634,25
17:18:26.303 [TLM] 50340,41593,-3348,1112,1722,1722,1722,2014,952,18,-328,1828,1171,1633,4926,101,8378,25
17:18:26.341 [TLM] 50350,41607,-3349,1126,1650,1650,1650,1763,1257,13,-512,2012,987,9136,54,101,8378,25
17:18:26.342 [TLM] 50360,41621,-3350,1140,1576,1576,1576,2021,671,15,-294,1794,1205,2290,8613,101,8378,25
17:18:26.374 [TLM] 50370,41635,-3349,1154,1509,1509,1509,1821,1229,12,-393,1893,1106,6094,296,101,8378,25
17:18:26.374 [TLM] 50380,41653,-3348,1172,1440,1440,1440,1980,1347,8,-164,1664,1335,7,2531,101,8378,25
17:18:26.407 [TLM] 50390,41666,-3346,1185,1398,1398,1398,1631,1282,6,-219,1719,1280,4696,2515,101,8378,25
17:18:26.408 [TLM] 50400,41683,-3342,1201,1359,1359,1359,1668,1460,1,229,1270,1729,-2814,7170,101,8378,25
17:18:26.441 [TLM] 50410,41699,-3339,1217,1335,1335,1335,1531,1671,0,-28,1528,1471,2117,158,101,8378,25
17:18:26.477 [TLM] 50420,41714,-3335,1232,1316,1316,1316,1526,1495,0,7,1492,1507,1446,2837,101,8378,25
17:18:26.479 [TLM] 50430,41729,-3331,1246,1310,1310,1310,1513,1557,0,25,1474,1525,1466,2393,101,8378,25
17:18:26.512 [TLM] 50440,41744,-3327,1261,1308,1308,1308,1504,1455,-4,520,979,2020,-6242,11062,101,8378,25
17:18:26.513 [TLM] 50450,41761,-3323,1277,1325,1325,1325,1249,2073,0,-808,2308,691,12000,-12000,101,8378,25
17:18:26.546 [TLM] 50460,41772,-3321,1288,1339,1339,1339,1461,1460,-1,191,1308,1691,32,5687,101,8378,25
17:18:26.547 [TLM] 50470,41790,-3317,1305,1359,1359,1359,1438,1592,-1,41,1458,1541,2495,1328,101,8378,25
17:18:26.583 [TLM] 50480,41805,-3314,1320,1372,1372,1372,1445,1688,-2,87,1412,1587,1808,793,101,8378,25
17:18:26.618 [TLM] 50490,41820,-3311,1335,1384,1384,1384,1390,1804,-9,-898,2398,601,12000,-12000,101,8378,25
17:18:26.619 [TLM] 50500,41833,-3308,1348,1391,1391,1391,1526,1231,2,-733,2233,766,12000,-4779,101,57530,25
17:18:26.653 [TLM] 50510,41849,-3305,1363,1377,1377,1377,1515,1665,-5,302,1197,1802,-3595,5907,101,41146,25
17:18:26.653 [TLM] 50520,41865,-3302,1379,1382,1382,1382,1348,1717,-6,220,1279,1720,-695,3374,101,8379,25
17:18:26.689 [TLM] 50530,41878,-3300,1392,1396,1396,1396,1257,1837,-6,225,1274,1725,290,1918,101,8379,25
17:18:26.690 [TLM] 50540,41895,-3297,1409,1424,1424,1424,1325,1685,-5,179,1320,1679,284,2706,101,8379,25
17:18:26.723 [TLM] 50550,41909,-3295,1422,1448,1448,1448,1278,1436,0,92,1407,1592,3548,3678,101,8379,25
17:18:26.759 [TLM] 50560,41924,-3294,1437,1464,1464,1464,1294,1801,0,-168,1668,1331,7302,-3837,101,8379,25
17:18:26.759 [TLM] 50570,41938,-3292,1451,1482,1482,1482,1438,1344,0,281,1218,1781,-180,7786,101,8379,25
17:18:26.791 [TLM] 50580,41954,-3291,1467,1491,1491,1491,1514,1576,0,0,1500,1499,2495,941,101,8379,25
17:18:26.792 [TLM] 50590,41969,-3290,1482,1495,1495,1495,1581,1475,1,-72,1572,1427,2887,851,101,8379,25
17:18:26.826 [TLM] 50600,41984,-3289,1497,1488,1488,1488,1614,1427,1,-403,1903,1096,6928,-3036,101,8379,25
17:18:26.827 [TLM] 50610,41999,-3287,1512,1480,1480,1480,1545,1500,1,-87,1587,1412,3332,177,101,8379,25
17:18:26.862 [TLM] 50620,42015,-3286,1528,1473,1473,1473,1603,1378,1,-5,1505,1494,1389,2674,101,8379,25
17:18:26.897 [TLM] 50630,42031,-3284,1544,1465,1465,1465,1444,1807,0,165,1334,1665,554,-365,101,8379,25
17:18:26.897 [TLM] 50640,42044,-3283,1557,1459,1459,1459,1536,1362,0,414,1085,1914,-3982,8552,101,8379,25
17:18:26.933 [TLM] 50650,42058,-3281,1571,1457,1457,1457,1420,1344,0,0,1500,1499,3707,2890,101,57531,25
17:18:26.933 [TLM] 50660,42073,-3279,1586,1444,1444,1444,1619,1335,0,27,1472,1527,540,4068,101,41147,25
17:18:26.969 [TLM] 50670,42088,-3278,1600,1435,1435,1435,1488,1640,-1,38,1461,1538,1495,517,101,8380,25
17:18:26.969 [TLM] 50680,42104,-3275,1617,1432,1432,1432,1492,1522,-1,337,1162,1837,-2818,6106,101,8380,25
17:18:27.002 [TLM] 50690,42120,-3273,1632,1429,1429,1429,1406,1641,-4,596,903,2096,-6327,9055,101,8380,25
17:18:27.036 [TLM] 50700,42135,-3271,1647,1437,1437,1437,1414,1622,-1,-82,1582,1417,3593,-1334,101,8380,25
17:18:27.038 [TLM] 50710,42151,-3269,1662,1431,1431,1431,1417,1714,-5,184,1315,1684,-939,2161,101,8380,25
17:18:27.073 [TLM] 50720,42166,-3267,1678,1442,1442,1442,1351,1603,-3,-92,1592,1407,3956,-1229,101,8380,25
17:18:27.073 [TLM] 50730,42180,-3265,1692,1447,1447,1447,1481,1596,-3,-169,1669,1330,3124,-866,101,8380,25
17:18:27.107 [TLM] 50740,42194,-3264,1705,1459,1459,1459,1371,1378,2,-152,1652,1347,5895,987,101,8380,25
17:18:27.108 [TLM] 50750,42209,-3262,1721,1463,1463,1463,1426,1783,0,-139,1639,1360,4536,-3025,101,8380,25
17:18:27.143 [TLM] 50760,42224,-3260,1735,1468,1468,1468,1428,1448,0,-293,1793,1206,7237,-1608,101,8380,25
17:18:27.176 [TLM] 50770,42238,-3259,1750,1462,1462,1462,1458,1467,0,49,1450,1549,2251,3081,101,8380,25
17:18:27.177 [TLM] 50780,42254,-3257,1765,1460,1460,1460,1492,1553,-1,57,1442,1557,1576,2192,101,8380,25
17:18:27.211 [TLM] 50790,42268,-3256,1779,1463,1463,1463,1388,1565,-1,14,1485,1514,3508,1515,101,8380,25
17:18:27.212 [TLM] 50800,42282,-3254,1794,1465,1465,1465,1536,1308,-2,781,718,2281,-8978,12000,101,8380,25
17:18:27.247 [TLM] 50810,42297,-3253,1808,1475,1475,1475,1481,1561,1,-243,1743,1256,6010,-2065,101,8380,25
17:18:27.282 [TLM] 50820,42314,-3251,1824,1475,1475,1475,1686,1535,1,-124,1624,1375,1916,-187,101,24764,25
17:18:27.282 [TLM] 50830,42329,-3250,1840,1477,1477,1477,1549,1562,0,0,1499,1500,1579,854,101,24764,25
17:18:27.318 [TLM] 50840,42343,-3248,1854,1477,1477,1477,1492,1524,0,2,1497,1502,2358,1322,101,8508,25
17:18:27.318 [TLM] 50850,42359,-3247,1869,1475,1475,1475,1533,1488,0,54,1445,1554,1002,2522,101,8508,25
17:18:27.354 [TLM] 50860,42375,-3245,1886,1477,1477,1477,1396,1946,-5,285,1214,1785,-1795,574,101,8508,25
17:18:27.354 [TLM] 50870,42389,-3244,1900,1501,1501,1501,1283,1586,-5,-178,1678,1321,6073,-1548,101,8508,25
17:18:27.388 [TLM] 50880,42403,-3243,1914,1519,1519,1519,1369,1689,-5,-245,1745,1254,5607,-3418,101,8508,25
17:18:27.388 [TLM] 50890,42417,-3243,1928,1543,1543,1543,1188,1755,-5,63,1436,1563,3704,171,101,8508,25
17:18:27.422 [TLM] 50900,42433,-3243,1944,1573,1573,1573,1255,1726,-6,-49,1549,1450,5256,-1255,101,8508,25
17:18:27.458 [TLM] 50910,42448,-3243,1959,1594,1594,1594,1321,1600,-4,264,1235,1764,320,4138,101,8508,25
17:18:27.459 [TLM] 50920,42465,-3244,1976,1622,1622,1622,1037,2364,-12,186,1313,1686,3591,-5486,101,8508,25
17:18:27.491 [TLM] 50930,42478,-3244,1989,1653,1653,1653,1288,1538,-11,820,679,2320,-8461,12000,101,8508,25
17:18:27.492 [TLM] 50941,42494,-3246,2005,1689,1689,1689,1200,1815,-11,725,774,2225,-6192,8559,115,8508,25
17:18:27.530 [TLM] 50950,42508,-3248,2018,1734,1734,1734,1002,2104,-12,305,1194,1805,2132,-806,115,8508,25
17:18:27.531 [TLM] 50960,42522,-3251,2032,1789,1789,1789,1035,1898,-12,72,1427,1572,5105,-1427,115,8508,25
17:18:27.561 [TLM] 50970,42538,-3255,2048,1855,1855,1855,1056,1902,-10,259,1240,1759,2900,1011,115,8508,25
17:18:27.597 [TLM] 50980,42552,-3259,2061,1919,1919,1919,1016,1864,-10,111,1388,1611,5868,-430,115,8508,25
17:18:27.597 [TLM] 50990,42567,-3265,2075,1983,1983,1983,960,1946,-10,129,1370,1629,6879,-1460,115,8508,25
17:18:27.632 [TLM] 51000,42581,-3271,2088,2036,2036,2036,1155,1682,-5,-52,1552,1447,8130,-1156,115,8508,25
17:18:27.632 [TLM] 51010,42596,-3278,2100,2074,2074,2074,1243,1606,-7,600,899,2100,-2078,9255,115,8508,25
17:18:27.666 [TLM] 51020,42612,-3286,2114,2110,2110,2110,1260,1822,-8,394,1105,1894,342,3705,115,8508,25
17:18:27.668 [TLM] 51030,42627,-3294,2127,2151,2151,2151,1258,1900,-9,333,1166,1833,859,1948,115,8508,25
17:18:27.703 [TLM] 51040,42642,-3302,2139,2193,2193,2193,1127,1888,-9,568,931,2068,-843,5191,115,8508,25
17:18:27.739 [TLM] 51050,42657,-3311,2151,2238,2238,2238,1252,1711,-10,377,1122,1877,23,4968,115,8508,25
17:18:27.739 [TLM] 51060,42673,-3321,2163,2289,2289,2289,996,2092,-12,446,1053,1946,1735,1334,115,8508,25
17:18:27.773 [TLM] 51070,42688,-3332,2174,2352,2352,2352,1049,1944,-12,445,1054,1945,975,2763,115,8508,25
17:18:27.773 [TLM] 51080,42703,-3343,2185,2412,2412,2412,1075,1958,-12,449,1050,1949,633,2690,115,8508,25
17:18:27.807 [TLM] 51090,42716,-3353,2193,2462,2462,2462,1259,1614,-7,-210,1710,1289,8054,-2266,115,8508,25
17:18:27.808 [TLM] 51100,42733,-3367,2204,2512,2512,2512,1122,1995,-12,846,653,2346,-5970,8299,115,8508,25
17:18:27.843 [TLM] 51110,42748,-3379,2212,2570,2570,2570,1116,1847,-11,365,1134,1865,1000,3105,115,8508,25
17:18:27.878 [TLM] 51120,42763,-3392,2220,2625,2625,2625,1059,1911,-11,392,1107,1892,1400,2734,115,8508,25
17:18:27.878 [TLM] 51130,42778,-3405,2227,2681,2681,2681,1114,1876,-7,-150,1650,1349,9011,-5036,115,8508,25
17:18:27.912 [TLM] 51140,42792,-3418,2232,2723,2723,2723,1168,1714,-9,828,671,2328,-5288,11227,115,8508,25
17:18:27.912 [TLM] 51150,42807,-3432,2238,2769,2769,2769,1187,1833,-10,163,1336,1663,3596,783,115,8508,25
17:18:27.948 [TLM] 51160,42821,-3445,2243,2816,2816,2816,1200,1829,-8,304,1195,1804,1858,2477,115,8508,25
17:18:27.950 [TLM] 51170,42837,-3460,2248,2866,2866,2866,1155,1849,-9,371,1128,1871,1352,3176,115,8508,25
17:18:27.983 [TLM] 51180,42853,-3476,2252,2908,2908,2908,1132,2054,-11,539,960,2039,-1157,2787,115,8508,25
17:18:28.020 [TLM] 51190,42867,-3490,2255,2953,2953,2953,1089,1787,-8,27,1472,1527,7200,-897,115,8508,25
17:18:28.020 [TLM] 51200,42883,-3505,2257,2988,2988,2988,1118,1953,-12,449,1050,1949,273,2729,115,8508,25
17:18:28.052 [TLM] 51210,42898,-3520,2259,3024,3024,3024,989,1874,-12,461,1038,1961,2228,3125,115,8508,25
17:18:28.052 [TLM] 51220,42913,-3535,2261,3056,3056,3056,1151,1902,-13,493,1006,1993,-694,3992,115,8508,25
17:18:28.089 [TLM] 51230,42926,-3548,2261,3092,3092,3092,1001,1823,-7,-191,1691,1308,11822,-5667,115,8508,25
17:18:28.090 [TLM] 51240,42943,-3565,2262,3119,3119,3119,1004,2213,-19,1511,-11,3011,-12000,12000,115,8508,25
17:18:28.122 [TLM] 51250,42959,-3581,2262,3161,3161,3161,984,2236,-18,609,890,2109,-1877,1856,115,8508,25
17:18:28.158 [TLM] 51260,42973,-3595,2261,3222,3222,3222,863,2082,-15,-416,1916,1083,12000,-10047,115,8508,25
17:18:28.158 [TLM] 51270,42986,-3608,2260,3284,3284,3284,1043,1655,-11,432,1067,1932,1244,6520,115,8508,25
17:18:28.194 [TLM] 51280,43001,-3623,2257,3341,3341,3341,1087,1772,-12,1047,452,2547,-7649,12000,115,8508,25
17:18:28.194 [TLM] 51290,43016,-3637,2254,3400,3400,3400,1044,1972,-12,443,1056,1943,1314,3308,115,8508,25
17:18:28.227 [TLM] 51300,43031,-3652,2249,3462,3462,3462,1034,1884,-10,276,1223,1776,4449,1256,115,8508,25
17:18:28.227 [TLM] 51310,43046,-3665,2244,3511,3511,3511,1106,1790,-9,314,1185,1814,3474,3047,115,8508,25
17:18:28.261 [TLM] 51320,43061,-3679,2238,3555,3555,3555,1200,1919,-8,-286,1786,1213,10929,-6984,115,8508,25
17:18:28.297 [TLM] 51330,43076,-3693,2232,3589,3589,3589,1217,1853,-11,764,735,2264,-5501,10208,115,8508,25
17:18:28.297 [TLM] 51340,43091,-3707,2225,3632,3632,3632,1171,1877,-12,409,1090,1909,757,3373,115,8508,25
17:18:28.333 [TLM] 51350,43106,-3720,2218,3684,3684,3684,1127,1897,-11,303,1196,1803,3150,1487,115,8508,25
17:18:28.333 [TLM] 51360,43121,-3732,2210,3733,3733,3733,1171,1790,-9,378,1121,1878,1786,3788,115,8508,25
17:18:28.366 [TLM] 51370,43135,-3743,2202,3775,3775,3775,1121,2019,-12,440,1059,1940,989,2059,115,8508,25
17:18:28.403 [TLM] 51380,43151,-3756,2192,3834,3834,3834,1274,1642,-7,482,1017,1982,-517,6202,115,8508,25
17:18:28.403 [TLM] 51390,43166,-3768,2182,3864,3864,3864,1272,1765,-8,492,1007,1992,-1248,5514,115,8508,25
17:18:28.437 [TLM] 51400,43182,-3779,2171,3900,3900,3900,1179,1922,-11,394,1105,1894,391,2689,115,8508,25
17:18:28.438 [TLM] 51410,43197,-3790,2160,3946,3946,3946,1200,1809,-6,-298,1798,1201,10276,-6400,115,8508,25
17:18:28.472 [TLM] 51420,43212,-3800,2150,3982,3982,3982,1256,1726,-10,1057,442,2557,-9869,12000,115,8508,25
17:18:28.473 [TLM] 51430,43229,-3811,2137,4028,4028,4028,921,2425,-18,748,751,2248,-3380,2279,115,8508,25
17:18:28.507 [TLM] 51440,43240,-3818,2128,4087,4087,4087,959,1461,-11,639,860,2139,-596,11543,115,8508,25
17:18:28.507 [TLM] 51450,43257,-3827,2113,4135,4135,4135,1223,1805,-12,931,568,2431,-8258,12000,115,8508,25
17:18:28.542 [TLM] 51460,43273,-3835,2100,4191,4191,4191,980,2121,-13,370,1129,1870,2186,788,115,8508,25
17:18:28.579 [TLM] 51470,43287,-3842,2087,4258,4258,4258,992,1897,-12,433,1066,1933,1058,3856,115,8508,25
17:18:28.580 [TLM] 51480,43303,-3848,2073,4325,4325,4325,1017,2041,-12,392,1107,1892,2041,1452,115,8508,25
17:18:28.611 [TLM] 51490,43314,-3852,2063,4374,4374,4374,1230,1292,-5,309,1190,1809,2227,8981,115,24892,25
17:18:28.612 [TLM] 51500,43331,-3858,2046,4410,4410,4410,1204,1757,-7,360,1139,1860,1570,4574,115,24892,25
17:18:28.647 [TLM] 51510,43347,-3862,2032,4449,4449,4449,1249,1746,-6,146,1353,1646,4273,1452,115,8636,25
17:18:28.647 [TLM] 51520,43361,-3865,2017,4480,4480,4480,1362,1558,-6,485,1014,1985,-1794,8430,115,8636,25
17:18:28.681 [TLM] 51530,43377,-3869,2002,4508,4508,4508,1272,1926,-8,585,914,2085,-2434,5332,115,8636,25
17:18:28.718 [TLM] 51540,43392,-3872,1987,4535,4535,4535,1330,1643,-6,223,1276,1723,1815,3401,115,8636,25
17:18:28.718 [TLM] 51550,43408,-3874,1972,4552,4552,4552,1337,1736,-7,398,1101,1898,-1030,4695,115,8636,25
17:18:28.752 [TLM] 51560,43423,-3877,1956,4571,4571,4571,1371,1653,-4,154,1345,1654,2088,1988,115,8636,25
17:18:28.753 [TLM] 51570,43439,-3879,1941,4585,4585,4585,1280,1975,-6,175,1324,1675,2136,-1292,115,8636,25
17:18:28.788 [TLM] 51580,43452,-3880,1928,4598,4598,4598,1449,1293,-1,84,1415,1584,2373,5454,115,8636,25
17:18:28.788 [TLM] 51590,43468,-3882,1912,4602,4602,4602,1445,1515,-2,37,1462,1537,2843,2104,115,8636,25
17:18:28.822 [TLM] 51600,43482,-3884,1897,4607,4607,4607,1465,1485,-1,20,1479,1520,2911,2374,115,8636,25
17:18:28.858 [TLM] 51610,43497,-3885,1883,4608,4608,4608,1524,1458,-1,282,1217,1782,-1650,6523,115,8636,25
17:18:28.858 [TLM] 51620,43512,-3887,1868,4615,4615,4615,1408,1510,0,100,1399,1600,3127,2569,115,8636,25
17:18:28.893 [TLM] 51630,43525,-3888,1855,4610,4610,4610,1513,1407,-1,266,1233,1766,-762,6786,115,8636,25
17:18:28.893 [TLM] 51640,43542,-3890,1838,4607,4607,4607,1517,1499,0,1,1498,1501,2785,1995,115,8636,25
17:18:28.927 [TLM] 51650,43556,-3891,1824,4605,4605,4605,1571,1508,0,-2,1502,1497,1852,1720,115,8636,25
17:18:28.927 [TLM] 51660,43573,-3893,1808,4600,4600,4600,1538,1473,0,618,881,2118,-6673,10793,115,8636,25
17:18:28.962 [TLM] 51670,43586,-3894,1795,4596,4596,4596,1590,1322,0,-191,1691,1308,4102,1669,115,8636,25
17:18:28.997 [TLM] 51680,43604,-3897,1777,4592,4592,4592,1540,1669,-1,343,1156,1843,-3332,4775,115,8636,25
17:18:28.997 [TLM] 51690,43618,-3898,1762,4601,4601,4601,1488,1509,0,-146,1646,1353,4569,-472,115,8636,25
17:18:29.031 [TLM] 51700,43633,-3900,1748,4605,4605,4605,1516,1474,0,-21,1521,1478,2582,1907,115,8636,25
17:18:29.032 [TLM] 51710,43648,-3901,1733,4609,4609,4609,1397,1562,0,-199,1699,1300,6555,-1710,115,8636,25
17:18:29.068 [TLM] 51720,43662,-3903,1719,4610,4610,4610,1513,1380,1,-9,1509,1490,2817,3076,115,8636,25
17:18:29.068 [TLM] 51730,43678,-3904,1703,4604,4604,4604,1548,1457,0,-53,1553,1446,2687,1692,115,8636,25
17:18:29.102 [TLM] 51740,43693,-3906,1688,4607,4607,4607,1513,1499,0,-72,1572,1427,3278,709,115,8636,25
17:18:29.138 [TLM] 51750,43708,-3908,1673,4602,4602,4602,1548,1539,1,-164,1664,1335,4175,-732,115,8636,25
17:18:29.138 [TLM] 51760,43723,-3909,1658,4592,4592,4592,1551,1440,1,-15,1515,1484,1960,2450,115,8636,25
17:18:29.171 [TLM] 51770,43738,-3911,1643,4583,4583,4583,1606,1459,1,-23,1523,1476,1159,2091,115,8636,25
17:18:29.172 [TLM] 51780,43753,-3913,1628,4577,4577,4577,1504,1493,0,15,1484,1515,1826,2309,115,8636,25
17:18:29.207 [TLM] 51790,43767,-3915,1615,4574,4574,4574,1479,1500,-2,518,981,2018,-5352,9392,115,8636,25
17:18:29.207 [TLM] 51800,43783,-3917,1599,4578,4578,4578,1467,1473,1,135,1364,1635,1056,3604,115,8636,25
17:18:29.241 [TLM] 51810,43797,-3919,1585,4582,4582,4582,1424,1601,0,-220,1720,1279,6414,-2510,115,8636,25
17:18:29.279 [TLM] 51820,43813,-3921,1569,4591,4591,4591,1554,1434,0,-35,1535,1464,2638,1810,115,8636,25
17:18:29.281 [TLM] 51830,43827,-3923,1555,4590,4590,4590,1495,1502,1,-145,1645,1354,5136,-719,115,8636,25
17:18:29.312 [TLM] 51840,43842,-3925,1540,4583,4583,4583,1574,1421,0,386,1113,1886,-3310,7846,115,8636,25
17:18:29.312 [TLM] 51850,43858,-3927,1525,4576,4576,4576,1489,1523,1,-122,1622,1377,4793,-467,115,8636,25
17:18:29.346 [TLM] 51860,43872,-3929,1510,4568,4568,4568,1522,1486,0,71,1428,1571,1332,2843,115,8636,25
17:18:29.347 [TLM] 51870,43888,-3931,1495,4565,4565,4565,1529,1474,0,135,1364,1635,145,3923,115,8636,25
17:18:29.384 [TLM] 51880,43903,-3933,1480,4560,4560,4560,1579,1495,0,-153,1653,1346,3444,-345,115,8636,25
17:18:29.416 [TLM] 51890,43918,-3936,1465,4557,4557,4557,1479,1551,0,42,1457,1542,1166,1513,115,25020,25
17:18:29.451 [TLM] 51900,43933,-3938,1451,4562,4562,4562,1460,1522,0,-8,1508,1491,3024,1204,115,25020,25
17:18:29.452 [TLM] 51910,43948,-3940,1435,4563,4563,4563,1509,1638,-4,225,1274,1725,-1780,4274,115,8764,25
17:18:29.456 [TLM] 51920,43964,-3942,1420,4584,4584,4584,1407,1682,-5,378,1121,1878,-3347,5198,115,8764,25
17:18:29.486 [TLM] 51930,43979,-3944,1405,4612,4612,4612,1233,1850,-5,83,1416,1583,3035,-873,115,8764,25
17:18:29.487 [TLM] 51940,43994,-3945,1389,4652,4652,4652,1268,1882,-6,288,1211,1788,-393,1316,115,25148,25
17:18:29.521 [TLM] 51950,44009,-3946,1375,4698,4698,4698,1099,1928,-10,515,984,2015,-1833,4132,115,8892,25
17:18:29.556 [TLM] 51960,44025,-3945,1359,4755,4755,4755,1051,1959,-12,433,1066,1933,-316,1750,115,8892,25
17:18:29.557 [TLM] 51970,44039,-3944,1345,4815,4815,4815,1223,1587,-5,101,1398,1601,3860,1406,115,8892,25
17:18:29.591 [TLM] 51980,44053,-3943,1331,4857,4857,4857,1236,1636,-4,191,1308,1691,3040,2176,115,8892,25
17:18:29.592 [TLM] 51990,44067,-3940,1318,4890,4890,4890,1271,1740,-6,221,1278,1721,2021,1557,115,8892,25
17:18:29.626 [TLM] 52000,44079,-3938,1305,4922,4922,4922,1335,1017,0,-216,1716,1283,8805,4071,115,8892,25
17:18:29.627 [TLM] 52010,44096,-3934,1289,4944,4944,4944,1550,1472,5,-616,2116,883,12000,-7034,115,8892,25
17:18:29.661 [TLM] 52020,44110,-3931,1275,4940,4940,4940,1642,1215,7,-284,1784,1215,7708,983,115,8892,25
17:18:29.696 [TLM] 52030,44124,-3928,1262,4914,4914,4914,1849,756,12,-480,1980,1019,9537,2233,115,8892,25
17:18:29.697 [TLM] 52040,44140,-3925,1246,4871,4871,4871,2183,1086,9,28,1471,1528,-3616,7135,115,8892,25
17:18:29.731 [TLM] 52050,44156,-3923,1230,4826,4826,4826,1907,1171,15,-939,2439,560,12000,-8474,115,8892,25
17:18:29.732 [TLM] 52060,44171,-3922,1215,4758,4758,4758,2252,900,14,-552,2052,947,3670,1046,115,8892,25
17:18:29.767 [TLM] 52070,44185,-3922,1201,4672,4672,4672,2169,589,18,-626,2126,873,6224,3440,115,8892,25
17:18:29.770 [TLM] 52080,44202,-3923,1185,4575,4575,4575,2093,1149,11,-320,1820,1179,1148,1904,115,8892,25
17:18:29.802 [TLM] 52090,44216,-3926,1170,4491,4491,4491,2011,969,9,-276,1776,1223,933,5074,115,8892,25
17:18:29.838 [TLM] 52100,44231,-3930,1156,4418,4418,4418,1994,939,13,-411,1911,1088,3496,3140,115,8892,25
17:18:29.840 [TLM] 52110,44246,-3935,1142,4346,4346,4346,1984,1101,12,-441,1941,1058,3466,1595,115,25276,25
17:18:29.872 [TLM] 52120,44262,-3941,1127,4286,4286,4286,1848,1403,5,371,1128,1871,-7293,9998,115,9020,25
17:18:29.873 [TLM] 52130,44277,-3948,1113,4242,4242,4242,1681,1243,5,-105,1605,1394,1567,3997,115,9020,25
17:18:29.910 [TLM] 52140,44293,-3955,1100,4199,4199,4199,1497,1671,-1,273,1226,1773,-2643,5248,115,25404,25
17:18:29.911 [TLM] 52150,44309,-3964,1085,4180,4180,4180,1222,1925,-6,224,1275,1724,450,964,115,9148,25
17:18:29.941 [TLM] 52160,44322,-3970,1074,4184,4184,4184,1213,1749,-12,701,798,2201,-6895,11015,115,9148,25
17:18:29.976 [TLM] 52170,44340,-3979,1059,4228,4228,4228,1028,2033,-11,334,1165,1834,601,1420,115,9148,25
17:18:29.977 [TLM] 52180,44353,-3985,1047,4279,4279,4279,1109,1644,-4,-26,1526,1473,6528,389,115,9148,25
17:18:30.014 [TLM] 52190,44368,-3991,1033,4323,4323,4323,1092,1885,-4,-16,1516,1483,7225,-2710,115,9148,25
17:18:30.014 [TLM] 52200,44382,-3995,1020,4363,4363,4363,1167,1664,-5,26,1473,1526,6055,1028,115,9148,25
17:18:30.047 [TLM] 52210,44395,-4000,1007,4398,4398,4398,1125,1827,-4,61,1438,1561,7436,-1421,115,9148,25
17:18:30.047 [TLM] 52220,44411,-4004,992,4434,4434,4434,1247,1629,-4,141,1358,1641,5177,2323,115,9148,25
17:18:30.082 [TLM] 52230,44426,-4008,978,4459,4459,4459,1395,1611,-6,383,1116,1883,-354,6489,115,9148,25
17:18:30.118 [TLM] 52240,44442,-4012,962,4480,4480,4480,1400,1682,-5,-95,1595,1404,5996,-1558,115,9148,25
17:18:30.118 [TLM] 52250,44457,-4015,948,4499,4499,4499,1295,1695,-5,155,1344,1655,3914,1722,115,9148,25
17:18:30.153 [TLM] 52260,44472,-4018,933,4513,4513,4513,1452,1618,-4,89,1410,1589,2441,2236,115,9148,25
17:18:30.153 [TLM] 52270,44488,-4021,917,4531,4531,4531,1372,1608,-6,221,1278,1721,764,4231,115,9148,25
17:18:30.187 [TLM] 52280,44503,-4024,902,4556,4556,4556,1317,1656,-4,68,1431,1568,3670,1182,115,9148,25
17:18:30.188 [TLM] 52290,44519,-4026,887,4577,4577,4577,1462,1599,-2,18,1481,1518,2847,892,115,9148,25
17:18:30.223 [TLM] 52300,44533,-4028,873,4589,4589,4589,1399,1549,-1,44,1455,1544,3497,1769,115,9148,25
17:18:30.257 [TLM] 52310,44548,-4030,858,4596,4596,4596,1440,1572,-1,29,1470,1529,2803,1598,115,9148,25
17:18:30.257 [TLM] 52320,44563,-4031,843,4600,4600,4600,1457,1524,-1,12,1487,1512,3264,1593,115,25532,25
17:18:30.291 [TLM] 52330,44578,-4033,828,4601,4601,4601,1509,1506,-1,102,1397,1602,1131,3384,115,9276,25
17:18:30.292 [TLM] 52340,44595,-4035,811,4614,4614,4614,1351,1937,-4,-29,1529,1470,4387,-4272,115,9276,25
17:18:30.326 [TLM] 52350,44608,-4036,799,4629,4629,4629,1404,1534,-4,9,1490,1509,3037,1221,115,9276,25
17:18:30.327 [TLM] 52360,44624,-4037,782,4642,4642,4642,1334,1662,-6,251,1248,1751,50,3584,115,9276,25
17:18:30.361 [TLM] 52370,44639,-4038,767,4660,4660,4660,1325,1659,-6,469,1030,1969,-3223,6946,115,9276,25
17:18:30.397 [TLM] 52380,44655,-4039,751,4689,4689,4689,1188,1937,-10,240,1259,1740,660,1064,115,9276,25
17:18:30.397 [TLM] 52390,44671,-4038,736,4741,4741,4741,1067,2006,-10,349,1150,1849,837,1180,115,9276,25
17:18:30.432 [TLM] 52400,44685,-4038,722,4787,4787,4787,1144,1764,-8,239,1260,1739,1468,2965,115,9276,25
17:18:30.432 [TLM] 52410,44700,-4036,706,4843,4843,4843,987,2042,-11,420,1079,1920,875,1771,115,9276,25
17:18:30.466 [TLM] 52420,44714,-4034,693,4899,4899,4899,1096,1894,-9,243,1256,1743,2723,625,115,9276,25
17:18:30.467 [TLM] 52430,44728,-4031,679,4958,4958,4958,1089,1884,-9,228,1271,1728,3464,389,115,9276,25
17:18:30.506 [TLM] 52440,44744,-4026,664,5016,5016,5016,954,2177,-12,431,1068,1931,2327,-486,115,9276,25
17:18:30.537 [TLM] 52450,44760,-4021,649,5081,5081,5081,1055,1912,-11,224,1275,1724,4264,40,115,9276,25
17:18:30.542 [TLM] 52460,44774,-4015,636,5132,5132,5132,1024,1942,-12,453,1046,1953,1148,2989,115,9276,25
17:18:30.574 [TLM] 52470,44790,-4008,622,5200,5200,5200,905,2167,-13,21,1478,1521,8766,-6296,115,9276,25
17:18:30.574 [TLM] 52480,44804,-4001,610,5258,5258,5258,1123,1890,-13,646,853,2146,-2600,6457,115,9276,25
17:18:30.608 [TLM] 52490,44817,-3994,598,5311,5311,5311,915,1966,-16,833,666,2333,-2797,7974,115,9276,25
17:18:30.608 [TLM] 52500,44834,-3984,585,5385,5385,5385,917,2126,-14,-11,1511,1488,9177,-5854,115,9276,25
17:18:30.643 [TLM] 52510,44849,-3975,574,5456,5456,5456,897,2076,-14,474,1025,1974,3092,1231,115,9276,25
17:18:30.676 [TLM] 52520,44864,-3964,563,5532,5532,5532,881,2205,-15,360,1139,1860,4794,-1834,115,9276,25
17:18:30.677 [TLM] 52530,44878,-3953,554,5605,5605,5605,985,1846,-13,500,999,2000,2121,4422,115,9276,25
17:18:30.712 [TLM] 52540,44893,-3941,545,5671,5671,5671,986,2019,-13,473,1026,1973,2518,1968,115,9276,25
17:18:30.750 [TLM] 52550,44908,-3929,537,5735,5735,5735,1008,1953,-13,449,1050,1949,2883,2564,115,9276,25
17:18:30.750 [TLM] 52560,44922,-3916,530,5794,5794,5794,1076,1815,-10,509,990,2009,1783,4858,115,25660,25
17:18:30.750 [TLM] 52570,44937,-3903,523,5844,5844,5844,1182,1865,-10,362,1137,1862,2376,2700,115,25660,25
17:18:30.782 [TLM] 52580,44952,-3889,517,5891,5891,5891,1062,2010,-13,545,954,2045,818,3798,115,9404,25
17:18:30.816 [TLM] 52590,44968,-3874,511,5948,5948,5948,1140,1913,-12,373,1126,1873,2460,-544,115,9404,25
17:18:30.817 [TLM] 52600,44983,-3860,507,5993,5993,5993,1196,1807,-10,-493,1993,1006,12000,-8583,115,9404,25
17:18:30.852 [TLM] 52610,44997,-3847,503,6031,6031,6031,1228,1676,-8,-69,1569,1430,7365,-701,115,9404,25
17:18:30.887 [TLM] 52620,45013,-3830,500,6077,6077,6077,1096,2226,-12,448,1051,1948,1064,-183,115,9404,25
17:18:30.888 [TLM] 52630,45026,-3818,498,6121,6121,6121,1225,1541,-4,368,1131,1868,1968,5675,115,9404,25
17:18:30.889 [TLM] 52640,45041,-3803,495,6150,6150,6150,1347,1702,-4,133,1366,1633,3667,1844,115,9404,25
17:18:30.922 [TLM] 52650,45056,-3788,494,6171,6171,6171,1368,1740,-4,64,1435,1564,4083,689,115,9404,25
17:18:30.960 [TLM] 52660,45072,-3772,492,6200,6200,6200,1351,1731,-5,193,1306,1693,2128,1891,115,9404,25
17:18:30.960 [TLM] 52670,45086,-3758,491,6222,6222,6222,1469,1344,0,-294,1794,1205,8470,-699,115,9404,25
17:18:30.994 [TLM] 52680,45102,-3743,490,6235,6235,6235,1450,1486,0,53,1446,1553,3579,2710,115,9404,25
17:18:30.994 [TLM] 52690,45117,-3728,490,6239,6239,6239,1505,1535,0,0,1500,1499,3863,1356,115,9404,25
17:18:31.027 [TLM] 52700,45132,-3712,489,6242,6242,6242,1551,1583,0,-301,1801,1198,7201,-3478,115,9404,25
17:18:31.027 [TLM] 52710,45147,-3697,488,6237,6237,6237,1530,1528,0,-162,1662,1337,5326,-1058,115,9404,25
17:18:31.061 [TLM] 52720,45163,-3682,487,6231,6231,6231,1580,1455,0,-260,1760,1239,5613,-1225,115,9404,25
17:18:31.097 [TLM] 52730,45178,-3666,487,6221,6221,6221,1579,1477,0,-14,1514,1485,1441,2116,115,9404,25
17:18:31.098 [TLM] 52740,45193,-3651,486,6211,6211,6211,1572,1470,0,-17,1517,1482,1836,2017,115,9404,25
17:18:31.132 [TLM] 52750,45208,-3636,484,6202,6202,6202,1575,1460,1,-55,1555,1444,2265,1563,115,9404,25
17:18:31.132 [TLM] 52760,45223,-3621,483,6194,6194,6194,1601,1498,0,-52,1552,1447,1224,1673,115,9404,25
17:18:31.168 [TLM] 52770,45237,-3608,482,6191,6191,6191,1589,1411,1,45,1454,1545,328,3694,115,9404,25
17:18:31.168 [TLM] 52780,45253,-3592,480,6180,6180,6180,1595,1417,1,0,1500,1499,1069,3061,115,9404,25
17:18:31.203 [TLM] 52790,45268,-3576,479,6172,6172,6172,1614,1473,0,0,1500,1499,239,2806,115,9404,25
17:18:31.237 [TLM] 52800,45283,-3561,477,6170,6170,6170,1466,1500,0,-9,1509,1490,2273,2084,115,9404,25
17:18:31.238 [TLM] 52810,45298,-3547,475,6168,6168,6168,1586,1292,0,375,1124,1875,-4574,9991,115,9404,25
17:18:31.272 [TLM] 52820,45314,-3531,473,6168,6168,6168,1495,1605,0,-22,1522,1477,1813,580,115,9404,25
17:18:31.272 [TLM] 52830,45328,-3517,472,6170,6170,6170,1563,1415,0,64,1435,1564,30,4195,115,9404,25
17:18:31.307 [TLM] 52840,45344,-3502,470,6170,6170,6170,1496,1488,0,-72,1572,1427,2618,1421,115,9404,25
17:18:31.307 [TLM] 52850,45358,-3487,469,6176,6176,6176,1509,1492,1,-97,1597,1402,3232,662,115,9404,25
17:18:31.343 [TLM] 52860,45373,-3472,467,6176,6176,6176,1553,1460,1,33,1466,1533,997,2789,115,9404,25
17:18:31.377 [TLM] 52870,45388,-3457,465,6175,6175,6175,1436,1603,0,-84,1584,1415,4067,326,115,9404,25
17:18:31.378 [TLM] 52880,45403,-3442,464,6175,6175,6175,1500,1487,0,163,1336,1663,-248,4178,115,9404,25
17:18:31.411 [TLM] 52890,45418,-3427,462,6171,6171,6171,1414,1529,0,-112,1612,1387,4852,-271,115,9404,25
17:18:31.447 [TLM] 52900,45433,-3413,460,6171,6171,6171,1597,1377,2,-83,1583,1416,2603,1941,115,9404,25
17:18:31.447 [TLM] 52910,45448,-3398,459,6162,6162,6162,1560,1485,1,-17,1517,1482,2038,1671,115,9404,25
17:18:31.448 [TLM] 52920,45463,-3383,457,6156,6156,6156,1510,1455,0,34,1465,1534,1999,2874,115,9404,25
17:18:31.481 [TLM] 52930,45478,-3368,455,6152,6152,6152,1545,1453,0,98,1401,1598,540,3937,115,9404,25
17:18:31.517 [TLM] 52941,45492,-3354,453,6154,6154,6154,1429,1518,0,-104,1604,1395,4795,606,115,9404,25
17:18:31.518 [TLM] 52950,45506,-3340,451,6157,6157,6157,1523,1362,1,-163,1663,1336,4697,1312,115,9404,25
17:18:31.552 [TLM] 52960,45522,-3324,449,6152,6152,6152,1473,1542,0,-200,1700,1299,5815,-1266,115,9404,25
17:18:31.553 [TLM] 52970,45537,-3309,447,6150,6150,6150,1507,1442,0,25,1474,1525,2358,3206,115,9404,25
17:18:31.587 [TLM] 52980,45552,-3295,445,6149,6149,6149,1505,1495,0,-73,1573,1426,3859,1042,115,9404,25
17:18:31.587 [TLM] 52990,45568,-3279,443,6148,6148,6148,1510,1601,0,-211,1711,1288,5677,-2353,115,9404,25
17:18:31.622 [TLM] 53000,45583,-3264,441,6148,6148,6148,1573,1500,0,88,1411,1588,255,3022,115,9404,25
17:18:31.657 [TLM] 53010,45598,-3249,439,6148,6148,6148,1498,1489,0,19,1480,1519,2134,1233,115,9404,25
17:18:31.658 [TLM] 53020,45613,-3234,437,6146,6146,6146,1518,1500,0,7,1492,1507,1907,1816,115,9404,25
17:18:31.692 [TLM] 53030,45628,-3219,435,6145,6145,6145,1519,1547,0,6,1493,1506,1697,1207,115,9404,25
17:18:31.693 [TLM] 53040,45643,-3204,433,6145,6145,6145,1514,1486,0,96,1403,1596,571,3253,115,9404,25
17:18:31.729 [TLM] 53050,45658,-3189,431,6144,6144,6144,1512,1545,0,69,1430,1569,681,2207,115,9404,25
17:18:31.729 [TLM] 53060,45673,-3175,429,6144,6144,6144,1551,1365,0,30,1469,1530,743,3904,115,9404,25
17:18:31.762 [TLM] 53070,45688,-3160,427,6147,6147,6147,1437,1595,-1,86,1413,1586,1226,2080,115,9404,25
17:18:31.798 [TLM] 53080,45703,-3145,425,6153,6153,6153,1441,1492,0,1,1498,1501,2618,2143,115,9404,25
17:18:31.799 [TLM] 53090,45718,-3130,423,6156,6156,6156,1482,1549,0,-1,1501,1498,2213,1177,115,9404,25
17:18:31.833 [TLM] 53100,45733,-3116,421,6157,6157,6157,1498,1506,0,-1,1501,1498,2060,1708,115,9404,25
17:18:31.834 [TLM] 53110,45747,-3101,419,6153,6153,6153,1545,1421,-1,587,912,2087,-6977,11271,115,9404,25
17:18:31.866 [TLM] 53120,45763,-3086,417,6147,6147,6147,1559,1512,1,-229,1729,1270,4305,-1384,115,9404,25
17:18:31.867 [TLM] 53130,45778,-3070,415,6136,6136,6136,1488,1665,-3,402,1097,1902,-4775,6466,115,9404,25
17:18:31.902 [TLM] 53140,45794,-3054,413,6141,6141,6141,1437,1692,-2,-24,1524,1475,1908,-728,115,9404,25
17:18:31.937 [TLM] 53150,45808,-3041,411,6144,6144,6144,1399,1495,0,-36,1536,1463,2721,1137,115,9404,25
17:18:31.938 [TLM] 53160,45824,-3025,409,6149,6149,6149,1255,1835,-1,-322,1822,1177,8956,-6757,115,9404,25
17:18:31.972 [TLM] 53170,45837,-3012,407,6159,6159,6159,1397,1246,0,133,1366,1633,1510,6762,115,9404,25
17:18:31.973 [TLM] 53180,45853,-2997,405,6157,6157,6157,1439,1480,0,-381,1881,1118,8380,-3127,115,9404,25
17:18:32.006 [TLM] 53190,45867,-2983,403,6154,6154,6154,1417,1684,-2,102,1397,1602,1361,1554,115,9404,25
17:18:32.007 [TLM] 53200,45883,-2967,401,6161,6161,6161,1406,1464,-1,16,1483,1516,2978,2819,115,9404,25
17:18:32.041 [TLM] 53210,45898,-2952,399,6166,6166,6166,1446,1503,0,-64,1564,1435,3839,1166,115,9404,25
17:18:32.078 [TLM] 53220,45913,-2937,398,6170,6170,6170,1531,1499,-1,766,733,2266,-8756,12000,115,9404,25
17:18:32.078 [TLM] 53230,45928,-2922,396,6165,6165,6165,1535,1398,0,12,1487,1512,1505,3767,115,9404,25
17:18:32.112 [TLM] 53240,45943,-2907,394,6166,6166,6166,1579,1450,-1,209,1290,1709,-2198,5815,115,9404,25
17:18:32.112 [TLM] 53250,45958,-2892,392,6164,6164,6164,1485,1509,0,-43,1543,1456,2953,1533,115,9404,25
17:18:32.146 [TLM] 53260,45973,-2877,391,6167,6167,6167,1429,1662,0,0,1500,1499,3168,76,115,9404,25
17:18:32.147 [TLM] 53270,45988,-2862,389,6168,6168,6168,1434,1522,0,0,1499,1500,3095,1635,115,9404,25
17:18:32.185 [TLM] 53280,46003,-2847,387,6166,6166,6166,1547,1475,1,-76,1576,1423,3193,829,115,9404,25
17:18:32.219 [TLM] 53290,46019,-2832,385,6163,6163,6163,1489,1625,-1,79,1420,1579,1114,548,115,9404,25
17:18:32.219 [TLM] 53300,46033,-2818,384,6163,6163,6163,1552,1331,1,-66,1566,1433,2745,2662,115,9404,25
17:18:32.253 [TLM] 53310,46048,-2802,382,6153,6153,6153,1628,1451,1,-117,1617,1382,2263,744,115,9404,25
17:18:32.253 [TLM] 53320,46063,-2788,380,6146,6146,6146,1542,1510,1,-252,1752,1247,5309,-1792,115,9404,25
17:18:32.288 [TLM] 53330,46077,-2774,378,6144,6144,6144,1494,1536,0,182,1317,1682,-388,3890,115,9404,25
17:18:32.288 [TLM] 53340,46093,-2759,376,6140,6140,6140,1530,1340,-1,462,1037,1962,-5011,10627,115,9404,25
17:18:32.322 [TLM] 53350,46109,-2743,373,6145,6145,6145,1396,1715,0,-185,1685,1314,5641,-3290,115,9404,25
17:18:32.357 [TLM] 53360,46123,-2728,371,6153,6153,6153,1497,1471,0,85,1414,1585,854,3181,115,9404,25
17:18:32.358 [TLM] 53370,46138,-2713,370,6152,6152,6152,1461,1493,0,190,1309,1690,-227,4563,115,9404,25
17:18:32.391 [TLM] 53380,46154,-2698,367,6154,6154,6154,1494,1626,0,73,1426,1573,823,1214,115,9404,25
17:18:32.392 [TLM] 53390,46168,-2683,366,6156,6156,6156,1454,1484,0,-6,1506,1493,2709,1915,115,9404,25
17:18:32.427 [TLM] 53400,46182,-2670,364,6156,6156,6156,1429,1624,1,-325,1825,1174,7461,-4158,115,9404,25
17:18:32.427 [TLM] 53410,46199,-2654,362,6151,6151,6151,1459,1511,0,-50,1550,1449,3417,928,115,9404,25
17:18:32.462 [TLM] 53420,46214,-2638,360,6148,6148,6148,1455,1603,0,87,1412,1587,1366,1786,115,9404,25
17:18:32.497 [TLM] 53430,46228,-2624,358,6148,6148,6148,1502,1437,0,18,1481,1518,1842,2849,115,9404,25
17:18:32.497 [TLM] 53440,46244,-2609,356,6148,6148,6148,1483,1510,0,15,1484,1515,2077,1967,115,9404,25
17:18:32.531 [TLM] 53450,46258,-2594,354,6148,6148,6148,1506,1486,0,61,1438,1561,1154,3043,115,9404,25
17:18:32.532 [TLM] 53460,46272,-2580,352,6148,6148,6148,1636,1130,-1,648,851,2148,-8687,12000,115,9404,25
17:18:32.567 [TLM] 53470,46286,-2567,350,6151,6151,6151,1369,1585,1,-299,1799,1200,8287,-2731,115,9404,25
17:18:32.604 [TLM] 53480,46303,-2550,348,6155,6155,6155,1447,1575,0,-2,1502,1497,3023,1567,115,9404,25
17:18:32.604 [TLM] 53490,46318,-2535,346,6157,6157,6157,1527,1525,0,1,1498,1501,1870,2126,115,9404,25
17:18:32.636 [TLM] 53500,46333,-2520,344,6161,6161,6161,1522,1506,0,-1,1501,1498,1954,2080,115,9404,25
17:18:32.637 [TLM] 53510,46348,-2505,342,6163,6163,6163,1459,1490,0,76,1423,1576,2048,3101,115,9404,25
17:18:32.672 [TLM] 53520,46364,-2489,340,6164,6164,6164,1537,1624,0,25,1474,1525,1431,552,115,9404,25
17:18:32.673 [TLM] 53530,46379,-2475,339,6163,6163,6163,1520,1478,1,-153,1653,1346,4238,-300,115,9404,25
17:18:32.706 [TLM] 53540,46394,-2459,337,6160,6160,6160,1486,1581,-1,66,1433,1566,1153,1762,115,9404,25
17:18:32.707 [TLM] 53550,46409,-2445,335,6161,6161,6161,1494,1452,0,0,1500,1499,2194,2299,115,9404,25
17:18:32.742 [TLM] 53560,46424,-2430,333,6160,6160,6160,1490,1479,0,-1,1501,1498,2245,1967,115,9404,25
17:18:32.776 [TLM] 53570,46439,-2415,331,6160,6160,6160,1526,1475,0,95,1404,1595,629,3119,115,9404,25
17:18:32.777 [TLM] 53580,46454,-2400,330,6160,6160,6160,1495,1504,0,55,1444,1555,1391,2429,115,9404,25
17:18:32.811 [TLM] 53590,46469,-2385,328,6159,6159,6159,1583,1448,0,83,1416,1583,-110,3416,115,9404,25
17:18:32.812 [TLM] 53600,46484,-2370,326,6153,6153,6153,1513,1462,0,0,1500,1499,1827,2328,115,9404,25
17:18:32.846 [TLM] 53610,46498,-2357,324,6152,6152,6152,1486,1539,0,-1,1501,1498,2121,1393,115,9404,25
17:18:32.881 [TLM] 53620,46514,-2341,322,6149,6149,6149,1470,1506,0,1,1498,1501,2279,1785,115,9404,25
17:18:32.882 [TLM] 53630,46529,-2326,320,6147,6147,6147,1525,1468,0,-1,1501,1498,1647,2349,115,9404,25
17:18:32.917 [TLM] 53640,46544,-2311,318,6142,6142,6142,1468,1455,-1,-20,1520,1479,2347,2622,115,9404,25
17:18:32.917 [TLM] 53650,46559,-2296,316,6150,6150,6150,1428,1536,1,-338,1838,1161,8139,-3430,115,9404,25
17:18:32.952 [TLM] 53660,46574,-2281,314,6147,6147,6147,1639,1506,1,115,1384,1615,-1091,3417,115,9404,25
17:18:32.952 [TLM] 53670,46589,-2267,312,6142,6142,6142,1558,1463,1,51,1448,1551,714,3089,115,9404,25
17:18:32.989 [TLM] 53680,46604,-2252,310,6134,6134,6134,1546,1420,1,-81,1581,1418,2707,1844,115,9404,25
17:18:32.993 [TLM] 53690,46620,-2236,307,6126,6126,6126,1488,1684,-2,234,1265,1734,-1822,3447,115,9404,25
17:18:33.022 [TLM] 53700,46635,-2221,305,6130,6130,6130,1365,1702,-2,396,1103,1896,-2604,4986,115,9404,25
17:18:33.057 [TLM] 53710,46649,-2207,303,6137,6137,6137,1439,1353,0,46,1453,1546,2166,3353,115,9404,25
17:18:33.057 [TLM] 53720,46664,-2192,300,6136,6136,6136,1447,1545,-1,60,1439,1560,1819,2049,115,9404,25
17:18:33.091 [TLM] 53730,46679,-2177,298,6140,6140,6140,1472,1560,-1,20,1479,1520,2193,1124,115,9404,25
17:18:33.092 [TLM] 53740,46694,-2163,296,6142,6142,6142,1407,1499,0,17,1482,1517,3201,1972,115,9404,25
17:18:33.126 [TLM] 53750,46708,-2149,294,6142,6142,6142,1517,1596,0,-159,1659,1340,4482,-1884,115,9404,25
17:18:33.161 [TLM] 53760,46724,-2132,292,6143,6143,6143,1343,1648,-1,-26,1526,1473,4470,-708,115,9404,25
17:18:33.162 [TLM] 53770,46739,-2118,290,6149,6149,6149,1556,1357,0,39,1460,1539,1243,3825,115,9404,25
17:18:33.196 [TLM] 53780,46754,-2103,288,6144,6144,6144,1540,1476,0,2,1497,1502,1642,2296,115,9404,25
17:18:33.196 [TLM] 53790,46770,-2088,286,6143,6143,6143,1496,1673,0,14,1485,1514,2086,-529,115,9404,25
17:18:33.232 [TLM] 53800,46784,-2073,284,6137,6137,6137,1566,1411,0,-16,1516,1483,1695,2390,115,9404,25
17:18:33.232 [TLM] 53810,46799,-2058,281,6127,6127,6127,1288,1900,-4,208,1291,1708,1136,364,115,9404,25
17:18:33.268 [TLM] 53820,46815,-2043,279,6131,6131,6131,1324,1669,-6,319,1180,1819,-1328,4051,115,9404,25
17:18:33.268 [TLM] 53830,46830,-2028,277,6127,6127,6127,1322,1783,-4,-38,1538,1461,3610,-2074,115,9404,25
17:18:33.301 [TLM] 53840,46844,-2014,275,6131,6131,6131,1297,1618,-5,355,1144,1855,-1488,5690,115,9404,25
17:18:33.336 [TLM] 53850,46858,-2000,272,6139,6139,6139,1285,1596,-3,51,1448,1551,2604,3681,115,9404,25
17:18:33.337 [TLM] 53860,46872,-1986,271,6153,6153,6153,1390,1270,0,-61,1561,1438,4665,3964,115,9404,25
17:18:33.373 [TLM] 53870,46888,-1970,269,6159,6159,6159,1471,1737,0,-207,1707,1292,5770,-3584,115,9404,25
17:18:33.374 [TLM] 53880,46903,-1956,267,6171,6171,6171,1454,1524,0,-13,1513,1486,3546,1226,115,9404,25
17:18:33.406 [TLM] 53890,46916,-1943,265,6175,6175,6175,1479,1456,0,-206,1706,1293,6062,-507,115,9404,25
17:18:33.407 [TLM] 53900,46933,-1926,264,6175,6175,6175,1474,1557,0,87,1412,1587,1870,2568,115,9404,25
17:18:33.441 [TLM] 53910,46948,-1911,262,6173,6173,6173,1490,1545,0,-14,1514,1485,2980,1308,115,9404,25
17:18:33.478 [TLM] 53920,46962,-1896,260,6169,6169,6169,1486,1471,0,5,1494,1505,2789,2596,115,9404,25
17:18:33.479 [TLM] 53930,46978,-1881,259,6166,6166,6166,1580,1486,0,69,1430,1569,436,3207,115,9404,25
17:18:33.511 [TLM] 53940,46993,-1866,257,6163,6163,6163,1583,1428,0,41,1458,1541,511,3590,115,9404,25
17:18:33.512 [TLM] 53950,47009,-1850,255,6159,6159,6159,1524,1600,0,0,1500,1499,1683,803,115,9404,25
17:18:33.546 [TLM] 53960,47024,-1836,253,6158,6158,6158,1536,1525,0,0,1500,1499,1526,1712,115,9404,25
17:18:33.547 [TLM] 53970,47039,-1821,251,6156,6156,6156,1532,1504,0,-1,1501,1498,1566,1943,115,9404,25
17:18:33.583 [TLM] 53980,47053,-1806,249,6155,6155,6155,1569,1366,1,-182,1682,1317,3997,917,115,9404,25
17:18:33.617 [TLM] 53990,47069,-1790,247,6147,6147,6147,1520,1731,0,215,1284,1715,-2769,4733,115,9404,25
17:18:33.617 [TLM] 54000,47085,-1775,245,6152,6152,6152,1395,1585,0,-101,1601,1398,4404,-1191,115,9404,25
17:18:33.651 [TLM] 54010,47099,-1761,243,6146,6146,6146,1597,1309,1,82,1417,1582,-397,5059,115,9404,25
17:18:33.652 [TLM] 54020,47113,-1747,241,6140,6140,6140,1439,1487,0,0,1500,1499,2789,2021,115,9404,25
17:18:33.688 [TLM] 54030,47126,-1734,239,6140,6140,6140,1487,1363,0,0,1500,1499,2455,3592,115,9404,25
17:18:33.690 [TLM] 54040,47143,-1718,237,6137,6137,6137,1532,1484,0,25,1474,1525,1826,2585,115,9404,25
17:18:33.722 [TLM] 54050,47158,-1703,235,6137,6137,6137,1510,1534,0,-145,1645,1354,4472,-525,115,9404,25
17:18:33.757 [TLM] 54060,47173,-1688,233,6144,6144,6144,1423,1535,0,-61,1561,1438,4536,324,115,9404,25
17:18:33.757 [TLM] 54070,47188,-1673,231,6151,6151,6151,1525,1425,0,116,1383,1616,680,4395,115,9404,25
17:18:33.794 [TLM] 54080,47203,-1658,229,6151,6151,6151,1528,1509,0,-107,1607,1392,3813,261,115,9404,25
17:18:33.794 [TLM] 54090,47218,-1643,227,6149,6149,6149,1546,1473,0,-6,1506,1493,2122,2143,115,9404,25
17:18:33.828 [TLM] 54100,47233,-1628,225,6147,6147,6147,1506,1529,0,0,1499,1500,2532,1584,115,9404,25
17:18:33.828 [TLM] 54110,47248,-1613,223,6144,6144,6144,1597,1477,0,23,1476,1523,811,2518,115,9404,25
17:18:33.861 [TLM] 54120,47263,-1598,221,6143,6143,6143,1506,1515,-1,438,1061,1938,-3993,7870,115,9404,25
17:18:33.896 [TLM] 54130,47278,-1583,218,6144,6144,6144,1482,1489,0,-1,1501,1498,2056,1180,115,9404,25
17:18:33.897 [TLM] 54140,47293,-1568,216,6141,6141,6141,1495,1459,0,-1,1501,1498,2096,2219,115,9404,25
17:18:33.931 [TLM] 54150,47308,-1554,214,6140,6140,6140,1491,1493,0,-1,1501,1498,2215,1831,115,9404,25
17:18:33.932 [TLM] 54160,47323,-1539,212,6136,6136,6136,1636,1275,0,312,1187,1812,-4014,9131,115,9404,25
17:18:33.967 [TLM] 54170,47338,-1524,210,6130,6130,6130,1550,1694,-1,293,1206,1793,-3606,3694,115,9404,25
17:18:33.967 [TLM] 54180,47354,-1509,207,6127,6127,6127,1612,1256,2,-72,1572,1427,1222,3715,115,9404,25
17:18:34.002 [TLM] 54190,47368,-1495,205,6119,6119,6119,1468,1442,0,82,1417,1582,1005,3947,115,9404,25
17:18:34.039 [TLM] 54200,47384,-1479,203,6120,6120,6120,1407,1638,-2,39,1460,1539,1826,1183,115,9404,25
17:18:34.039 [TLM] 54210,47398,-1465,200,6128,6128,6128,1417,1494,0,7,1492,1507,2515,2275,115,9404,25
17:18:34.072 [TLM] 54220,47413,-1450,198,6131,6131,6131,1426,1546,0,29,1470,1529,2477,1845,115,9404,25
17:18:34.072 [TLM] 54230,47429,-1435,196,6135,6135,6135,1473,1655,0,-84,1584,1415,3388,-1204,115,9404,25
17:18:34.107 [TLM] 54240,47443,-1420,194,6140,6140,6140,1475,1536,0,-35,1535,1464,2917,864,115,9404,25
17:18:34.107 [TLM] 54250,47458,-1406,192,6143,6143,6143,1472,1439,0,136,1363,1636,628,4592,115,9404,25
17:18:34.142 [TLM] 54260,47473,-1391,189,6145,6145,6145,1439,1543,0,51,1448,1551,2052,2188,115,9404,25
17:18:34.177 [TLM] 54270,47488,-1376,187,6150,6150,6150,1410,1504,0,-43,1543,1456,3020,1392,115,9404,25
17:18:34.178 [TLM] 54280,47503,-1361,185,6152,6152,6152,1529,1501,0,117,1382,1617,241,3492,115,9404,25
17:18:34.212 [TLM] 54290,47518,-1346,184,6154,6154,6154,1497,1486,0,5,1494,1505,1989,2307,115,9404,25
17:18:34.213 [TLM] 54300,47533,-1331,182,6155,6155,6155,1544,1494,0,109,1390,1609,-209,3682,115,9404,25
17:18:34.246 [TLM] 54310,47547,-1318,180,6156,6156,6156,1515,1517,0,-3,1503,1496,1824,1654,115,9404,25
17:18:34.247 [TLM] 54320,47563,-1301,178,6155,6155,6155,1479,1494,0,0,1500,1500,2204,1966,115,9404,25
17:18:34.282 [TLM] 54330,47578,-1287,176,6154,6154,6154,1422,1481,0,0,1500,1499,2955,2217,115,9404,25
17:18:34.317 [TLM] 54340,47593,-1272,174,6150,6150,6150,1566,1392,0,38,1461,1538,814,3834,115,9404,25
17:18:34.318 [TLM] 54350,47609,-1256,172,6155,6155,6155,1492,1620,-1,54,1445,1554,840,1128,115,9404,25
17:18:34.351 [TLM] 54360,47623,-1242,170,6154,6154,6154,1629,1282,1,60,1439,1560,-557,5423,115,9404,25
17:18:34.352 [TLM] 54370,47639,-1226,168,6152,6152,6152,1551,1506,0,15,1484,1515,890,1863,115,9404,25
17:18:34.387 [TLM] 54380,47654,-1212,166,6151,6151,6151,1561,1436,0,13,1486,1513,669,2986,115,42172,25
17:18:34.387 [TLM] --- TELEMETRY END ---