06:22:13.732 [TLM] --- TELEMETRY START (1177 samples) ---
06:22:13.734 [TLM] Time_ms,Dist_mm,X_mm,Y_mm,Yaw_mrad,Accel_x_mg,Accel_y_mg,VelL_mmps,VelR_mmps,LinePos,PidLine,PidLSet,PidRSet,PidLOut,PidROut,Bat_dv,Markers,F
06:22:13.735 [TLM] Metadata: Line kP: 36.000000, Line kI: 0.000000, Line kD: 0.096000
06:22:13.737 [TLM] 39119,18,18,0,-1,2750,-3999,1189,1159,0,7,1492,1507,8723,10084,147,32,45
06:22:13.767 [SMA] Transition: [telemetry] -> [full_stop]
06:22:13.767 [TLM] 39129,52,52,0,-10,-421,-520,1836,2367,-2,109,1390,1609,-2587,-6607,147,32,45
06:22:13.802 [TLM] 39139,59,59,0,-22,-693,2207,1376,1591,-4,154,1345,1654,2085,3346,147,32,45
06:22:13.803 [TLM] 39149,76,76,0,-36,-1940,-3999,1428,1616,-5,212,1287,1712,4,4199,147,32,45
06:22:13.838 [TLM] 39159,92,92,-1,-29,9,2573,1327,1830,-5,214,1285,1714,851,1270,147,32,45
06:22:13.838 [TLM] 39169,107,107,-1,-8,678,-620,1370,1704,-4,122,1377,1622,1483,1219,147,32,45
06:22:13.872 [TLM] 39179,122,122,-1,6,163,346,1377,1618,-1,81,1418,1581,2225,1395,147,32,45
06:22:13.873 [TLM] 39189,137,137,-1,9,-257,-126,1436,1535,-1,85,1414,1585,1541,2451,147,32,45
06:22:13.907 [TLM] 39199,152,152,-1,11,68,89,1433,1548,-2,79,1420,1579,1432,2389,147,32,45
06:22:13.942 [TLM] 39209,167,167,-1,18,-198,272,1469,1561,-1,41,1458,1541,1537,1704,147,32,45
06:22:13.942 [TLM] 39219,182,182,0,25,3999,973,1487,1503,0,-73,1573,1426,3018,652,147,32,45
06:22:13.976 [TLM] 39229,197,197,0,19,131,1024,1448,1499,-1,72,1427,1572,1361,3031,147,32,45
06:22:13.977 [TLM] 39239,212,212,0,24,985,1864,1387,1627,-3,28,1471,1528,2279,1041,147,32,45
06:22:14.011 [TLM] 39249,227,227,0,38,165,1088,1485,1560,0,11,1488,1511,1565,1275,147,32,45
06:22:14.012 [TLM] 39259,242,242,1,43,-492,313,1516,1529,0,30,1469,1530,1105,1819,147,32,45
06:22:14.047 [TLM] 39269,257,257,1,42,474,971,1467,1492,0,-43,1543,1456,2698,1281,147,32,45
06:22:14.084 [TLM] 39279,273,273,2,42,1239,-1445,1538,1537,0,11,1488,1511,1079,1466,147,32,45
06:22:14.085 [TLM] 39289,287,287,2,39,720,2411,1511,1507,0,-60,1560,1439,2368,750,147,32,45
06:22:14.120 [TLM] 39299,302,302,3,33,1344,-1526,1539,1451,1,-76,1576,1423,2358,1153,147,32,45
06:22:14.122 [TLM] 39309,317,317,3,27,-2819,975,1468,1478,-1,44,1455,1544,1356,2924,147,32,45
06:22:14.152 [TLM] 39319,332,332,4,37,-1058,46,1446,1523,0,21,1478,1521,2000,2015,147,32,45
06:22:14.189 [TLM] 39329,347,347,5,47,-224,1184,1460,1539,0,-38,1538,1461,2879,825,147,16416,45
06:22:14.189 [TLM] 39339,362,362,5,50,2056,50,1507,1520,0,-32,1532,1467,2397,989,147,16416,45
06:22:14.223 [TLM] 39349,377,377,6,41,-19,2243,1559,1501,-1,93,1406,1593,-137,3141,147,160,45
06:22:14.223 [TLM] 39359,392,392,7,40,-1719,-3793,1500,1539,-1,16,1483,1516,1299,1776,147,160,45
06:22:14.259 [TLM] 39369,407,407,7,52,-551,688,1411,1555,-2,86,1413,1586,1427,2692,147,160,45
06:22:14.259 [TLM] 39379,422,422,8,72,592,2922,1371,1630,-5,245,1254,1745,-542,4222,147,160,45
06:22:14.294 [TLM] 39389,436,435,9,100,674,-2072,1362,1612,-1,50,1449,1550,2468,1350,147,160,45
06:22:14.294 [TLM] 39399,452,452,11,116,1652,-445,1442,1563,0,58,1441,1558,1849,1732,147,160,45
06:22:14.329 [TLM] 39409,466,466,13,119,2331,1104,1383,1635,-6,301,1198,1801,-1328,4754,147,160,45
06:22:14.365 [TLM] 39419,482,482,15,155,2421,-510,1286,1683,-2,63,1436,1563,3124,517,147,160,45
06:22:14.365 [TLM] 39429,496,495,17,178,-552,2590,1422,1584,0,-15,1515,1484,3046,280,147,160,45
06:22:14.398 [TLM] 39439,513,512,21,177,-368,2230,1586,1475,1,-47,1547,1452,1593,953,147,160,45
06:22:14.400 [TLM] 39449,526,525,23,163,-1028,716,1561,1432,0,-19,1519,1480,1382,2139,147,160,45
06:22:14.432 [TLM] 39459,542,541,25,154,-3118,-2882,1476,1478,-1,75,1424,1575,835,3393,147,160,45
06:22:14.467 [TLM] 39469,557,555,28,166,-2315,-3211,1366,1624,-5,165,1334,1665,497,3359,147,160,45
06:22:14.468 [TLM] 39479,571,569,30,196,1255,3999,1344,1632,-1,48,1451,1548,2716,1131,147,160,45
06:22:14.503 [TLM] 39489,586,584,33,216,-416,-702,1363,1616,-3,188,1311,1688,698,3323,147,160,45
06:22:14.503 [TLM] 39499,603,600,37,241,-511,-1967,1276,1798,-5,113,1386,1613,2485,50,147,160,45
06:22:14.538 [TLM] 39509,618,615,41,270,3999,555,1368,1678,-4,164,1335,1664,974,1857,147,160,45
06:22:14.539 [TLM] 39519,633,629,45,288,917,-1877,1288,1681,-4,144,1355,1644,2314,1478,147,160,45
06:22:14.575 [TLM] 39529,647,643,49,308,107,3964,1333,1647,-4,148,1351,1648,1778,2016,147,160,45
06:22:14.576 [TLM] 39539,663,658,54,324,2563,-544,1398,1652,-6,308,1191,1808,-1378,4513,147,160,45
06:22:14.607 [TLM] 39549,678,672,59,352,437,3070,1281,1750,-6,231,1268,1731,840,2422,147,160,45
06:22:14.644 [TLM] 39559,693,685,65,389,775,-1440,1279,1717,-2,74,1425,1574,3413,50,147,160,45
06:22:14.645 [TLM] 39569,708,699,70,410,1554,1049,1322,1665,-4,192,1307,1692,1242,2532,147,160,45
06:22:14.678 [TLM] 39579,722,713,77,434,331,-375,1333,1644,-4,138,1361,1638,1913,2023,147,160,45
06:22:14.679 [TLM] 39589,737,726,83,453,801,-450,1381,1589,-2,99,1400,1599,2071,1970,147,160,45
06:22:14.713 [TLM] 39599,753,740,90,470,-681,-1589,1341,1658,-5,245,1254,1745,193,3540,147,160,45
06:22:14.714 [TLM] 39609,768,754,97,495,-130,939,1323,1700,-4,67,1432,1567,2659,455,147,160,45
06:22:14.748 [TLM] 39619,783,767,104,521,3068,-3999,1360,1670,-1,12,1487,1512,3531,-562,147,160,45
06:22:14.784 [TLM] 39629,798,780,112,522,-3418,169,1463,1554,-3,178,1321,1678,-363,3783,147,160,45
06:22:14.785 [TLM] 39639,813,792,119,531,-619,-1298,1393,1569,-4,151,1348,1651,774,3221,147,160,45
06:22:14.819 [TLM] 39649,827,805,127,555,-2779,385,1294,1618,-5,226,1273,1726,987,3890,147,160,45
06:22:14.819 [TLM] 39659,843,818,135,586,-543,-889,1241,1817,-6,221,1278,1721,1589,1435,147,160,45
06:22:14.853 [TLM] 39669,858,831,144,625,2701,806,1247,1802,-7,224,1275,1724,1507,1182,147,160,45
06:22:14.854 [TLM] 39679,873,842,153,649,3999,-3999,1268,1659,-4,144,1355,1644,2723,1610,147,160,45
06:22:14.887 [TLM] 39689,888,854,162,660,-684,3229,1361,1600,-4,231,1268,1731,520,3718,147,160,45
06:22:14.924 [TLM] 39699,903,866,171,672,-1454,20,1350,1704,-6,215,1284,1715,472,2518,147,160,45
06:22:14.925 [TLM] 39709,918,878,181,696,3792,463,1316,1662,-5,232,1267,1732,764,3150,147,160,45
06:22:14.960 [TLM] 39719,933,889,191,717,-706,-623,1363,1638,-4,133,1366,1633,1642,2027,147,160,45
06:22:14.962 [TLM] 39729,948,900,200,735,434,2643,1332,1651,-4,106,1393,1606,2475,1432,147,160,45
06:22:14.993 [TLM] 39739,962,911,210,752,1442,-2268,1317,1628,-4,159,1340,1659,1943,2600,147,160,45
06:22:14.996 [TLM] 39749,978,922,221,768,3261,3532,1362,1688,-5,224,1275,1724,355,2991,147,160,45
06:22:15.028 [TLM] 39759,993,932,231,793,-1185,-979,1304,1684,-4,142,1357,1642,2249,1817,147,160,45
06:22:15.064 [TLM] 39769,1008,943,242,816,-796,1827,1301,1716,-5,211,1288,1711,1174,2467,147,160,45
06:22:15.064 [TLM] 39779,1023,953,254,844,86,-637,1295,1740,-6,256,1243,1756,537,2700,147,160,45
06:22:15.097 [TLM] 39789,1038,963,265,876,843,1647,1242,1742,-8,333,1166,1833,30,3955,147,160,45
06:22:15.098 [TLM] 39799,1053,972,277,915,-104,-1953,1193,1834,-7,186,1313,1686,2576,549,147,160,45
06:22:15.134 [TLM] 39809,1068,981,289,954,-39,3094,1249,1745,-5,176,1323,1676,2323,1285,147,160,45
06:22:15.134 [TLM] 39819,1083,990,301,979,-311,210,1307,1672,-4,155,1344,1655,2247,1739,147,160,45
06:22:15.168 [TLM] 39829,1098,998,314,995,3999,1997,1336,1687,-4,130,1369,1630,2158,1208,147,160,45
06:22:15.203 [TLM] 39839,1113,1006,326,1012,587,199,1338,1614,-3,143,1356,1643,2009,2069,147,160,45
06:22:15.204 [TLM] 39849,1128,1014,339,1022,-11,1353,1403,1609,-3,98,1401,1598,1816,1816,147,160,45
06:22:15.238 [TLM] 39859,1143,1022,352,1034,585,-2100,1408,1638,-3,83,1416,1583,1798,1241,147,160,45
06:22:15.238 [TLM] 39869,1158,1029,365,1049,-954,-2348,1378,1647,-4,127,1372,1627,1391,1934,147,160,45
06:22:15.272 [TLM] 39879,1173,1036,378,1072,936,-370,1323,1693,-4,178,1321,1678,1368,2014,147,160,45
06:22:15.273 [TLM] 39889,1188,1043,391,1093,385,1343,1308,1637,-4,177,1322,1677,1631,2689,147,160,45
06:22:15.311 [TLM] 39899,1203,1050,405,1113,46,350,1354,1647,-4,155,1344,1655,1359,2327,147,160,45
06:22:15.343 [TLM] 39909,1218,1056,418,1136,-2167,-2412,1308,1698,-5,138,1361,1638,2027,1555,147,160,45
06:22:15.344 [TLM] 39919,1233,1062,432,1167,1651,316,1275,1679,-3,100,1399,1600,3267,965,147,160,45
06:22:15.378 [TLM] 39929,1248,1068,445,1180,1254,294,1369,1617,-2,85,1414,1585,2586,1363,147,160,45
06:22:15.378 [TLM] 39939,1263,1074,459,1183,-3933,-682,1326,1649,-9,463,1036,1963,-2766,7196,147,160,45
06:22:15.413 [TLM] 39949,1278,1079,474,1220,-1201,1032,1191,1848,-7,210,1289,1710,2336,814,147,160,45
06:22:15.414 [TLM] 39959,1293,1084,488,1256,342,-896,1234,1747,-6,231,1268,1731,1852,2110,147,160,45
06:22:15.447 [TLM] 39969,1308,1089,502,1277,-1608,3131,1356,1631,-3,138,1361,1638,1890,2065,147,160,45
06:22:15.483 [TLM] 39979,1323,1093,517,1286,-1893,-633,1377,1669,-4,202,1297,1702,642,2644,147,160,45
06:22:15.484 [TLM] 39989,1338,1097,531,1302,2411,825,1339,1686,-5,188,1311,1688,1042,2309,147,160,45
06:22:15.518 [TLM] 39999,1353,1101,546,1325,188,283,1282,1740,-7,270,1229,1770,411,2955,147,160,45
06:22:15.518 [TLM] 40009,1369,1104,561,1360,1687,1139,1273,1765,-5,187,1312,1687,1682,1226,147,160,45
06:22:15.552 [TLM] 40019,1383,1107,575,1387,-281,48,1279,1656,-4,167,1332,1667,2200,2243,147,160,45
06:22:15.554 [TLM] 40029,1398,1110,590,1401,759,-1419,1328,1670,-4,164,1335,1664,1706,2052,147,160,45
06:22:15.588 [TLM] 40039,1413,1112,604,1413,-281,-2492,1333,1659,-4,176,1323,1676,1429,2274,147,160,45
06:22:15.623 [TLM] 40049,1427,1114,619,1424,-343,1393,1327,1599,-4,144,1355,1644,1760,2527,147,160,45
06:22:15.623 [TLM] 40059,1443,1117,634,1434,-215,-817,1349,1702,-5,204,1295,1704,781,2440,147,160,45
06:22:15.658 [TLM] 40069,1458,1118,649,1451,1227,1923,1303,1719,-6,239,1260,1739,665,2590,147,160,45
06:22:15.658 [TLM] 40079,1473,1120,664,1481,-2937,-758,1200,1824,-10,388,1111,1888,-343,3715,147,16544,45
06:22:15.695 [TLM] 40089,1488,1121,679,1523,-1783,3425,1052,1886,-6,173,1326,1673,4701,-777,147,288,45
06:22:15.697 [TLM] 40099,1503,1121,694,1556,-703,-1544,1321,1609,-6,215,1284,1715,1080,3662,147,288,45
06:22:15.727 [TLM] 40109,1517,1121,708,1584,1750,-390,1242,1798,-4,137,1362,1637,3087,-84,147,288,45
06:22:15.764 [TLM] 40119,1533,1121,724,1609,1694,181,1325,1620,-3,116,1383,1616,2632,1730,147,288,45
06:22:15.765 [TLM] 40129,1548,1120,739,1620,565,321,1439,1603,-2,115,1384,1615,1224,2022,147,288,45
06:22:15.799 [TLM] 40139,1562,1119,753,1630,3999,157,1395,1511,-1,21,1478,1521,3097,1941,147,288,45
06:22:15.800 [TLM] 40149,1575,1119,766,1638,3046,705,1359,1570,0,25,1474,1525,3745,1223,147,288,45
06:22:15.834 [TLM] 40159,1593,1117,784,1642,598,-1287,1640,1441,0,-17,1517,1482,862,2278,147,288,45
06:22:15.868 [TLM] 40169,1607,1116,797,1644,-935,1629,1481,1571,0,-26,1526,1473,2419,567,147,288,45
06:22:15.905 [TLM] 40179,1622,1115,813,1651,503,-2190,1456,1442,0,-8,1508,1491,2726,2379,147,288,45
06:22:15.906 [TLM] 40189,1636,1114,827,1650,2593,1418,1563,1499,0,11,1488,1511,1184,2118,147,288,45
06:22:15.907 [TLM] 40199,1653,1113,843,1649,-1550,-1377,1463,1516,0,10,1489,1510,2269,1735,147,288,45
06:22:15.939 [TLM] 40209,1665,1112,856,1649,1690,-2569,1455,1419,0,20,1479,1520,2491,3381,147,288,45
06:22:15.942 [TLM] 40219,1682,1110,872,1644,824,-1717,1476,1471,0,4,1495,1504,2482,2565,147,288,45
06:22:15.976 [TLM] 40229,1696,1109,887,1644,-493,402,1571,1476,0,-64,1564,1435,2143,1559,147,288,45
06:22:15.978 [TLM] 40239,1711,1108,901,1647,-360,2172,1462,1413,0,37,1462,1537,2293,4086,147,288,45
06:22:16.008 [TLM] 40249,1725,1107,915,1646,1628,-2173,1396,1543,-1,15,1484,1515,3426,2291,147,288,45
06:22:16.043 [TLM] 40259,1743,1106,934,1651,-2992,-477,1644,1557,0,-3,1503,1496,546,1581,147,288,45
06:22:16.044 [TLM] 40269,1756,1105,946,1653,2265,-1015,1482,1452,1,-9,1509,1490,2490,2727,147,288,45
06:22:16.080 [TLM] 40279,1772,1103,962,1652,-1396,1513,1547,1431,1,-44,1544,1455,2396,2524,147,288,45
06:22:16.082 [TLM] 40289,1786,1102,976,1648,117,-1832,1577,1438,0,41,1458,1541,665,3722,147,288,45
06:22:16.115 [TLM] 40299,1802,1101,992,1648,2657,-3999,1487,1451,0,-18,1518,1481,2576,2881,147,288,45
06:22:16.115 [TLM] 40309,1815,1100,1005,1647,-2717,2629,1516,1466,3,-94,1594,1405,3570,1306,147,288,45
06:22:16.149 [TLM] 40319,1833,1099,1024,1633,-23,-404,1758,1380,2,-62,1562,1437,-166,2735,147,288,45
06:22:16.184 [TLM] 40329,1846,1098,1036,1621,-1294,-120,1552,1401,1,-129,1629,1370,3151,1647,147,288,45
06:22:16.185 [TLM] 40339,1862,1097,1052,1616,-347,1394,1541,1427,1,-78,1578,1421,2607,2054,147,288,45
06:22:16.219 [TLM] 40349,1876,1097,1066,1613,1840,1039,1545,1429,0,67,1432,1567,627,4272,147,288,45
06:22:16.219 [TLM] 40359,1893,1096,1083,1613,-995,1357,1471,1586,0,54,1445,1554,1587,2039,147,288,45
06:22:16.254 [TLM] 40369,1907,1095,1097,1615,-1434,2208,1485,1559,0,94,1405,1594,815,2572,147,288,45
06:22:16.255 [TLM] 40379,1923,1095,1113,1612,-932,-1069,1500,1491,0,-24,1524,1475,2319,1546,147,288,45
06:22:16.288 [TLM] 40389,1936,1094,1126,1608,-206,2064,1457,1468,0,-14,1514,1485,2759,2023,147,288,45
06:22:16.323 [TLM] 40399,1953,1094,1143,1604,-1093,-279,1505,1518,-1,23,1476,1523,1360,2173,147,288,45
06:22:16.324 [TLM] 40409,1967,1093,1157,1608,-632,-244,1474,1552,0,-6,1506,1493,2254,1195,147,288,45
06:22:16.359 [TLM] 40419,1983,1092,1173,1607,-203,-172,1514,1509,-1,93,1406,1593,427,3383,147,288,45
06:22:16.360 [TLM] 40429,1997,1092,1187,1608,-370,1906,1398,1627,-2,126,1373,1626,1163,2365,147,288,45
06:22:16.393 [TLM] 40439,2013,1091,1203,1619,3666,-878,1383,1589,-1,34,1465,1534,2739,1349,147,288,45
06:22:16.394 [TLM] 40449,2026,1091,1216,1622,1125,2245,1457,1515,-1,48,1451,1548,1788,2515,147,288,45
06:22:16.427 [TLM] 40459,2043,1090,1233,1623,1135,-4,1412,1584,-2,97,1402,1597,1453,2529,147,288,45
06:22:16.463 [TLM] 40469,2058,1089,1248,1631,216,-3999,1487,1533,0,-32,1532,1467,2596,964,147,288,45
06:22:16.463 [TLM] 40479,2072,1088,1262,1628,-2515,171,1573,1456,0,17,1482,1517,831,2787,147,288,45
06:22:16.497 [TLM] 40489,2087,1087,1277,1623,-391,73,1455,1556,-1,-2,1502,1497,2277,1289,147,288,45
06:22:16.499 [TLM] 40499,2104,1086,1293,1624,178,1175,1443,1574,-1,66,1433,1566,1468,1891,147,288,45
06:22:16.534 [TLM] 40509,2118,1086,1308,1625,-3692,-1556,1360,1546,-2,89,1410,1589,2187,2851,147,288,45
06:22:16.535 [TLM] 40519,2133,1085,1323,1627,-243,1862,1372,1655,-3,121,1378,1621,1656,1895,147,288,45
06:22:16.568 [TLM] 40529,2149,1084,1338,1628,2100,2280,1358,1679,-4,193,1306,1693,780,2408,147,288,45
06:22:16.605 [TLM] 40539,2163,1083,1353,1628,-1810,477,1312,1659,-4,192,1307,1692,1553,2675,147,288,45
06:22:16.606 [TLM] 40549,2178,1082,1368,1625,-265,363,1372,1599,-4,169,1330,1669,1172,3068,147,288,45
06:22:16.639 [TLM] 40559,2193,1081,1383,1625,1113,2332,1227,1749,-8,306,1193,1806,548,3723,147,288,45
06:22:16.640 [TLM] 40569,2209,1080,1399,1643,-1250,1342,1130,1925,-8,253,1246,1753,2598,87,147,288,45
06:22:16.674 [TLM] 40579,2223,1079,1413,1660,-503,298,1205,1714,-8,273,1226,1773,1451,3340,147,288,45
06:22:16.674 [TLM] 40589,2239,1078,1429,1676,735,259,1155,1912,-9,377,1122,1877,657,2176,147,288,45
06:22:16.707 [TLM] 40599,2253,1076,1442,1694,-1452,1492,1123,1812,-10,373,1126,1873,1169,3388,147,288,45
06:22:16.745 [TLM] 40609,2267,1074,1456,1717,2833,-54,1114,1768,-9,363,1136,1863,1561,4399,147,288,45
06:22:16.745 [TLM] 40619,2284,1071,1473,1741,844,695,1113,2028,-10,410,1089,1910,882,1459,147,288,45
06:22:16.778 [TLM] 40629,2298,1069,1487,1767,1014,1513,1095,1867,-10,236,1263,1736,3479,858,147,288,45
06:22:16.779 [TLM] 40639,2312,1066,1501,1796,160,-533,1116,1844,-10,376,1123,1876,1455,3315,147,288,45
06:22:16.813 [TLM] 40649,2326,1062,1514,1822,1028,-284,1086,1898,-10,383,1116,1883,1713,2785,147,288,45
06:22:16.813 [TLM] 40659,2342,1058,1529,1862,3822,-3353,1074,1831,-9,350,1149,1850,2467,3285,147,288,45
06:22:16.850 [TLM] 40669,2358,1053,1544,1896,-2154,-1262,1205,1847,-9,309,1190,1809,1438,2481,147,288,45
06:22:16.884 [TLM] 40679,2373,1048,1559,1928,1406,363,1153,1926,-9,334,1165,1834,1797,1582,147,288,45
06:22:16.884 [TLM] 40689,2387,1043,1572,1958,2669,1868,1125,1805,-9,338,1161,1838,2118,3316,147,288,45
06:22:16.920 [TLM] 40699,2402,1037,1586,1992,1268,-926,1132,1908,-9,322,1177,1822,2140,1763,147,288,45
06:22:16.921 [TLM] 40709,2417,1031,1599,2030,1867,-266,1199,1769,-6,218,1281,1718,3100,1738,147,288,45
06:22:16.953 [TLM] 40719,2432,1024,1612,2053,3919,-2526,1213,1715,-6,229,1270,1729,2941,2680,147,288,45
06:22:16.954 [TLM] 40729,2447,1017,1626,2072,1583,-587,1279,1739,-6,171,1328,1671,2847,1640,147,288,45
06:22:16.987 [TLM] 40739,2463,1009,1640,2090,779,-305,1370,1747,-7,274,1225,1774,12,3041,147,288,45
06:22:17.024 [TLM] 40749,2478,1001,1652,2117,565,-1662,1274,1776,-7,225,1274,1725,1694,2015,147,288,45
06:22:17.025 [TLM] 40759,2492,993,1665,2145,-561,3220,1328,1661,-1,-2,1502,1497,4495,-294,147,288,45
06:22:17.058 [TLM] 40769,2507,985,1677,2151,-2432,1549,1429,1546,-1,81,1418,1581,2314,2259,147,288,45
06:22:17.059 [TLM] 40779,2523,977,1690,2147,180,2428,1449,1540,-3,147,1352,1647,849,3528,147,288,45
06:22:17.093 [TLM] 40789,2538,969,1703,2154,-422,180,1429,1596,-3,90,1409,1590,1551,2214,147,288,45
06:22:17.094 [TLM] 40799,2553,960,1716,2162,2909,-3121,1515,1548,0,26,1473,1526,1645,1626,147,288,45
06:22:17.129 [TLM] 40809,2568,952,1728,2158,-3511,-1368,1517,1513,-4,263,1236,1763,-2054,5811,147,288,45
06:22:17.163 [TLM] 40819,2584,943,1741,2174,3270,1907,1354,1753,-4,107,1392,1607,1690,662,147,288,45
06:22:17.164 [TLM] 40829,2599,934,1753,2203,-137,3747,1360,1651,-3,200,1299,1700,559,2825,147,288,45
06:22:17.198 [TLM] 40839,2614,925,1765,2222,2337,-1540,1323,1656,-4,213,1286,1713,923,3006,147,288,45
06:22:17.199 [TLM] 40849,2629,916,1777,2239,-1095,1938,1299,1663,-10,597,902,2097,-4459,9052,147,288,45
06:22:17.233 [TLM] 40859,2645,906,1789,2282,2925,-697,1099,2025,-10,365,1134,1865,768,1229,147,288,45
06:22:17.234 [TLM] 40869,2659,896,1800,2330,3995,16,1295,1739,-4,140,1359,1640,2246,640,147,288,45
06:22:17.268 [TLM] 40879,2674,886,1810,2349,1991,-152,1283,1644,-5,225,1274,1725,1314,3169,147,288,45
06:22:17.303 [TLM] 40889,2690,875,1822,2368,3464,1415,1245,1841,-8,298,1201,1798,340,2062,147,288,45
06:22:17.303 [TLM] 40899,2704,864,1832,2406,2297,897,1230,1786,-5,177,1322,1677,2442,541,147,288,45
06:22:17.339 [TLM] 40909,2719,853,1841,2431,740,-2898,1222,1740,-8,319,1180,1819,530,3503,147,288,45
06:22:17.341 [TLM] 40919,2734,842,1851,2466,3999,97,1196,1763,-6,210,1289,1710,2540,1529,147,288,45
06:22:17.374 [TLM] 40929,2748,830,1860,2494,-802,-3026,1250,1702,-6,232,1267,1732,1734,2670,147,288,45
06:22:17.375 [TLM] 40939,2764,818,1869,2515,-1494,1099,1383,1619,-4,182,1317,1682,1046,2891,147,288,45
06:22:17.408 [TLM] 40949,2779,805,1877,2524,-2003,-414,1395,1614,-4,111,1388,1611,1692,2135,147,288,45
06:22:17.442 [TLM] 40959,2794,793,1886,2540,-1380,713,1363,1638,-4,152,1347,1652,1346,2551,147,288,45
06:22:17.443 [TLM] 40969,2808,781,1894,2566,9,-1750,1306,1758,-6,227,1272,1727,692,2131,150,16672,45
06:22:17.478 [TLM] 40979,2824,767,1902,2607,312,1301,1293,1731,-5,191,1308,1691,1414,1804,150,416,45
06:22:17.479 [TLM] 40989,2837,756,1909,2636,2118,-1306,1250,1744,-6,252,1247,1752,1172,2498,150,416,45
06:22:17.513 [TLM] 40999,2854,741,1917,2668,863,2823,1320,1674,-3,170,1329,1670,1756,1856,150,416,45
06:22:17.513 [TLM] 41009,2869,728,1923,2681,206,573,1350,1638,-4,180,1319,1680,1183,2440,150,416,45
06:22:17.548 [TLM] 41019,2884,714,1930,2697,-171,3963,1329,1660,-8,339,1160,1839,-1256,5085,150,416,45
06:22:17.584 [TLM] 41029,2900,700,1936,2739,-169,-513,1229,1807,-6,289,1210,1789,649,2008,150,416,45
06:22:17.618 [TLM] 41039,2913,687,1941,2779,-337,1809,1109,1793,-9,315,1184,1815,1723,2879,150,416,45
06:22:17.620 [TLM] 41049,2929,672,1947,2821,-1039,638,1253,1771,-5,192,1307,1692,1927,1023,150,416,45
06:22:17.621 [TLM] 41059,2943,659,1951,2846,2802,-762,1276,1662,-3,125,1374,1625,3092,1261,150,416,45
06:22:17.653 [TLM] 41069,2957,646,1955,2857,3573,2632,1323,1634,-4,116,1383,1616,2660,1618,150,416,45
06:22:17.653 [TLM] 41079,2973,630,1959,2876,40,1313,1327,1662,-6,210,1289,1710,938,2986,150,416,45
06:22:17.688 [TLM] 41089,2988,615,1963,2910,-53,-888,1297,1706,-5,186,1313,1686,1613,2077,150,416,45
06:22:17.725 [TLM] 41099,3004,600,1966,2941,1070,1561,1301,1717,-5,204,1295,1704,1342,2011,150,416,45
06:22:17.726 [TLM] 41109,3018,586,1969,2970,216,-1425,1252,1719,-7,252,1247,1752,1093,2886,150,416,45
06:22:17.759 [TLM] 41119,3034,571,1971,3005,-428,219,1269,1722,-5,221,1278,1721,1430,2253,150,416,45
06:22:17.759 [TLM] 41129,3048,556,1973,3029,1416,484,1302,1678,-4,206,1293,1706,1539,2499,150,416,45
06:22:17.794 [TLM] 41139,3062,543,1974,3043,193,-1744,1364,1651,-5,181,1318,1681,1035,2591,150,416,45
06:22:17.794 [TLM] 41149,3077,528,1976,3061,-2792,-1848,1339,1668,-8,270,1229,1770,-110,3905,150,416,45
06:22:17.828 [TLM] 41159,3094,511,1977,3097,127,-2161,1238,1772,-7,310,1189,1810,217,3367,150,416,45
06:22:17.863 [TLM] 41169,3109,496,1977,3142,1258,-1224,1228,1819,-7,224,1275,1724,1580,1320,150,416,45
06:22:17.864 [TLM] 41179,3124,481,1976,3185,426,1454,1227,1786,-5,145,1354,1645,2952,264,150,416,45
06:22:17.899 [TLM] 41189,3138,466,1976,3212,1631,1205,1317,1650,-4,223,1276,1723,1122,2942,150,416,45
06:22:17.899 [TLM] 41199,3154,451,1974,3227,513,469,1332,1686,-5,207,1292,1707,999,2352,150,416,45
06:22:17.936 [TLM] 41209,3168,437,1973,3245,-422,248,1343,1703,-5,274,1225,1774,-184,3218,150,416,45
06:22:17.937 [TLM] 41219,3184,421,1971,3274,655,-729,1336,1652,-4,197,1302,1697,1007,2668,150,416,45
06:22:17.969 [TLM] 41229,3198,407,1969,3296,1282,644,1319,1660,-4,147,1352,1647,1969,1843,150,416,45
06:22:18.003 [TLM] 41239,3214,392,1966,3315,845,-1155,1377,1636,-4,207,1292,1707,399,3084,150,416,45
06:22:18.004 [TLM] 41249,3229,377,1964,3340,-1424,-154,1178,1888,-11,457,1042,1957,-1350,4176,150,416,45
06:22:18.038 [TLM] 41259,3244,362,1960,3393,1484,-1607,1094,1932,-7,218,1281,1718,3434,-568,150,416,45
06:22:18.039 [TLM] 41269,3258,348,1956,3430,661,690,1191,1757,-7,257,1242,1757,2144,2069,150,416,45
06:22:18.076 [TLM] 41279,3272,336,1952,3453,-642,-423,1240,1728,-7,285,1214,1785,1150,3084,150,416,45
06:22:18.076 [TLM] 41289,3286,322,1947,3484,640,847,1209,1740,-7,266,1233,1766,1733,2789,150,416,45
06:22:18.110 [TLM] 41299,3303,306,1942,3516,-783,-2029,1328,1655,-4,149,1350,1649,2148,2029,150,416,45
06:22:18.144 [TLM] 41309,3318,292,1936,3537,297,-738,1300,1685,-5,194,1305,1694,1787,2431,150,416,45
06:22:18.144 [TLM] 41319,3332,280,1930,3555,-1937,-2457,1341,1671,-7,272,1227,1772,118,3816,150,416,45
06:22:18.179 [TLM] 41329,3347,266,1924,3588,966,-803,1181,1855,-7,263,1236,1763,1676,1652,150,416,45
06:22:18.179 [TLM] 41339,3363,252,1917,3625,2083,-3999,1279,1649,-3,161,1338,1661,2523,2045,150,416,45
06:22:18.215 [TLM] 41349,3377,239,1910,3639,1560,877,1338,1712,-7,236,1263,1736,383,2683,150,416,45
06:22:18.215 [TLM] 41359,3393,225,1902,3677,-448,-1558,1229,1745,-8,288,1211,1788,550,3373,150,416,45
06:22:18.249 [TLM] 41369,3408,212,1894,3723,-2272,348,1126,1835,-7,211,1288,1711,3024,1009,150,416,45
06:22:18.284 [TLM] 41379,3423,200,1886,3766,870,-472,1236,1729,-5,229,1270,1729,2039,2196,150,416,45
06:22:18.284 [TLM] 41389,3438,188,1877,3789,-713,2085,1269,1749,-11,411,1088,1911,-1381,5166,150,416,45
06:22:18.319 [TLM] 41399,3454,176,1867,3834,-554,-1047,1162,1882,-7,249,1250,1749,2244,768,150,416,45
06:22:18.319 [TLM] 41409,3468,165,1858,3870,-328,976,1226,1770,-6,231,1268,1731,2062,1636,150,416,45
06:22:18.353 [TLM] 41419,3482,155,1849,3890,49,1301,1287,1689,-4,119,1380,1619,3010,944,150,416,45
06:22:18.353 [TLM] 41429,3497,144,1838,3906,-2144,-3881,1333,1652,-6,224,1275,1724,841,3196,150,416,45
06:22:18.387 [TLM] 41439,3514,132,1826,3944,1824,-507,1169,1882,-10,269,1230,1769,1363,1631,150,416,45
06:22:18.423 [TLM] 41449,3529,122,1815,3993,-3756,1329,1328,1668,-4,155,1344,1655,1553,1705,150,416,45
06:22:18.423 [TLM] 41459,3543,113,1804,4016,2182,-707,1294,1659,-5,277,1222,1777,563,3652,150,416,45
06:22:18.461 [TLM] 41469,3558,103,1792,4037,-1916,3104,1267,1705,-6,230,1269,1730,1423,2687,150,416,45
06:22:18.461 [TLM] 41479,3573,94,1781,4064,535,477,1253,1704,-7,282,1217,1782,765,3666,150,416,45
06:22:18.492 [TLM] 41489,3587,86,1769,4091,-1700,326,1317,1709,-4,108,1391,1608,2683,760,150,416,45
06:22:18.494 [TLM] 41499,3603,76,1756,4116,127,-269,1270,1716,-8,370,1129,1870,-614,4916,150,416,45
06:22:18.528 [TLM] 41509,3620,68,1742,4152,-602,1314,1178,1908,-9,314,1185,1814,983,1368,150,416,45
06:22:18.563 [TLM] 41519,3634,60,1730,4198,1350,3408,1160,1813,-8,293,1206,1793,1615,2182,150,416,45
06:22:18.564 [TLM] 41529,3649,53,1717,4241,594,-216,1145,1875,-10,334,1165,1834,1176,2128,150,416,45
06:22:18.598 [TLM] 41539,3664,47,1704,4289,37,-1585,1143,1814,-8,299,1200,1799,1875,2253,150,416,45
06:22:18.600 [TLM] 41549,3678,41,1690,4331,2750,-1112,1151,1813,-9,346,1153,1846,1275,3064,150,416,45
06:22:18.632 [TLM] 41559,3693,36,1676,4372,1041,1215,1132,1833,-10,395,1104,1895,741,3664,150,416,45
06:22:18.634 [TLM] 41569,3709,31,1661,4420,2354,394,1166,1839,-9,360,1139,1860,801,3072,150,416,45
06:22:18.669 [TLM] 41579,3724,27,1647,4467,-314,1946,1234,1809,-5,210,1289,1710,2392,877,150,416,45
06:22:18.703 [TLM] 41589,3739,24,1632,4497,351,201,1294,1712,-5,205,1294,1705,1717,1917,150,416,45
06:22:18.704 [TLM] 41599,3754,21,1618,4520,-679,-1312,1285,1722,-7,253,1246,1753,816,2783,150,416,45
06:22:18.738 [TLM] 41609,3769,18,1603,4550,-1082,-2160,1289,1734,-6,227,1272,1727,1084,2237,150,416,45
06:22:18.739 [TLM] 41619,3783,16,1588,4578,-437,3999,1312,1644,-1,12,1487,1512,4249,-131,150,416,45
06:22:18.773 [TLM] 41629,3799,14,1573,4587,-223,-865,1462,1568,-3,140,1359,1640,706,2784,150,416,45
06:22:18.774 [TLM] 41639,3814,13,1558,4593,793,662,1429,1544,0,0,1499,1500,2985,1020,150,416,45
06:22:18.808 [TLM] 41649,3828,11,1544,4593,-1558,598,1323,1649,-5,164,1335,1664,1527,2697,150,416,45
06:22:18.845 [TLM] 41659,3845,9,1527,4607,3999,-1490,1352,1778,-3,140,1359,1640,1606,57,150,416,45
06:22:18.849 [TLM] 41669,3858,8,1514,4611,-983,-751,1296,1649,-8,378,1121,1878,-1326,5685,150,416,45
06:22:18.879 [TLM] 41679,3873,6,1499,4633,433,-839,1064,1897,-10,350,1149,1850,1864,2253,150,416,45
06:22:18.879 [TLM] 41689,3888,5,1484,4667,632,-686,1181,1757,-7,248,1251,1748,2194,2434,150,416,45
06:22:18.916 [TLM] 41699,3903,5,1469,4694,629,-911,1329,1707,-5,209,1290,1709,1208,2403,150,416,45
06:22:18.917 [TLM] 41709,3918,5,1454,4713,742,-80,1350,1659,-5,243,1256,1743,304,3476,150,416,45
06:22:18.949 [TLM] 41719,3934,5,1438,4739,-385,303,1174,1889,-9,319,1180,1819,878,2104,150,416,45
06:22:18.983 [TLM] 41729,3949,6,1423,4775,3186,-1090,1154,1869,-8,372,1127,1872,781,2319,150,416,45
06:22:18.984 [TLM] 41739,3963,7,1409,4807,-1629,313,1120,1766,-11,440,1059,1940,147,5205,150,416,45
06:22:19.018 [TLM] 41749,3980,9,1393,4845,238,-926,1081,2039,-10,370,1129,1870,1480,501,150,416,45
06:22:19.019 [TLM] 41759,3993,11,1379,4884,-1387,-149,1131,1780,-8,363,1136,1863,1363,3488,150,416,45
06:22:19.053 [TLM] 41769,4006,13,1366,4908,-787,2986,1127,1788,-9,352,1147,1852,1598,3550,150,416,45
06:22:19.053 [TLM] 41779,4023,17,1350,4947,2105,608,1189,1781,-8,316,1183,1816,1329,3167,150,416,45
06:22:19.087 [TLM] 41789,4038,21,1336,4984,712,1896,1198,1768,-8,277,1222,1777,1805,2963,150,416,45
06:22:19.123 [TLM] 41799,4053,25,1321,5020,3294,-3999,1208,1777,-6,230,1269,1730,2485,1993,150,416,45
06:22:19.124 [TLM] 41809,4068,30,1307,5043,-739,-694,1288,1703,-7,385,1114,1885,-531,5112,150,416,45
06:22:19.159 [TLM] 41819,4084,35,1292,5082,-1241,1226,1067,1995,-11,351,1148,1851,1866,1374,150,416,45
06:22:19.159 [TLM] 41829,4099,41,1278,5137,3999,3865,1268,1811,-6,228,1271,1728,1577,1050,150,416,45
06:22:19.194 [TLM] 41839,4113,47,1265,5164,534,1059,1244,1687,-4,165,1334,1665,2983,1542,150,16800,45
06:22:19.195 [TLM] 41849,4128,54,1252,5179,-1666,1052,1297,1663,-8,302,1197,1802,52,4500,150,544,45
06:22:19.230 [TLM] 41859,4144,61,1238,5217,-312,3580,1185,1888,-9,288,1211,1788,1323,1490,150,544,45
06:22:19.265 [TLM] 41869,4158,69,1226,5262,1708,3093,1200,1755,-4,174,1325,1674,3255,1008,150,544,45
06:22:19.266 [TLM] 41879,4174,77,1213,5286,-2185,-1904,1313,1719,-6,240,1259,1740,870,2514,150,544,45
06:22:19.298 [TLM] 41889,4187,84,1202,5311,2403,-1273,1274,1722,-6,139,1360,1639,2574,1197,150,544,45
06:22:19.299 [TLM] 41899,4204,94,1188,5345,-2032,314,1216,1785,-8,297,1202,1797,845,2973,150,544,45
06:22:19.335 [TLM] 41909,4218,102,1177,5384,192,2319,1172,1853,-8,230,1269,1730,2378,578,150,544,45
06:22:19.336 [TLM] 41919,4234,112,1165,5418,144,-602,1227,1727,-8,303,1196,1803,757,3502,150,544,45
06:22:19.367 [TLM] 41929,4247,122,1154,5451,2949,-543,1186,1840,-7,213,1286,1713,2671,678,150,544,45
06:22:19.402 [TLM] 41939,4263,132,1143,5489,-1037,-1678,1174,1745,-8,382,1117,1882,634,4461,150,544,45
06:22:19.403 [TLM] 41949,4277,142,1133,5517,-1138,968,1246,1777,-6,218,1281,1718,2159,1431,150,544,45
06:22:19.438 [TLM] 41959,4293,154,1122,5548,3177,238,1241,1740,-7,268,1231,1768,1366,2916,150,544,45
06:22:19.438 [TLM] 41969,4308,165,1112,5578,608,-1053,1221,1767,-7,246,1253,1746,1954,2313,150,544,45
06:22:19.472 [TLM] 41979,4323,177,1103,5608,405,2197,1279,1716,-6,225,1274,1725,1636,2613,150,544,45
06:22:19.473 [TLM] 41989,4338,189,1094,5634,-575,-1218,1310,1742,-6,231,1268,1731,1158,2406,150,544,45
06:22:19.507 [TLM] 41999,4353,201,1085,5661,-1146,-1573,1242,1731,-5,118,1381,1618,3506,799,150,544,45
06:22:19.545 [TLM] 42009,4368,213,1076,5685,-1716,-1437,1293,1717,-6,239,1260,1739,1084,2862,150,544,45
06:22:19.545 [TLM] 42019,4383,226,1068,5714,-1601,1173,1256,1785,-8,319,1180,1819,173,3295,150,544,45
06:22:19.580 [TLM] 42029,4398,239,1060,5756,1012,-2064,1216,1813,-7,281,1218,1781,1203,2388,150,544,45
06:22:19.582 [TLM] 42039,4413,251,1053,5799,2400,-2836,1184,1767,-5,174,1325,1674,3290,1096,150,544,45
06:22:19.615 [TLM] 42049,4428,265,1047,5827,1420,-883,1356,1629,-3,142,1357,1642,2101,2081,150,544,45
06:22:19.617 [TLM] 42059,4443,279,1040,5831,-1493,1802,1408,1592,-4,188,1311,1688,586,3476,150,544,45
06:22:19.649 [TLM] 42069,4458,292,1033,5845,2528,-1893,1389,1622,-4,209,1290,1709,318,3658,150,544,45
06:22:19.684 [TLM] 42079,4473,306,1027,5875,-636,1199,1142,1869,-8,319,1180,1819,1352,2542,150,544,45
06:22:19.684 [TLM] 42089,4488,320,1022,5925,1878,1204,1150,1869,-8,280,1219,1780,1851,1555,150,544,45
06:22:19.719 [TLM] 42099,4503,334,1017,5971,-412,-54,1163,1837,-8,279,1220,1779,1837,1874,150,544,45
06:22:19.719 [TLM] 42109,4518,349,1013,6019,1954,-1388,1104,1895,-10,401,1098,1901,914,2888,150,544,45
06:22:19.753 [TLM] 42119,4533,363,1009,6074,2623,-169,1091,1902,-12,473,1026,1973,11,3991,150,544,45
06:22:19.755 [TLM] 42129,4548,378,1006,6136,731,-815,1069,1984,-11,325,1174,1825,2253,748,150,544,45
06:22:19.788 [TLM] 42139,4563,393,1005,6197,879,-1272,1081,1890,-9,308,1191,1808,2553,1491,150,544,45
06:22:19.823 [TLM] 42149,4578,408,1004,6245,1629,-911,1257,1747,-8,356,1143,1856,-4,3787,150,16928,45
06:22:19.823 [TLM] 42159,4593,423,1004,6284,2606,325,1157,1794,-9,323,1176,1823,1525,2952,150,672,45
06:22:19.858 [TLM] 42169,4608,438,1004,6324,271,-713,1236,1752,-8,388,1111,1888,-181,4334,150,672,45
06:22:19.859 [TLM] 42179,4624,453,1005,6362,1099,3791,1229,1803,-9,306,1193,1806,840,2604,150,672,45
06:22:19.894 [TLM] 42189,4637,467,1006,6400,1788,535,1222,1783,-7,391,1108,1891,-66,3947,150,672,45
06:22:19.928 [TLM] 42199,4653,483,1009,6438,941,1072,1224,1736,-7,293,1206,1793,1325,3098,150,672,45
06:22:19.930 [TLM] 42209,4669,498,1011,6470,-1348,1740,1238,1806,-8,313,1186,1813,597,2604,150,672,45
06:22:19.963 [TLM] 42219,4682,511,1014,6508,1218,-361,1218,1750,-9,394,1105,1894,-328,4696,150,672,45
06:22:19.963 [TLM] 42229,4697,526,1018,6554,1133,2226,1032,2055,-14,612,887,2112,-1468,4217,150,672,45
06:22:20.001 [TLM] 42239,4713,541,1023,6628,2746,-909,1005,1968,-11,412,1087,1912,1967,1858,150,672,45
06:22:20.002 [TLM] 42249,4726,553,1028,6676,-1073,678,1029,1905,-13,467,1032,1967,919,3743,150,672,45
06:22:20.035 [TLM] 42259,4744,569,1035,6747,2220,-198,895,2129,-18,647,852,2147,-471,3959,150,672,45
06:22:20.037 [TLM] 42269,4757,580,1041,6830,-447,1789,898,2093,-10,238,1261,1738,5680,-2075,150,672,45
06:22:20.069 [TLM] 42279,4772,593,1050,6907,1815,2158,1103,1748,-9,374,1125,1874,1951,4320,150,672,45
06:22:20.102 [TLM] 42289,4787,605,1059,6952,1467,2122,1092,2042,-15,543,956,2043,-645,3361,150,672,45
06:22:20.102 [TLM] 42299,4803,617,1070,7030,552,1797,923,2061,-14,517,982,2017,1754,2471,150,672,45
06:22:20.138 [TLM] 42309,4817,627,1079,7094,-769,2498,932,2028,-13,568,931,2068,1161,3629,150,672,45
06:22:20.138 [TLM] 42319,4834,638,1092,7166,2226,-2962,1022,2031,-13,484,1015,1984,1267,1889,150,672,45
06:22:20.173 [TLM] 42329,4847,646,1102,7220,1067,1046,975,1959,-15,573,926,2073,490,4498,150,672,45
06:22:20.173 [TLM] 42339,4864,655,1116,7296,-867,-679,957,2111,-15,547,952,2047,1070,2109,150,672,45
06:22:20.208 [TLM] 42349,4876,661,1127,7362,911,915,917,1986,-14,526,973,2026,1948,3381,150,672,45
06:22:20.243 [TLM] 42359,4893,669,1142,7437,2282,-624,959,2026,-14,502,997,2002,1896,2528,150,672,45
06:22:20.244 [TLM] 42369,4906,674,1155,7496,1260,-1135,976,1965,-14,500,999,2000,1836,3342,150,672,45
06:22:20.282 [TLM] 42379,4924,679,1171,7563,-2508,-1172,1051,2025,-12,463,1036,1963,1581,1977,150,672,45
06:22:20.282 [TLM] 42389,4937,683,1184,7617,3999,581,1056,1931,-12,500,999,2000,663,3671,150,672,45
06:22:20.313 [TLM] 42399,4954,686,1200,7686,-1161,-3464,983,2063,-18,735,764,2235,-2260,6185,150,672,45
06:22:20.315 [TLM] 42409,4968,688,1214,7753,836,895,715,2369,-16,533,966,2033,4338,-1807,150,672,45
06:22:20.347 [TLM] 42419,4983,689,1229,7807,-1824,2746,1053,1860,-13,486,1013,1986,1448,3924,150,672,45
06:22:20.383 [TLM] 42429,4996,689,1242,7835,1193,-3488,1017,1872,-15,525,974,2025,1043,4816,150,672,45
06:22:20.384 [TLM] 42439,5013,689,1259,7904,3440,2581,808,2217,-20,739,760,2239,-478,4672,150,672,45
06:22:20.419 [TLM] 42449,5027,687,1273,7992,3992,-1646,797,2228,-16,587,912,2087,2100,1406,150,672,45
06:22:20.421 [TLM] 42459,5042,684,1288,8088,-1220,2627,946,2016,-14,508,991,2008,1925,2972,150,672,45
06:22:20.454 [TLM] 42469,5057,680,1303,8160,616,-679,936,2010,-13,496,1003,1996,2391,2766,150,672,45
06:22:20.454 [TLM] 42479,5072,675,1317,8228,1550,-338,1014,1966,-13,481,1018,1981,1631,3105,150,17056,45
06:22:20.487 [TLM] 42490,5089,669,1332,8296,2095,-151,1055,1964,-11,409,1090,1909,2211,1871,150,800,45
06:22:20.523 [TLM] 42499,5103,662,1344,8343,1659,886,1135,1893,-10,351,1148,1851,2026,1934,150,800,45
06:22:20.523 [TLM] 42509,5118,655,1358,8387,3999,-328,1201,1846,-8,275,1224,1775,2240,1246,150,800,45
06:22:20.558 [TLM] 42519,5133,647,1371,8423,-14,-168,1221,1848,-7,211,1288,1711,2849,196,150,800,45
06:22:20.559 [TLM] 42529,5149,638,1383,8451,-2068,116,1401,1664,-5,162,1337,1662,1210,1671,150,800,45
06:22:20.594 [TLM] 42539,5163,630,1395,8467,-14,3428,1387,1574,1,-118,1618,1381,5554,-1698,150,800,45
06:22:20.595 [TLM] 42549,5178,621,1408,8460,434,1540,1617,1408,0,-45,1545,1454,1565,1911,150,800,45
06:22:20.628 [TLM] 42559,5193,613,1420,8439,1243,1220,1644,1330,5,-254,1754,1245,4391,-424,150,800,45
06:22:20.664 [TLM] 42569,5208,605,1433,8394,1942,-2699,1939,1096,12,-461,1961,1038,4333,-1286,150,800,45
06:22:20.665 [TLM] 42579,5223,598,1446,8316,-2609,-964,2129,896,19,-715,2215,784,5487,-2278,150,800,45
06:22:20.698 [TLM] 42589,5238,592,1460,8204,-2106,-1664,2196,803,16,-545,2045,954,1928,1832,150,800,45
06:22:20.698 [TLM] 42599,5252,588,1474,8097,-1435,-3026,2201,760,18,-695,2195,804,3615,772,150,800,45
06:22:20.733 [TLM] 42609,5268,585,1489,7987,-611,-1007,2360,622,23,-865,2365,634,4119,29,150,800,45
06:22:20.734 [TLM] 42619,5283,584,1504,7846,-312,-3783,2572,454,28,-1011,2511,488,3928,-153,150,800,45
06:22:20.768 [TLM] 42629,5298,586,1519,7684,-3833,-361,2689,367,27,-864,2364,635,-282,3690,150,800,45
06:22:20.805 [TLM] 42639,5312,589,1532,7532,-208,1301,1995,867,18,-720,2220,779,5428,853,150,800,45
06:22:20.806 [TLM] 42649,5330,596,1549,7386,-3677,-2070,2094,1125,16,-647,2147,852,4021,-4113,150,800,45
06:22:20.838 [TLM] 42659,5344,604,1560,7230,-3972,2389,2300,650,20,-796,2296,703,2871,1149,150,800,45
06:22:20.838 [TLM] 42669,5357,612,1570,7084,3507,-59,2172,607,25,-939,2439,560,6995,-36,150,800,45
06:22:20.874 [TLM] 42679,5371,623,1580,6940,-1730,-720,2500,406,24,-893,2393,606,2774,3943,150,800,45
06:22:20.874 [TLM] 42689,5389,638,1589,6795,-810,1223,2307,841,21,-765,2265,734,2341,347,150,800,45
06:22:20.908 [TLM] 42699,5401,649,1594,6666,-341,2251,2200,541,22,-806,2306,693,4786,3568,150,800,45
06:22:20.944 [TLM] 42709,5416,663,1599,6535,-3384,-1563,2176,780,16,-528,2028,971,881,6604,150,800,45
06:22:20.944 [TLM] 42719,5433,680,1602,6423,-3699,784,1873,1243,14,-595,2095,904,5769,-1962,150,800,45
06:22:20.979 [TLM] 42729,5446,693,1603,6318,-1513,-194,2048,869,13,-481,1981,1018,2185,4685,150,800,45
06:22:20.979 [TLM] 42739,5461,708,1603,6216,-2450,-45,2071,875,18,-667,2167,832,4991,1559,150,800,45
06:22:21.013 [TLM] 42749,5477,723,1601,6117,-3999,1198,2179,797,17,-612,2112,887,2294,3640,150,800,45
06:22:21.015 [TLM] 42759,5491,738,1598,6036,-2620,1651,1926,1043,13,-500,2000,999,3904,2719,150,17184,45
06:22:21.049 [TLM] 42769,5507,752,1593,5962,-857,-1000,1998,971,14,-507,2007,992,3447,2773,150,17184,45
06:22:21.084 [TLM] 42779,5520,765,1588,5873,-3999,1433,2095,770,18,-675,2175,824,5968,2195,150,928,45
06:22:21.085 [TLM] 42789,5536,779,1581,5784,-3999,-1902,2296,884,15,-551,2051,948,609,3513,150,928,45
06:22:21.118 [TLM] 42799,5552,792,1573,5691,2423,-3999,1957,1016,13,-481,1981,1018,3405,2688,150,928,45
06:22:21.119 [TLM] 42809,5566,804,1565,5628,-1155,-3249,1955,1113,11,-451,1951,1048,3032,1865,150,928,45
06:22:21.153 [TLM] 42819,5580,815,1556,5567,-1909,1470,1726,1151,10,-414,1914,1085,4958,2477,150,928,45
06:22:21.154 [TLM] 42829,5597,827,1544,5520,3999,-870,1937,1265,10,-380,1880,1119,2149,750,150,928,45
06:22:21.188 [TLM] 42839,5612,838,1533,5464,131,223,1834,1152,9,-312,1812,1187,2422,2985,150,928,45
06:22:21.223 [TLM] 42849,5627,848,1523,5423,2459,1081,1785,1293,4,-231,1731,1268,1494,2589,150,928,45
06:22:21.224 [TLM] 42859,5644,858,1510,5391,-800,1184,1687,1420,4,-167,1667,1332,1660,1530,150,928,45
06:22:21.259 [TLM] 42869,5657,867,1499,5367,-1095,302,1720,1289,7,-316,1816,1183,3823,459,150,928,45
06:22:21.259 [TLM] 42879,5673,876,1486,5317,-250,-834,1777,1217,7,-289,1789,1210,2756,1839,150,928,45
06:22:21.294 [TLM] 42889,5687,884,1474,5278,-2388,-2005,1814,1228,6,-262,1762,1237,1812,2076,150,928,45
06:22:21.294 [TLM] 42899,5704,892,1460,5246,-3999,-3213,1622,1387,2,-92,1592,1407,1245,3086,150,928,45
06:22:21.328 [TLM] 42909,5718,900,1448,5242,-1170,877,1536,1570,4,-222,1722,1277,4092,-1430,150,928,45
06:22:21.362 [TLM] 42919,5734,908,1434,5226,-432,1396,1617,1395,4,-177,1677,1322,2988,725,150,928,45
06:22:21.364 [TLM] 42929,5747,914,1422,5198,-699,3179,1647,1335,2,-82,1582,1417,1285,2987,150,928,45
06:22:21.398 [TLM] 42939,5764,922,1407,5173,64,-1019,1627,1392,3,-148,1648,1351,2158,1539,150,928,45
06:22:21.400 [TLM] 42949,5777,927,1396,5161,-1659,-959,1592,1357,4,-161,1661,1338,2999,1703,150,928,45
06:22:21.433 [TLM] 42959,5794,934,1380,5139,-688,-3048,1715,1296,5,-190,1690,1309,2178,1841,150,928,45
06:22:21.434 [TLM] 42969,5810,941,1366,5109,-508,742,1764,1283,5,-168,1668,1331,1020,2147,148,928,45
06:22:21.467 [TLM] 42979,5824,946,1352,5077,344,-594,1692,1266,6,-194,1694,1305,2349,1965,148,928,45
06:22:21.503 [TLM] 42989,5839,951,1339,5042,891,-2284,1636,1301,4,-146,1646,1353,2280,2500,148,928,45
06:22:21.503 [TLM] 42999,5854,956,1324,5010,-2034,831,1699,1304,4,-166,1666,1333,1682,2228,148,928,45
06:22:21.538 [TLM] 43009,5869,960,1309,4986,387,-2646,1670,1340,4,-189,1689,1310,2368,1443,148,928,45
06:22:21.538 [TLM] 43019,5884,964,1295,4959,-1275,-1381,1719,1293,9,-386,1886,1113,4791,-1293,148,928,45
06:22:21.575 [TLM] 43029,5899,967,1281,4902,1363,-947,1910,1044,10,-332,1832,1167,2107,2415,148,928,45
06:22:21.576 [TLM] 43039,5914,969,1266,4837,1408,-930,1845,1155,6,-217,1717,1282,397,3434,148,928,45
06:22:21.607 [TLM] 43049,5929,971,1251,4809,-3999,677,1672,1296,4,-147,1647,1352,1148,3117,148,928,45
06:22:21.644 [TLM] 43059,5944,972,1236,4798,3999,-2317,1655,1352,8,-341,1841,1158,4648,-1118,148,928,45
06:22:21.644 [TLM] 43069,5959,973,1221,4760,-2807,1735,1814,1200,10,-477,1977,1022,4834,-1565,148,928,45
06:22:21.679 [TLM] 43079,5974,974,1206,4699,384,300,1847,1128,7,-211,1711,1288,653,3544,148,928,45
06:22:21.683 [TLM] 43089,5990,973,1190,4648,174,494,1758,1280,5,-163,1663,1336,816,2535,148,928,45
06:22:21.713 [TLM] 43099,6004,972,1176,4615,1262,-310,1637,1301,1,-30,1530,1469,52,4718,148,928,45
06:22:21.715 [TLM] 43109,6020,970,1161,4605,-1072,32,1486,1577,1,-85,1585,1414,2548,382,148,928,45
06:22:21.748 [TLM] 43119,6034,968,1146,4597,255,-1780,1611,1397,3,-64,1564,1435,1254,2293,148,928,45
06:22:21.785 [TLM] 43129,6049,966,1132,4566,189,1871,1621,1325,3,-127,1627,1372,2094,2357,148,928,45
06:22:21.785 [TLM] 43139,6064,964,1117,4536,-741,-596,1618,1334,3,-155,1655,1344,2487,1999,148,928,45
06:22:21.821 [TLM] 43149,6079,961,1102,4508,-343,1751,1660,1296,4,-78,1578,1421,1085,3587,148,928,45
06:22:21.823 [TLM] 43159,6094,958,1088,4482,-1372,601,1669,1299,4,-163,1663,1336,2134,2533,148,928,45
06:22:21.853 [TLM] 43169,6107,955,1074,4459,-2314,1006,1658,1345,4,-174,1674,1325,2350,1772,148,928,45
06:22:21.853 [TLM] 43179,6124,950,1058,4421,-596,1295,1794,1261,9,-343,1843,1156,3459,-210,148,928,45
06:22:21.888 [TLM] 43189,6139,945,1044,4369,-2508,-576,1851,1167,7,-239,1739,1260,1077,2651,148,928,45
06:22:21.923 [TLM] 43199,6154,940,1030,4322,628,356,1780,1231,4,-154,1654,1345,267,3535,148,928,45
06:22:21.923 [TLM] 43209,6169,934,1016,4295,-1721,-971,1668,1331,4,-190,1690,1309,1910,1836,148,928,45
06:22:21.959 [TLM] 43219,6184,928,1002,4280,-1104,698,1666,1366,4,-106,1606,1393,1041,2345,148,928,45
06:22:21.959 [TLM] 43229,6199,921,989,4261,-592,1722,1674,1319,6,-210,1710,1289,2508,1263,148,928,45
06:22:21.993 [TLM] 43239,6214,915,976,4234,-376,1095,1663,1317,5,-193,1693,1306,2596,1455,148,928,45
06:22:21.994 [TLM] 43249,6229,908,963,4204,-2064,-460,1684,1290,4,-241,1741,1258,2862,1268,148,928,45
06:22:22.029 [TLM] 43259,6244,900,949,4174,235,-1473,1702,1301,4,-107,1607,1392,814,3194,148,928,45
06:22:22.064 [TLM] 43269,6259,892,937,4149,-634,2704,1667,1334,5,-302,1802,1197,3890,-41,148,928,45
06:22:22.065 [TLM] 43279,6274,884,924,4123,-2275,-1664,1704,1323,4,-122,1622,1377,1102,2598,148,928,45
06:22:22.099 [TLM] 43289,6289,876,912,4097,-1037,-732,1611,1371,2,-95,1595,1404,1657,2604,148,928,45
06:22:22.101 [TLM] 43299,6304,867,900,4080,79,-1062,1604,1387,3,-139,1639,1360,2309,1753,148,928,45
06:22:22.134 [TLM] 43309,6319,858,888,4064,-3184,1672,1641,1338,6,-240,1740,1259,3572,568,148,928,45
06:22:22.135 [TLM] 43319,6334,848,876,4038,1330,1922,1702,1355,4,-181,1681,1318,1935,1191,148,928,45
06:22:22.169 [TLM] 43329,6349,839,864,4011,2131,457,1694,1316,4,-135,1635,1364,1310,2320,148,928,45
06:22:22.203 [TLM] 43339,6364,829,853,3982,-1690,-309,1606,1328,4,-151,1651,1348,2438,2145,148,928,45
06:22:22.204 [TLM] 43349,6379,819,842,3960,-372,885,1656,1344,4,-176,1676,1323,2186,1581,148,928,45
06:22:22.238 [TLM] 43359,6394,809,831,3938,-1280,434,1669,1313,5,-193,1693,1306,2410,1678,148,928,45
06:22:22.239 [TLM] 43369,6409,798,821,3910,1434,-616,1750,1271,9,-331,1831,1168,3782,-194,148,928,45
06:22:22.272 [TLM] 43379,6425,786,810,3867,415,-2849,1920,1189,7,-302,1802,1197,926,1192,148,928,45
06:22:22.273 [TLM] 43389,6439,776,801,3827,-2213,-1353,1712,1197,5,-220,1720,1279,2074,2753,148,928,45
06:22:22.307 [TLM] 43399,6454,764,792,3797,-2106,-2124,1665,1257,7,-303,1803,1196,3894,825,148,928,45
06:22:22.344 [TLM] 43409,6470,751,782,3760,-851,323,1886,1170,8,-276,1776,1223,848,2218,148,928,45
06:22:22.344 [TLM] 43419,6483,740,774,3724,55,-3999,1691,1235,7,-256,1756,1243,2914,1946,148,928,45
06:22:22.378 [TLM] 43429,6499,727,766,3692,-2500,596,1773,1228,8,-413,1913,1086,4247,-439,148,928,45
06:22:22.379 [TLM] 43439,6513,714,759,3651,-2160,401,1746,1217,7,-233,1733,1266,2160,2273,148,928,45
06:22:22.415 [TLM] 43449,6527,702,752,3617,-3999,-285,1742,1219,6,-226,1726,1273,1979,2580,148,928,45
06:22:22.415 [TLM] 43459,6543,688,745,3583,1466,-1095,1706,1252,5,-136,1636,1363,1278,3457,148,928,45
06:22:22.447 [TLM] 43469,6558,674,739,3557,-2117,727,1672,1330,4,-161,1661,1338,1899,2326,148,928,45
06:22:22.483 [TLM] 43479,6574,660,733,3533,-3581,2447,1668,1357,7,-320,1820,1179,4363,-848,148,928,45
06:22:22.484 [TLM] 43489,6589,646,727,3491,-20,394,1765,1233,7,-226,1726,1273,1974,1910,148,928,45
06:22:22.520 [TLM] 43499,6604,632,723,3444,-1251,1780,1735,1219,6,-222,1722,1277,2102,2456,148,928,45
06:22:22.521 [TLM] 43509,6619,617,718,3410,-2822,235,1661,1345,1,-83,1583,1416,504,3476,148,928,45
06:22:22.553 [TLM] 43519,6634,603,715,3402,-1037,317,1622,1353,5,-220,1720,1279,3134,1066,148,928,45
06:22:22.554 [TLM] 43529,6650,586,710,3388,-3715,300,1934,1251,10,-400,1900,1099,2226,-1006,148,928,45
06:22:22.588 [TLM] 43539,6664,573,707,3345,-1687,-294,1753,1174,6,-179,1679,1320,1069,3480,148,928,45
06:22:22.623 [TLM] 43549,6680,557,704,3315,-996,-1154,1676,1455,4,-167,1667,1332,1587,104,148,928,45
06:22:22.623 [TLM] 43559,6694,543,702,3294,-378,-155,1637,1325,3,-102,1602,1397,1197,2694,148,928,45
06:22:22.658 [TLM] 43569,6708,529,700,3273,-408,1059,1615,1299,2,-74,1574,1425,1163,3799,148,928,45
06:22:22.659 [TLM] 43579,6724,514,698,3256,-2053,631,1634,1376,4,-182,1682,1317,2725,1127,148,928,45
06:22:22.694 [TLM] 43589,6738,500,697,3233,1139,1188,1677,1307,6,-229,1729,1270,3099,1145,148,928,45
06:22:22.694 [TLM] 43599,6754,484,696,3192,-3412,1802,1817,1183,10,-366,1866,1133,3752,366,148,928,45
06:22:22.729 [TLM] 43609,6769,468,696,3132,-2589,-1358,1923,1170,5,-93,1593,1406,-2128,5119,148,928,45
06:22:22.763 [TLM] 43619,6784,454,696,3100,-311,-1049,1666,1318,4,-130,1630,1369,999,2999,148,928,45
06:22:22.766 [TLM] 43629,6799,439,697,3084,3999,-1037,1709,1294,7,-270,1770,1229,2906,971,148,928,45
06:22:22.798 [TLM] 43639,6813,425,698,3046,-1256,-2978,1734,1192,9,-385,1885,1114,4582,381,148,928,45
06:22:22.800 [TLM] 43649,6829,409,700,2996,-1053,607,1804,1210,6,-225,1725,1274,1321,2828,148,928,45
06:22:22.834 [TLM] 43659,6844,395,702,2959,287,2100,1762,1266,5,-183,1683,1316,967,2991,148,928,45
06:22:22.835 [TLM] 43669,6859,380,705,2938,-2534,-668,1664,1341,4,-102,1602,1397,921,3268,148,928,45
06:22:22.868 [TLM] 43679,6874,365,708,2924,-1276,1321,1634,1399,4,-199,1699,1300,2681,925,148,928,45
06:22:22.906 [TLM] 43689,6889,350,712,2896,620,-593,1748,1314,11,-551,2051,948,6811,-4104,148,928,45
06:22:22.907 [TLM] 43699,6904,336,716,2839,390,-98,1913,1152,5,-86,1586,1413,-1814,5160,148,928,45
06:22:22.938 [TLM] 43709,6919,322,721,2796,-537,-1093,1722,1282,3,-114,1614,1385,358,3555,148,928,45
06:22:22.938 [TLM] 43719,6934,308,726,2770,-978,-295,1726,1240,11,-484,1984,1015,5894,-1844,148,928,45
06:22:22.973 [TLM] 43729,6948,295,731,2730,-2583,-780,1785,1233,5,-62,1562,1437,-993,4655,148,928,45
06:22:22.974 [TLM] 43739,6964,281,738,2702,2932,883,1671,1343,5,-202,1702,1297,2360,1368,148,928,45
06:22:23.009 [TLM] 43749,6978,267,744,2676,-560,-641,1709,1259,7,-245,1745,1254,2901,1413,148,928,45
06:22:23.045 [TLM] 43759,6994,254,752,2637,-1185,1956,1748,1267,5,-176,1676,1323,1392,2433,148,928,45
06:22:23.046 [TLM] 43769,7008,241,759,2610,2171,-1526,1632,1348,1,-19,1519,1480,117,4192,148,928,45
06:22:23.079 [TLM] 43779,7023,228,766,2608,2556,-1606,1507,1472,1,11,1488,1511,1271,3117,148,928,45
06:22:23.080 [TLM] 43789,7038,216,774,2612,746,-1962,1446,1640,0,-46,1546,1453,2771,-239,148,928,45
06:22:23.113 [TLM] 43799,7054,202,782,2606,485,-2042,1560,1445,1,-43,1543,1456,1774,1828,148,928,45
06:22:23.114 [TLM] 43809,7069,189,790,2585,187,-1040,1512,1484,-4,218,1281,1718,-1763,5810,148,928,45
06:22:23.148 [TLM] 43819,7084,176,798,2590,-1627,3535,1231,1794,-5,176,1323,1676,2197,1071,148,928,45
06:22:23.183 [TLM] 43829,7098,164,805,2603,-1288,769,1320,1606,-4,160,1339,1660,1484,3187,148,928,45
06:22:23.185 [TLM] 43839,7112,152,812,2619,-3180,-2095,1172,1824,-9,409,1090,1909,-566,4513,148,928,45
06:22:23.218 [TLM] 43849,7128,138,820,2658,172,-634,1138,1922,-9,347,1152,1847,802,1911,148,928,45
06:22:23.219 [TLM] 43859,7144,124,827,2709,1535,3822,1044,1955,-13,482,1017,1982,-236,3820,148,928,45
06:22:23.254 [TLM] 43869,7159,110,833,2775,277,3273,978,2024,-13,455,1044,1955,1076,2239,148,928,45
06:22:23.254 [TLM] 43879,7174,96,837,2847,1804,977,957,1986,-12,458,1041,1958,1627,2743,148,928,45
06:22:23.290 [TLM] 43889,7189,81,841,2917,285,-3999,972,2026,-13,486,1013,1986,1323,2526,148,928,45
06:22:23.325 [TLM] 43899,7203,67,844,2983,2151,1158,920,2008,-16,638,861,2138,-231,5189,148,928,45
06:22:23.325 [TLM] 43909,7219,52,846,3060,1246,-1074,876,2123,-16,613,886,2113,571,3303,148,928,45
06:22:23.357 [TLM] 43919,7234,37,846,3140,-757,1803,894,2100,-16,630,869,2130,364,3789,148,928,45
06:22:23.358 [TLM] 43929,7248,22,845,3209,809,-71,951,1973,-13,490,1009,1990,1903,3171,148,928,45
06:22:23.394 [TLM] 43939,7264,6,844,3265,-1065,790,937,2165,-17,657,842,2157,-430,3260,148,928,45
06:22:23.394 [TLM] 43949,7279,-7,842,3336,787,-1561,862,2113,-16,536,963,2036,1844,2258,148,928,45
06:22:23.428 [TLM] 43959,7293,-21,838,3411,2247,1197,915,2016,-17,692,807,2192,-1000,6040,148,928,45
06:22:23.464 [TLM] 43969,7309,-36,833,3495,-151,1412,922,2086,-12,453,1046,1953,2655,1155,148,928,45
06:22:23.464 [TLM] 43979,7324,-49,828,3563,2033,-3999,1130,1848,-6,187,1312,1687,4385,-202,148,928,45
06:22:23.499 [TLM] 43989,7339,-63,821,3603,1757,108,1295,1695,-5,171,1328,1671,2652,1422,148,928,45
06:22:23.500 [TLM] 43999,7354,-76,814,3627,3999,-3999,1392,1597,-2,59,1440,1559,3113,952,148,928,45
06:22:23.533 [TLM] 44009,7369,-89,807,3629,-66,-1811,1499,1471,0,0,1500,1499,2821,1629,148,928,45
06:22:23.534 [TLM] 44019,7384,-103,800,3616,-1430,3999,1576,1425,0,-25,1525,1474,2172,2135,148,928,45
06:22:23.570 [TLM] 44029,7399,-116,794,3597,-1320,1057,1657,1350,4,-196,1696,1303,3535,556,148,928,45
06:22:23.603 [TLM] 44039,7414,-130,787,3563,-517,2364,1770,1228,7,-271,1771,1228,3463,932,148,928,45
06:22:23.604 [TLM] 44049,7429,-144,781,3515,-2210,-3576,1798,1254,4,-101,1601,1398,-89,3654,148,928,45
06:22:23.638 [TLM] 44059,7445,-159,776,3489,-2142,2048,1696,1348,4,-106,1606,1393,906,2572,148,928,45
06:22:23.639 [TLM] 44069,7459,-173,771,3465,1441,3729,1758,1239,8,-307,1807,1192,3387,590,148,928,45
06:22:23.674 [TLM] 44079,7474,-187,767,3417,-3876,769,1891,1138,12,-531,2031,968,5120,-1697,148,928,45
06:22:23.674 [TLM] 44089,7489,-202,763,3343,-1588,555,1999,1003,13,-495,1995,1004,3277,657,148,928,45
06:22:23.708 [TLM] 44099,7505,-217,761,3264,-2959,-2328,2052,976,13,-516,2016,983,2625,910,148,928,45
06:22:23.744 [TLM] 44109,7519,-231,760,3190,-1695,1452,1963,1028,13,-481,1981,1018,3143,922,148,928,45
06:22:23.745 [TLM] 44119,7534,-246,759,3115,-1554,-2138,2006,969,12,-449,1949,1050,2010,2254,148,928,45
06:22:23.778 [TLM] 44129,7549,-261,761,3038,-2177,-1474,2008,951,15,-639,2139,860,4782,-164,148,928,45
06:22:23.779 [TLM] 44139,7564,-276,763,2948,-2863,21,2260,781,18,-641,2141,858,1862,1829,148,928,45
06:22:23.814 [TLM] 44149,7578,-289,766,2855,-3999,138,1915,1001,8,-225,1725,1274,-343,6103,148,928,45
06:22:23.815 [TLM] 44159,7596,-306,772,2787,-335,113,1822,1378,8,-281,1781,1218,1562,-280,148,928,45
06:22:23.848 [TLM] 44169,7609,-318,777,2725,-3421,-1477,1750,1144,8,-316,1816,1183,2872,2335,148,928,45
06:22:23.883 [TLM] 44179,7623,-331,783,2672,-1806,1235,1777,1150,8,-275,1775,1224,2040,3131,148,928,45
06:22:23.884 [TLM] 44189,7638,-344,790,2632,-1605,-19,1735,1196,7,-272,1772,1227,2578,2749,148,17312,45
06:22:23.918 [TLM] 44199,7653,-357,798,2598,-3999,2192,1835,1145,10,-313,1813,1186,2452,2489,148,17312,45
06:22:23.919 [TLM] 44209,7667,-369,805,2556,-2241,583,1729,1171,8,-338,1838,1161,3972,1882,148,1056,45
06:22:23.955 [TLM] 44219,7682,-381,814,2513,-977,-352,1754,1278,6,-189,1689,1310,1428,2773,148,1056,45
06:22:23.956 [TLM] 44229,7698,-394,823,2480,-3999,2879,1789,1295,2,-28,1528,1471,-1484,5095,148,1056,45
06:22:23.988 [TLM] 44239,7714,-406,833,2469,-935,-2087,1464,1503,-1,89,1410,1589,348,4672,148,1056,45
06:22:24.023 [TLM] 44249,7728,-417,842,2484,-3247,-709,1434,1616,0,-27,1527,1472,2568,879,148,1056,45
06:22:24.059 [TLM] 44259,7744,-430,852,2495,-608,-734,1391,1629,-4,157,1342,1657,401,3527,148,1056,45
06:22:24.059 [TLM] 44269,7759,-442,860,2515,1528,-2311,1294,1832,-5,204,1295,1704,785,1194,148,1056,45
06:22:24.060 [TLM] 44279,7774,-455,869,2552,489,-27,1256,1734,-6,227,1272,1727,1067,2568,148,1056,45
06:22:24.094 [TLM] 44289,7787,-466,876,2583,742,126,1230,1739,-7,304,1195,1804,441,3641,148,1056,45
06:22:24.095 [TLM] 44299,7804,-480,885,2632,-1870,-1214,1077,1933,-12,441,1058,1941,80,3520,148,17440,45
06:22:24.128 [TLM] 44309,7818,-492,891,2692,1835,816,979,2007,-11,395,1104,1895,1988,1775,148,17440,45
06:22:24.163 [TLM] 44319,7834,-508,898,2764,-1433,1341,1176,1814,-8,300,1199,1800,1529,2264,148,1184,45
06:22:24.164 [TLM] 44329,7849,-521,903,2811,1939,-2495,1170,1771,-8,318,1181,1818,1449,3101,148,1184,45
06:22:24.198 [TLM] 44339,7864,-535,907,2852,-2156,-1308,1207,1748,-8,373,1126,1873,550,4164,148,1184,45
06:22:24.200 [TLM] 44349,7877,-548,911,2885,-1016,1127,1113,1809,-7,260,1239,1760,3019,1990,148,1184,45
06:22:24.234 [TLM] 44359,7894,-565,915,2932,1164,-193,1162,1809,-9,377,1122,1877,680,3702,148,1184,45
06:22:24.234 [TLM] 44369,7907,-578,917,2976,-2453,-2176,1151,1844,-10,479,1020,1979,-444,4736,148,1184,45
06:22:24.269 [TLM] 44379,7924,-594,919,3034,-1692,-1438,1146,1871,-8,316,1183,1816,2058,1749,148,1184,45
06:22:24.303 [TLM] 44389,7938,-609,920,3082,-2818,507,1239,1851,-9,314,1185,1814,520,1984,148,1184,45
06:22:24.304 [TLM] 44399,7953,-624,921,3140,49,2156,1187,1724,-6,220,1279,1720,2990,1898,148,1184,45
06:22:24.340 [TLM] 44409,7968,-638,920,3179,23,-127,1449,1662,-4,173,1326,1673,395,2016,148,1184,45
06:22:24.341 [TLM] 44419,7984,-654,919,3220,1679,-240,1302,1655,-4,139,1360,1639,2312,1540,148,1184,45
06:22:24.373 [TLM] 44429,7996,-666,918,3240,-722,-1510,1378,1415,-1,93,1406,1593,2595,3920,148,1184,45
06:22:24.374 [TLM] 44439,8013,-684,916,3254,173,553,1560,1466,0,0,1500,1499,1636,2285,148,1184,45
06:22:24.409 [TLM] 44449,8026,-697,915,3262,925,-3453,1463,1512,1,-34,1534,1465,3283,1307,148,1184,45
06:22:24.444 [TLM] 44459,8043,-713,913,3260,-1643,1171,1491,1482,0,0,1499,1500,2800,2012,148,50336,45
06:22:24.444 [TLM] 44469,8058,-728,911,3256,-3999,2701,1510,1563,0,2,1497,1502,2169,1191,148,50336,45
06:22:24.478 [TLM] 44479,8073,-743,909,3243,-1579,289,1553,1471,0,-15,1515,1484,1664,2087,148,1185,45
06:22:24.479 [TLM] 44489,8088,-758,908,3231,-2505,-3313,1525,1458,0,0,1500,1499,1630,2647,148,1185,45
06:22:24.515 [TLM] 44499,8103,-773,907,3225,342,1128,1513,1483,0,-4,1504,1495,1841,2339,148,1185,45
06:22:24.515 [TLM] 44509,8118,-788,906,3221,-925,-309,1492,1485,0,-3,1503,1496,2012,2346,148,1185,45
06:22:24.548 [TLM] 44519,8133,-803,904,3219,-183,-2357,1508,1496,1,-39,1539,1460,2495,1590,148,1185,45
06:22:24.584 [TLM] 44529,8149,-818,903,3215,-1310,459,1484,1537,0,-21,1521,1478,2486,1331,148,1185,45
06:22:24.585 [TLM] 44539,8164,-833,902,3212,-871,-851,1551,1493,1,-65,1565,1434,2278,1088,148,1185,45
06:22:24.619 [TLM] 44549,8179,-848,901,3202,-1141,74,1551,1450,0,-75,1575,1424,2256,1539,148,1185,45
06:22:24.619 [TLM] 44559,8194,-863,900,3195,-862,1029,1474,1510,0,-92,1592,1407,3366,676,148,1185,45
06:22:24.653 [TLM] 44569,8209,-879,899,3191,-172,429,1532,1479,1,-67,1567,1432,2354,1090,148,1185,45
06:22:24.653 [TLM] 44579,8224,-893,899,3179,-1759,1525,1508,1460,0,-9,1509,1490,1804,2297,148,1185,45
06:22:24.689 [TLM] 44589,8239,-909,898,3173,-1441,1300,1522,1494,0,-33,1533,1466,1931,1534,148,1185,45
06:22:24.726 [TLM] 44599,8254,-923,898,3170,-1298,302,1503,1503,-2,128,1371,1628,-258,4016,148,1185,45
06:22:24.726 [TLM] 44609,8269,-938,897,3172,-357,194,1469,1502,0,2,1497,1502,2125,2089,148,17569,45
06:22:24.759 [TLM] 44619,8284,-953,897,3171,-997,-116,1484,1520,-2,113,1386,1613,283,3702,148,17569,45
06:22:24.760 [TLM] 44629,8299,-969,896,3184,-447,589,1379,1629,-2,36,1463,1536,2420,1160,148,1313,45
06:22:24.794 [TLM] 44639,8313,-982,896,3203,271,601,1400,1612,-2,88,1411,1588,1591,2064,148,1313,45
06:22:24.794 [TLM] 44649,8328,-998,895,3225,2026,-538,1311,1775,-6,229,1270,1729,400,2196,148,1313,45
06:22:24.829 [TLM] 44659,8344,-1014,893,3263,-477,661,1279,1724,-4,167,1332,1667,1852,1648,148,1313,45
06:22:24.865 [TLM] 44669,8358,-1027,891,3290,-711,892,1272,1690,-5,191,1308,1691,1739,2395,148,1313,45
06:22:24.866 [TLM] 44679,8374,-1043,888,3320,29,746,1271,1734,-7,284,1215,1784,432,3262,148,1313,45
06:22:24.898 [TLM] 44689,8388,-1057,886,3352,-97,491,1228,1801,-8,293,1206,1793,753,2668,148,1313,45
06:22:24.899 [TLM] 44699,8404,-1072,882,3400,1313,656,1159,1830,-8,317,1182,1817,1255,2485,148,1313,45
06:22:24.933 [TLM] 44709,8418,-1085,878,3436,945,-67,1198,1761,-9,557,942,2057,-2432,6886,148,1313,45
06:22:24.935 [TLM] 44719,8435,-1101,873,3488,667,793,1157,1866,-8,290,1209,1790,1831,1540,148,1313,45
06:22:24.969 [TLM] 44729,8448,-1114,868,3527,1652,531,1158,1816,-13,515,984,2015,-1402,5610,148,1313,45
06:22:25.003 [TLM] 44739,8466,-1130,861,3588,-1314,-253,1070,2046,-13,460,1039,1960,-8,1919,148,1313,45
06:22:25.004 [TLM] 44749,8478,-1141,855,3651,32,-1371,953,1999,-13,479,1020,1979,1237,2721,148,1313,45
06:22:25.038 [TLM] 44759,8494,-1155,846,3730,2236,-775,970,1956,-13,500,999,2000,1048,3464,148,1313,45
06:22:25.039 [TLM] 44769,8508,-1166,838,3795,7,-522,902,2100,-16,589,910,2089,510,3097,148,1313,45
06:22:25.076 [TLM] 44779,8525,-1179,827,3889,3999,-3999,866,2204,-11,277,1222,1777,5666,-3455,148,1313,45
06:22:25.076 [TLM] 44789,8538,-1188,818,3944,-212,-125,1061,1852,-12,509,990,2009,633,4053,148,1313,45
06:22:25.108 [TLM] 44799,8555,-1200,805,3989,1231,-1574,1041,2009,-13,516,983,2016,449,2608,148,1313,45
06:22:25.144 [TLM] 44809,8568,-1208,795,4043,-583,-3710,981,2005,-18,705,794,2205,-2059,6124,148,1313,45
06:22:25.145 [TLM] 44819,8585,-1218,781,4144,-390,-2401,745,2295,-21,774,725,2274,-544,3552,148,1313,45
06:22:25.178 [TLM] 44829,8598,-1224,770,4245,2573,1243,722,2191,-16,575,924,2075,3007,1531,148,1313,45
06:22:25.179 [TLM] 44839,8614,-1230,756,4348,-1048,-41,876,2057,-15,614,885,2114,1411,3547,148,1313,45
06:22:25.213 [TLM] 44849,8628,-1235,742,4424,3799,1784,929,2082,-16,567,932,2067,1106,2665,148,1313,45
06:22:25.213 [TLM] 44859,8644,-1238,727,4514,-557,-2189,1048,1943,-9,290,1209,1790,4138,-80,148,1313,45
06:22:25.249 [TLM] 44869,8659,-1241,712,4576,1293,-2048,1321,1838,-11,422,1077,1922,-1713,3696,148,1313,45
06:22:25.284 [TLM] 44879,8674,-1242,697,4662,1751,124,1076,1901,-7,245,1254,1745,3869,-39,148,1313,45
06:22:25.284 [TLM] 44889,8687,-1242,684,4723,1950,-3934,1135,1755,-9,343,1156,1843,1951,3638,148,1313,45
06:22:25.318 [TLM] 44899,8704,-1241,667,4784,69,786,1131,1836,-9,349,1150,1849,2147,2808,148,1313,45
06:22:25.318 [TLM] 44909,8718,-1240,653,4832,-334,-1654,924,2142,-15,557,942,2057,1303,2391,148,1313,45
06:22:25.353 [TLM] 44919,8736,-1237,636,4901,617,1965,1020,2125,-14,504,995,2004,1163,509,148,1313,45
06:22:25.354 [TLM] 44929,8747,-1235,624,4941,-1151,-1949,922,1933,-16,617,882,2117,585,5090,148,1313,45
06:22:25.388 [TLM] 44939,8765,-1230,607,5007,2184,-1825,918,2147,-13,387,1112,1887,3751,-842,148,1313,45
06:22:25.422 [TLM] 44949,8778,-1226,595,5066,-1109,-845,1050,1853,-12,460,1039,1960,1243,4108,148,1313,45
06:22:25.423 [TLM] 44959,8795,-1220,580,5127,3327,1091,1058,1960,-10,292,1207,1792,3543,283,148,1313,45
06:22:25.458 [TLM] 44969,8810,-1213,566,5173,-986,350,1245,1767,-8,286,1213,1786,1658,2466,148,1313,45
06:22:25.458 [TLM] 44979,8825,-1206,553,5209,3999,285,1196,1797,-11,524,975,2024,-1331,5879,148,1313,45
06:22:25.494 [TLM] 44989,8840,-1198,539,5263,3734,2053,868,2181,-17,572,927,2072,1133,2215,148,1313,45
06:22:25.495 [TLM] 44999,8855,-1190,527,5344,862,1824,998,1979,-12,459,1040,1959,1568,2690,148,1313,45
06:22:25.531 [TLM] 45009,8870,-1181,515,5408,1641,-897,1044,1921,-9,262,1237,1762,3918,339,148,1313,45
06:22:25.565 [TLM] 45019,8885,-1171,504,5457,3999,-2729,1243,1733,-8,357,1142,1857,742,3996,148,1313,45
06:22:25.566 [TLM] 45029,8899,-1161,494,5496,1064,-680,1058,2037,-18,703,796,2203,-2914,6195,148,1313,45
06:22:25.599 [TLM] 45039,8915,-1149,483,5584,257,-1201,729,2182,-15,410,1089,1910,5367,-958,148,1313,45
06:22:25.601 [TLM] 45049,8930,-1137,474,5655,892,-178,1252,1746,-9,338,1161,1838,718,3490,148,1313,45
06:22:25.633 [TLM] 45059,8946,-1124,465,5702,-749,-2170,1050,2003,-14,612,887,2112,-1125,4461,148,1313,45
06:22:25.668 [TLM] 45069,8958,-1114,459,5758,1381,1263,977,1934,-11,549,950,2049,936,4250,148,1313,45
06:22:25.668 [TLM] 45079,8975,-1099,451,5822,1560,-76,952,1996,-14,528,971,2028,1461,3460,148,1313,45
06:22:25.703 [TLM] 45089,8990,-1085,444,5884,-781,261,1019,1949,-13,501,998,2001,1038,3486,148,1313,45
06:22:25.703 [TLM] 45099,9005,-1071,439,5942,3915,498,990,2034,-14,469,1030,1969,1842,2223,148,1313,45
06:22:25.738 [TLM] 45109,9020,-1057,435,6010,3039,-3585,1005,2008,-14,575,924,2075,334,3941,148,1313,45
06:22:25.738 [TLM] 45119,9036,-1042,431,6073,2195,1036,1054,2004,-14,549,950,2049,10,3629,148,1313,45
06:22:25.772 [TLM] 45129,9048,-1029,429,6137,-630,3164,865,2089,-18,603,896,2103,1103,3792,148,1313,45
06:22:25.773 [TLM] 45139,9066,-1011,427,6231,1433,436,848,2217,-17,621,878,2121,1111,1853,148,1313,45
06:22:25.809 [TLM] 45149,9080,-997,427,6309,3309,630,893,2060,-15,484,1015,1984,2638,1834,148,1313,45
06:22:25.845 [TLM] 45159,9095,-982,428,6383,1902,3428,941,2014,-19,784,715,2284,-2201,7230,148,1313,45
06:22:25.845 [TLM] 45169,9111,-967,431,6472,-3999,2264,773,2366,-19,667,832,2167,1307,886,148,1313,45
06:22:25.879 [TLM] 45179,9125,-953,434,6563,1845,-1071,797,2144,-13,380,1119,1880,5515,-1238,148,1313,45
06:22:25.880 [TLM] 45189,9140,-939,439,6626,3999,2077,969,1980,-13,481,1018,1981,2179,2326,148,1313,45
06:22:25.913 [TLM] 45199,9155,-925,444,6681,-795,-3999,1016,1900,-13,526,973,2026,1143,4449,148,1313,45
06:22:25.915 [TLM] 45209,9169,-913,450,6738,2462,-39,832,2128,-18,690,809,2190,589,4717,148,1313,45
06:22:25.948 [TLM] 45219,9187,-896,459,6827,1552,1493,884,2262,-14,395,1104,1895,4291,-2450,148,1313,45
06:22:25.983 [TLM] 45229,9200,-885,466,6877,1504,-1602,1108,1749,-9,446,1053,1946,1622,4463,148,1313,45
06:22:25.985 [TLM] 45239,9217,-872,475,6904,-1173,-52,1050,2009,-17,722,777,2222,-2530,6327,148,1313,45
06:22:26.018 [TLM] 45249,9231,-860,484,6970,228,-3590,860,2103,-14,433,1066,1933,3640,488,148,1313,45
06:22:26.055 [TLM] 45259,9246,-850,494,7028,1314,2961,1024,1909,-13,502,997,2002,1017,4271,148,1313,45
06:22:26.056 [TLM] 45269,9261,-839,504,7081,964,-877,1074,1906,-10,315,1184,1815,3125,1554,148,1313,45
06:22:26.057 [TLM] 45279,9276,-829,515,7128,351,-5,1150,1854,-10,421,1078,1921,659,3782,148,1313,45
06:22:26.088 [TLM] 45289,9291,-819,527,7175,504,2265,1124,1870,-13,485,1014,1985,-302,4933,148,1313,45
06:22:26.123 [TLM] 45299,9308,-809,540,7234,2170,-1484,1035,2136,-13,484,1015,1984,680,1265,148,1313,45
06:22:26.124 [TLM] 45309,9321,-802,551,7293,1126,547,985,2031,-15,474,1025,1974,1248,2191,148,1313,45
06:22:26.161 [TLM] 45319,9337,-794,565,7366,941,-1734,943,2001,-13,463,1036,1963,1958,2509,148,1313,45
06:22:26.161 [TLM] 45329,9352,-787,578,7431,1837,230,1048,1925,-9,307,1192,1807,3325,811,148,1313,45
06:22:26.192 [TLM] 45339,9366,-782,592,7480,3733,1117,1113,1865,-13,541,958,2041,-724,5267,148,1313,45
06:22:26.194 [TLM] 45349,9380,-777,605,7523,-1913,-374,1158,1838,-10,415,1084,1915,536,3778,148,1313,45
06:22:26.228 [TLM] 45359,9397,-772,621,7578,1020,-429,1152,1919,-8,300,1199,1800,2122,890,148,1313,45
06:22:26.263 [TLM] 45369,9411,-768,635,7621,359,485,1171,1806,-10,475,1024,1975,-454,4844,148,1313,45
06:22:26.264 [TLM] 45379,9426,-765,650,7662,244,-1036,1186,1805,-8,324,1175,1824,1422,2774,148,1313,45
06:22:26.298 [TLM] 45389,9442,-763,665,7701,2083,861,1176,1820,-8,315,1184,1815,1601,2392,148,1313,45
06:22:26.301 [TLM] 45399,9457,-761,680,7738,197,1536,1233,1787,-8,319,1180,1819,741,2885,148,1313,45
06:22:26.333 [TLM] 45409,9470,-760,693,7770,-680,-21,1183,1813,-8,282,1217,1782,1922,1980,148,1313,45
06:22:26.334 [TLM] 45419,9487,-759,710,7809,1622,-1520,1203,1789,-8,285,1214,1785,1577,2377,148,1313,45
06:22:26.369 [TLM] 45429,9502,-758,724,7847,203,1229,1194,1771,-5,136,1363,1636,3884,228,148,1313,45
06:22:26.403 [TLM] 45439,9516,-758,739,7872,-886,-484,1313,1645,-4,152,1347,1652,2485,1959,148,1313,45
06:22:26.403 [TLM] 45449,9530,-759,753,7885,1817,112,1365,1646,-6,250,1249,1750,442,3528,148,1313,45
06:22:26.439 [TLM] 45459,9547,-759,769,7901,637,-1889,1316,1688,-5,197,1302,1697,1617,2303,148,1313,45
06:22:26.439 [TLM] 45469,9562,-760,784,7917,-539,107,1365,1632,-3,126,1373,1626,2056,1921,148,1313,45
06:22:26.473 [TLM] 45479,9577,-761,800,7925,459,2643,1412,1608,-6,377,1122,1877,-2097,6193,148,1313,45
06:22:26.474 [TLM] 45489,9591,-762,814,7924,379,-3999,1564,1419,0,-2,1502,1497,1428,2950,148,50465,45
06:22:26.509 [TLM] 45499,9606,-763,829,7917,-866,-2263,1396,1610,-3,91,1408,1591,1736,2320,148,50465,45
06:22:26.544 [TLM] 45509,9621,-764,844,7927,1184,210,1354,1654,-2,81,1418,1581,2379,1480,148,1314,45
06:22:26.545 [TLM] 45519,9637,-766,859,7936,-1031,883,1397,1631,-3,182,1317,1682,433,3248,148,1314,45
06:22:26.579 [TLM] 45529,9652,-767,874,7954,2408,1087,1294,1708,-4,115,1384,1615,2546,1265,148,1314,45
06:22:26.579 [TLM] 45539,9666,-768,888,7967,-3999,3631,1437,1471,0,63,1436,1563,2188,3200,148,1314,45
06:22:26.614 [TLM] 45549,9682,-770,904,7966,160,1763,1487,1545,-1,49,1450,1549,1294,2368,148,1314,45
06:22:26.614 [TLM] 45559,9696,-772,918,7972,3677,-3999,1432,1547,0,2,1497,1502,2752,1514,148,1314,45
06:22:26.649 [TLM] 45569,9711,-774,933,7970,1322,-3999,1543,1446,2,-116,1616,1383,3395,891,148,1314,45
06:22:26.683 [TLM] 45579,9727,-775,949,7959,-2625,-3158,1593,1462,-1,91,1408,1591,-696,4148,148,1314,45
06:22:26.684 [TLM] 45589,9740,-777,962,7966,-1905,-2158,1458,1520,1,-56,1556,1443,3012,1203,148,1314,45
06:22:26.718 [TLM] 45599,9757,-779,979,7972,2219,-3999,1683,1391,2,-106,1606,1393,1200,1840,148,1314,45
06:22:26.720 [TLM] 45609,9771,-780,993,7965,-738,-1044,1576,1415,2,-49,1549,1450,1780,2363,148,1314,45
06:22:26.753 [TLM] 45619,9786,-782,1008,7955,660,-3213,1544,1395,2,-93,1593,1406,2901,2093,148,1314,45
06:22:26.754 [TLM] 45629,9800,-783,1022,7942,-515,486,1567,1467,2,-43,1543,1456,1945,1895,148,1314,45
06:22:26.787 [TLM] 45639,9817,-785,1038,7933,-1229,3999,1487,1521,-2,114,1385,1614,123,3829,148,1314,45
06:22:26.823 [TLM] 45649,9831,-786,1053,7942,1988,-1920,1428,1543,0,-52,1552,1447,3343,915,148,1314,45
06:22:26.823 [TLM] 45659,9847,-787,1068,7947,2448,-1638,1536,1504,0,-8,1508,1491,1461,1857,148,1314,45
06:22:26.857 [TLM] 45669,9861,-789,1083,7945,1179,-2395,1474,1483,1,-137,1637,1362,4045,205,148,1314,45
06:22:26.858 [TLM] 45679,9876,-790,1098,7937,418,-836,1522,1464,0,1,1498,1501,1648,2638,148,50466,45
06:22:26.895 [TLM] 45689,9891,-791,1112,7932,89,127,1404,1703,1,-110,1610,1389,4703,-2518,148,50466,45
06:22:26.898 [TLM] 45699,9906,-792,1127,7922,-3061,-3920,1536,1362,0,3,1496,1503,1702,3379,148,1315,45
06:22:26.928 [TLM] 45709,9921,-793,1142,7900,-3781,703,1448,1526,-3,142,1357,1642,496,3942,148,1315,45
06:22:26.963 [TLM] 45719,9938,-794,1159,7889,414,-1218,1345,1826,-3,92,1407,1592,2343,-1439,148,1315,45
06:22:26.965 [TLM] 45729,9950,-794,1171,7877,1027,-154,1424,1464,-3,101,1398,1601,1279,3534,148,1315,45
06:22:26.998 [TLM] 45739,9967,-794,1188,7863,1967,812,1343,1683,-5,247,1252,1747,63,3523,148,1315,45
06:22:26.999 [TLM] 45749,9983,-794,1204,7854,-1502,647,1163,1945,-7,295,1204,1795,1604,29,148,1315,45
06:22:27.034 [TLM] 45759,9996,-794,1217,7847,6,1317,1256,1631,-7,233,1266,1733,1311,3556,148,1315,45
06:22:27.034 [TLM] 45769,10010,-794,1231,7845,332,-698,1213,1790,-7,298,1201,1798,1194,2539,148,1315,45
06:22:27.069 [TLM] 45779,10026,-794,1247,7846,2838,75,1136,1785,-9,390,1109,1890,832,4149,148,1315,45
06:22:27.104 [TLM] 45789,10042,-794,1263,7851,2074,-681,1157,1880,-9,295,1204,1795,1975,1500,148,1315,45
06:22:27.104 [TLM] 45799,10058,-794,1279,7851,-2948,129,1080,2036,-12,433,1066,1933,719,1474,148,1315,45
06:22:27.138 [TLM] 45809,10072,-794,1294,7860,-213,546,1015,1994,-12,436,1063,1936,1617,1404,148,1315,45
06:22:27.138 [TLM] 45819,10086,-794,1308,7863,1340,1553,1022,1908,-16,728,771,2228,-2714,7633,148,1315,45
06:22:27.173 [TLM] 45829,10104,-794,1325,7871,-2040,3367,708,2517,-17,622,877,2122,2581,-2611,148,1315,45
06:22:27.173 [TLM] 45839,10117,-795,1338,7880,-1223,-579,928,1887,-17,634,865,2134,-93,5352,148,1315,45
06:22:27.208 [TLM] 45849,10131,-795,1352,7884,-126,1401,773,2151,-16,437,1062,1937,4604,103,148,1315,45
06:22:27.243 [TLM] 45859,10147,-796,1368,7881,530,-1701,979,2002,-14,540,959,2040,1245,2460,148,1315,45
06:22:27.243 [TLM] 45869,10159,-796,1380,7874,-406,1377,1165,1735,-11,410,1089,1910,365,5136,148,1315,45
06:22:27.280 [TLM] 45879,10178,-796,1399,7866,-1574,-1758,964,2210,-12,539,960,2039,1230,223,148,1315,45
06:22:27.283 [TLM] 45889,10190,-796,1411,7854,436,215,947,1747,-13,622,877,2122,431,7815,148,1315,45
06:22:27.315 [TLM] 45899,10206,-796,1427,7839,-1175,-1451,1005,2021,-16,602,897,2102,-425,5001,148,1315,45
06:22:27.315 [TLM] 45909,10223,-796,1444,7836,-1413,1914,862,2485,-17,703,796,2203,146,-852,148,1315,45
06:22:27.348 [TLM] 45919,10233,-796,1454,7835,2027,717,721,1849,-17,605,894,2105,3214,6629,148,1315,45
06:22:27.385 [TLM] 45929,10252,-795,1473,7832,2554,-1693,920,2290,-17,560,939,2060,1497,258,148,1315,45
06:22:27.386 [TLM] 45939,10265,-795,1486,7827,-405,-1156,784,2060,-17,610,889,2110,2706,3561,148,1315,45
06:22:27.419 [TLM] 45949,10280,-795,1502,7825,1123,-1645,904,2114,-18,719,780,2219,-394,5057,148,1315,45
06:22:27.419 [TLM] 45959,10296,-794,1517,7823,-90,966,848,2228,-15,453,1046,1953,4249,-1006,148,1315,45
06:22:27.452 [TLM] 45969,10308,-794,1529,7820,1930,-3782,1025,1827,-17,791,708,2291,-2665,9698,148,1315,45
06:22:27.453 [TLM] 45979,10323,-793,1544,7819,-1187,2689,881,2075,-32,3570,-2070,5070,-16000,16000,148,1315,45
06:22:27.488 [TLM] 45989,10341,-793,1562,7833,-3999,2223,-111,3218,-32,1152,347,2652,5225,-1684,148,1315,45
06:22:27.524 [TLM] 45999,10356,-793,1577,7848,1916,604,471,2647,-32,1152,347,2652,-937,3823,148,1315,45
06:22:27.525 [TLM] 46009,10368,-793,1589,7862,-3636,-2520,339,2415,-32,1152,347,2652,279,8515,148,17699,45
06:22:27.560 [TLM] 46019,10388,-793,1609,7896,3560,-915,404,3004,-32,1152,347,2652,-692,-297,148,1443,45
06:22:27.561 [TLM] 46029,10400,-794,1621,7940,-2997,-2966,357,2472,-32,1152,347,2652,-224,5179,148,1443,45
06:22:27.594 [TLM] 46039,10412,-795,1633,7984,3999,3236,835,1913,-15,496,1003,1996,4937,3292,148,1443,45
06:22:27.594 [TLM] 46049,10430,-798,1651,8023,2047,-547,1257,1797,-13,431,1068,1931,-518,5212,148,1443,45
06:22:27.629 [TLM] 46059,10445,-801,1666,8067,-615,-574,816,2270,-16,600,899,2100,2941,1107,148,1443,45
06:22:27.665 [TLM] 46069,10459,-804,1679,8108,-261,2487,725,2261,-18,659,840,2159,3266,1582,148,1443,45
06:22:27.666 [TLM] 46079,10473,-808,1692,8159,3788,3207,846,1945,-17,666,833,2166,1929,6566,148,1443,45
06:22:27.699 [TLM] 46089,10486,-812,1705,8200,381,2069,825,2049,-25,1017,482,2517,-2835,11416,148,1443,45
06:22:27.701 [TLM] 46099,10507,-820,1724,8258,-2671,-2124,446,2917,-25,880,619,2380,3477,-2962,148,1443,45
06:22:27.735 [TLM] 46109,10518,-825,1734,8313,3566,-650,774,2123,-17,577,922,2077,3837,2141,148,1443,45
06:22:27.736 [TLM] 46119,10532,-832,1747,8352,-1040,-3999,920,1808,-15,593,906,2093,2215,7290,148,1443,45
06:22:27.768 [TLM] 46129,10548,-839,1760,8389,268,243,742,2387,-22,786,713,2286,1050,3696,148,1443,45
06:22:27.804 [TLM] 46139,10566,-849,1776,8457,2366,-369,841,2301,-18,648,851,2148,1800,1090,148,1443,45
06:22:27.804 [TLM] 46149,10577,-855,1784,8502,345,164,941,1884,-12,350,1149,1850,5153,2435,148,1443,45
06:22:27.837 [TLM] 46159,10593,-866,1798,8535,3143,1576,1174,1742,-12,510,989,2010,65,7143,148,1443,45
06:22:27.838 [TLM] 46169,10608,-875,1809,8570,3999,1250,1048,2070,-14,304,1195,1804,3632,529,148,1443,45
06:22:27.879 [TLM] 46179,10624,-886,1821,8631,1793,-1260,1218,1781,-9,349,1150,1849,1325,4495,148,1443,45
06:22:27.880 [TLM] 46189,10638,-896,1830,8669,3045,1959,1146,1891,-9,346,1153,1846,2079,2898,148,1443,45
06:22:27.908 [TLM] 46199,10655,-909,1841,8714,1114,375,1182,1815,-9,349,1150,1849,1677,3721,148,1443,45
06:22:27.943 [TLM] 46209,10669,-920,1850,8749,-2221,-1656,1134,1958,-13,476,1023,1976,133,3983,148,1443,45
06:22:27.978 [TLM] 46219,10686,-933,1860,8818,2963,2421,1049,2036,-14,447,1052,1947,1056,2673,148,1443,45
06:22:27.980 [TLM] 46229,10699,-944,1868,8887,2038,128,1023,2031,-12,444,1055,1944,1643,2078,148,1443,45
06:22:27.982 [TLM] 46239,10716,-959,1875,8955,-792,243,1060,1964,-11,433,1066,1933,1580,2518,148,1443,45
06:22:28.016 [TLM] 46249,10730,-972,1881,9003,3999,-1468,1251,1835,-6,217,1282,1717,2429,419,148,1443,45
06:22:28.016 [TLM] 46259,10746,-987,1888,9035,1665,2147,1197,1833,-8,304,1195,1804,1816,1849,148,1443,45
06:22:28.050 [TLM] 46269,10760,-999,1893,9065,2888,1397,1085,1921,-13,513,986,2013,-380,4108,148,1443,45
06:22:28.084 [TLM] 46279,10776,-1014,1898,9128,755,-627,1039,1893,-12,506,993,2006,247,4628,148,1443,45
06:22:28.085 [TLM] 46289,10790,-1028,1902,9184,2792,-147,964,2105,-18,712,787,2212,-1950,5106,148,1443,45
06:22:28.120 [TLM] 46299,10806,-1044,1905,9282,-850,-880,858,2150,-18,669,830,2169,-422,4150,148,1443,45
06:22:28.122 [TLM] 46309,10819,-1057,1906,9372,1433,-3681,897,2047,-12,459,1040,1959,2709,1715,148,1443,45
06:22:28.153 [TLM] 46319,10835,-1073,1906,9456,3396,-2139,998,1934,-9,269,1230,1769,4726,51,148,1443,45
06:22:28.154 [TLM] 46329,10849,-1087,1905,9502,1217,-552,1310,1707,-9,361,1138,1861,8,4339,148,1443,45
06:22:28.188 [TLM] 46339,10866,-1104,1903,9556,-1512,-715,1134,1923,-11,332,1167,1832,1426,1522,148,1443,45
06:22:28.224 [TLM] 46349,10879,-1117,1901,9609,714,-1735,1252,1740,-6,187,1312,1687,2631,1110,148,1443,45
06:22:28.224 [TLM] 46359,10896,-1133,1898,9650,1009,-1236,1156,1807,-10,395,1104,1895,649,3787,148,1443,45
06:22:28.259 [TLM] 46369,10909,-1146,1894,9695,3999,-882,1052,1937,-11,335,1164,1835,2496,1484,148,1443,45
06:22:28.261 [TLM] 46379,10925,-1162,1889,9763,-2399,1714,1060,1911,-9,302,1197,1802,3142,1186,148,1443,45
06:22:28.294 [TLM] 46389,10939,-1174,1884,9809,-1675,364,1187,1806,-8,329,1170,1829,1446,2826,148,1443,45
06:22:28.295 [TLM] 46399,10956,-1189,1878,9856,61,-623,1086,1913,-12,440,1059,1940,819,3484,148,1443,45
06:22:28.328 [TLM] 46409,10969,-1201,1872,9909,154,-675,1017,1970,-13,520,979,2020,554,3918,148,1443,45
06:22:28.364 [TLM] 46419,10986,-1216,1863,9984,703,1974,898,2111,-17,632,867,2132,55,4038,148,1443,45
06:22:28.364 [TLM] 46429,10999,-1227,1856,10059,1138,-239,835,2208,-18,681,818,2181,191,3154,148,1443,45
06:22:28.399 [TLM] 46439,11015,-1239,1846,10150,-806,-1186,797,2134,-18,625,874,2125,1462,3418,148,1443,45
06:22:28.401 [TLM] 46449,11029,-1249,1836,10230,1113,-1632,854,2170,-17,541,958,2041,2171,1513,148,1443,45
06:22:28.435 [TLM] 46459,11045,-1260,1824,10312,569,-173,955,1987,-12,464,1035,1964,2565,2229,148,1443,45
06:22:28.435 [TLM] 46469,11060,-1269,1812,10367,-1244,-1691,1050,1962,-13,395,1104,1895,2273,1675,148,1443,45
06:22:28.471 [TLM] 46479,11073,-1276,1801,10416,3397,880,1026,1938,-13,489,1010,1989,1158,3571,148,1443,45
06:22:28.505 [TLM] 46489,11088,-1284,1788,10476,417,-2412,989,1978,-15,583,916,2083,-23,4856,148,1443,45
06:22:28.507 [TLM] 46499,11105,-1292,1773,10557,-679,1121,744,2347,-19,716,783,2216,723,1919,148,1443,45
06:22:28.541 [TLM] 46509,11119,-1297,1760,10655,1802,-516,841,2209,-16,562,937,2062,1990,1062,148,1443,45
06:22:28.541 [TLM] 46519,11135,-1302,1745,10739,837,-482,962,1995,-13,470,1029,1970,2444,1996,148,1443,45
06:22:28.574 [TLM] 46529,11150,-1305,1730,10791,1427,1477,1044,1945,-12,371,1128,1871,2682,1351,148,1443,45
06:22:28.575 [TLM] 46539,11165,-1307,1715,10843,-2181,525,1129,1862,-9,325,1174,1825,2572,1612,148,1443,45
06:22:28.610 [TLM] 46549,11180,-1309,1701,10880,-213,578,1082,1895,-13,504,995,2004,230,4422,148,1443,45
06:22:28.644 [TLM] 46559,11197,-1311,1684,10928,-209,3999,845,2290,-17,683,816,2183,403,1444,148,1443,45
06:22:28.645 [TLM] 46569,11210,-1311,1670,10988,-473,1179,1011,1915,-12,417,1082,1917,2333,2112,148,1443,45
06:22:28.678 [TLM] 46579,11225,-1311,1656,11035,706,-339,1006,1960,-17,726,773,2226,-2125,6879,148,1443,45
06:22:28.682 [TLM] 46589,11240,-1310,1641,11104,-706,-1444,764,2172,-19,668,831,2168,1296,3423,148,1443,45
06:22:28.714 [TLM] 46599,11256,-1307,1625,11191,2324,-3999,867,2181,-13,414,1085,1914,3851,-1043,148,1443,45
06:22:28.716 [TLM] 46609,11270,-1304,1612,11254,1199,464,1075,1831,-9,401,1098,1901,2241,3017,148,1443,45
06:22:28.749 [TLM] 46619,11285,-1300,1597,11294,-847,-1900,1042,1989,-14,621,878,2121,-707,4733,148,1443,45
06:22:28.786 [TLM] 46629,11301,-1295,1582,11345,3470,1365,1020,1998,-13,511,988,2011,984,2777,148,1443,45
06:22:28.786 [TLM] 46639,11316,-1289,1568,11394,1385,-666,1009,2024,-17,661,838,2161,-1523,5320,148,1443,45
06:22:28.820 [TLM] 46649,11331,-1283,1554,11464,3014,3999,868,2140,-18,669,830,2169,-50,3766,148,1443,45
06:22:28.821 [TLM] 46659,11346,-1276,1542,11546,-721,2640,817,2127,-15,490,1009,1990,3195,1237,148,1443,45
06:22:28.855 [TLM] 46669,11359,-1268,1530,11618,3999,3576,955,2034,-14,568,931,2068,647,3361,148,1443,45
06:22:28.857 [TLM] 46679,11376,-1258,1517,11698,1565,928,872,2149,-15,479,1020,1979,2934,640,148,1443,45
06:22:28.888 [TLM] 46689,11391,-1248,1506,11774,-601,-4,881,2102,-15,503,996,2003,2573,1453,148,1443,45
06:22:28.924 [TLM] 46699,11405,-1237,1496,11846,1406,-905,1023,1928,-13,462,1037,1962,1658,2985,148,1443,45
06:22:28.925 [TLM] 46709,11420,-1225,1487,11912,-1204,-434,1000,1971,-13,486,1013,1986,1628,2903,148,1443,45
06:22:28.959 [TLM] 46719,11435,-1213,1479,11975,457,-2008,1008,1976,-13,473,1026,1973,1762,2707,148,1443,45
06:22:28.959 [TLM] 46729,11450,-1200,1471,12033,1659,-456,1028,1957,-14,543,956,2043,394,4074,148,1443,45
06:22:28.996 [TLM] 46739,11465,-1187,1463,12101,833,-2285,981,2038,-14,518,981,2018,1213,2878,148,1443,45
06:22:29.000 [TLM] 46749,11480,-1174,1457,12176,-1301,1357,962,2002,-13,447,1052,1947,2612,2167,148,1443,45
06:22:29.028 [TLM] 46759,11495,-1159,1452,12243,3621,-2689,1050,1983,-12,460,1039,1960,1476,2430,148,17827,45
06:22:29.064 [TLM] 46769,11510,-1145,1448,12304,2203,-3079,1025,1980,-12,443,1056,1943,2119,2113,148,17827,45
06:22:29.064 [TLM] 46779,11524,-1132,1445,12354,-180,-3,1101,1896,-10,363,1136,1863,2280,1945,148,1571,45
06:22:29.101 [TLM] 46789,11539,-1117,1442,12400,-247,2199,1187,1813,-8,297,1202,1797,2316,1917,148,1571,45
06:22:29.103 [TLM] 46799,11555,-1101,1440,12437,-801,-1104,1216,1782,-8,295,1204,1795,1988,2375,148,1571,45
06:22:29.134 [TLM] 46809,11569,-1087,1438,12465,-397,-132,1233,1769,-8,288,1211,1788,1622,2509,148,1571,45
06:22:29.135 [TLM] 46819,11586,-1070,1437,12500,-574,-2015,1314,1779,-6,232,1267,1732,1266,1504,148,1571,45
06:22:29.170 [TLM] 46829,11599,-1057,1436,12525,1,-1625,1300,1711,-6,219,1280,1719,1570,2260,148,1571,45
06:22:29.202 [TLM] 46839,11616,-1041,1436,12551,2033,-1100,1299,1689,-5,205,1294,1705,1810,2293,148,1571,45
06:22:29.203 [TLM] 46849,11629,-1027,1436,12568,-1701,3284,1386,1610,-4,249,1250,1749,39,4160,148,1571,45
06:22:29.238 [TLM] 46859,11647,-1010,1436,12591,-996,3910,1354,1726,-2,20,1479,1520,3522,-1008,148,1571,45
06:22:29.239 [TLM] 46869,11659,-997,1436,12603,1706,1490,1417,1535,-1,107,1392,1607,1852,2535,148,1571,45
06:22:29.274 [TLM] 46879,11676,-980,1437,12602,-327,-395,1486,1542,-1,32,1467,1532,1851,1454,148,1571,45
06:22:29.274 [TLM] 46889,11690,-967,1437,12600,-1645,-1278,1453,1528,-1,-23,1523,1476,2817,1006,148,1571,45
06:22:29.311 [TLM] 46899,11706,-950,1438,12602,-48,210,1466,1531,-1,79,1420,1579,1123,2656,148,1571,45
06:22:29.346 [TLM] 46909,11720,-936,1438,12608,-107,328,1445,1589,-1,61,1438,1561,1461,1742,148,1571,45
06:22:29.346 [TLM] 46919,11736,-921,1439,12633,3999,-3999,1399,1546,0,0,1500,1499,3075,1245,148,50723,45
06:22:29.378 [TLM] 46929,11750,-907,1440,12646,-2456,1820,1537,1482,0,30,1469,1530,1200,2442,148,50723,45
06:22:29.380 [TLM] 46939,11766,-891,1442,12655,1384,399,1512,1459,3,-141,1641,1358,4266,-250,148,1572,45
06:22:29.413 [TLM] 46949,11780,-877,1443,12644,-1158,-863,1577,1440,0,22,1477,1522,972,2601,148,1572,45
06:22:29.415 [TLM] 46959,11796,-861,1444,12639,772,-2193,1479,1492,-1,56,1443,1556,1345,2836,148,1572,45
06:22:29.452 [TLM] 46969,11810,-847,1445,12645,-3252,1535,1492,1529,2,-118,1618,1381,3822,-455,151,1572,45
06:22:29.486 [TLM] 46979,11826,-830,1446,12631,-1460,153,1610,1406,1,-57,1557,1442,1582,1891,151,1572,45
06:22:29.486 [TLM] 46989,11841,-816,1447,12613,-902,745,1562,1421,0,33,1466,1533,769,3397,151,1572,45
06:22:29.520 [TLM] 46999,11856,-801,1448,12603,-981,-1471,1503,1488,0,6,1493,1506,1667,2317,151,1572,45
06:22:29.521 [TLM] 47009,11869,-787,1448,12599,-1542,2664,1521,1480,0,0,1499,1500,1510,2379,151,1572,45
06:22:29.553 [TLM] 47019,11886,-771,1449,12598,-1256,-796,1504,1491,0,2,1497,1502,1737,2383,151,1572,45
06:22:29.554 [TLM] 47029,11901,-756,1449,12597,-305,-1532,1485,1504,0,-17,1517,1482,2323,1905,151,1572,45
06:22:29.589 [TLM] 47039,11916,-741,1450,12594,-1283,-3999,1518,1478,0,-25,1525,1474,2089,2107,151,1572,45
06:22:29.623 [TLM] 47049,11931,-726,1450,12588,2361,221,1572,1479,0,50,1449,1550,326,2941,151,1572,45
06:22:29.624 [TLM] 47059,11946,-710,1450,12584,-759,-1044,1435,1586,-1,0,1499,1500,2311,995,151,1572,45
06:22:29.659 [TLM] 47069,11961,-696,1451,12591,-968,375,1461,1514,0,-31,1531,1468,2660,1243,151,1572,45
06:22:29.694 [TLM] 47079,11976,-681,1451,12593,-2601,358,1468,1495,0,33,1466,1533,1795,2482,151,1572,45
06:22:29.694 [TLM] 47089,11991,-666,1452,12597,-66,-1086,1462,1538,-1,21,1478,1521,2046,1801,151,1572,45
06:22:29.696 [TLM] 47099,12005,-651,1452,12600,-1654,-1372,1429,1512,-1,26,1473,1526,2441,2332,151,1572,45
06:22:29.728 [TLM] 47109,12021,-636,1453,12601,-7,-750,1462,1550,-1,74,1425,1574,1231,2633,151,1572,45
06:22:29.766 [TLM] 47119,12036,-621,1453,12611,-3326,-689,1415,1610,-3,103,1396,1603,1145,2478,151,1572,45
06:22:29.767 [TLM] 47129,12051,-606,1454,12628,-1547,2909,1415,1582,0,-47,1547,1452,3428,370,151,1572,45
06:22:29.799 [TLM] 47139,12066,-591,1455,12632,1062,-896,1478,1522,0,-81,1581,1418,3396,393,151,1572,45
06:22:29.799 [TLM] 47149,12081,-576,1456,12628,427,-309,1504,1476,0,25,1474,1525,1550,2615,151,1572,45
06:22:29.836 [TLM] 47159,12096,-561,1457,12625,-1248,310,1505,1476,0,-11,1511,1488,2034,2159,151,17956,45
06:22:29.837 [TLM] 47169,12112,-545,1458,12618,-3858,425,1573,1502,-1,85,1414,1585,-435,3375,151,17956,45
06:22:29.868 [TLM] 47179,12126,-531,1458,12620,-2847,-207,1363,1611,-4,206,1293,1706,27,4600,151,1700,45
06:22:29.904 [TLM] 47189,12141,-516,1460,12643,-2454,479,1318,1718,-3,119,1380,1619,1933,1341,151,1700,45
06:22:29.904 [TLM] 47199,12156,-501,1461,12669,1633,-836,1329,1657,-3,150,1349,1650,1604,2474,151,1700,45
06:22:29.938 [TLM] 47209,12170,-487,1463,12693,1733,-396,1281,1669,-6,279,1220,1779,419,4355,151,1700,45
06:22:29.939 [TLM] 47219,12186,-472,1465,12731,151,2199,752,2245,-32,1152,347,2652,-8416,13197,151,1700,45
06:22:29.975 [TLM] 47229,12200,-458,1468,12812,-1427,572,-171,3247,-32,1152,347,2652,4224,-1740,151,1700,45
06:22:29.975 [TLM] 47239,12222,-437,1474,12924,-1134,1652,1545,2064,-2,78,1421,1578,2255,-8362,151,1700,45
06:22:30.010 [TLM] 47249,12229,-430,1477,12975,-70,-2072,1648,946,-3,92,1407,1592,-1519,8848,151,1700,45
06:22:30.044 [TLM] 47259,12246,-415,1485,13044,25,-608,1200,1735,-2,30,1469,1530,5703,-1558,151,1700,45
06:22:30.045 [TLM] 47269,12260,-403,1491,13091,2644,2525,1259,1721,-9,474,1025,1974,-1286,5132,151,1700,45
06:22:30.079 [TLM] 47279,12275,-390,1499,13148,-1086,-662,1074,1788,-12,462,1037,1962,950,4822,151,1700,45
06:22:30.081 [TLM] 47289,12289,-379,1507,13199,3999,1951,1063,1869,-11,481,1018,1981,939,4275,151,1700,45
06:22:30.114 [TLM] 47299,12305,-366,1517,13266,-1350,1905,1016,1901,-14,588,911,2088,10,5743,151,1700,45
06:22:30.115 [TLM] 47309,12319,-355,1527,13321,-3999,-3999,1052,2005,-16,576,923,2076,-433,4294,151,1700,45
06:22:30.150 [TLM] 47319,12336,-344,1539,13398,412,2278,940,2085,-17,595,904,2095,261,3875,151,1700,45
06:22:30.184 [TLM] 47329,12349,-335,1549,13474,2633,690,877,2112,-17,680,819,2180,-107,4629,151,1700,45
06:22:30.185 [TLM] 47339,12366,-326,1563,13577,-535,-205,742,2307,-21,795,704,2295,-316,3920,151,1700,45
06:22:30.220 [TLM] 47349,12380,-319,1575,13674,1574,1301,736,2285,-18,546,953,2046,3412,157,151,1700,45
06:22:30.222 [TLM] 47359,12396,-313,1590,13779,1309,-1436,772,2154,-17,623,876,2123,2290,2690,151,1700,45
06:22:30.255 [TLM] 47369,12409,-309,1603,13855,745,911,923,2055,-14,503,996,2003,2513,2020,151,1700,45
06:22:30.256 [TLM] 47379,12426,-305,1619,13933,-1244,2822,1051,1970,-12,385,1114,1885,2698,1226,151,1700,45
06:22:30.288 [TLM] 47389,12440,-302,1632,13984,-745,-894,1107,1885,-11,418,1081,1918,1554,2813,151,1700,45
06:22:30.324 [TLM] 47399,12456,-300,1649,14036,3999,-3248,1145,1883,-6,301,1198,1801,2988,860,151,1700,45
06:22:30.324 [TLM] 47409,12469,-299,1662,14061,3999,899,1316,1656,-5,179,1320,1679,2520,2057,151,1700,45
06:22:30.359 [TLM] 47419,12486,-298,1678,14088,-284,1967,1183,1804,-10,315,1184,1815,1473,3158,151,1700,45
06:22:30.359 [TLM] 47429,12500,-298,1692,14126,1328,587,1274,1797,-6,208,1291,1708,2103,1023,151,1700,45
06:22:30.394 [TLM] 47439,12516,-298,1708,14156,804,-3535,1251,1688,-5,219,1280,1719,2275,2625,151,1700,45
06:22:30.395 [TLM] 47449,12530,-298,1722,14174,-96,-661,1295,1742,-4,151,1348,1651,2691,1007,151,1700,45
06:22:30.429 [TLM] 47459,12546,-299,1738,14186,-315,-2644,1388,1574,-1,109,1390,1609,2412,2000,151,1700,45
06:22:30.464 [TLM] 47469,12562,-300,1754,14179,2019,-188,1436,1630,-5,217,1282,1717,-372,3396,151,1700,45
06:22:30.465 [TLM] 47479,12576,-300,1768,14183,-1569,-363,1361,1742,-3,178,1321,1678,1107,922,151,1700,45
06:22:30.500 [TLM] 47489,12591,-301,1783,14183,733,1058,1389,1566,-5,240,1259,1740,-257,4465,151,1700,45
06:22:30.501 [TLM] 47499,12606,-302,1799,14186,-2722,-1313,1291,1707,-3,121,1378,1621,2644,703,151,1700,45
06:22:30.534 [TLM] 47509,12621,-303,1813,14182,1698,119,1394,1512,-2,131,1368,1631,1414,3446,151,1700,45
06:22:30.534 [TLM] 47519,12636,-303,1828,14176,2161,2519,1337,1694,-5,169,1330,1669,1244,2108,151,1700,45
06:22:30.569 [TLM] 47529,12651,-304,1843,14188,2391,349,1397,1560,0,-39,1539,1460,3671,581,151,1700,45
06:22:30.605 [TLM] 47539,12666,-305,1858,14184,-882,-758,1558,1450,0,16,1483,1516,988,2896,151,1700,45
06:22:30.607 [TLM] 47549,12681,-305,1873,14180,1278,898,1483,1511,0,18,1481,1518,1679,2416,151,1700,45
06:22:30.638 [TLM] 47559,12696,-306,1888,14185,-2694,64,1531,1519,0,-1,1501,1498,1545,1692,151,1700,45
06:22:30.639 [TLM] 47569,12711,-307,1903,14177,-1403,-910,1491,1446,0,14,1485,1514,1759,2940,151,1700,45
06:22:30.673 [TLM] 47579,12726,-307,1918,14170,2739,1103,1515,1490,0,-48,1548,1451,2298,1488,151,1700,45
06:22:30.674 [TLM] 47589,12741,-308,1933,14173,1531,989,1487,1529,-1,97,1402,1597,513,3310,151,1700,45
06:22:30.708 [TLM] 47599,12756,-308,1948,14181,859,1164,1413,1590,0,-4,1504,1495,2935,892,151,1700,45
06:22:30.744 [TLM] 47609,12771,-309,1963,14182,2,-1231,1502,1497,-2,118,1381,1618,144,3968,151,1700,45
06:22:30.744 [TLM] 47619,12786,-310,1978,14186,-3999,-1107,1354,1645,-3,98,1401,1598,2023,2017,151,1700,45
06:22:30.779 [TLM] 47629,12801,-311,1993,14205,978,558,1363,1641,-3,217,1282,1717,338,3638,151,1700,45
06:22:30.779 [TLM] 47639,12816,-312,2008,14225,2552,-759,1361,1618,0,-13,1513,1486,3711,290,151,18084,45
06:22:30.819 [TLM] 47649,12831,-313,2023,14229,-344,-750,1494,1531,-1,73,1426,1573,999,2651,151,1828,45
06:22:30.819 [TLM] 47659,12846,-315,2038,14231,1169,-2700,1458,1549,-2,102,1397,1602,1000,2819,151,1828,45
06:22:30.849 [TLM] 47669,12860,-316,2051,14236,-631,-684,1367,1612,-5,249,1250,1749,-203,4418,151,1828,45
06:22:30.884 [TLM] 47679,12876,-318,2068,14267,-597,1802,1268,1742,-8,349,1150,1849,-982,4631,151,1828,45
06:22:30.884 [TLM] 47689,12890,-320,2082,14314,1407,1158,1065,1951,-12,454,1045,1954,-147,3612,151,1828,45
06:22:30.921 [TLM] 47699,12906,-324,2098,14392,1726,-1004,990,1997,-12,458,1041,1958,832,2832,151,1828,45
06:22:30.923 [TLM] 47709,12920,-328,2111,14456,-3638,1711,1156,1853,-9,360,1139,1860,563,2899,151,1828,45
06:22:30.953 [TLM] 47719,12937,-333,2126,14529,1892,-1066,1011,2010,-15,699,800,2199,-2537,6155,151,1828,45
06:22:30.953 [TLM] 47729,12950,-339,2138,14608,-260,-728,795,2212,-17,631,868,2131,817,2655,151,1828,45
06:22:30.988 [TLM] 47739,12966,-347,2152,14716,3201,1380,789,2182,-17,610,889,2110,1551,2279,151,1828,45
06:22:31.025 [TLM] 47749,12980,-355,2163,14797,-2085,-1667,820,2196,-17,615,884,2115,1502,2051,151,1828,45
06:22:31.026 [TLM] 47759,12995,-365,2175,14891,-820,-3999,956,1915,-32,1152,347,2652,-8370,14589,151,18212,45
06:22:31.059 [TLM] 47769,13008,-374,2184,14990,1505,-1084,369,2540,-32,1152,347,2652,-1741,8040,151,18212,45
06:22:31.060 [TLM] 47779,13030,-392,2197,15154,-1551,1723,230,3209,-32,1152,347,2652,104,-3125,151,18212,45
06:22:31.095 [TLM] 47789,13040,-401,2201,15284,3525,2640,232,2540,-32,1152,347,2652,699,5443,151,18212,45
06:22:31.096 [TLM] 47799,13057,-417,2207,15434,443,-1494,277,2724,-32,1152,347,2652,647,3219,151,18212,45
06:22:31.129 [TLM] 47809,13068,-428,2209,15563,1925,-599,241,2518,-32,1152,347,2652,1346,5998,151,18212,45
06:22:31.163 [TLM] 47819,13088,-448,2210,15718,212,-1428,411,2866,-32,1152,347,2652,-538,1290,151,18212,45
06:22:31.164 [TLM] 47829,13101,-460,2209,15862,3321,-560,232,2479,-27,499,1000,1999,10644,-3791,151,1956,45
06:22:31.199 [TLM] 47839,13117,-476,2205,15995,-331,1226,1182,1826,-17,663,836,2163,-1846,6876,151,1956,45
06:22:31.200 [TLM] 47849,13131,-489,2200,16100,1971,704,826,2119,-21,667,832,2167,741,4282,151,1956,45
06:22:31.233 [TLM] 47859,13144,-501,2194,16241,-3999,3137,648,2219,-19,682,817,2182,3439,3401,151,1956,45
06:22:31.236 [TLM] 47869,13161,-515,2184,16378,3222,-2036,914,2040,-9,133,1366,1633,8852,-3592,151,1956,45
06:22:31.269 [TLM] 47879,13177,-527,2174,16460,186,-2307,1480,1647,-7,279,1220,1779,48,3715,151,1956,45
06:22:31.304 [TLM] 47889,13189,-536,2165,16518,2881,1924,1255,1565,-2,149,1350,1649,4180,2806,151,1956,45
06:22:31.304 [TLM] 47899,13205,-546,2154,16560,765,3999,1409,1482,0,-87,1587,1412,6435,635,151,1956,45
06:22:31.338 [TLM] 47909,13220,-556,2142,16572,3999,-2721,1984,1142,6,-260,1760,1239,1734,2305,151,1956,45
06:22:31.339 [TLM] 47919,13236,-566,2130,16559,-848,991,1759,1162,7,-286,1786,1213,4044,2140,151,1956,45
06:22:31.373 [TLM] 47929,13248,-574,2121,16540,3999,-1353,1712,1098,9,-314,1814,1185,5543,2880,151,1956,45
06:22:31.374 [TLM] 47939,13269,-589,2106,16504,1104,50,2443,931,21,-842,2342,657,4025,-3738,151,1956,45
06:22:31.409 [TLM] 47949,13280,-597,2098,16441,556,-2956,2243,623,21,-779,2279,720,5033,1536,151,1956,45
06:22:31.444 [TLM] 47959,13297,-610,2087,16345,3815,-445,2369,685,18,-624,2124,875,1099,3398,151,1956,45
06:22:31.445 [TLM] 47969,13311,-622,2080,16257,-696,-11,2157,721,21,-809,2309,690,6546,474,151,34724,45
06:22:31.481 [TLM] 47979,13328,-636,2072,16163,-3935,-177,2519,576,32,-1152,2652,347,6814,-3253,151,34724,45
06:22:31.481 [TLM] 47989,13342,-650,2066,16040,-2477,-1478,2777,266,32,-1152,2652,347,3153,1441,151,34724,45
06:22:31.516 [TLM] 47999,13356,-664,2063,15907,-2520,1814,2580,349,32,-1152,2652,347,5670,361,151,34724,45
06:22:31.518 [TLM] 48009,13373,-680,2061,15765,1578,-552,2786,305,32,-1152,2652,347,2926,1104,151,34724,45
06:22:31.548 [TLM] 48019,13386,-693,2061,15615,-2864,-78,2536,321,32,-1152,2652,347,6126,1022,151,34724,45
06:22:31.585 [TLM] 48029,13402,-709,2064,15454,2494,1429,2470,567,14,-498,1998,1001,-4136,9665,151,1956,45
06:22:31.585 [TLM] 48039,13418,-724,2069,15322,1512,3999,1722,1404,0,95,1404,1595,-3982,8243,151,1956,45
06:22:31.619 [TLM] 48049,13435,-740,2077,15225,-3021,-336,1299,1838,12,-889,2389,610,15828,-15127,151,18340,45
06:22:31.620 [TLM] 48059,13444,-747,2081,15119,-2356,3902,2174,200,18,-564,2064,935,2782,11459,151,18340,45
06:22:31.657 [TLM] 48069,13464,-763,2094,14983,-1183,191,2105,1153,12,-348,1848,1151,-480,3179,151,2084,45
06:22:31.659 [TLM] 48079,13479,-773,2104,14877,-719,-2080,1653,1438,3,-72,1572,1427,952,2600,151,2084,45
06:22:31.688 [TLM] 48089,13490,-780,2113,14807,-1409,-1425,1447,1339,-4,374,1125,1874,-3050,11771,151,2084,45
06:22:31.723 [TLM] 48099,13508,-791,2127,14772,866,1753,1267,1860,-8,422,1077,1922,-1499,6272,151,2084,45
06:22:31.724 [TLM] 48109,13525,-801,2141,14758,-3999,693,976,2217,-15,587,912,2087,-849,3052,151,2084,45
06:22:31.760 [TLM] 48119,13537,-808,2150,14791,-36,-937,876,1871,-15,619,880,2119,132,8590,151,2084,45
06:22:31.762 [TLM] 48129,13552,-818,2162,14837,-3196,1452,749,2378,-21,796,703,2296,-1049,5272,151,2084,45
06:22:31.794 [TLM] 48139,13570,-830,2175,14923,574,-1721,695,2403,-17,542,957,2042,3719,-833,151,2084,45
06:22:31.795 [TLM] 48149,13580,-838,2182,14981,3247,-2769,758,2010,-17,518,981,2018,3728,4421,151,18468,45
06:22:31.828 [TLM] 48159,13598,-851,2193,15045,1925,984,909,2027,-32,2049,-549,3549,-16000,16000,151,18468,45
06:22:31.866 [TLM] 48169,13613,-863,2203,15096,1416,-101,360,2848,-32,1152,347,2652,-2055,4906,151,18468,45
06:22:31.866 [TLM] 48179,13631,-879,2212,15186,569,-3216,213,3005,-32,1152,347,2652,1127,-108,151,18468,45
06:22:31.898 [TLM] 48189,13643,-889,2218,15266,-3999,1851,372,2402,-32,1152,347,2652,-902,8531,151,2212,45
06:22:31.900 [TLM] 48199,13660,-905,2224,15370,-987,-554,389,2687,-32,1152,347,2652,-1428,5422,151,2212,45
06:22:31.934 [TLM] 48209,13674,-918,2228,15490,1780,-1181,326,2772,-32,1152,347,2652,-583,3813,151,2212,45
06:22:31.936 [TLM] 48219,13690,-934,2230,15648,1079,-1224,294,2682,-32,1152,347,2652,-14,4464,151,2212,45
06:22:31.969 [TLM] 48229,13702,-947,2229,15783,298,-2058,271,2593,-32,1152,347,2652,544,5884,151,2212,45
06:22:32.002 [TLM] 48239,13719,-963,2227,15948,-606,-2892,274,2766,-32,1152,347,2652,890,3331,151,18724,45
06:22:32.005 [TLM] 48249,13733,-976,2222,16096,937,-1036,279,2693,-32,1152,347,2652,1156,3944,151,18724,45
06:22:32.039 [TLM] 48259,13748,-990,2215,16264,3999,-3576,333,2504,-20,479,1020,1979,10885,-4226,151,2468,45
06:22:32.039 [TLM] 48269,13762,-1000,2207,16373,3999,3999,912,2025,-22,896,603,2396,-1289,8264,151,2468,45
06:22:32.075 [TLM] 48279,13778,-1013,2196,16473,953,-2107,746,2360,-14,331,1168,1831,8295,-4547,151,2468,45
06:22:32.076 [TLM] 48289,13795,-1024,2184,16554,1645,-2944,1452,1769,-3,65,1434,1565,3841,-2204,151,2468,45
06:22:32.111 [TLM] 48299,13809,-1033,2174,16584,3999,724,1450,1324,0,7,1492,1507,4397,2990,151,2468,45
06:22:32.144 [TLM] 48309,13823,-1043,2162,16589,-158,-3180,1725,1271,6,-275,1775,1224,5001,-340,151,2468,45
06:22:32.145 [TLM] 48319,13837,-1051,2152,16558,-423,-29,1813,1016,12,-584,2084,915,8789,-1656,151,2468,45
06:22:32.179 [TLM] 48329,13855,-1064,2138,16492,2266,-3394,2508,835,15,-512,2012,987,-1208,1798,151,2468,45
06:22:32.180 [TLM] 48339,13869,-1074,2130,16401,2996,-3864,2100,770,18,-706,2206,793,6011,316,151,35236,45
06:22:32.216 [TLM] 48349,13882,-1085,2122,16315,-513,2301,2274,668,32,-1152,2652,347,11096,-5729,151,35236,45
06:22:32.217 [TLM] 48359,13901,-1101,2112,16166,3577,-636,3119,133,32,-1152,2652,347,498,1264,151,35236,45
06:22:32.247 [TLM] 48369,13913,-1112,2108,16036,-120,2605,2733,142,32,-1152,2652,347,3574,2427,151,35236,45
06:22:32.281 [TLM] 48379,13929,-1128,2104,15897,373,-1552,2568,389,32,-1152,2652,347,5776,-539,151,35236,45
06:22:32.282 [TLM] 48389,13943,-1142,2102,15778,-3770,1943,2742,313,-1,-1152,2652,347,3658,408,151,35236,45
06:22:32.317 [TLM] 48399,13956,-1155,2102,15640,-683,1964,1718,954,-21,1000,499,2500,-16000,16000,151,35236,45
06:22:32.317 [TLM] 48409,13970,-1168,2104,15586,3999,-1870,-321,3140,-26,964,535,2464,4401,4047,151,35236,45
06:22:32.353 [TLM] 48419,13991,-1189,2106,15583,-2765,4,138,3266,-31,1152,347,2652,-478,818,151,35236,45
06:22:32.354 [TLM] 48429,14002,-1200,2108,15598,-1819,1625,343,2508,-32,1152,347,2652,-3184,10508,151,35236,45
06:22:32.387 [TLM] 48439,14021,-1220,2109,15668,589,1701,366,2918,-32,1152,347,2652,-3331,4537,151,35236,45
06:22:32.424 [TLM] 48449,14034,-1232,2109,15762,3999,3232,142,2859,-16,543,956,2043,9345,-5548,151,2468,45
06:22:32.424 [TLM] 48459,14051,-1249,2107,15861,2364,2030,1121,1922,-6,120,1379,1620,5198,-2242,151,2468,45
06:22:32.460 [TLM] 48469,14067,-1265,2104,15902,-226,682,1664,1387,2,-188,1688,1311,2507,73,151,2468,45
06:22:32.460 [TLM] 48479,14079,-1277,2102,15909,851,-1337,1469,1279,2,-12,1512,1487,3116,4288,151,2468,45
06:22:32.493 [TLM] 48489,14096,-1293,2098,15897,419,-2892,2110,1069,32,-1152,2652,347,15327,-13792,151,2468,45
06:22:32.493 [TLM] 48499,14113,-1310,2095,15849,-3999,-1668,3509,-173,32,-1152,2652,347,-3998,2734,151,35236,45
06:22:32.528 [TLM] 48509,14124,-1321,2094,15775,-251,3469,2566,187,15,-1228,2728,271,5512,943,151,35236,45
06:22:32.563 [TLM] 48519,14138,-1335,2094,15731,1702,-1963,1972,859,17,-599,2099,900,4675,1830,151,35236,45
06:22:32.565 [TLM] 48529,14152,-1349,2094,15688,-921,-775,1874,947,9,-196,1696,1303,503,7098,151,2468,45
06:22:32.599 [TLM] 48539,14169,-1366,2095,15661,-3513,-835,1438,1688,-7,464,1035,1964,-4290,8659,151,2468,45
06:22:32.599 [TLM] 48549,14188,-1385,2095,15673,1362,-601,948,2391,-16,597,902,2097,-964,303,151,2468,45
06:22:32.634 [TLM] 48559,14199,-1396,2095,15716,3999,-2418,934,1910,-12,397,1102,1897,2617,3156,151,2468,45
06:22:32.634 [TLM] 48569,14214,-1411,2095,15765,-1798,147,761,2122,-18,664,835,2164,1172,5038,151,2468,45
06:22:32.668 [TLM] 48579,14229,-1426,2093,15829,918,2839,905,2079,-12,456,1043,1956,3177,1534,151,2468,45
06:22:32.703 [TLM] 48589,14243,-1440,2091,15871,347,-2445,1129,1840,-5,80,1419,1580,6222,-1138,151,2468,45
06:22:32.703 [TLM] 48599,14259,-1455,2089,15887,-1104,-3047,1428,1582,-4,187,1312,1687,1110,3804,151,2468,45
06:22:32.737 [TLM] 48609,14274,-1470,2086,15891,-311,2707,1439,1585,0,67,1432,1567,2945,1441,151,2468,45
06:22:32.738 [TLM] 48619,14288,-1484,2083,15875,3999,-3558,1598,1343,6,-307,1807,1192,6776,-1336,151,2468,45
06:22:32.773 [TLM] 48629,14304,-1500,2081,15828,-3158,930,1982,1131,9,-405,1905,1094,3487,-186,151,2468,45
06:22:32.774 [TLM] 48639,14319,-1515,2080,15760,-2476,-52,2093,956,13,-517,2017,982,3062,452,151,2468,45
06:22:32.808 [TLM] 48649,14334,-1529,2080,15681,-2392,-782,2027,922,13,-511,2011,988,3619,1405,151,2468,45
06:22:32.843 [TLM] 48659,14349,-1544,2081,15603,-356,2218,2027,956,13,-521,2021,978,3504,1223,151,2468,45
06:22:32.843 [TLM] 48669,14363,-1559,2083,15529,-2411,-3775,2016,902,15,-624,2124,875,5047,711,151,2468,45
06:22:32.879 [TLM] 48679,14380,-1575,2087,15453,2124,-1613,2344,830,14,-430,1930,1069,-2062,4627,151,2468,45
06:22:32.879 [TLM] 48689,14392,-1587,2090,15385,2564,275,1865,972,12,-384,1884,1115,3100,3946,151,18852,45
06:22:32.915 [TLM] 48699,14409,-1603,2096,15325,-1126,773,1893,1172,13,-525,2025,974,4660,-973,151,18852,45
06:22:32.916 [TLM] 48709,14423,-1616,2102,15259,-1454,477,1958,971,11,-247,1747,1252,150,5856,151,2596,45
06:22:32.950 [TLM] 48719,14439,-1630,2109,15197,2232,3364,1730,1348,2,22,1477,1522,-1509,5717,151,2596,45
06:22:32.985 [TLM] 48729,14457,-1645,2118,15153,994,3063,1377,1901,-3,142,1357,1642,675,-740,151,2596,45
06:22:32.985 [TLM] 48739,14470,-1656,2125,15146,1704,12,1272,1653,-11,463,1036,1963,-3233,7956,151,2596,45
06:22:33.019 [TLM] 48749,14485,-1669,2133,15167,-712,-1023,942,2297,-17,618,881,2118,-1754,2075,151,2596,45
06:22:33.021 [TLM] 48759,14500,-1682,2140,15236,475,691,823,2042,-17,672,827,2172,-950,5600,151,2596,45
06:22:33.053 [TLM] 48769,14512,-1693,2146,15308,1329,-1197,643,2183,-24,960,539,2460,-2833,8787,151,2596,45
06:22:33.054 [TLM] 48779,14531,-1711,2152,15427,910,3465,544,2650,-22,802,697,2302,1180,-380,151,2596,45
06:22:33.089 [TLM] 48789,14542,-1722,2154,15523,2830,-1530,574,2263,-21,774,725,2274,1846,3540,151,2596,45
06:22:33.123 [TLM] 48799,14558,-1737,2156,15625,3999,1348,696,2139,-18,682,817,2182,2427,3936,151,2596,45
06:22:33.124 [TLM] 48809,14571,-1750,2157,15704,-2852,-1601,693,2160,-23,865,634,2365,-185,7207,151,2596,45
06:22:33.159 [TLM] 48819,14590,-1769,2155,15811,-1587,309,632,2528,-24,872,627,2372,395,2070,151,2596,45
06:22:33.160 [TLM] 48829,14602,-1781,2154,15908,1479,-1660,757,2167,-17,600,899,2100,3401,2124,151,2596,45
06:22:33.194 [TLM] 48839,14620,-1799,2149,16008,658,1454,992,2101,-17,651,848,2151,-646,4061,151,2596,45
06:22:33.195 [TLM] 48849,14632,-1810,2145,16088,3768,1561,828,2081,-17,655,844,2155,1390,4198,151,2596,45
06:22:33.228 [TLM] 48859,14650,-1826,2137,16179,2821,91,910,2211,-17,625,874,2125,878,2001,151,2596,45
06:22:33.263 [TLM] 48869,14662,-1837,2132,16244,3323,-925,901,1945,-32,-86,1586,1413,11166,-5299,151,18980,45
06:22:33.264 [TLM] 48879,14680,-1852,2122,16312,-409,2391,467,2663,-32,1152,347,2652,-3296,6717,151,18980,45
06:22:33.299 [TLM] 48889,14696,-1864,2112,16415,3891,1587,288,2926,-32,1152,347,2652,-806,1274,151,18980,45
06:22:33.301 [TLM] 48899,14709,-1873,2103,16556,1615,2032,232,2535,-32,1152,347,2652,114,6643,151,18980,45
06:22:33.335 [TLM] 48909,14723,-1882,2092,16685,1192,-592,247,2661,-32,1152,347,2652,445,4884,151,18980,45
06:22:33.336 [TLM] 48919,14738,-1889,2078,16853,1123,-2102,260,2678,-32,1152,347,2652,917,4821,151,18980,45
06:22:33.369 [TLM] 48929,14753,-1894,2064,16991,2458,418,275,2728,-32,1152,347,2652,820,3438,151,18980,45
06:22:33.402 [TLM] 48939,14768,-1897,2050,17156,736,-811,280,2649,-32,1152,347,2652,1244,4710,151,18980,45
06:22:33.403 [TLM] 48949,14781,-1898,2037,17294,2083,97,244,2596,-32,1152,347,2652,1909,5303,151,18980,45
06:22:33.438 [TLM] 48960,14802,-1895,2016,17474,2817,2767,620,2710,-31,1464,35,2964,-6016,7290,148,2724,45
06:22:33.439 [TLM] 48969,14815,-1891,2003,17608,3532,2528,491,2447,-29,1020,479,2520,394,4320,148,2724,45
06:22:33.472 [TLM] 48979,14827,-1886,1992,17744,-3999,778,774,2140,-17,630,869,2130,3578,2082,148,2724,45
06:22:33.473 [TLM] 48989,14846,-1877,1976,17902,1188,-3302,1019,2071,-17,509,990,2009,499,2067,148,2724,45
06:22:33.509 [TLM] 48999,14858,-1869,1967,18049,-3437,3999,913,1887,-9,316,1183,1816,6120,1162,148,2724,45
06:22:33.544 [TLM] 49009,14877,-1855,1955,18178,3999,1414,1554,1706,-6,202,1297,1702,-932,1760,148,2724,45
06:22:33.545 [TLM] 49019,14887,-1846,1949,18270,-2698,-66,1264,1427,0,-19,1519,1480,6981,1781,148,2724,45
06:22:33.579 [TLM] 49029,14906,-1830,1939,18341,3999,-3999,1842,1339,6,-365,1865,1134,3792,-1865,148,2724,45
06:22:33.580 [TLM] 49039,14918,-1820,1934,18374,1633,962,1538,1212,4,-127,1627,1372,5234,3513,148,2724,45
06:22:33.616 [TLM] 49049,14936,-1804,1926,18396,2023,-1006,1926,1238,6,-371,1871,1128,3274,-135,148,2724,45
06:22:33.616 [TLM] 49059,14948,-1793,1920,18395,-91,-280,1630,1151,6,-176,1676,1323,4469,4133,148,2724,45
06:22:33.649 [TLM] 49069,14964,-1778,1913,18380,-2836,-1218,1758,1306,6,-251,1751,1248,4006,1188,148,2724,45
06:22:33.684 [TLM] 49079,14979,-1765,1906,18350,1813,1815,1808,1156,9,-376,1876,1123,5168,1239,148,2724,45
06:22:33.685 [TLM] 49089,14994,-1752,1898,18302,-1170,-646,1931,1136,8,-291,1791,1208,2521,2907,148,2724,45
06:22:33.719 [TLM] 49099,15010,-1739,1890,18249,-1829,-144,1838,1216,7,-223,1723,1276,2082,3080,148,2724,45
06:22:33.720 [TLM] 49109,15025,-1727,1881,18207,2017,895,1825,1187,9,-287,1787,1212,3054,2472,148,2724,45
06:22:33.754 [TLM] 49119,15040,-1715,1872,18158,1156,2631,1865,1195,9,-376,1876,1123,3550,1056,148,2724,45
06:22:33.754 [TLM] 49129,15055,-1703,1861,18103,1585,-1620,2008,1043,13,-516,2016,983,4019,474,148,2724,45
06:22:33.788 [TLM] 49139,15071,-1692,1851,18028,35,-794,2100,974,13,-485,1985,1014,2097,1892,148,2724,45
06:22:33.824 [TLM] 49149,15086,-1682,1839,17954,-3362,-968,2019,1023,10,-395,1895,1104,1147,2736,148,2724,45
06:22:33.825 [TLM] 49159,15101,-1673,1827,17896,2303,1983,1804,1228,9,-357,1857,1142,3178,863,148,2724,45
06:22:33.860 [TLM] 49169,15116,-1665,1814,17842,-99,-1897,1903,1122,13,-533,2033,966,4516,-910,148,2724,45
06:22:33.860 [TLM] 49179,15131,-1658,1802,17770,1350,-1350,1993,989,13,-508,2008,991,3248,1291,148,2724,45
06:22:33.894 [TLM] 49189,15146,-1651,1788,17694,398,208,2032,982,13,-482,1982,1017,2230,1855,148,2724,45
06:22:33.894 [TLM] 49199,15161,-1646,1774,17621,2021,1324,1964,995,12,-438,1938,1061,2363,2531,148,2724,45
06:22:33.929 [TLM] 49209,15176,-1641,1759,17552,-929,-2359,2010,1031,13,-513,2013,986,2789,950,148,2724,45
06:22:33.967 [TLM] 49219,15191,-1638,1745,17483,-3572,-517,1931,1076,10,-262,1762,1237,44,4196,148,2724,45
06:22:33.969 [TLM] 49229,15206,-1635,1730,17428,-998,1443,1839,1142,11,-517,2017,982,4835,-370,148,2724,45
06:22:33.999 [TLM] 49239,15221,-1633,1716,17368,315,-534,2088,852,16,-689,2189,810,4524,573,148,2724,45
06:22:33.999 [TLM] 49249,15236,-1633,1700,17295,2926,-1176,2083,977,15,-368,1868,1131,412,3668,148,2724,45
06:22:34.035 [TLM] 49259,15251,-1633,1685,17225,-1436,1271,2018,1029,13,-468,1968,1031,1958,1558,148,2724,45
06:22:34.036 [TLM] 49269,15266,-1634,1670,17157,3999,-3384,1998,1016,13,-509,2009,990,2922,928,148,2724,45
06:22:34.068 [TLM] 49279,15281,-1637,1656,17084,-2196,-900,2006,927,14,-432,1932,1067,1817,3353,148,2724,45
06:22:34.103 [TLM] 49289,15296,-1640,1641,17015,-1065,890,1999,1019,13,-491,1991,1008,3269,1745,148,2724,45
06:22:34.103 [TLM] 49299,15312,-1645,1626,16948,-1823,456,1970,1092,12,-493,1993,1006,2697,430,148,2724,45
06:22:34.139 [TLM] 49309,15325,-1650,1614,16885,1026,-920,1951,937,14,-521,2021,978,3783,1902,148,2724,45
06:22:34.139 [TLM] 49319,15341,-1656,1599,16812,-2956,-1527,2089,905,16,-649,2149,850,3877,561,148,2724,45
06:22:34.174 [TLM] 49329,15355,-1663,1587,16730,1058,-2679,2096,784,18,-657,2157,842,4293,1921,148,2724,45
06:22:34.174 [TLM] 49339,15371,-1672,1574,16638,676,-3999,2129,925,13,-473,1973,1026,803,3504,148,2724,45
06:22:34.209 [TLM] 49349,15386,-1682,1563,16554,-178,-246,1932,1087,12,-458,1958,1041,3080,1306,148,2724,45
06:22:34.244 [TLM] 49359,15399,-1691,1553,16471,-2990,38,1854,982,8,-269,1769,1230,1296,5990,148,2724,45
06:22:34.280 [TLM] 49369,15416,-1704,1542,16401,647,734,1701,1428,6,-237,1737,1262,2530,794,148,19108,45
06:22:34.284 [TLM] 49379,15429,-1714,1534,16351,-947,171,1688,1208,7,-320,1820,1179,3940,1892,148,2852,45
06:22:34.284 [TLM] 49389,15443,-1726,1526,16294,-3999,1030,1706,1195,2,-11,1511,1488,-610,7339,148,2852,45
06:22:34.318 [TLM] 49399,15460,-1740,1517,16255,-3999,-1135,1518,1682,1,-48,1548,1451,1915,357,148,2852,45
06:22:34.319 [TLM] 49409,15474,-1752,1509,16234,615,-290,1584,1408,3,-81,1581,1418,1948,2720,148,2852,45
06:22:34.348 [TLM] 49419,15490,-1766,1502,16205,512,-1946,1588,1374,1,-50,1550,1449,1475,3909,148,2852,45
06:22:34.385 [TLM] 49429,15503,-1778,1495,16194,-2332,-3999,1495,1462,0,-7,1507,1492,2046,3640,148,2852,45
06:22:34.385 [TLM] 49439,15520,-1792,1488,16194,-422,-3999,1469,1500,0,101,1398,1601,1076,4655,148,2852,45
06:22:34.419 [TLM] 49449,15534,-1805,1481,16198,443,-1090,1399,1639,-5,266,1233,1766,-944,5666,148,2852,45
06:22:34.419 [TLM] 49459,15552,-1820,1473,16231,-2735,-525,1290,1846,-6,259,1240,1759,256,2480,148,2852,45
06:22:34.454 [TLM] 49469,15566,-1833,1465,16274,2439,-1174,1192,1804,-7,259,1240,1759,1598,2761,148,2852,45
06:22:34.455 [TLM] 49479,15580,-1844,1457,16315,-132,-1804,1165,1835,-8,318,1181,1818,1145,3091,148,2852,45
06:22:34.489 [TLM] 49489,15597,-1858,1447,16374,476,474,1149,1898,-10,395,1104,1895,102,3381,148,2852,45
06:22:34.523 [TLM] 49499,15612,-1869,1438,16435,87,-311,1045,1964,-10,307,1192,1807,2735,871,148,2852,45
06:22:34.524 [TLM] 49509,15626,-1880,1427,16489,-435,-481,1179,1820,-8,299,1200,1799,1575,2319,148,2852,45
06:22:34.558 [TLM] 49519,15641,-1890,1417,16535,1103,1230,1172,1829,-11,529,970,2029,-1573,5609,148,2852,45
06:22:34.559 [TLM] 49529,15658,-1901,1404,16591,-95,-2927,1001,2138,-15,461,1038,1961,686,1106,148,2852,45
06:22:34.596 [TLM] 49539,15670,-1908,1394,16666,3634,-536,813,2046,-13,481,1018,1981,3406,1834,148,2852,45
06:22:34.596 [TLM] 49549,15686,-1917,1381,16728,-489,-353,1010,1939,-13,568,931,2068,127,4589,148,2852,45
06:22:34.628 [TLM] 49559,15701,-1924,1368,16788,-1011,-3999,946,2091,-16,556,943,2056,484,2925,148,2852,45
06:22:34.664 [TLM] 49569,15716,-1931,1354,16870,-146,-1165,923,2114,-14,517,982,2017,1708,1620,148,2852,45
06:22:34.665 [TLM] 49579,15731,-1936,1340,16942,1107,817,1056,2001,-13,526,973,2026,-137,3085,148,2852,45
06:22:34.702 [TLM] 49589,15746,-1940,1326,17007,1734,303,992,2007,-12,425,1074,1925,2154,1487,148,2852,45
06:22:34.703 [TLM] 49599,15761,-1944,1312,17076,934,-323,911,2037,-16,604,895,2104,361,4083,148,2852,45
06:22:34.734 [TLM] 49609,15774,-1946,1298,17145,60,-1685,889,2111,-13,372,1127,1872,4031,-519,148,2852,45
06:22:34.736 [TLM] 49619,15790,-1947,1282,17226,1958,-606,917,2032,-19,786,713,2286,-2249,6961,148,2852,45
06:22:34.768 [TLM] 49629,15808,-1947,1265,17318,-1327,659,716,2472,-19,665,834,2165,1587,-607,148,2852,45
06:22:34.803 [TLM] 49639,15821,-1946,1252,17414,1212,519,753,2169,-17,606,893,2106,2710,1459,148,2852,45
06:22:34.804 [TLM] 49649,15835,-1944,1238,17486,1649,-2995,879,2011,-16,584,915,2084,1788,3529,148,2852,45
06:22:34.839 [TLM] 49659,15851,-1940,1223,17551,380,-57,933,2085,-16,598,901,2098,889,2853,148,2852,45
06:22:34.839 [TLM] 49669,15865,-1935,1209,17617,2255,1812,909,2058,-17,640,859,2140,520,3971,148,2852,45
06:22:34.874 [TLM] 49679,15880,-1930,1195,17680,1929,-2032,1122,1831,-11,571,928,2071,-631,5619,148,2852,45
06:22:34.875 [TLM] 49689,15895,-1923,1181,17728,-740,-962,1042,1976,-14,544,955,2044,261,3909,148,2852,45
06:22:34.909 [TLM] 49699,15910,-1917,1168,17786,-962,-1240,1004,2004,-13,519,980,2019,1057,3199,148,2852,45
06:22:34.945 [TLM] 49709,15925,-1909,1155,17842,2958,734,1027,1974,-13,417,1082,1917,1965,2367,148,2852,45
06:22:34.945 [TLM] 49719,15940,-1900,1143,17899,1076,-801,990,1988,-14,523,976,2023,946,3591,148,2852,45
06:22:34.978 [TLM] 49729,15955,-1891,1131,17964,-416,-1094,1023,2013,-13,501,998,2001,869,2952,148,2852,45
06:22:34.980 [TLM] 49739,15970,-1881,1120,18032,1538,511,956,2037,-15,564,935,2064,700,3507,148,2852,45
06:22:35.014 [TLM] 49749,15985,-1870,1109,18103,2401,-1012,993,2044,-13,449,1050,1949,1852,1738,148,2852,45
06:22:35.015 [TLM] 49759,16001,-1859,1099,18172,-823,338,1012,2034,-13,468,1031,1968,1538,1640,148,2852,45
06:22:35.048 [TLM] 49769,16015,-1847,1091,18230,-1493,258,1013,1958,-13,529,970,2029,679,3705,148,2852,45
06:22:35.085 [TLM] 49779,16030,-1835,1082,18297,2393,-1917,934,2078,-19,710,789,2210,-1548,5515,148,2852,45
06:22:35.086 [TLM] 49789,16046,-1821,1075,18389,2197,1362,952,2161,-13,501,998,2001,1571,723,148,2852,45
06:22:35.120 [TLM] 49799,16060,-1809,1069,18463,766,1007,1091,1755,-7,308,1191,1808,3227,2600,148,2852,45
06:22:35.120 [TLM] 49809,16075,-1794,1064,18502,3651,-190,1256,1651,-2,32,1467,1532,5555,-415,148,2852,45
06:22:35.154 [TLM] 49819,16091,-1779,1058,18515,2883,-3246,1662,1456,1,-81,1581,1418,2114,246,148,2852,45
06:22:35.154 [TLM] 49829,16105,-1765,1054,18500,2048,-364,1601,1371,0,-3,1503,1496,1484,2919,148,2852,45
06:22:35.188 [TLM] 49839,16120,-1752,1049,18485,1340,2408,1605,1337,3,-138,1638,1361,3422,1493,148,2852,45
06:22:35.224 [TLM] 49849,16135,-1737,1043,18454,-3999,-2384,1691,1295,2,-80,1580,1419,1177,3313,148,2852,45
06:22:35.224 [TLM] 49859,16150,-1724,1037,18428,-2317,2865,1693,1304,9,-471,1971,1028,6800,-2680,148,2852,45
06:22:35.259 [TLM] 49869,16167,-1709,1030,18383,95,3999,2053,1090,12,-437,1937,1062,2002,224,148,2852,45
06:22:35.259 [TLM] 49879,16181,-1697,1023,18314,-144,-285,1996,1004,11,-427,1927,1072,2297,1706,148,2852,45
06:22:35.295 [TLM] 49889,16194,-1685,1016,18253,1067,-122,1942,1052,10,-398,1898,1101,2252,2037,148,2852,45
06:22:35.295 [TLM] 49899,16211,-1672,1006,18188,1699,2085,1942,1121,8,-296,1796,1203,629,2743,148,2852,45
06:22:35.327 [TLM] 49909,16226,-1661,997,18140,1354,715,1824,1126,11,-478,1978,1021,4562,30,148,2852,45
06:22:35.362 [TLM] 49919,16242,-1649,986,18089,-1045,1609,2162,927,13,-471,1971,1028,623,2440,148,2852,45
06:22:35.364 [TLM] 49929,16256,-1639,975,18026,-2868,238,1995,967,15,-567,2067,932,3672,460,148,2852,45
06:22:35.398 [TLM] 49939,16271,-1629,964,17959,-723,-1047,2055,897,19,-710,2210,789,5541,-1151,148,2852,45
06:22:35.400 [TLM] 49949,16286,-1620,952,17867,-1667,600,2221,771,18,-661,2161,838,2620,1442,148,2852,45
06:22:35.434 [TLM] 49959,16300,-1613,939,17775,-1088,-232,2127,817,17,-659,2159,840,3703,1147,148,2852,45
06:22:35.435 [TLM] 49969,16316,-1606,926,17691,-2483,-2069,2005,991,11,-377,1877,1122,802,3624,148,2852,45
06:22:35.470 [TLM] 49979,16331,-1601,912,17630,-3999,-1160,1865,1137,13,-524,2024,975,4728,-726,148,2852,45
06:22:35.504 [TLM] 49989,16347,-1596,897,17565,-1449,2533,2157,947,13,-423,1923,1076,-356,3237,148,2852,45
06:22:35.505 [TLM] 49999,16361,-1592,883,17499,-2462,-2116,1788,1163,9,-334,1834,1165,2530,2101,148,2852,45
06:22:35.539 [TLM] 50009,16376,-1589,868,17450,-1359,1161,1905,1064,13,-450,1950,1049,3346,1038,148,2852,45
06:22:35.539 [TLM] 50019,16390,-1587,854,17390,-2526,1696,2000,925,15,-576,2076,923,3840,1251,148,2852,45
06:22:35.574 [TLM] 50029,16406,-1586,838,17327,3628,-3999,2060,994,14,-487,1987,1012,2042,1694,148,2852,45
06:22:35.574 [TLM] 50039,16420,-1586,824,17255,1346,-2265,1950,946,15,-561,2061,938,4431,1147,148,2852,45
06:22:35.609 [TLM] 50049,16435,-1587,809,17180,272,-2556,2000,944,14,-446,1946,1053,2349,3081,148,2852,45
06:22:35.645 [TLM] 50059,16451,-1589,793,17104,-3686,-1737,1999,1100,13,-552,2052,947,3472,-611,148,2852,45
06:22:35.645 [TLM] 50069,16465,-1592,780,17033,-1463,-387,2090,883,13,-461,1961,1038,1281,3567,148,2852,45
06:22:35.678 [TLM] 50079,16480,-1597,765,16956,-473,-1256,1924,1085,13,-502,2002,997,3526,393,148,2852,45
06:22:35.679 [TLM] 50089,16494,-1602,752,16882,3289,-671,2003,891,14,-510,2010,989,3259,2533,148,2852,45
06:22:35.714 [TLM] 50099,16509,-1608,739,16798,-1242,1519,1931,974,12,-423,1923,1076,2656,3499,148,2852,45
06:22:35.714 [TLM] 50109,16525,-1616,725,16723,230,-2079,1821,1178,9,-341,1841,1158,2896,1988,148,2852,45
06:22:35.749 [TLM] 50119,16539,-1624,713,16661,-392,1422,1738,1212,6,-228,1728,1271,2154,3696,148,2852,45
06:22:35.786 [TLM] 50129,16556,-1634,700,16603,885,-2425,1712,1429,7,-266,1766,1233,3410,-472,148,2852,45
06:22:35.787 [TLM] 50139,16568,-1642,691,16541,-2090,-744,1701,1120,6,-190,1690,1309,2565,4929,148,2852,45
06:22:35.820 [TLM] 50149,16584,-1653,679,16484,-2283,-1671,1665,1358,5,-273,1773,1226,4111,961,148,2852,45
06:22:35.821 [TLM] 50159,16599,-1664,669,16439,719,151,1645,1347,1,7,1492,1507,260,5250,148,19236,45
06:22:35.856 [TLM] 50169,16612,-1674,660,16413,-3219,-709,1494,1464,0,3,1496,1503,2050,4015,148,19236,45
06:22:35.857 [TLM] 50179,16628,-1686,650,16398,2713,-526,1486,1560,0,-20,1520,1479,2508,1996,148,2980,45
06:22:35.890 [TLM] 50189,16643,-1698,641,16387,627,-3797,1465,1465,0,-12,1512,1487,2732,3355,148,2980,45
06:22:35.924 [TLM] 50199,16660,-1711,630,16378,872,997,1529,1541,-1,73,1426,1573,715,3694,148,2980,45
06:22:35.924 [TLM] 50209,16675,-1723,621,16379,-260,366,1434,1632,-4,186,1313,1686,12,4155,148,2980,45
06:22:35.957 [TLM] 50219,16690,-1734,611,16401,1960,-278,1327,1658,-3,118,1381,1618,2147,2778,148,2980,45
06:22:35.958 [TLM] 50229,16704,-1745,602,16426,364,-293,1345,1743,-4,157,1342,1657,1395,1906,148,2980,45
06:22:35.994 [TLM] 50239,16721,-1757,591,16456,-2003,575,1283,1739,-9,407,1092,1907,-1657,5865,148,2980,45
06:22:35.995 [TLM] 50249,16735,-1768,581,16498,-1055,800,1146,1992,-8,208,1291,1708,2560,-560,148,2980,45
06:22:36.029 [TLM] 50259,16751,-1779,569,16549,3999,-1909,1202,1779,-5,225,1274,1725,2311,1336,148,2980,45
06:22:36.065 [TLM] 50269,16764,-1787,560,16575,3298,3999,1132,1833,-12,478,1021,1978,-789,5072,148,2980,45
06:22:36.066 [TLM] 50279,16781,-1798,546,16627,-1349,1890,983,2012,-13,514,985,2014,421,3033,148,2980,45
06:22:36.099 [TLM] 50289,16795,-1806,535,16682,-308,1437,972,2097,-13,417,1082,1917,1748,751,148,2980,45
06:22:36.100 [TLM] 50299,16810,-1814,522,16752,2351,-137,964,1980,-13,488,1011,1988,1305,2871,148,2980,45
06:22:36.134 [TLM] 50309,16824,-1820,510,16804,-1924,-242,1005,1980,-14,533,966,2033,252,3629,148,2980,45
06:22:36.135 [TLM] 50319,16840,-1827,495,16880,2201,3219,923,2044,-19,764,735,2264,-2347,6734,148,2980,45
06:22:36.170 [TLM] 50329,16855,-1832,481,16959,276,506,778,2356,-18,676,823,2176,512,1276,148,2980,45
06:22:36.203 [TLM] 50339,16871,-1837,466,17057,3999,-580,829,2140,-11,279,1220,1779,6310,-3220,148,2980,45
06:22:36.204 [TLM] 50349,16883,-1839,454,17110,-2121,-2900,1247,1646,-14,481,1018,1981,-1398,7058,148,2980,45
06:22:36.240 [TLM] 50359,16902,-1841,435,17178,3078,-2031,909,2302,-14,531,968,2031,1475,-947,148,2980,45
06:22:36.241 [TLM] 50369,16913,-1842,424,17245,-94,-1107,941,1863,-13,424,1075,1924,2875,3169,148,2980,45
06:22:36.278 [TLM] 50379,16931,-1842,407,17320,2072,298,1063,1958,-13,491,1008,1991,430,3399,148,2980,45
06:22:36.280 [TLM] 50389,16943,-1841,394,17379,1881,1191,977,1941,-13,453,1046,1953,2238,2789,148,2980,45
06:22:36.309 [TLM] 50399,16960,-1838,377,17446,1165,697,1013,1977,-13,477,1022,1977,1487,3005,148,2980,45
06:22:36.344 [TLM] 50409,16974,-1836,364,17501,5,-983,1003,1997,-13,457,1042,1957,1909,2337,148,2980,45
06:22:36.345 [TLM] 50419,16990,-1832,348,17563,-530,-636,1006,1992,-17,798,701,2298,-2995,7847,148,2980,45
06:22:36.378 [TLM] 50429,17004,-1827,335,17637,-2591,-2146,689,2374,-20,653,846,2153,2127,1066,148,2980,45
06:22:36.382 [TLM] 50439,17021,-1820,320,17757,1088,-1086,846,2181,-15,470,1029,1970,3177,155,148,2980,45
06:22:36.417 [TLM] 50449,17034,-1814,308,17840,1192,-1998,973,1970,-12,443,1056,1943,2644,2175,148,2980,45
06:22:36.419 [TLM] 50459,17050,-1804,295,17911,-485,2086,1067,1951,-12,451,1048,1951,1704,2533,148,2980,45
06:22:36.449 [TLM] 50469,17065,-1795,283,17969,1422,-2,1063,1913,-9,306,1193,1806,3567,677,148,2980,45
06:22:36.484 [TLM] 50479,17080,-1785,272,18014,-683,-2148,1237,1759,-8,283,1216,1783,1894,2429,148,2980,45
06:22:36.486 [TLM] 50489,17096,-1775,261,18053,-1468,861,1094,1916,-14,529,970,2029,-409,4667,148,2980,45
06:22:36.518 [TLM] 50499,17110,-1764,251,18113,634,-361,1002,1938,-13,447,1052,1947,1797,3257,148,2980,45
06:22:36.520 [TLM] 50509,17126,-1752,240,18178,699,1880,929,2171,-17,643,856,2143,-394,3217,148,2980,45
06:22:36.555 [TLM] 50519,17141,-1740,232,18261,-768,-496,898,2090,-15,541,958,2041,1682,2341,148,2980,45
06:22:36.588 [TLM] 50529,17155,-1728,224,18335,-789,682,954,1989,-13,484,1015,1984,2128,2821,148,2980,45
06:22:36.589 [TLM] 50539,17170,-1714,218,18404,3999,-3999,1011,1964,-12,459,1040,1959,1982,2636,148,2980,45
06:22:36.624 [TLM] 50549,17185,-1700,211,18461,182,-144,1077,1974,-12,449,1050,1949,1417,2401,148,2980,45
06:22:36.625 [TLM] 50559,17199,-1687,207,18512,1540,-987,1067,1942,-12,465,1034,1965,954,3022,148,2980,45
06:22:36.660 [TLM] 50569,17214,-1674,202,18575,-639,-1429,1064,1912,-10,402,1097,1902,1946,2519,148,2980,45
06:22:36.661 [TLM] 50579,17231,-1657,198,18638,735,1095,1208,1806,-8,310,1189,1810,1668,2301,148,19364,45
06:22:36.695 [TLM] 50590,17247,-1641,195,18685,-441,-1898,1159,1808,-9,312,1187,1812,2195,2724,148,3108,45
06:22:36.695 [TLM] 50599,17262,-1626,193,18721,541,1051,1313,1914,-8,328,1171,1828,-61,991,148,3108,45
06:22:36.729 [TLM] 50609,17275,-1614,192,18759,2113,484,1141,1810,-10,351,1148,1851,1421,2844,148,3108,45
06:22:36.762 [TLM] 50619,17291,-1597,191,18808,-1488,-2402,1088,1925,-14,591,908,2091,-1598,5467,148,3108,45
06:22:36.763 [TLM] 50629,17306,-1583,191,18857,2125,-365,944,2143,-12,457,1042,1957,2328,-212,148,3108,45
06:22:36.797 [TLM] 50639,17320,-1568,191,18899,254,-2423,1106,1770,-8,192,1307,1692,4470,689,148,3108,45
06:22:36.797 [TLM] 50649,17334,-1554,192,18916,-221,-3999,1313,1618,-6,293,1206,1793,697,4221,148,3108,45
06:22:36.832 [TLM] 50659,17349,-1539,193,18932,-827,-1882,1297,1750,-6,228,1271,1728,1642,1925,148,3108,45
06:22:36.868 [TLM] 50669,17364,-1525,194,18954,-1828,-2269,1308,1655,-4,125,1374,1625,2927,1778,148,3108,45
06:22:36.868 [TLM] 50679,17380,-1508,196,18970,749,-786,1357,1637,-32,2523,-1023,4023,-16000,16000,148,3108,45
06:22:36.903 [TLM] 50689,17393,-1496,198,18998,2293,-1441,426,2519,0,-75,1575,1424,15481,-11059,148,3108,45
06:22:36.904 [TLM] 50699,17412,-1477,201,19046,-1262,-1963,1984,1181,5,-243,1743,1256,799,871,148,3108,45
06:22:36.941 [TLM] 50709,17424,-1466,204,19057,-1160,-1070,1906,964,4,-167,1667,1332,-1391,7416,148,3108,45
06:22:36.944 [TLM] 50719,17442,-1448,208,19091,3970,-2895,1523,1546,10,-521,2021,978,9295,-6896,148,3108,45
06:22:36.973 [TLM] 50729,17455,-1435,211,19082,2089,-2481,2118,941,13,-463,1963,1036,1972,1283,148,3108,45
06:22:36.974 [TLM] 50739,17471,-1419,214,19040,-2850,1396,2003,958,7,-120,1620,1379,-2600,6962,148,3108,45
06:22:37.009 [TLM] 50749,17484,-1406,217,19024,567,-1122,1640,1280,5,-209,1709,1290,2882,1996,148,3108,45
06:22:37.045 [TLM] 50759,17500,-1391,219,19011,477,-466,1631,1275,8,-400,1900,1099,6151,-945,148,3108,45
06:22:37.045 [TLM] 50769,17515,-1376,222,18986,2773,-608,1934,1203,7,-214,1714,1285,-324,2790,148,3108,45
06:22:37.081 [TLM] 50779,17531,-1360,223,18959,1136,635,1727,1229,7,-307,1807,1192,3295,1215,148,3108,45
06:22:37.081 [TLM] 50789,17544,-1347,225,18936,-794,666,1768,1236,8,-321,1821,1178,3354,700,148,3108,45
06:22:37.114 [TLM] 50799,17559,-1332,226,18901,-1345,1554,1694,1287,1,-22,1522,1477,-412,4987,148,3108,45
06:22:37.114 [TLM] 50809,17575,-1316,227,18893,-1514,-499,1523,1555,0,-1,1501,1498,1067,2063,148,3108,45
06:22:37.148 [TLM] 50819,17591,-1300,227,18898,3617,370,1463,1497,2,-89,1589,1410,3433,759,148,3108,45
06:22:37.185 [TLM] 50829,17604,-1287,228,18887,-2124,427,1522,1416,1,-46,1546,1453,2436,2394,148,3108,45
06:22:37.186 [TLM] 50839,17621,-1270,228,18870,92,1066,1500,1458,0,4,1495,1504,1735,2933,148,3108,45
06:22:37.220 [TLM] 50849,17635,-1257,229,18866,-1029,-396,1471,1517,0,5,1494,1505,1961,2180,148,3108,45
06:22:37.221 [TLM] 50859,17651,-1240,229,18865,1716,2102,1492,1514,0,-9,1509,1490,1963,1926,148,3108,45
06:22:37.254 [TLM] 50869,17665,-1227,229,18866,982,-659,1522,1500,1,-104,1604,1395,3002,733,148,35876,45
06:22:37.256 [TLM] 50879,17682,-1209,229,18864,-662,1819,1531,1560,-1,28,1471,1528,786,1921,148,35876,45
06:22:37.287 [TLM] --- TELEMETRY END ---